Date,StockCode,Author,Channel,Content,Sentiment,SentimentScore
2025-01-01,,investor_120,Facebook Group,"Chỉ báo MACD của  phân kỳ âm, cảnh báo rủi ro điều chỉnh ngắn hạn.",Negative,-0.335
2025-01-01,,investor_472,24hMoney,Kỳ vọng  sẽ dẫn dắt VN-Index chinh phục mốc 1300 điểm.,Positive,0.545
2025-01-01,,investor_869,24hMoney,"Ban lãnh đạo  công bố kế hoạch chia cổ tức tiền mặt 30%, quá uy tín.",Positive,0.793
2025-01-01,,investor_376,F319,"Thanh khoản sụt giảm nghiêm trọng, lực cầu bắt đáy  còn khá yếu.",Negative,-0.772
2025-01-01,,investor_660,Facebook Group,"Xu hướng tăng trung dài hạn của  không thể cản phá, canh rung lắc gia tăng tỷ trọng.",Positive,0.736
2025-01-01,,investor_975,Facebook Group,"Mã  đang kiểm tra lại đường MA20, chưa có tín hiệu bứt phá rõ rệt.",Neutral,-0.018
2025-01-02,,investor_746,F319,"Mã  đang kiểm tra lại đường MA20, chưa có tín hiệu bứt phá rõ rệt.",Neutral,-0.073
2025-01-02,,investor_415,FireAnt,"Xu hướng tăng trung dài hạn của  không thể cản phá, canh rung lắc gia tăng tỷ trọng.",Positive,0.506
2025-01-02,,investor_997,24hMoney,"Chỉ báo MACD của  phân kỳ âm, cảnh báo rủi ro điều chỉnh ngắn hạn.",Negative,-0.694
2025-01-02,,investor_134,FireAnt,Kỳ vọng  sẽ dẫn dắt VN-Index chinh phục mốc 1300 điểm.,Positive,0.807
2025-01-02,,investor_101,FireAnt,"Kỹ thuật tạo mô hình W đẹp tuyệt vời, RSI bứt phá ngưỡng 60, múc thôi.",Positive,0.582
2025-01-02,,investor_576,Facebook Group,Khối tự doanh và khối ngoại mua bán cân bằng đối với mã .,Neutral,0.223
2025-01-03,,investor_369,Facebook Group,"Thị trường chung đang giằng co,  dao động trong biên độ hẹp 1-2%.",Neutral,0.454
2025-01-03,,investor_351,F319,"Tây xả ròng rã cả tuần,  gãy trend tăng ngắn hạn rồi.",Negative,-0.876
2025-01-03,,investor_437,Facebook Group,"Chỉ báo MACD của  phân kỳ âm, cảnh báo rủi ro điều chỉnh ngắn hạn.",Negative,-0.241
2025-01-03,,investor_287,24hMoney,"Thị trường xấu quá,  bị bán lan theo hiệu ứng tâm lý chung.",Negative,-0.65
2025-01-04,,investor_956,Facebook Group,"Mã  kết quả kinh doanh quý này quá xuất sắc, doanh thu tăng trưởng 25%!",Positive,0.861
2025-01-04,,investor_571,Facebook Group,Kỳ vọng  sẽ dẫn dắt VN-Index chinh phục mốc 1300 điểm.,Positive,0.678
2025-01-04,,investor_518,F319,"Thủng mốc hỗ trợ cứng rồi, anh em nên hạ tỷ trọng  bảo toàn vốn.",Negative,-0.356
2025-01-04,,investor_127,Facebook Group,Tỷ lệ đòn bẩy margin của  tại các công ty chứng khoán vẫn ở mức an toàn.,Neutral,0.447
2025-01-04,,investor_147,Facebook Group,"Áp lực chốt lời ngắn hạn đối với  đang tăng cao, cẩn trọng đu đỉnh.",Negative,-0.572
2025-01-04,,investor_783,24hMoney,"Dòng tiền lớn đã nhập cuộc , mục tiêu vượt đỉnh cũ sớm thôi anh em.",Positive,0.646
2025-01-04,,investor_712,Facebook Group,"Dòng tiền lớn đã nhập cuộc , mục tiêu vượt đỉnh cũ sớm thôi anh em.",Positive,0.753
2025-01-05,,investor_866,FireAnt,"Tây xả ròng rã cả tuần,  gãy trend tăng ngắn hạn rồi.",Negative,-0.344
2025-01-05,,investor_653,24hMoney,"Lệnh to vào quét sạch lệnh bán của , chuẩn bị đón cây CE rực rỡ!",Positive,0.735
2025-01-05,,investor_340,24hMoney,"Thị trường chỉnh nhưng  vẫn giữ sắc xanh vững vàng, cổ phiếu kim cương!",Positive,0.514
2025-01-05,,investor_506,Facebook Group,"Hôm nay là ngày giao dịch không hưởng quyền của , giá điều chỉnh kỹ thuật.",Neutral,0.31
2025-01-05,,investor_624,24hMoney,"Kỹ thuật tạo mô hình W đẹp tuyệt vời, RSI bứt phá ngưỡng 60, múc thôi.",Positive,0.84
2025-01-05,,investor_781,F319,Chờ đợi báo cáo tài chính kiểm toán của  để đánh giá chính xác hơn.,Neutral,0.31
2025-01-05,,investor_897,FireAnt,"Kỹ thuật tạo mô hình W đẹp tuyệt vời, RSI bứt phá ngưỡng 60, múc thôi.",Positive,0.547
2025-01-05,,investor_330,FireAnt,Tỷ lệ đòn bẩy margin của  tại các công ty chứng khoán vẫn ở mức an toàn.,Neutral,0.376
2025-01-06,,investor_727,F319,"Xu hướng tăng trung dài hạn của  không thể cản phá, canh rung lắc gia tăng tỷ trọng.",Positive,0.791
2025-01-06,,investor_510,F319,"Thanh khoản sụt giảm nghiêm trọng, lực cầu bắt đáy  còn khá yếu.",Negative,-0.944
2025-01-06,,investor_783,24hMoney,"Lệnh to vào quét sạch lệnh bán của , chuẩn bị đón cây CE rực rỡ!",Positive,0.812
2025-01-07,,investor_791,F319,"Xu hướng tăng trung dài hạn của  không thể cản phá, canh rung lắc gia tăng tỷ trọng.",Positive,0.733
2025-01-07,,investor_485,Facebook Group,"Thị trường chỉnh nhưng  vẫn giữ sắc xanh vững vàng, cổ phiếu kim cương!",Positive,0.614
2025-01-07,,investor_798,F319,"Mã  kết quả kinh doanh quý này quá xuất sắc, doanh thu tăng trưởng 25%!",Positive,0.628
2025-01-07,,investor_835,F319,"Tây xả ròng rã cả tuần,  gãy trend tăng ngắn hạn rồi.",Negative,-0.605
2025-01-07,,investor_783,FireAnt,"Hôm nay là ngày giao dịch không hưởng quyền của , giá điều chỉnh kỹ thuật.",Neutral,0.302
2025-01-08,,investor_222,F319,Kỳ vọng  sẽ dẫn dắt VN-Index chinh phục mốc 1300 điểm.,Positive,0.802
2025-01-08,,investor_709,FireAnt,"Thị trường chung đang giằng co,  dao động trong biên độ hẹp 1-2%.",Neutral,0.117
2025-01-08,,investor_300,24hMoney,"Mã  kết quả kinh doanh quý này quá xuất sắc, doanh thu tăng trưởng 25%!",Positive,0.867
2025-01-08,,investor_759,24hMoney,"Mã  đang kiểm tra lại đường MA20, chưa có tín hiệu bứt phá rõ rệt.",Neutral,0.311
2025-01-08,,investor_610,Facebook Group,"Mã  đang kiểm tra lại đường MA20, chưa có tín hiệu bứt phá rõ rệt.",Neutral,-0.09
2025-01-08,,investor_739,Facebook Group,"Xu hướng tăng trung dài hạn của  không thể cản phá, canh rung lắc gia tăng tỷ trọng.",Positive,0.543
2025-01-08,,investor_572,FireAnt,"Thị trường xấu quá,  bị bán lan theo hiệu ứng tâm lý chung.",Negative,-0.834
2025-01-08,,investor_362,24hMoney,"Thủng mốc hỗ trợ cứng rồi, anh em nên hạ tỷ trọng  bảo toàn vốn.",Negative,-0.213
2025-01-09,,investor_101,F319,"Áp lực chốt lời ngắn hạn đối với  đang tăng cao, cẩn trọng đu đỉnh.",Negative,-0.516
2025-01-09,,investor_259,Facebook Group,"Ban lãnh đạo  công bố kế hoạch chia cổ tức tiền mặt 30%, quá uy tín.",Positive,0.904
2025-01-09,,investor_915,24hMoney,"Dòng tiền lớn đã nhập cuộc , mục tiêu vượt đỉnh cũ sớm thôi anh em.",Positive,0.625
2025-01-09,,investor_772,24hMoney,"Thanh khoản sụt giảm nghiêm trọng, lực cầu bắt đáy  còn khá yếu.",Negative,-0.205
2025-01-10,,investor_203,24hMoney,Công nghệ AI và Cloud của  ký thêm nhiều hợp đồng triệu đô từ Nhật Bản.,Positive,0.573
2025-01-10,,investor_198,F319,Tỷ lệ đòn bẩy margin của  tại các công ty chứng khoán vẫn ở mức an toàn.,Neutral,0.12
2025-01-10,,investor_805,FireAnt,"Khối ngoại tiếp tục mua ròng mạnh , tự tin nắm giữ trung hạn.",Positive,0.572
2025-01-10,,investor_260,24hMoney,"Kỹ thuật tạo mô hình W đẹp tuyệt vời, RSI bứt phá ngưỡng 60, múc thôi.",Positive,0.948
2025-01-10,,investor_603,24hMoney,"Kỹ thuật tạo mô hình W đẹp tuyệt vời, RSI bứt phá ngưỡng 60, múc thôi.",Positive,0.646
2025-01-10,,investor_787,24hMoney,"Hôm nay  đi ngang tích lũy quanh vùng hỗ trợ, thanh khoản trung bình.",Neutral,0.325
2025-01-11,,investor_329,F319,Công nghệ AI và Cloud của  ký thêm nhiều hợp đồng triệu đô từ Nhật Bản.,Positive,0.619
2025-01-11,,investor_376,FireAnt,"Khối ngoại tiếp tục mua ròng mạnh , tự tin nắm giữ trung hạn.",Positive,0.908
2025-01-11,,investor_552,24hMoney,"Hôm nay  đi ngang tích lũy quanh vùng hỗ trợ, thanh khoản trung bình.",Neutral,0.295
2025-01-11,,investor_291,F319,"Mã  đang kiểm tra lại đường MA20, chưa có tín hiệu bứt phá rõ rệt.",Neutral,0.066
2025-01-11,,investor_617,Facebook Group,"Ban lãnh đạo  công bố kế hoạch chia cổ tức tiền mặt 30%, quá uy tín.",Positive,0.948
2025-01-12,,investor_401,F319,"Mã  kết quả kinh doanh quý này quá xuất sắc, doanh thu tăng trưởng 25%!",Positive,0.918
2025-01-12,,investor_290,F319,"Thị trường chung đang giằng co,  dao động trong biên độ hẹp 1-2%.",Neutral,0.478
2025-01-12,,investor_227,FireAnt,"Dòng tiền lớn đã nhập cuộc , mục tiêu vượt đỉnh cũ sớm thôi anh em.",Positive,0.883
2025-01-12,,investor_971,FireAnt,"Mã  đang kiểm tra lại đường MA20, chưa có tín hiệu bứt phá rõ rệt.",Neutral,0.452
2025-01-12,,investor_762,FireAnt,Công nghệ AI và Cloud của  ký thêm nhiều hợp đồng triệu đô từ Nhật Bản.,Positive,0.777
2025-01-12,,investor_884,24hMoney,"Lệnh to vào quét sạch lệnh bán của , chuẩn bị đón cây CE rực rỡ!",Positive,0.633
2025-01-13,,investor_576,FireAnt,"Thị trường chỉnh nhưng  vẫn giữ sắc xanh vững vàng, cổ phiếu kim cương!",Positive,0.819
2025-01-13,,investor_507,F319,"Áp lực chốt lời ngắn hạn đối với  đang tăng cao, cẩn trọng đu đỉnh.",Negative,-0.27
2025-01-13,,investor_784,24hMoney,"Kỹ thuật tạo mô hình W đẹp tuyệt vời, RSI bứt phá ngưỡng 60, múc thôi.",Positive,0.502
2025-01-14,,investor_570,Facebook Group,"Dòng tiền lớn đã nhập cuộc , mục tiêu vượt đỉnh cũ sớm thôi anh em.",Positive,0.679
2025-01-14,,investor_953,Facebook Group,"Thị trường chỉnh nhưng  vẫn giữ sắc xanh vững vàng, cổ phiếu kim cương!",Positive,0.542
2025-01-14,,investor_413,FireAnt,Công nghệ AI và Cloud của  ký thêm nhiều hợp đồng triệu đô từ Nhật Bản.,Positive,0.744
2025-01-15,,investor_543,F319,Công nghệ AI và Cloud của  ký thêm nhiều hợp đồng triệu đô từ Nhật Bản.,Positive,0.517
2025-01-15,,investor_202,24hMoney,"Hôm nay là ngày giao dịch không hưởng quyền của , giá điều chỉnh kỹ thuật.",Neutral,0.354
2025-01-15,,investor_146,Facebook Group,Tăng trưởng quý này có dấu hiệu chậm lại do chi phí vốn tăng cao.,Negative,-0.787
2025-01-15,,investor_735,FireAnt,Chờ đợi báo cáo tài chính kiểm toán của  để đánh giá chính xác hơn.,Neutral,0.328
2025-01-15,,investor_703,FireAnt,"Dòng tiền lớn đã nhập cuộc , mục tiêu vượt đỉnh cũ sớm thôi anh em.",Positive,0.858
2025-01-15,,investor_929,Facebook Group,"Ban lãnh đạo  công bố kế hoạch chia cổ tức tiền mặt 30%, quá uy tín.",Positive,0.511
2025-01-15,,investor_157,FireAnt,"Mã  kết quả kinh doanh quý này quá xuất sắc, doanh thu tăng trưởng 25%!",Positive,0.81
2025-01-15,,investor_659,F319,Công nghệ AI và Cloud của  ký thêm nhiều hợp đồng triệu đô từ Nhật Bản.,Positive,0.613
2025-01-16,,investor_803,Facebook Group,"Thị trường chỉnh nhưng  vẫn giữ sắc xanh vững vàng, cổ phiếu kim cương!",Positive,0.93
2025-01-16,,investor_175,FireAnt,"Dòng tiền lớn đã nhập cuộc , mục tiêu vượt đỉnh cũ sớm thôi anh em.",Positive,0.829
2025-01-16,,investor_384,FireAnt,"Xu hướng tăng trung dài hạn của  không thể cản phá, canh rung lắc gia tăng tỷ trọng.",Positive,0.841
2025-01-16,,investor_552,24hMoney,"Kỹ thuật tạo mô hình W đẹp tuyệt vời, RSI bứt phá ngưỡng 60, múc thôi.",Positive,0.542
2025-01-16,,investor_650,24hMoney,"Ban lãnh đạo  công bố kế hoạch chia cổ tức tiền mặt 30%, quá uy tín.",Positive,0.844
2025-01-16,,investor_861,FireAnt,"Thị trường chỉnh nhưng  vẫn giữ sắc xanh vững vàng, cổ phiếu kim cương!",Positive,0.695
2025-01-16,,investor_322,FireAnt,"Thị trường xấu quá,  bị bán lan theo hiệu ứng tâm lý chung.",Negative,-0.205
2025-01-17,,investor_424,F319,"Thanh khoản sụt giảm nghiêm trọng, lực cầu bắt đáy  còn khá yếu.",Negative,-0.529
2025-01-17,,investor_357,F319,"Thị trường chỉnh nhưng  vẫn giữ sắc xanh vững vàng, cổ phiếu kim cương!",Positive,0.532
2025-01-17,,investor_763,24hMoney,"Thị trường xấu quá,  bị bán lan theo hiệu ứng tâm lý chung.",Negative,-0.415
2025-01-17,,investor_790,Facebook Group,"Mã  kết quả kinh doanh quý này quá xuất sắc, doanh thu tăng trưởng 25%!",Positive,0.789
2025-01-18,,investor_941,Facebook Group,Thảo luận về tiềm năng mảng bán lẻ viễn thông của  trong giai đoạn tới.,Neutral,0.384
2025-01-18,,investor_352,Facebook Group,"Khối ngoại tiếp tục mua ròng mạnh , tự tin nắm giữ trung hạn.",Positive,0.531
2025-01-18,,investor_704,FireAnt,Thảo luận về tiềm năng mảng bán lẻ viễn thông của  trong giai đoạn tới.,Neutral,0.099
2025-01-18,,investor_716,Facebook Group,"Mã  đang kiểm tra lại đường MA20, chưa có tín hiệu bứt phá rõ rệt.",Neutral,0.101
2025-01-18,,investor_519,F319,Kỳ vọng  sẽ dẫn dắt VN-Index chinh phục mốc 1300 điểm.,Positive,0.814
2025-01-18,,investor_968,F319,Khối ngoại quay đầu bán ròng  hơn 100 tỷ trong phiên sáng.,Negative,-0.713
2025-01-18,,investor_647,FireAnt,"Mã  đang kiểm tra lại đường MA20, chưa có tín hiệu bứt phá rõ rệt.",Neutral,0.24
2025-01-19,,investor_879,F319,"Hôm nay là ngày giao dịch không hưởng quyền của , giá điều chỉnh kỹ thuật.",Neutral,0.101
2025-01-19,,investor_972,FireAnt,"Mã  đang kiểm tra lại đường MA20, chưa có tín hiệu bứt phá rõ rệt.",Neutral,0.337
2025-01-19,,investor_828,FireAnt,"Thanh khoản sụt giảm nghiêm trọng, lực cầu bắt đáy  còn khá yếu.",Negative,-0.526
2025-01-20,,investor_544,F319,"Thị trường xấu quá,  bị bán lan theo hiệu ứng tâm lý chung.",Negative,-0.623
2025-01-20,,investor_817,Facebook Group,"Thị trường xấu quá,  bị bán lan theo hiệu ứng tâm lý chung.",Negative,-0.652
2025-01-20,,investor_243,F319,"Tây xả ròng rã cả tuần,  gãy trend tăng ngắn hạn rồi.",Negative,-0.468
2025-01-20,,investor_990,F319,"Kỹ thuật tạo mô hình W đẹp tuyệt vời, RSI bứt phá ngưỡng 60, múc thôi.",Positive,0.771
2025-01-20,,investor_138,F319,Tỷ lệ đòn bẩy margin của  tại các công ty chứng khoán vẫn ở mức an toàn.,Neutral,0.367
2025-01-20,,investor_322,FireAnt,Tăng trưởng quý này có dấu hiệu chậm lại do chi phí vốn tăng cao.,Negative,-0.132
2025-01-20,,investor_850,24hMoney,"Khối ngoại tiếp tục mua ròng mạnh , tự tin nắm giữ trung hạn.",Positive,0.899
2025-01-21,,investor_618,FireAnt,Khối tự doanh và khối ngoại mua bán cân bằng đối với mã .,Neutral,0.265
2025-01-21,,investor_894,FireAnt,Chờ đợi báo cáo tài chính kiểm toán của  để đánh giá chính xác hơn.,Neutral,-0.057
2025-01-21,,investor_438,24hMoney,Công nghệ AI và Cloud của  ký thêm nhiều hợp đồng triệu đô từ Nhật Bản.,Positive,0.731
2025-01-22,,investor_316,F319,"Thị trường chỉnh nhưng  vẫn giữ sắc xanh vững vàng, cổ phiếu kim cương!",Positive,0.866
2025-01-22,,investor_544,24hMoney,"Mã  đang kiểm tra lại đường MA20, chưa có tín hiệu bứt phá rõ rệt.",Neutral,0.122
2025-01-22,,investor_138,FireAnt,"Mã  đang kiểm tra lại đường MA20, chưa có tín hiệu bứt phá rõ rệt.",Neutral,0.15
2025-01-22,,investor_759,24hMoney,"Lệnh to vào quét sạch lệnh bán của , chuẩn bị đón cây CE rực rỡ!",Positive,0.505
2025-01-22,,investor_100,Facebook Group,"Mức P/E của  hiện tại ở mức 18.5, tương đương mức định giá trung bình ngành.",Neutral,0.385
2025-01-22,,investor_508,24hMoney,"Hôm nay  đi ngang tích lũy quanh vùng hỗ trợ, thanh khoản trung bình.",Neutral,0.468
2025-01-22,,investor_179,FireAnt,"Hôm nay là ngày giao dịch không hưởng quyền của , giá điều chỉnh kỹ thuật.",Neutral,0.157
2025-01-23,,investor_758,24hMoney,"Thủng mốc hỗ trợ cứng rồi, anh em nên hạ tỷ trọng  bảo toàn vốn.",Negative,-0.888
2025-01-23,,investor_625,Facebook Group,"Mã  kết quả kinh doanh quý này quá xuất sắc, doanh thu tăng trưởng 25%!",Positive,0.575
2025-01-23,,investor_358,24hMoney,Công nghệ AI và Cloud của  ký thêm nhiều hợp đồng triệu đô từ Nhật Bản.,Positive,0.782
2025-01-23,,investor_457,24hMoney,Thảo luận về tiềm năng mảng bán lẻ viễn thông của  trong giai đoạn tới.,Neutral,0.44
2025-01-23,,investor_447,24hMoney,"Lệnh to vào quét sạch lệnh bán của , chuẩn bị đón cây CE rực rỡ!",Positive,0.651
2025-01-23,,investor_639,24hMoney,"Khối ngoại tiếp tục mua ròng mạnh , tự tin nắm giữ trung hạn.",Positive,0.659
2025-01-23,,investor_244,F319,Công nghệ AI và Cloud của  ký thêm nhiều hợp đồng triệu đô từ Nhật Bản.,Positive,0.617
2025-01-24,,investor_352,FireAnt,"Dòng tiền lớn đã nhập cuộc , mục tiêu vượt đỉnh cũ sớm thôi anh em.",Positive,0.771
2025-01-24,,investor_549,FireAnt,"Tây xả ròng rã cả tuần,  gãy trend tăng ngắn hạn rồi.",Negative,-0.34
2025-01-24,,investor_104,Facebook Group,"Chỉ báo MACD của  phân kỳ âm, cảnh báo rủi ro điều chỉnh ngắn hạn.",Negative,-0.223
2025-01-25,,investor_878,F319,"Hôm nay  đi ngang tích lũy quanh vùng hỗ trợ, thanh khoản trung bình.",Neutral,0.183
2025-01-25,,investor_560,F319,"Hôm nay  đi ngang tích lũy quanh vùng hỗ trợ, thanh khoản trung bình.",Neutral,0.132
2025-01-25,,investor_504,24hMoney,"Mã  kết quả kinh doanh quý này quá xuất sắc, doanh thu tăng trưởng 25%!",Positive,0.687
2025-01-26,,investor_969,Facebook Group,"Hôm nay là ngày giao dịch không hưởng quyền của , giá điều chỉnh kỹ thuật.",Neutral,0.215
2025-01-26,,investor_813,FireAnt,"Hôm nay là ngày giao dịch không hưởng quyền của , giá điều chỉnh kỹ thuật.",Neutral,0.354
2025-01-26,,investor_977,F319,"Xu hướng tăng trung dài hạn của  không thể cản phá, canh rung lắc gia tăng tỷ trọng.",Positive,0.608
2025-01-26,,investor_548,F319,Tăng trưởng quý này có dấu hiệu chậm lại do chi phí vốn tăng cao.,Negative,-0.441
2025-01-26,,investor_650,FireAnt,Thảo luận về tiềm năng mảng bán lẻ viễn thông của  trong giai đoạn tới.,Neutral,-0.072
2025-01-26,,investor_990,FireAnt,"Dòng tiền lớn đã nhập cuộc , mục tiêu vượt đỉnh cũ sớm thôi anh em.",Positive,0.714
2025-01-26,,investor_833,Facebook Group,"Chỉ báo MACD của  phân kỳ âm, cảnh báo rủi ro điều chỉnh ngắn hạn.",Negative,-0.486
2025-01-26,,investor_306,F319,"Thị trường chỉnh nhưng  vẫn giữ sắc xanh vững vàng, cổ phiếu kim cương!",Positive,0.56
2025-01-27,,investor_521,24hMoney,"Mức P/E của  hiện tại ở mức 18.5, tương đương mức định giá trung bình ngành.",Neutral,0.375
2025-01-27,,investor_949,FireAnt,"Khối ngoại tiếp tục mua ròng mạnh , tự tin nắm giữ trung hạn.",Positive,0.658
2025-01-27,,investor_407,F319,Chờ đợi báo cáo tài chính kiểm toán của  để đánh giá chính xác hơn.,Neutral,-0.046
2025-01-27,,investor_205,Facebook Group,"Mức P/E của  hiện tại ở mức 18.5, tương đương mức định giá trung bình ngành.",Neutral,0.362
2025-01-27,,investor_500,FireAnt,Thảo luận về tiềm năng mảng bán lẻ viễn thông của  trong giai đoạn tới.,Neutral,0.37
2025-01-27,,investor_645,FireAnt,"Hôm nay là ngày giao dịch không hưởng quyền của , giá điều chỉnh kỹ thuật.",Neutral,-0.061
2025-01-27,,investor_210,F319,"Dòng tiền lớn đã nhập cuộc , mục tiêu vượt đỉnh cũ sớm thôi anh em.",Positive,0.648
2025-01-28,,investor_795,F319,Kỳ vọng  sẽ dẫn dắt VN-Index chinh phục mốc 1300 điểm.,Positive,0.788
2025-01-28,,investor_771,FireAnt,"Chỉ báo MACD của  phân kỳ âm, cảnh báo rủi ro điều chỉnh ngắn hạn.",Negative,-0.552
2025-01-28,,investor_104,FireAnt,"Hôm nay là ngày giao dịch không hưởng quyền của , giá điều chỉnh kỹ thuật.",Neutral,0.032
2025-01-28,,investor_937,F319,"Ban lãnh đạo  công bố kế hoạch chia cổ tức tiền mặt 30%, quá uy tín.",Positive,0.58
2025-01-28,,investor_177,FireAnt,Chờ đợi báo cáo tài chính kiểm toán của  để đánh giá chính xác hơn.,Neutral,0.11
2025-01-29,,investor_313,Facebook Group,"Xu hướng tăng trung dài hạn của  không thể cản phá, canh rung lắc gia tăng tỷ trọng.",Positive,0.542
2025-01-29,,investor_125,24hMoney,"Hôm nay  đi ngang tích lũy quanh vùng hỗ trợ, thanh khoản trung bình.",Neutral,-0.007
2025-01-29,,investor_791,Facebook Group,"Chỉ báo MACD của  phân kỳ âm, cảnh báo rủi ro điều chỉnh ngắn hạn.",Negative,-0.321
2025-01-29,,investor_177,24hMoney,"Mức P/E của  hiện tại ở mức 18.5, tương đương mức định giá trung bình ngành.",Neutral,0.445
2025-01-29,,investor_982,Facebook Group,Thảo luận về tiềm năng mảng bán lẻ viễn thông của  trong giai đoạn tới.,Neutral,-0.063
2025-01-29,,investor_605,FireAnt,Chờ đợi báo cáo tài chính kiểm toán của  để đánh giá chính xác hơn.,Neutral,0.398
2025-01-29,,investor_730,F319,Tỷ lệ đòn bẩy margin của  tại các công ty chứng khoán vẫn ở mức an toàn.,Neutral,0.043
2025-01-30,,investor_185,FireAnt,"Thị trường chỉnh nhưng  vẫn giữ sắc xanh vững vàng, cổ phiếu kim cương!",Positive,0.645
2025-01-30,,investor_124,24hMoney,"Thị trường chung đang giằng co,  dao động trong biên độ hẹp 1-2%.",Neutral,0.038
2025-01-30,,investor_210,24hMoney,"Khối ngoại tiếp tục mua ròng mạnh , tự tin nắm giữ trung hạn.",Positive,0.792
2025-01-30,,investor_468,24hMoney,Thảo luận về tiềm năng mảng bán lẻ viễn thông của  trong giai đoạn tới.,Neutral,0.246
2025-01-30,,investor_791,FireAnt,Công nghệ AI và Cloud của  ký thêm nhiều hợp đồng triệu đô từ Nhật Bản.,Positive,0.628
2025-01-30,,investor_840,F319,Khối tự doanh và khối ngoại mua bán cân bằng đối với mã .,Neutral,0.044
2025-01-31,,investor_602,24hMoney,Công nghệ AI và Cloud của  ký thêm nhiều hợp đồng triệu đô từ Nhật Bản.,Positive,0.601
2025-01-31,,investor_922,F319,Kỳ vọng  sẽ dẫn dắt VN-Index chinh phục mốc 1300 điểm.,Positive,0.584
2025-01-31,,investor_328,24hMoney,Kỳ vọng  sẽ dẫn dắt VN-Index chinh phục mốc 1300 điểm.,Positive,0.736
2025-02-01,,investor_946,FireAnt,"Kỹ thuật tạo mô hình W đẹp tuyệt vời, RSI bứt phá ngưỡng 60, múc thôi.",Positive,0.936
2025-02-01,,investor_673,F319,Tăng trưởng quý này có dấu hiệu chậm lại do chi phí vốn tăng cao.,Negative,-0.538
2025-02-01,,investor_272,24hMoney,"Mã  đang kiểm tra lại đường MA20, chưa có tín hiệu bứt phá rõ rệt.",Neutral,0.216
2025-02-01,,investor_886,24hMoney,"Kỹ thuật tạo mô hình W đẹp tuyệt vời, RSI bứt phá ngưỡng 60, múc thôi.",Positive,0.936
2025-02-01,,investor_189,FireAnt,"Hôm nay  đi ngang tích lũy quanh vùng hỗ trợ, thanh khoản trung bình.",Neutral,0.043
2025-02-01,,investor_944,Facebook Group,"Kỹ thuật tạo mô hình W đẹp tuyệt vời, RSI bứt phá ngưỡng 60, múc thôi.",Positive,0.762
2025-02-01,,investor_109,F319,Thảo luận về tiềm năng mảng bán lẻ viễn thông của  trong giai đoạn tới.,Neutral,0.118
2025-02-01,,investor_741,24hMoney,Kỳ vọng  sẽ dẫn dắt VN-Index chinh phục mốc 1300 điểm.,Positive,0.945
2025-02-02,,investor_649,Facebook Group,"Xu hướng tăng trung dài hạn của  không thể cản phá, canh rung lắc gia tăng tỷ trọng.",Positive,0.501
2025-02-02,,investor_417,24hMoney,"Hôm nay là ngày giao dịch không hưởng quyền của , giá điều chỉnh kỹ thuật.",Neutral,-0.037
2025-02-02,,investor_558,F319,"Thanh khoản sụt giảm nghiêm trọng, lực cầu bắt đáy  còn khá yếu.",Negative,-0.846
2025-02-03,,investor_419,FireAnt,Kỳ vọng  sẽ dẫn dắt VN-Index chinh phục mốc 1300 điểm.,Positive,0.53
2025-02-03,,investor_328,FireAnt,"Xu hướng tăng trung dài hạn của  không thể cản phá, canh rung lắc gia tăng tỷ trọng.",Positive,0.852
2025-02-03,,investor_104,Facebook Group,"Hôm nay là ngày giao dịch không hưởng quyền của , giá điều chỉnh kỹ thuật.",Neutral,0.387
2025-02-03,,investor_700,F319,"Thị trường chung đang giằng co,  dao động trong biên độ hẹp 1-2%.",Neutral,0.209
2025-02-04,,investor_715,FireAnt,"Thị trường chỉnh nhưng  vẫn giữ sắc xanh vững vàng, cổ phiếu kim cương!",Positive,0.867
2025-02-04,,investor_122,Facebook Group,"Áp lực chốt lời ngắn hạn đối với  đang tăng cao, cẩn trọng đu đỉnh.",Negative,-0.426
2025-02-04,,investor_602,FireAnt,"Hôm nay  đi ngang tích lũy quanh vùng hỗ trợ, thanh khoản trung bình.",Neutral,0.037
2025-02-04,,investor_138,Facebook Group,"Mã  đang kiểm tra lại đường MA20, chưa có tín hiệu bứt phá rõ rệt.",Neutral,0.435
2025-02-05,,investor_653,24hMoney,"Thanh khoản sụt giảm nghiêm trọng, lực cầu bắt đáy  còn khá yếu.",Negative,-0.423
2025-02-05,,investor_577,Facebook Group,"Mã  kết quả kinh doanh quý này quá xuất sắc, doanh thu tăng trưởng 25%!",Positive,0.895
2025-02-05,,investor_196,F319,Tỷ lệ đòn bẩy margin của  tại các công ty chứng khoán vẫn ở mức an toàn.,Neutral,0.489
2025-02-05,,investor_697,FireAnt,"Kỹ thuật tạo mô hình W đẹp tuyệt vời, RSI bứt phá ngưỡng 60, múc thôi.",Positive,0.835
2025-02-05,,investor_217,FireAnt,"Hôm nay  đi ngang tích lũy quanh vùng hỗ trợ, thanh khoản trung bình.",Neutral,0.417
2025-02-05,,investor_795,Facebook Group,Thảo luận về tiềm năng mảng bán lẻ viễn thông của  trong giai đoạn tới.,Neutral,0.124
2025-02-05,,investor_943,F319,"Thị trường chung đang giằng co,  dao động trong biên độ hẹp 1-2%.",Neutral,-0.012
2025-02-05,,investor_391,FireAnt,"Mã  đang kiểm tra lại đường MA20, chưa có tín hiệu bứt phá rõ rệt.",Neutral,0.278
2025-02-06,,investor_649,FireAnt,Thảo luận về tiềm năng mảng bán lẻ viễn thông của  trong giai đoạn tới.,Neutral,0.388
2025-02-06,,investor_240,24hMoney,"Lệnh to vào quét sạch lệnh bán của , chuẩn bị đón cây CE rực rỡ!",Positive,0.708
2025-02-06,,investor_927,Facebook Group,Thảo luận về tiềm năng mảng bán lẻ viễn thông của  trong giai đoạn tới.,Neutral,0.261
2025-02-06,,investor_232,24hMoney,"Thị trường xấu quá,  bị bán lan theo hiệu ứng tâm lý chung.",Negative,-0.475
2025-02-06,,investor_703,Facebook Group,"Mã  kết quả kinh doanh quý này quá xuất sắc, doanh thu tăng trưởng 25%!",Positive,0.793
2025-02-07,,investor_396,FireAnt,Kỳ vọng  sẽ dẫn dắt VN-Index chinh phục mốc 1300 điểm.,Positive,0.535
2025-02-07,,investor_504,FireAnt,"Chỉ báo MACD của  phân kỳ âm, cảnh báo rủi ro điều chỉnh ngắn hạn.",Negative,-0.847
2025-02-07,,investor_100,Facebook Group,"Áp lực chốt lời ngắn hạn đối với  đang tăng cao, cẩn trọng đu đỉnh.",Negative,-0.845
2025-02-07,,investor_530,F319,"Ban lãnh đạo  công bố kế hoạch chia cổ tức tiền mặt 30%, quá uy tín.",Positive,0.602
2025-02-08,,investor_765,F319,"Ban lãnh đạo  công bố kế hoạch chia cổ tức tiền mặt 30%, quá uy tín.",Positive,0.861
2025-02-08,,investor_174,FireAnt,"Lệnh to vào quét sạch lệnh bán của , chuẩn bị đón cây CE rực rỡ!",Positive,0.687
2025-02-08,,investor_446,F319,"Khối ngoại tiếp tục mua ròng mạnh , tự tin nắm giữ trung hạn.",Positive,0.656
2025-02-08,,investor_281,24hMoney,"Mã  đang kiểm tra lại đường MA20, chưa có tín hiệu bứt phá rõ rệt.",Neutral,-0.081
2025-02-08,,investor_955,F319,"Hôm nay là ngày giao dịch không hưởng quyền của , giá điều chỉnh kỹ thuật.",Neutral,-0.002
2025-02-08,,investor_765,24hMoney,Công nghệ AI và Cloud của  ký thêm nhiều hợp đồng triệu đô từ Nhật Bản.,Positive,0.761
2025-02-08,,investor_183,F319,"Mã  kết quả kinh doanh quý này quá xuất sắc, doanh thu tăng trưởng 25%!",Positive,0.732
2025-02-09,,investor_660,Facebook Group,Thảo luận về tiềm năng mảng bán lẻ viễn thông của  trong giai đoạn tới.,Neutral,0.408
2025-02-09,,investor_534,Facebook Group,"Mức P/E của  hiện tại ở mức 18.5, tương đương mức định giá trung bình ngành.",Neutral,-0.06
2025-02-09,,investor_528,F319,"Hôm nay  đi ngang tích lũy quanh vùng hỗ trợ, thanh khoản trung bình.",Neutral,0.106
2025-02-10,,investor_689,Facebook Group,"Áp lực chốt lời ngắn hạn đối với  đang tăng cao, cẩn trọng đu đỉnh.",Negative,-0.457
2025-02-10,,investor_213,FireAnt,"Mã  kết quả kinh doanh quý này quá xuất sắc, doanh thu tăng trưởng 25%!",Positive,0.736
2025-02-10,,investor_363,F319,"Hôm nay  đi ngang tích lũy quanh vùng hỗ trợ, thanh khoản trung bình.",Neutral,-0.008
2025-02-10,,investor_557,Facebook Group,"Lệnh to vào quét sạch lệnh bán của , chuẩn bị đón cây CE rực rỡ!",Positive,0.839
2025-02-10,,investor_154,24hMoney,"Mức P/E của  hiện tại ở mức 18.5, tương đương mức định giá trung bình ngành.",Neutral,0.141
2025-02-10,,investor_932,F319,"Thanh khoản sụt giảm nghiêm trọng, lực cầu bắt đáy  còn khá yếu.",Negative,-0.222
2025-02-10,,investor_153,F319,Kỳ vọng  sẽ dẫn dắt VN-Index chinh phục mốc 1300 điểm.,Positive,0.604
2025-02-10,,investor_703,Facebook Group,"Hôm nay  đi ngang tích lũy quanh vùng hỗ trợ, thanh khoản trung bình.",Neutral,0.005
2025-02-11,,investor_219,FireAnt,"Thanh khoản sụt giảm nghiêm trọng, lực cầu bắt đáy  còn khá yếu.",Negative,-0.119
2025-02-11,,investor_281,F319,"Chỉ báo MACD của  phân kỳ âm, cảnh báo rủi ro điều chỉnh ngắn hạn.",Negative,-0.616
2025-02-11,,investor_106,FireAnt,"Khối ngoại tiếp tục mua ròng mạnh , tự tin nắm giữ trung hạn.",Positive,0.646
2025-02-11,,investor_723,F319,"Dòng tiền lớn đã nhập cuộc , mục tiêu vượt đỉnh cũ sớm thôi anh em.",Positive,0.594
2025-02-12,,investor_996,Facebook Group,Chờ đợi báo cáo tài chính kiểm toán của  để đánh giá chính xác hơn.,Neutral,0.149
2025-02-12,,investor_806,Facebook Group,Chờ đợi báo cáo tài chính kiểm toán của  để đánh giá chính xác hơn.,Neutral,0.098
2025-02-12,,investor_355,FireAnt,"Ban lãnh đạo  công bố kế hoạch chia cổ tức tiền mặt 30%, quá uy tín.",Positive,0.874
2025-02-12,,investor_599,FireAnt,"Dòng tiền lớn đã nhập cuộc , mục tiêu vượt đỉnh cũ sớm thôi anh em.",Positive,0.887
2025-02-12,,investor_158,FireAnt,Thảo luận về tiềm năng mảng bán lẻ viễn thông của  trong giai đoạn tới.,Neutral,-0.017
2025-02-13,,investor_651,FireAnt,"Xu hướng tăng trung dài hạn của  không thể cản phá, canh rung lắc gia tăng tỷ trọng.",Positive,0.731
2025-02-13,,investor_377,Facebook Group,Khối tự doanh và khối ngoại mua bán cân bằng đối với mã .,Neutral,0.052
2025-02-13,,investor_826,F319,"Khối ngoại tiếp tục mua ròng mạnh , tự tin nắm giữ trung hạn.",Positive,0.56
2025-02-14,,investor_455,F319,Khối ngoại quay đầu bán ròng  hơn 100 tỷ trong phiên sáng.,Negative,-0.505
2025-02-14,,investor_477,24hMoney,"Xu hướng tăng trung dài hạn của  không thể cản phá, canh rung lắc gia tăng tỷ trọng.",Positive,0.749
2025-02-14,,investor_126,F319,"Ban lãnh đạo  công bố kế hoạch chia cổ tức tiền mặt 30%, quá uy tín.",Positive,0.505
2025-02-14,,investor_367,F319,"Khối ngoại tiếp tục mua ròng mạnh , tự tin nắm giữ trung hạn.",Positive,0.829
2025-02-14,,investor_575,FireAnt,"Hôm nay  đi ngang tích lũy quanh vùng hỗ trợ, thanh khoản trung bình.",Neutral,0.003
2025-02-15,,investor_462,F319,Công nghệ AI và Cloud của  ký thêm nhiều hợp đồng triệu đô từ Nhật Bản.,Positive,0.659
2025-02-15,,investor_128,F319,"Lệnh to vào quét sạch lệnh bán của , chuẩn bị đón cây CE rực rỡ!",Positive,0.771
2025-02-15,,investor_212,Facebook Group,"Thị trường xấu quá,  bị bán lan theo hiệu ứng tâm lý chung.",Negative,-0.583
2025-02-15,,investor_154,Facebook Group,"Khối ngoại tiếp tục mua ròng mạnh , tự tin nắm giữ trung hạn.",Positive,0.755
2025-02-16,,investor_647,Facebook Group,"Lệnh to vào quét sạch lệnh bán của , chuẩn bị đón cây CE rực rỡ!",Positive,0.718
2025-02-16,,investor_606,F319,"Mã  kết quả kinh doanh quý này quá xuất sắc, doanh thu tăng trưởng 25%!",Positive,0.768
2025-02-16,,investor_600,F319,"Khối ngoại tiếp tục mua ròng mạnh , tự tin nắm giữ trung hạn.",Positive,0.78
2025-02-16,,investor_160,Facebook Group,"Xu hướng tăng trung dài hạn của  không thể cản phá, canh rung lắc gia tăng tỷ trọng.",Positive,0.828
2025-02-16,,investor_230,FireAnt,"Mã  đang kiểm tra lại đường MA20, chưa có tín hiệu bứt phá rõ rệt.",Neutral,0.171
2025-02-16,,investor_965,24hMoney,Khối tự doanh và khối ngoại mua bán cân bằng đối với mã .,Neutral,0.31
2025-02-16,,investor_116,FireAnt,"Mã  kết quả kinh doanh quý này quá xuất sắc, doanh thu tăng trưởng 25%!",Positive,0.541
2025-02-16,,investor_438,24hMoney,Thảo luận về tiềm năng mảng bán lẻ viễn thông của  trong giai đoạn tới.,Neutral,0.208
2025-02-17,,investor_299,F319,Khối tự doanh và khối ngoại mua bán cân bằng đối với mã .,Neutral,0.327
2025-02-17,,investor_588,F319,"Thủng mốc hỗ trợ cứng rồi, anh em nên hạ tỷ trọng  bảo toàn vốn.",Negative,-0.407
2025-02-17,,investor_500,Facebook Group,"Mức P/E của  hiện tại ở mức 18.5, tương đương mức định giá trung bình ngành.",Neutral,-0.074
2025-02-17,,investor_881,Facebook Group,"Mức P/E của  hiện tại ở mức 18.5, tương đương mức định giá trung bình ngành.",Neutral,0.179
2025-02-17,,investor_597,Facebook Group,Thảo luận về tiềm năng mảng bán lẻ viễn thông của  trong giai đoạn tới.,Neutral,0.075
2025-02-17,,investor_471,Facebook Group,Tăng trưởng quý này có dấu hiệu chậm lại do chi phí vốn tăng cao.,Negative,-0.552
2025-02-17,,investor_372,FireAnt,"Thị trường chỉnh nhưng  vẫn giữ sắc xanh vững vàng, cổ phiếu kim cương!",Positive,0.735
2025-02-18,,investor_904,Facebook Group,"Mã  đang kiểm tra lại đường MA20, chưa có tín hiệu bứt phá rõ rệt.",Neutral,0.184
2025-02-18,,investor_626,24hMoney,"Thị trường chỉnh nhưng  vẫn giữ sắc xanh vững vàng, cổ phiếu kim cương!",Positive,0.826
2025-02-18,,investor_496,FireAnt,Tỷ lệ đòn bẩy margin của  tại các công ty chứng khoán vẫn ở mức an toàn.,Neutral,0.367
2025-02-18,,investor_410,Facebook Group,Chờ đợi báo cáo tài chính kiểm toán của  để đánh giá chính xác hơn.,Neutral,0.152
2025-02-18,,investor_880,F319,"Tây xả ròng rã cả tuần,  gãy trend tăng ngắn hạn rồi.",Negative,-0.932
2025-02-19,,investor_913,24hMoney,"Tây xả ròng rã cả tuần,  gãy trend tăng ngắn hạn rồi.",Negative,-0.279
2025-02-19,,investor_847,F319,"Ban lãnh đạo  công bố kế hoạch chia cổ tức tiền mặt 30%, quá uy tín.",Positive,0.54
2025-02-19,,investor_365,FireAnt,Tỷ lệ đòn bẩy margin của  tại các công ty chứng khoán vẫn ở mức an toàn.,Neutral,0.06
2025-02-19,,investor_676,FireAnt,"Ban lãnh đạo  công bố kế hoạch chia cổ tức tiền mặt 30%, quá uy tín.",Positive,0.69
2025-02-20,,investor_423,FireAnt,"Khối ngoại tiếp tục mua ròng mạnh , tự tin nắm giữ trung hạn.",Positive,0.66
2025-02-20,,investor_684,Facebook Group,"Mã  kết quả kinh doanh quý này quá xuất sắc, doanh thu tăng trưởng 25%!",Positive,0.519
2025-02-20,,investor_904,F319,"Lệnh to vào quét sạch lệnh bán của , chuẩn bị đón cây CE rực rỡ!",Positive,0.806
2025-02-21,,investor_418,FireAnt,Kỳ vọng  sẽ dẫn dắt VN-Index chinh phục mốc 1300 điểm.,Positive,0.688
2025-02-21,,investor_252,Facebook Group,Chờ đợi báo cáo tài chính kiểm toán của  để đánh giá chính xác hơn.,Neutral,0.433
2025-02-21,,investor_960,Facebook Group,"Thị trường xấu quá,  bị bán lan theo hiệu ứng tâm lý chung.",Negative,-0.755
2025-02-21,,investor_206,FireAnt,"Lệnh to vào quét sạch lệnh bán của , chuẩn bị đón cây CE rực rỡ!",Positive,0.874
2025-02-21,,investor_358,24hMoney,"Lệnh to vào quét sạch lệnh bán của , chuẩn bị đón cây CE rực rỡ!",Positive,0.517
2025-02-21,,investor_788,F319,"Thị trường chỉnh nhưng  vẫn giữ sắc xanh vững vàng, cổ phiếu kim cương!",Positive,0.526
2025-02-21,,investor_990,FireAnt,"Chỉ báo MACD của  phân kỳ âm, cảnh báo rủi ro điều chỉnh ngắn hạn.",Negative,-0.114
2025-02-22,,investor_102,24hMoney,Thảo luận về tiềm năng mảng bán lẻ viễn thông của  trong giai đoạn tới.,Neutral,0.311
2025-02-22,,investor_428,24hMoney,"Xu hướng tăng trung dài hạn của  không thể cản phá, canh rung lắc gia tăng tỷ trọng.",Positive,0.78
2025-02-22,,investor_422,Facebook Group,Tỷ lệ đòn bẩy margin của  tại các công ty chứng khoán vẫn ở mức an toàn.,Neutral,-0.046
2025-02-22,,investor_837,24hMoney,"Xu hướng tăng trung dài hạn của  không thể cản phá, canh rung lắc gia tăng tỷ trọng.",Positive,0.9
2025-02-22,,investor_360,Facebook Group,"Xu hướng tăng trung dài hạn của  không thể cản phá, canh rung lắc gia tăng tỷ trọng.",Positive,0.648
2025-02-23,,investor_427,Facebook Group,Công nghệ AI và Cloud của  ký thêm nhiều hợp đồng triệu đô từ Nhật Bản.,Positive,0.614
2025-02-23,,investor_136,24hMoney,Khối tự doanh và khối ngoại mua bán cân bằng đối với mã .,Neutral,0.193
2025-02-23,,investor_213,24hMoney,"Mã  kết quả kinh doanh quý này quá xuất sắc, doanh thu tăng trưởng 25%!",Positive,0.903
2025-02-23,,investor_797,Facebook Group,"Thủng mốc hỗ trợ cứng rồi, anh em nên hạ tỷ trọng  bảo toàn vốn.",Negative,-0.516
2025-02-23,,investor_361,24hMoney,"Mã  kết quả kinh doanh quý này quá xuất sắc, doanh thu tăng trưởng 25%!",Positive,0.805
2025-02-24,,investor_670,24hMoney,"Thủng mốc hỗ trợ cứng rồi, anh em nên hạ tỷ trọng  bảo toàn vốn.",Negative,-0.744
2025-02-24,,investor_792,FireAnt,Tỷ lệ đòn bẩy margin của  tại các công ty chứng khoán vẫn ở mức an toàn.,Neutral,0.394
2025-02-24,,investor_232,Facebook Group,"Thị trường chỉnh nhưng  vẫn giữ sắc xanh vững vàng, cổ phiếu kim cương!",Positive,0.815
2025-02-24,,investor_634,FireAnt,"Tây xả ròng rã cả tuần,  gãy trend tăng ngắn hạn rồi.",Negative,-0.559
2025-02-24,,investor_181,24hMoney,"Thị trường chỉnh nhưng  vẫn giữ sắc xanh vững vàng, cổ phiếu kim cương!",Positive,0.651
2025-02-25,,investor_323,F319,"Tây xả ròng rã cả tuần,  gãy trend tăng ngắn hạn rồi.",Negative,-0.524
2025-02-25,,investor_459,Facebook Group,"Hôm nay  đi ngang tích lũy quanh vùng hỗ trợ, thanh khoản trung bình.",Neutral,0.479
2025-02-25,,investor_425,Facebook Group,"Dòng tiền lớn đã nhập cuộc , mục tiêu vượt đỉnh cũ sớm thôi anh em.",Positive,0.504
2025-02-25,,investor_930,24hMoney,Chờ đợi báo cáo tài chính kiểm toán của  để đánh giá chính xác hơn.,Neutral,0.219
2025-02-26,,investor_295,24hMoney,Công nghệ AI và Cloud của  ký thêm nhiều hợp đồng triệu đô từ Nhật Bản.,Positive,0.839
2025-02-26,,investor_623,FireAnt,"Hôm nay  đi ngang tích lũy quanh vùng hỗ trợ, thanh khoản trung bình.",Neutral,-0.06
2025-02-26,,investor_573,24hMoney,Khối tự doanh và khối ngoại mua bán cân bằng đối với mã .,Neutral,0.179
2025-02-26,,investor_862,Facebook Group,"Kỹ thuật tạo mô hình W đẹp tuyệt vời, RSI bứt phá ngưỡng 60, múc thôi.",Positive,0.892
2025-02-26,,investor_745,Facebook Group,"Hôm nay  đi ngang tích lũy quanh vùng hỗ trợ, thanh khoản trung bình.",Neutral,0.126
2025-02-26,,investor_637,FireAnt,"Lệnh to vào quét sạch lệnh bán của , chuẩn bị đón cây CE rực rỡ!",Positive,0.847
2025-02-27,,investor_496,F319,"Dòng tiền lớn đã nhập cuộc , mục tiêu vượt đỉnh cũ sớm thôi anh em.",Positive,0.925
2025-02-27,,investor_899,FireAnt,"Kỹ thuật tạo mô hình W đẹp tuyệt vời, RSI bứt phá ngưỡng 60, múc thôi.",Positive,0.858
2025-02-27,,investor_948,FireAnt,"Mã  đang kiểm tra lại đường MA20, chưa có tín hiệu bứt phá rõ rệt.",Neutral,0.036
2025-02-27,,investor_402,24hMoney,"Ban lãnh đạo  công bố kế hoạch chia cổ tức tiền mặt 30%, quá uy tín.",Positive,0.695
2025-02-27,,investor_552,Facebook Group,"Thủng mốc hỗ trợ cứng rồi, anh em nên hạ tỷ trọng  bảo toàn vốn.",Negative,-0.14
2025-02-27,,investor_626,FireAnt,Công nghệ AI và Cloud của  ký thêm nhiều hợp đồng triệu đô từ Nhật Bản.,Positive,0.644
2025-02-27,,investor_891,24hMoney,"Xu hướng tăng trung dài hạn của  không thể cản phá, canh rung lắc gia tăng tỷ trọng.",Positive,0.514
2025-02-27,,investor_159,FireAnt,Thảo luận về tiềm năng mảng bán lẻ viễn thông của  trong giai đoạn tới.,Neutral,0.178
2025-02-28,,investor_126,FireAnt,"Tây xả ròng rã cả tuần,  gãy trend tăng ngắn hạn rồi.",Negative,-0.298
2025-02-28,,investor_635,24hMoney,"Hôm nay là ngày giao dịch không hưởng quyền của , giá điều chỉnh kỹ thuật.",Neutral,-0.089
2025-02-28,,investor_252,FireAnt,"Tây xả ròng rã cả tuần,  gãy trend tăng ngắn hạn rồi.",Negative,-0.794
2025-03-01,,investor_839,F319,"Thị trường chung đang giằng co,  dao động trong biên độ hẹp 1-2%.",Neutral,0.258
2025-03-01,,investor_600,F319,Công nghệ AI và Cloud của  ký thêm nhiều hợp đồng triệu đô từ Nhật Bản.,Positive,0.721
2025-03-01,,investor_171,F319,"Hôm nay  đi ngang tích lũy quanh vùng hỗ trợ, thanh khoản trung bình.",Neutral,0.156
2025-03-01,,investor_643,Facebook Group,Công nghệ AI và Cloud của  ký thêm nhiều hợp đồng triệu đô từ Nhật Bản.,Positive,0.677
2025-03-01,,investor_524,24hMoney,Khối tự doanh và khối ngoại mua bán cân bằng đối với mã .,Neutral,0.407
2025-03-01,,investor_500,24hMoney,Tỷ lệ đòn bẩy margin của  tại các công ty chứng khoán vẫn ở mức an toàn.,Neutral,0.342
2025-03-01,,investor_409,FireAnt,"Thanh khoản sụt giảm nghiêm trọng, lực cầu bắt đáy  còn khá yếu.",Negative,-0.83
2025-03-01,,investor_341,24hMoney,Kỳ vọng  sẽ dẫn dắt VN-Index chinh phục mốc 1300 điểm.,Positive,0.656
2025-03-02,,investor_688,24hMoney,"Hôm nay  đi ngang tích lũy quanh vùng hỗ trợ, thanh khoản trung bình.",Neutral,-0.048
2025-03-02,,investor_970,FireAnt,Công nghệ AI và Cloud của  ký thêm nhiều hợp đồng triệu đô từ Nhật Bản.,Positive,0.645
2025-03-02,,investor_205,Facebook Group,Chờ đợi báo cáo tài chính kiểm toán của  để đánh giá chính xác hơn.,Neutral,0.372
2025-03-03,,investor_734,FireAnt,"Dòng tiền lớn đã nhập cuộc , mục tiêu vượt đỉnh cũ sớm thôi anh em.",Positive,0.786
2025-03-03,,investor_469,24hMoney,Tỷ lệ đòn bẩy margin của  tại các công ty chứng khoán vẫn ở mức an toàn.,Neutral,0.264
2025-03-03,,investor_183,FireAnt,Tăng trưởng quý này có dấu hiệu chậm lại do chi phí vốn tăng cao.,Negative,-0.35
2025-03-03,,investor_307,24hMoney,"Thị trường chung đang giằng co,  dao động trong biên độ hẹp 1-2%.",Neutral,0.186
2025-03-03,,investor_226,F319,"Mã  đang kiểm tra lại đường MA20, chưa có tín hiệu bứt phá rõ rệt.",Neutral,0.362
2025-03-03,,investor_111,Facebook Group,"Khối ngoại tiếp tục mua ròng mạnh , tự tin nắm giữ trung hạn.",Positive,0.697
2025-03-04,,investor_246,Facebook Group,"Lệnh to vào quét sạch lệnh bán của , chuẩn bị đón cây CE rực rỡ!",Positive,0.892
2025-03-04,,investor_408,Facebook Group,"Thị trường chỉnh nhưng  vẫn giữ sắc xanh vững vàng, cổ phiếu kim cương!",Positive,0.835
2025-03-04,,investor_822,FireAnt,Công nghệ AI và Cloud của  ký thêm nhiều hợp đồng triệu đô từ Nhật Bản.,Positive,0.573
2025-03-04,,investor_813,Facebook Group,"Dòng tiền lớn đã nhập cuộc , mục tiêu vượt đỉnh cũ sớm thôi anh em.",Positive,0.744
2025-03-04,,investor_431,F319,"Hôm nay  đi ngang tích lũy quanh vùng hỗ trợ, thanh khoản trung bình.",Neutral,-0.057
2025-03-04,,investor_123,24hMoney,"Chỉ báo MACD của  phân kỳ âm, cảnh báo rủi ro điều chỉnh ngắn hạn.",Negative,-0.339
2025-03-05,,investor_251,FireAnt,"Kỹ thuật tạo mô hình W đẹp tuyệt vời, RSI bứt phá ngưỡng 60, múc thôi.",Positive,0.667
2025-03-05,,investor_349,F319,"Thị trường xấu quá,  bị bán lan theo hiệu ứng tâm lý chung.",Negative,-0.464
2025-03-05,,investor_873,Facebook Group,"Khối ngoại tiếp tục mua ròng mạnh , tự tin nắm giữ trung hạn.",Positive,0.773
2025-03-05,,investor_736,24hMoney,Công nghệ AI và Cloud của  ký thêm nhiều hợp đồng triệu đô từ Nhật Bản.,Positive,0.767
2025-03-05,,investor_836,Facebook Group,"Ban lãnh đạo  công bố kế hoạch chia cổ tức tiền mặt 30%, quá uy tín.",Positive,0.71
2025-03-05,,investor_397,24hMoney,"Mức P/E của  hiện tại ở mức 18.5, tương đương mức định giá trung bình ngành.",Neutral,0.139
2025-03-05,,investor_936,FireAnt,"Ban lãnh đạo  công bố kế hoạch chia cổ tức tiền mặt 30%, quá uy tín.",Positive,0.731
2025-03-06,,investor_330,F319,Kỳ vọng  sẽ dẫn dắt VN-Index chinh phục mốc 1300 điểm.,Positive,0.544
2025-03-06,,investor_990,F319,"Hôm nay  đi ngang tích lũy quanh vùng hỗ trợ, thanh khoản trung bình.",Neutral,-0.044
2025-03-06,,investor_360,Facebook Group,"Chỉ báo MACD của  phân kỳ âm, cảnh báo rủi ro điều chỉnh ngắn hạn.",Negative,-0.733
2025-03-06,,investor_400,Facebook Group,"Thị trường chung đang giằng co,  dao động trong biên độ hẹp 1-2%.",Neutral,0.253
2025-03-06,,investor_729,FireAnt,"Dòng tiền lớn đã nhập cuộc , mục tiêu vượt đỉnh cũ sớm thôi anh em.",Positive,0.606
2025-03-06,,investor_356,F319,"Xu hướng tăng trung dài hạn của  không thể cản phá, canh rung lắc gia tăng tỷ trọng.",Positive,0.702
2025-03-06,,investor_412,24hMoney,"Mã  kết quả kinh doanh quý này quá xuất sắc, doanh thu tăng trưởng 25%!",Positive,0.778
2025-03-07,,investor_786,F319,"Ban lãnh đạo  công bố kế hoạch chia cổ tức tiền mặt 30%, quá uy tín.",Positive,0.517
2025-03-07,,investor_655,24hMoney,Thảo luận về tiềm năng mảng bán lẻ viễn thông của  trong giai đoạn tới.,Neutral,0.361
2025-03-07,,investor_981,FireAnt,"Thị trường chung đang giằng co,  dao động trong biên độ hẹp 1-2%.",Neutral,0.412
2025-03-07,,investor_381,F319,"Kỹ thuật tạo mô hình W đẹp tuyệt vời, RSI bứt phá ngưỡng 60, múc thôi.",Positive,0.739
2025-03-07,,investor_856,Facebook Group,"Hôm nay là ngày giao dịch không hưởng quyền của , giá điều chỉnh kỹ thuật.",Neutral,0.033
2025-03-07,,investor_375,F319,"Lệnh to vào quét sạch lệnh bán của , chuẩn bị đón cây CE rực rỡ!",Positive,0.728
2025-03-07,,investor_316,FireAnt,"Khối ngoại tiếp tục mua ròng mạnh , tự tin nắm giữ trung hạn.",Positive,0.809
2025-03-07,,investor_594,Facebook Group,"Thanh khoản sụt giảm nghiêm trọng, lực cầu bắt đáy  còn khá yếu.",Negative,-0.463
2025-03-08,,investor_483,FireAnt,"Thị trường chỉnh nhưng  vẫn giữ sắc xanh vững vàng, cổ phiếu kim cương!",Positive,0.74
2025-03-08,,investor_991,Facebook Group,"Lệnh to vào quét sạch lệnh bán của , chuẩn bị đón cây CE rực rỡ!",Positive,0.817
2025-03-08,,investor_875,F319,"Thị trường chỉnh nhưng  vẫn giữ sắc xanh vững vàng, cổ phiếu kim cương!",Positive,0.585
2025-03-08,,investor_274,FireAnt,Công nghệ AI và Cloud của  ký thêm nhiều hợp đồng triệu đô từ Nhật Bản.,Positive,0.891
2025-03-09,,investor_513,FireAnt,Khối ngoại quay đầu bán ròng  hơn 100 tỷ trong phiên sáng.,Negative,-0.157
2025-03-09,,investor_980,24hMoney,Kỳ vọng  sẽ dẫn dắt VN-Index chinh phục mốc 1300 điểm.,Positive,0.874
2025-03-09,,investor_900,F319,"Kỹ thuật tạo mô hình W đẹp tuyệt vời, RSI bứt phá ngưỡng 60, múc thôi.",Positive,0.858
2025-03-10,,investor_168,F319,"Thanh khoản sụt giảm nghiêm trọng, lực cầu bắt đáy  còn khá yếu.",Negative,-0.255
2025-03-10,,investor_803,FireAnt,"Khối ngoại tiếp tục mua ròng mạnh , tự tin nắm giữ trung hạn.",Positive,0.796
2025-03-10,,investor_787,F319,"Xu hướng tăng trung dài hạn của  không thể cản phá, canh rung lắc gia tăng tỷ trọng.",Positive,0.89
2025-03-10,,investor_423,FireAnt,Tỷ lệ đòn bẩy margin của  tại các công ty chứng khoán vẫn ở mức an toàn.,Neutral,0.235
2025-03-10,,investor_118,FireAnt,Công nghệ AI và Cloud của  ký thêm nhiều hợp đồng triệu đô từ Nhật Bản.,Positive,0.647
2025-03-11,,investor_464,Facebook Group,"Mã  đang kiểm tra lại đường MA20, chưa có tín hiệu bứt phá rõ rệt.",Neutral,0.371
2025-03-11,,investor_700,F319,"Thị trường chỉnh nhưng  vẫn giữ sắc xanh vững vàng, cổ phiếu kim cương!",Positive,0.634
2025-03-11,,investor_242,F319,"Thị trường chỉnh nhưng  vẫn giữ sắc xanh vững vàng, cổ phiếu kim cương!",Positive,0.665
2025-03-11,,investor_404,24hMoney,"Mã  kết quả kinh doanh quý này quá xuất sắc, doanh thu tăng trưởng 25%!",Positive,0.747
2025-03-12,,investor_721,FireAnt,"Dòng tiền lớn đã nhập cuộc , mục tiêu vượt đỉnh cũ sớm thôi anh em.",Positive,0.507
2025-03-12,,investor_184,FireAnt,"Mã  đang kiểm tra lại đường MA20, chưa có tín hiệu bứt phá rõ rệt.",Neutral,0.173
2025-03-12,,investor_728,F319,"Thị trường xấu quá,  bị bán lan theo hiệu ứng tâm lý chung.",Negative,-0.238
2025-03-13,,investor_399,24hMoney,"Ban lãnh đạo  công bố kế hoạch chia cổ tức tiền mặt 30%, quá uy tín.",Positive,0.567
2025-03-13,,investor_913,FireAnt,Khối tự doanh và khối ngoại mua bán cân bằng đối với mã .,Neutral,0.351
2025-03-13,,investor_506,Facebook Group,"Hôm nay là ngày giao dịch không hưởng quyền của , giá điều chỉnh kỹ thuật.",Neutral,0.208
2025-03-13,,investor_903,Facebook Group,"Xu hướng tăng trung dài hạn của  không thể cản phá, canh rung lắc gia tăng tỷ trọng.",Positive,0.791
2025-03-14,,investor_886,FireAnt,Công nghệ AI và Cloud của  ký thêm nhiều hợp đồng triệu đô từ Nhật Bản.,Positive,0.92
2025-03-14,,investor_663,FireAnt,"Ban lãnh đạo  công bố kế hoạch chia cổ tức tiền mặt 30%, quá uy tín.",Positive,0.778
2025-03-14,,investor_747,24hMoney,"Dòng tiền lớn đã nhập cuộc , mục tiêu vượt đỉnh cũ sớm thôi anh em.",Positive,0.861
2025-03-14,,investor_688,24hMoney,"Khối ngoại tiếp tục mua ròng mạnh , tự tin nắm giữ trung hạn.",Positive,0.823
2025-03-14,,investor_450,24hMoney,"Tây xả ròng rã cả tuần,  gãy trend tăng ngắn hạn rồi.",Negative,-0.511
2025-03-15,,investor_340,FireAnt,Thảo luận về tiềm năng mảng bán lẻ viễn thông của  trong giai đoạn tới.,Neutral,0.009
2025-03-15,,investor_551,FireAnt,"Kỹ thuật tạo mô hình W đẹp tuyệt vời, RSI bứt phá ngưỡng 60, múc thôi.",Positive,0.913
2025-03-15,,investor_784,FireAnt,"Thanh khoản sụt giảm nghiêm trọng, lực cầu bắt đáy  còn khá yếu.",Negative,-0.488
2025-03-15,,investor_217,F319,Công nghệ AI và Cloud của  ký thêm nhiều hợp đồng triệu đô từ Nhật Bản.,Positive,0.501
2025-03-16,,investor_477,F319,Thảo luận về tiềm năng mảng bán lẻ viễn thông của  trong giai đoạn tới.,Neutral,0.368
2025-03-16,,investor_148,FireAnt,"Thanh khoản sụt giảm nghiêm trọng, lực cầu bắt đáy  còn khá yếu.",Negative,-0.194
2025-03-16,,investor_630,24hMoney,Kỳ vọng  sẽ dẫn dắt VN-Index chinh phục mốc 1300 điểm.,Positive,0.636
2025-03-16,,investor_775,FireAnt,"Khối ngoại tiếp tục mua ròng mạnh , tự tin nắm giữ trung hạn.",Positive,0.8
2025-03-16,,investor_582,24hMoney,"Mã  kết quả kinh doanh quý này quá xuất sắc, doanh thu tăng trưởng 25%!",Positive,0.764
2025-03-16,,investor_761,24hMoney,"Áp lực chốt lời ngắn hạn đối với  đang tăng cao, cẩn trọng đu đỉnh.",Negative,-0.768
2025-03-16,,investor_259,Facebook Group,"Thị trường chỉnh nhưng  vẫn giữ sắc xanh vững vàng, cổ phiếu kim cương!",Positive,0.604
2025-03-16,,investor_353,F319,"Xu hướng tăng trung dài hạn của  không thể cản phá, canh rung lắc gia tăng tỷ trọng.",Positive,0.676
2025-03-17,,investor_934,FireAnt,"Khối ngoại tiếp tục mua ròng mạnh , tự tin nắm giữ trung hạn.",Positive,0.769
2025-03-17,,investor_558,Facebook Group,"Mã  kết quả kinh doanh quý này quá xuất sắc, doanh thu tăng trưởng 25%!",Positive,0.823
2025-03-17,,investor_317,FireAnt,"Kỹ thuật tạo mô hình W đẹp tuyệt vời, RSI bứt phá ngưỡng 60, múc thôi.",Positive,0.868
2025-03-17,,investor_843,F319,"Thị trường chung đang giằng co,  dao động trong biên độ hẹp 1-2%.",Neutral,0.062
2025-03-18,,investor_990,FireAnt,"Hôm nay  đi ngang tích lũy quanh vùng hỗ trợ, thanh khoản trung bình.",Neutral,0.137
2025-03-18,,investor_927,FireAnt,"Mã  kết quả kinh doanh quý này quá xuất sắc, doanh thu tăng trưởng 25%!",Positive,0.531
2025-03-18,,investor_875,FireAnt,"Hôm nay là ngày giao dịch không hưởng quyền của , giá điều chỉnh kỹ thuật.",Neutral,-0.059
2025-03-19,,investor_441,FireAnt,"Mã  đang kiểm tra lại đường MA20, chưa có tín hiệu bứt phá rõ rệt.",Neutral,0.036
2025-03-19,,investor_308,Facebook Group,Công nghệ AI và Cloud của  ký thêm nhiều hợp đồng triệu đô từ Nhật Bản.,Positive,0.67
2025-03-19,,investor_761,24hMoney,Thảo luận về tiềm năng mảng bán lẻ viễn thông của  trong giai đoạn tới.,Neutral,0.174
2025-03-19,,investor_410,24hMoney,"Xu hướng tăng trung dài hạn của  không thể cản phá, canh rung lắc gia tăng tỷ trọng.",Positive,0.933
2025-03-20,,investor_499,24hMoney,"Mã  kết quả kinh doanh quý này quá xuất sắc, doanh thu tăng trưởng 25%!",Positive,0.703
2025-03-20,,investor_336,Facebook Group,Tăng trưởng quý này có dấu hiệu chậm lại do chi phí vốn tăng cao.,Negative,-0.551
2025-03-20,,investor_971,24hMoney,"Ban lãnh đạo  công bố kế hoạch chia cổ tức tiền mặt 30%, quá uy tín.",Positive,0.569
2025-03-20,,investor_183,FireAnt,"Hôm nay là ngày giao dịch không hưởng quyền của , giá điều chỉnh kỹ thuật.",Neutral,0.397
2025-03-21,,investor_883,24hMoney,"Mã  kết quả kinh doanh quý này quá xuất sắc, doanh thu tăng trưởng 25%!",Positive,0.84
2025-03-21,,investor_580,Facebook Group,"Thị trường chung đang giằng co,  dao động trong biên độ hẹp 1-2%.",Neutral,0.318
2025-03-21,,investor_869,Facebook Group,"Ban lãnh đạo  công bố kế hoạch chia cổ tức tiền mặt 30%, quá uy tín.",Positive,0.662
2025-03-21,,investor_279,FireAnt,"Dòng tiền lớn đã nhập cuộc , mục tiêu vượt đỉnh cũ sớm thôi anh em.",Positive,0.729
2025-03-21,,investor_361,Facebook Group,"Thị trường chỉnh nhưng  vẫn giữ sắc xanh vững vàng, cổ phiếu kim cương!",Positive,0.77
2025-03-21,,investor_343,FireAnt,"Hôm nay là ngày giao dịch không hưởng quyền của , giá điều chỉnh kỹ thuật.",Neutral,0.239
2025-03-21,,investor_693,F319,Khối tự doanh và khối ngoại mua bán cân bằng đối với mã .,Neutral,0.134
2025-03-21,,investor_166,24hMoney,Công nghệ AI và Cloud của  ký thêm nhiều hợp đồng triệu đô từ Nhật Bản.,Positive,0.895
2025-03-22,,investor_677,Facebook Group,"Thủng mốc hỗ trợ cứng rồi, anh em nên hạ tỷ trọng  bảo toàn vốn.",Negative,-0.679
2025-03-22,,investor_867,FireAnt,"Thị trường chung đang giằng co,  dao động trong biên độ hẹp 1-2%.",Neutral,0.104
2025-03-22,,investor_388,24hMoney,Tăng trưởng quý này có dấu hiệu chậm lại do chi phí vốn tăng cao.,Negative,-0.839
2025-03-22,,investor_337,F319,Khối tự doanh và khối ngoại mua bán cân bằng đối với mã .,Neutral,-0.018
2025-03-22,,investor_124,F319,Công nghệ AI và Cloud của  ký thêm nhiều hợp đồng triệu đô từ Nhật Bản.,Positive,0.929
2025-03-22,,investor_636,Facebook Group,"Khối ngoại tiếp tục mua ròng mạnh , tự tin nắm giữ trung hạn.",Positive,0.531
2025-03-23,,investor_757,F319,"Kỹ thuật tạo mô hình W đẹp tuyệt vời, RSI bứt phá ngưỡng 60, múc thôi.",Positive,0.85
2025-03-23,,investor_159,Facebook Group,"Khối ngoại tiếp tục mua ròng mạnh , tự tin nắm giữ trung hạn.",Positive,0.788
2025-03-23,,investor_877,F319,"Dòng tiền lớn đã nhập cuộc , mục tiêu vượt đỉnh cũ sớm thôi anh em.",Positive,0.528
2025-03-23,,investor_562,F319,Kỳ vọng  sẽ dẫn dắt VN-Index chinh phục mốc 1300 điểm.,Positive,0.948
2025-03-23,,investor_428,24hMoney,"Ban lãnh đạo  công bố kế hoạch chia cổ tức tiền mặt 30%, quá uy tín.",Positive,0.577
2025-03-23,,investor_359,24hMoney,"Mã  kết quả kinh doanh quý này quá xuất sắc, doanh thu tăng trưởng 25%!",Positive,0.545
2025-03-24,,investor_519,24hMoney,"Kỹ thuật tạo mô hình W đẹp tuyệt vời, RSI bứt phá ngưỡng 60, múc thôi.",Positive,0.599
2025-03-24,,investor_727,Facebook Group,"Chỉ báo MACD của  phân kỳ âm, cảnh báo rủi ro điều chỉnh ngắn hạn.",Negative,-0.342
2025-03-24,,investor_254,24hMoney,"Thị trường chỉnh nhưng  vẫn giữ sắc xanh vững vàng, cổ phiếu kim cương!",Positive,0.588
2025-03-25,,investor_744,FireAnt,Tăng trưởng quý này có dấu hiệu chậm lại do chi phí vốn tăng cao.,Negative,-0.334
2025-03-25,,investor_345,FireAnt,"Ban lãnh đạo  công bố kế hoạch chia cổ tức tiền mặt 30%, quá uy tín.",Positive,0.56
2025-03-25,,investor_987,Facebook Group,"Lệnh to vào quét sạch lệnh bán của , chuẩn bị đón cây CE rực rỡ!",Positive,0.842
2025-03-25,,investor_592,F319,Chờ đợi báo cáo tài chính kiểm toán của  để đánh giá chính xác hơn.,Neutral,0.091
2025-03-25,,investor_564,Facebook Group,"Kỹ thuật tạo mô hình W đẹp tuyệt vời, RSI bứt phá ngưỡng 60, múc thôi.",Positive,0.529
2025-03-25,,investor_407,24hMoney,"Ban lãnh đạo  công bố kế hoạch chia cổ tức tiền mặt 30%, quá uy tín.",Positive,0.791
2025-03-25,,investor_645,24hMoney,"Kỹ thuật tạo mô hình W đẹp tuyệt vời, RSI bứt phá ngưỡng 60, múc thôi.",Positive,0.72
2025-03-25,,investor_844,F319,"Dòng tiền lớn đã nhập cuộc , mục tiêu vượt đỉnh cũ sớm thôi anh em.",Positive,0.793
2025-03-26,,investor_496,F319,Khối ngoại quay đầu bán ròng  hơn 100 tỷ trong phiên sáng.,Negative,-0.62
2025-03-26,,investor_524,F319,"Áp lực chốt lời ngắn hạn đối với  đang tăng cao, cẩn trọng đu đỉnh.",Negative,-0.289
2025-03-26,,investor_109,FireAnt,"Áp lực chốt lời ngắn hạn đối với  đang tăng cao, cẩn trọng đu đỉnh.",Negative,-0.886
2025-03-26,,investor_383,Facebook Group,"Ban lãnh đạo  công bố kế hoạch chia cổ tức tiền mặt 30%, quá uy tín.",Positive,0.906
2025-03-26,,investor_299,F319,Công nghệ AI và Cloud của  ký thêm nhiều hợp đồng triệu đô từ Nhật Bản.,Positive,0.674
2025-03-26,,investor_272,Facebook Group,Thảo luận về tiềm năng mảng bán lẻ viễn thông của  trong giai đoạn tới.,Neutral,-0.061
2025-03-27,,investor_107,F319,"Hôm nay là ngày giao dịch không hưởng quyền của , giá điều chỉnh kỹ thuật.",Neutral,0.202
2025-03-27,,investor_720,Facebook Group,"Mã  kết quả kinh doanh quý này quá xuất sắc, doanh thu tăng trưởng 25%!",Positive,0.836
2025-03-27,,investor_247,F319,"Ban lãnh đạo  công bố kế hoạch chia cổ tức tiền mặt 30%, quá uy tín.",Positive,0.505
2025-03-27,,investor_750,24hMoney,"Kỹ thuật tạo mô hình W đẹp tuyệt vời, RSI bứt phá ngưỡng 60, múc thôi.",Positive,0.708
2025-03-27,,investor_590,FireAnt,"Mã  đang kiểm tra lại đường MA20, chưa có tín hiệu bứt phá rõ rệt.",Neutral,0.29
2025-03-27,,investor_419,FireAnt,Kỳ vọng  sẽ dẫn dắt VN-Index chinh phục mốc 1300 điểm.,Positive,0.797
2025-03-27,,investor_322,24hMoney,"Mã  kết quả kinh doanh quý này quá xuất sắc, doanh thu tăng trưởng 25%!",Positive,0.537
2025-03-28,,investor_660,24hMoney,"Thủng mốc hỗ trợ cứng rồi, anh em nên hạ tỷ trọng  bảo toàn vốn.",Negative,-0.389
2025-03-28,,investor_316,FireAnt,Tỷ lệ đòn bẩy margin của  tại các công ty chứng khoán vẫn ở mức an toàn.,Neutral,0.357
2025-03-28,,investor_248,24hMoney,"Lệnh to vào quét sạch lệnh bán của , chuẩn bị đón cây CE rực rỡ!",Positive,0.903
2025-03-29,,investor_259,Facebook Group,"Ban lãnh đạo  công bố kế hoạch chia cổ tức tiền mặt 30%, quá uy tín.",Positive,0.551
2025-03-29,,investor_622,FireAnt,Chờ đợi báo cáo tài chính kiểm toán của  để đánh giá chính xác hơn.,Neutral,0.264
2025-03-29,,investor_764,24hMoney,"Thị trường chỉnh nhưng  vẫn giữ sắc xanh vững vàng, cổ phiếu kim cương!",Positive,0.918
2025-03-29,,investor_725,FireAnt,"Xu hướng tăng trung dài hạn của  không thể cản phá, canh rung lắc gia tăng tỷ trọng.",Positive,0.698
2025-03-29,,investor_785,F319,"Dòng tiền lớn đã nhập cuộc , mục tiêu vượt đỉnh cũ sớm thôi anh em.",Positive,0.918
2025-03-29,,investor_138,F319,"Mức P/E của  hiện tại ở mức 18.5, tương đương mức định giá trung bình ngành.",Neutral,0.069
2025-03-30,,investor_760,FireAnt,"Chỉ báo MACD của  phân kỳ âm, cảnh báo rủi ro điều chỉnh ngắn hạn.",Negative,-0.738
2025-03-30,,investor_762,24hMoney,"Tây xả ròng rã cả tuần,  gãy trend tăng ngắn hạn rồi.",Negative,-0.338
2025-03-30,,investor_334,F319,Công nghệ AI và Cloud của  ký thêm nhiều hợp đồng triệu đô từ Nhật Bản.,Positive,0.644
2025-03-30,,investor_869,F319,Khối ngoại quay đầu bán ròng  hơn 100 tỷ trong phiên sáng.,Negative,-0.914
2025-03-30,,investor_706,Facebook Group,Chờ đợi báo cáo tài chính kiểm toán của  để đánh giá chính xác hơn.,Neutral,-0.046
2025-03-30,,investor_782,F319,Khối tự doanh và khối ngoại mua bán cân bằng đối với mã .,Neutral,0.396
2025-03-31,,investor_118,Facebook Group,Khối tự doanh và khối ngoại mua bán cân bằng đối với mã .,Neutral,0.261
2025-03-31,,investor_227,F319,Tỷ lệ đòn bẩy margin của  tại các công ty chứng khoán vẫn ở mức an toàn.,Neutral,0.415
2025-03-31,,investor_228,24hMoney,Kỳ vọng  sẽ dẫn dắt VN-Index chinh phục mốc 1300 điểm.,Positive,0.708
2025-03-31,,investor_582,24hMoney,Thảo luận về tiềm năng mảng bán lẻ viễn thông của  trong giai đoạn tới.,Neutral,0.485
2025-03-31,,investor_109,F319,"Áp lực chốt lời ngắn hạn đối với  đang tăng cao, cẩn trọng đu đỉnh.",Negative,-0.398
2025-03-31,,investor_211,F319,Chờ đợi báo cáo tài chính kiểm toán của  để đánh giá chính xác hơn.,Neutral,0.263
2025-03-31,,investor_111,F319,Khối tự doanh và khối ngoại mua bán cân bằng đối với mã .,Neutral,0.209
2025-04-01,,investor_119,Facebook Group,"Xu hướng tăng trung dài hạn của  không thể cản phá, canh rung lắc gia tăng tỷ trọng.",Positive,0.931
2025-04-01,,investor_923,Facebook Group,Khối tự doanh và khối ngoại mua bán cân bằng đối với mã .,Neutral,0.397
2025-04-01,,investor_231,24hMoney,"Chỉ báo MACD của  phân kỳ âm, cảnh báo rủi ro điều chỉnh ngắn hạn.",Negative,-0.641
2025-04-01,,investor_841,F319,"Hôm nay là ngày giao dịch không hưởng quyền của , giá điều chỉnh kỹ thuật.",Neutral,0.028
2025-04-01,,investor_137,FireAnt,"Lệnh to vào quét sạch lệnh bán của , chuẩn bị đón cây CE rực rỡ!",Positive,0.58
2025-04-01,,investor_372,Facebook Group,"Kỹ thuật tạo mô hình W đẹp tuyệt vời, RSI bứt phá ngưỡng 60, múc thôi.",Positive,0.857
2025-04-01,,investor_827,F319,"Thủng mốc hỗ trợ cứng rồi, anh em nên hạ tỷ trọng  bảo toàn vốn.",Negative,-0.522
2025-04-01,,investor_987,FireAnt,"Thị trường chung đang giằng co,  dao động trong biên độ hẹp 1-2%.",Neutral,0.231
2025-04-02,,investor_916,Facebook Group,"Mã  đang kiểm tra lại đường MA20, chưa có tín hiệu bứt phá rõ rệt.",Neutral,0.255
2025-04-02,,investor_216,Facebook Group,"Lệnh to vào quét sạch lệnh bán của , chuẩn bị đón cây CE rực rỡ!",Positive,0.526
2025-04-02,,investor_839,FireAnt,"Chỉ báo MACD của  phân kỳ âm, cảnh báo rủi ro điều chỉnh ngắn hạn.",Negative,-0.513
2025-04-02,,investor_930,24hMoney,"Khối ngoại tiếp tục mua ròng mạnh , tự tin nắm giữ trung hạn.",Positive,0.695
2025-04-03,,investor_217,F319,Tỷ lệ đòn bẩy margin của  tại các công ty chứng khoán vẫn ở mức an toàn.,Neutral,0.334
2025-04-03,,investor_851,Facebook Group,"Kỹ thuật tạo mô hình W đẹp tuyệt vời, RSI bứt phá ngưỡng 60, múc thôi.",Positive,0.787
2025-04-03,,investor_236,FireAnt,"Thị trường chỉnh nhưng  vẫn giữ sắc xanh vững vàng, cổ phiếu kim cương!",Positive,0.684
2025-04-04,,investor_870,F319,"Khối ngoại tiếp tục mua ròng mạnh , tự tin nắm giữ trung hạn.",Positive,0.663
2025-04-04,,investor_809,F319,Khối tự doanh và khối ngoại mua bán cân bằng đối với mã .,Neutral,0.246
2025-04-04,,investor_525,Facebook Group,"Thủng mốc hỗ trợ cứng rồi, anh em nên hạ tỷ trọng  bảo toàn vốn.",Negative,-0.293
2025-04-04,,investor_148,F319,"Ban lãnh đạo  công bố kế hoạch chia cổ tức tiền mặt 30%, quá uy tín.",Positive,0.893
2025-04-04,,investor_701,24hMoney,Công nghệ AI và Cloud của  ký thêm nhiều hợp đồng triệu đô từ Nhật Bản.,Positive,0.717
2025-04-04,,investor_740,24hMoney,"Dòng tiền lớn đã nhập cuộc , mục tiêu vượt đỉnh cũ sớm thôi anh em.",Positive,0.907
2025-04-04,,investor_785,24hMoney,Khối tự doanh và khối ngoại mua bán cân bằng đối với mã .,Neutral,0.352
2025-04-05,,investor_647,F319,Kỳ vọng  sẽ dẫn dắt VN-Index chinh phục mốc 1300 điểm.,Positive,0.838
2025-04-05,,investor_319,Facebook Group,Công nghệ AI và Cloud của  ký thêm nhiều hợp đồng triệu đô từ Nhật Bản.,Positive,0.526
2025-04-05,,investor_947,24hMoney,Kỳ vọng  sẽ dẫn dắt VN-Index chinh phục mốc 1300 điểm.,Positive,0.908
2025-04-05,,investor_655,F319,Khối tự doanh và khối ngoại mua bán cân bằng đối với mã .,Neutral,0.165
2025-04-05,,investor_949,FireAnt,"Kỹ thuật tạo mô hình W đẹp tuyệt vời, RSI bứt phá ngưỡng 60, múc thôi.",Positive,0.515
2025-04-05,,investor_618,FireAnt,Chờ đợi báo cáo tài chính kiểm toán của  để đánh giá chính xác hơn.,Neutral,0.104
2025-04-06,,investor_754,24hMoney,Thảo luận về tiềm năng mảng bán lẻ viễn thông của  trong giai đoạn tới.,Neutral,0.224
2025-04-06,,investor_987,24hMoney,"Thị trường xấu quá,  bị bán lan theo hiệu ứng tâm lý chung.",Negative,-0.906
2025-04-06,,investor_181,F319,"Hôm nay là ngày giao dịch không hưởng quyền của , giá điều chỉnh kỹ thuật.",Neutral,0.192
2025-04-06,,investor_404,Facebook Group,Thảo luận về tiềm năng mảng bán lẻ viễn thông của  trong giai đoạn tới.,Neutral,0.017
2025-04-07,,investor_544,F319,"Áp lực chốt lời ngắn hạn đối với  đang tăng cao, cẩn trọng đu đỉnh.",Negative,-0.439
2025-04-07,,investor_426,FireAnt,"Lệnh to vào quét sạch lệnh bán của , chuẩn bị đón cây CE rực rỡ!",Positive,0.824
2025-04-07,,investor_127,FireAnt,Chờ đợi báo cáo tài chính kiểm toán của  để đánh giá chính xác hơn.,Neutral,0.209
2025-04-07,,investor_628,FireAnt,"Hôm nay  đi ngang tích lũy quanh vùng hỗ trợ, thanh khoản trung bình.",Neutral,0.367
2025-04-07,,investor_941,F319,"Mã  kết quả kinh doanh quý này quá xuất sắc, doanh thu tăng trưởng 25%!",Positive,0.706
2025-04-08,,investor_941,FireAnt,Khối ngoại quay đầu bán ròng  hơn 100 tỷ trong phiên sáng.,Negative,-0.236
2025-04-08,,investor_185,24hMoney,"Tây xả ròng rã cả tuần,  gãy trend tăng ngắn hạn rồi.",Negative,-0.563
2025-04-08,,investor_710,24hMoney,"Lệnh to vào quét sạch lệnh bán của , chuẩn bị đón cây CE rực rỡ!",Positive,0.731
2025-04-08,,investor_376,24hMoney,"Mức P/E của  hiện tại ở mức 18.5, tương đương mức định giá trung bình ngành.",Neutral,0.193
2025-04-08,,investor_313,Facebook Group,"Thị trường chung đang giằng co,  dao động trong biên độ hẹp 1-2%.",Neutral,0.347
2025-04-08,,investor_727,24hMoney,Công nghệ AI và Cloud của  ký thêm nhiều hợp đồng triệu đô từ Nhật Bản.,Positive,0.895
2025-04-08,,investor_157,24hMoney,Kỳ vọng  sẽ dẫn dắt VN-Index chinh phục mốc 1300 điểm.,Positive,0.926
2025-04-09,,investor_353,Facebook Group,Thảo luận về tiềm năng mảng bán lẻ viễn thông của  trong giai đoạn tới.,Neutral,0.226
2025-04-09,,investor_326,FireAnt,"Thị trường xấu quá,  bị bán lan theo hiệu ứng tâm lý chung.",Negative,-0.497
2025-04-09,,investor_526,Facebook Group,"Khối ngoại tiếp tục mua ròng mạnh , tự tin nắm giữ trung hạn.",Positive,0.703
2025-04-09,,investor_107,24hMoney,"Lệnh to vào quét sạch lệnh bán của , chuẩn bị đón cây CE rực rỡ!",Positive,0.588
2025-04-10,,investor_171,Facebook Group,"Hôm nay là ngày giao dịch không hưởng quyền của , giá điều chỉnh kỹ thuật.",Neutral,0.241
2025-04-10,,investor_309,FireAnt,Thảo luận về tiềm năng mảng bán lẻ viễn thông của  trong giai đoạn tới.,Neutral,0.016
2025-04-10,,investor_874,24hMoney,"Khối ngoại tiếp tục mua ròng mạnh , tự tin nắm giữ trung hạn.",Positive,0.751
2025-04-10,,investor_974,24hMoney,Khối ngoại quay đầu bán ròng  hơn 100 tỷ trong phiên sáng.,Negative,-0.189
2025-04-10,,investor_619,F319,"Mức P/E của  hiện tại ở mức 18.5, tương đương mức định giá trung bình ngành.",Neutral,0.253
2025-04-10,,investor_359,FireAnt,"Hôm nay là ngày giao dịch không hưởng quyền của , giá điều chỉnh kỹ thuật.",Neutral,0.384
2025-04-11,,investor_623,Facebook Group,"Áp lực chốt lời ngắn hạn đối với  đang tăng cao, cẩn trọng đu đỉnh.",Negative,-0.23
2025-04-11,,investor_632,FireAnt,"Mức P/E của  hiện tại ở mức 18.5, tương đương mức định giá trung bình ngành.",Neutral,0.471
2025-04-11,,investor_605,Facebook Group,Khối tự doanh và khối ngoại mua bán cân bằng đối với mã .,Neutral,-0.002
2025-04-11,,investor_636,Facebook Group,"Hôm nay là ngày giao dịch không hưởng quyền của , giá điều chỉnh kỹ thuật.",Neutral,-0.023
2025-04-11,,investor_765,FireAnt,Chờ đợi báo cáo tài chính kiểm toán của  để đánh giá chính xác hơn.,Neutral,0.324
2025-04-11,,investor_471,FireAnt,"Xu hướng tăng trung dài hạn của  không thể cản phá, canh rung lắc gia tăng tỷ trọng.",Positive,0.938
2025-04-11,,investor_494,FireAnt,Tỷ lệ đòn bẩy margin của  tại các công ty chứng khoán vẫn ở mức an toàn.,Neutral,0.319
2025-04-11,,investor_827,FireAnt,"Chỉ báo MACD của  phân kỳ âm, cảnh báo rủi ro điều chỉnh ngắn hạn.",Negative,-0.564
2025-04-12,,investor_376,24hMoney,Khối ngoại quay đầu bán ròng  hơn 100 tỷ trong phiên sáng.,Negative,-0.668
2025-04-12,,investor_774,24hMoney,"Chỉ báo MACD của  phân kỳ âm, cảnh báo rủi ro điều chỉnh ngắn hạn.",Negative,-0.865
2025-04-12,,investor_413,Facebook Group,Khối ngoại quay đầu bán ròng  hơn 100 tỷ trong phiên sáng.,Negative,-0.329
2025-04-12,,investor_372,F319,Khối tự doanh và khối ngoại mua bán cân bằng đối với mã .,Neutral,0.266
2025-04-12,,investor_388,24hMoney,"Thủng mốc hỗ trợ cứng rồi, anh em nên hạ tỷ trọng  bảo toàn vốn.",Negative,-0.241
2025-04-12,,investor_347,24hMoney,"Mã  đang kiểm tra lại đường MA20, chưa có tín hiệu bứt phá rõ rệt.",Neutral,-0.037
2025-04-12,,investor_223,F319,"Thị trường chung đang giằng co,  dao động trong biên độ hẹp 1-2%.",Neutral,-0.001
2025-04-12,,investor_678,24hMoney,"Tây xả ròng rã cả tuần,  gãy trend tăng ngắn hạn rồi.",Negative,-0.715
2025-04-13,,investor_326,F319,"Hôm nay là ngày giao dịch không hưởng quyền của , giá điều chỉnh kỹ thuật.",Neutral,0.08
2025-04-13,,investor_559,F319,"Kỹ thuật tạo mô hình W đẹp tuyệt vời, RSI bứt phá ngưỡng 60, múc thôi.",Positive,0.794
2025-04-13,,investor_214,F319,Chờ đợi báo cáo tài chính kiểm toán của  để đánh giá chính xác hơn.,Neutral,0.365
2025-04-13,,investor_702,FireAnt,"Thủng mốc hỗ trợ cứng rồi, anh em nên hạ tỷ trọng  bảo toàn vốn.",Negative,-0.95
2025-04-14,,investor_801,Facebook Group,Kỳ vọng  sẽ dẫn dắt VN-Index chinh phục mốc 1300 điểm.,Positive,0.889
2025-04-14,,investor_980,F319,"Kỹ thuật tạo mô hình W đẹp tuyệt vời, RSI bứt phá ngưỡng 60, múc thôi.",Positive,0.861
2025-04-14,,investor_826,FireAnt,Công nghệ AI và Cloud của  ký thêm nhiều hợp đồng triệu đô từ Nhật Bản.,Positive,0.512
2025-04-14,,investor_998,FireAnt,"Thủng mốc hỗ trợ cứng rồi, anh em nên hạ tỷ trọng  bảo toàn vốn.",Negative,-0.705
2025-04-14,,investor_817,Facebook Group,"Mức P/E của  hiện tại ở mức 18.5, tương đương mức định giá trung bình ngành.",Neutral,0.395
2025-04-14,,investor_607,Facebook Group,Tỷ lệ đòn bẩy margin của  tại các công ty chứng khoán vẫn ở mức an toàn.,Neutral,0.271
2025-04-14,,investor_536,F319,Tăng trưởng quý này có dấu hiệu chậm lại do chi phí vốn tăng cao.,Negative,-0.855
2025-04-14,,investor_419,F319,"Xu hướng tăng trung dài hạn của  không thể cản phá, canh rung lắc gia tăng tỷ trọng.",Positive,0.618
2025-04-15,,investor_433,FireAnt,"Dòng tiền lớn đã nhập cuộc , mục tiêu vượt đỉnh cũ sớm thôi anh em.",Positive,0.769
2025-04-15,,investor_613,F319,Thảo luận về tiềm năng mảng bán lẻ viễn thông của  trong giai đoạn tới.,Neutral,-0.062
2025-04-15,,investor_226,Facebook Group,Kỳ vọng  sẽ dẫn dắt VN-Index chinh phục mốc 1300 điểm.,Positive,0.653
2025-04-15,,investor_531,FireAnt,"Mã  kết quả kinh doanh quý này quá xuất sắc, doanh thu tăng trưởng 25%!",Positive,0.608
2025-04-15,,investor_568,Facebook Group,"Khối ngoại tiếp tục mua ròng mạnh , tự tin nắm giữ trung hạn.",Positive,0.62
2025-04-15,,investor_783,F319,"Hôm nay là ngày giao dịch không hưởng quyền của , giá điều chỉnh kỹ thuật.",Neutral,0.049
2025-04-16,,investor_134,F319,"Kỹ thuật tạo mô hình W đẹp tuyệt vời, RSI bứt phá ngưỡng 60, múc thôi.",Positive,0.909
2025-04-16,,investor_400,Facebook Group,Kỳ vọng  sẽ dẫn dắt VN-Index chinh phục mốc 1300 điểm.,Positive,0.93
2025-04-16,,investor_758,FireAnt,"Xu hướng tăng trung dài hạn của  không thể cản phá, canh rung lắc gia tăng tỷ trọng.",Positive,0.643
2025-04-16,,investor_918,FireAnt,"Ban lãnh đạo  công bố kế hoạch chia cổ tức tiền mặt 30%, quá uy tín.",Positive,0.577
2025-04-16,,investor_922,Facebook Group,"Thị trường chung đang giằng co,  dao động trong biên độ hẹp 1-2%.",Neutral,0.315
2025-04-16,,investor_953,24hMoney,"Dòng tiền lớn đã nhập cuộc , mục tiêu vượt đỉnh cũ sớm thôi anh em.",Positive,0.605
2025-04-16,,investor_460,F319,"Tây xả ròng rã cả tuần,  gãy trend tăng ngắn hạn rồi.",Negative,-0.445
2025-04-17,,investor_672,24hMoney,"Mã  kết quả kinh doanh quý này quá xuất sắc, doanh thu tăng trưởng 25%!",Positive,0.614
2025-04-17,,investor_479,FireAnt,"Mã  đang kiểm tra lại đường MA20, chưa có tín hiệu bứt phá rõ rệt.",Neutral,0.435
2025-04-17,,investor_966,24hMoney,"Áp lực chốt lời ngắn hạn đối với  đang tăng cao, cẩn trọng đu đỉnh.",Negative,-0.672
2025-04-17,,investor_923,F319,"Kỹ thuật tạo mô hình W đẹp tuyệt vời, RSI bứt phá ngưỡng 60, múc thôi.",Positive,0.701
2025-04-17,,investor_289,24hMoney,"Hôm nay  đi ngang tích lũy quanh vùng hỗ trợ, thanh khoản trung bình.",Neutral,-0.097
2025-04-17,,investor_906,F319,"Lệnh to vào quét sạch lệnh bán của , chuẩn bị đón cây CE rực rỡ!",Positive,0.549
2025-04-17,,investor_462,FireAnt,"Lệnh to vào quét sạch lệnh bán của , chuẩn bị đón cây CE rực rỡ!",Positive,0.598
2025-04-17,,investor_916,F319,"Chỉ báo MACD của  phân kỳ âm, cảnh báo rủi ro điều chỉnh ngắn hạn.",Negative,-0.617
2025-04-18,,investor_282,F319,"Thị trường chỉnh nhưng  vẫn giữ sắc xanh vững vàng, cổ phiếu kim cương!",Positive,0.655
2025-04-18,,investor_432,Facebook Group,"Dòng tiền lớn đã nhập cuộc , mục tiêu vượt đỉnh cũ sớm thôi anh em.",Positive,0.804
2025-04-18,,investor_431,24hMoney,"Dòng tiền lớn đã nhập cuộc , mục tiêu vượt đỉnh cũ sớm thôi anh em.",Positive,0.678
2025-04-19,,investor_400,FireAnt,"Hôm nay  đi ngang tích lũy quanh vùng hỗ trợ, thanh khoản trung bình.",Neutral,0.259
2025-04-19,,investor_252,Facebook Group,"Thanh khoản sụt giảm nghiêm trọng, lực cầu bắt đáy  còn khá yếu.",Negative,-0.26
2025-04-19,,investor_788,Facebook Group,"Thị trường chỉnh nhưng  vẫn giữ sắc xanh vững vàng, cổ phiếu kim cương!",Positive,0.823
2025-04-19,,investor_772,Facebook Group,"Thị trường xấu quá,  bị bán lan theo hiệu ứng tâm lý chung.",Negative,-0.734
2025-04-19,,investor_183,F319,Thảo luận về tiềm năng mảng bán lẻ viễn thông của  trong giai đoạn tới.,Neutral,-0.046
2025-04-19,,investor_869,Facebook Group,"Xu hướng tăng trung dài hạn của  không thể cản phá, canh rung lắc gia tăng tỷ trọng.",Positive,0.536
2025-04-19,,investor_942,F319,"Mã  đang kiểm tra lại đường MA20, chưa có tín hiệu bứt phá rõ rệt.",Neutral,0.281
2025-04-20,,investor_476,Facebook Group,Tỷ lệ đòn bẩy margin của  tại các công ty chứng khoán vẫn ở mức an toàn.,Neutral,-0.018
2025-04-20,,investor_728,FireAnt,"Thủng mốc hỗ trợ cứng rồi, anh em nên hạ tỷ trọng  bảo toàn vốn.",Negative,-0.342
2025-04-20,,investor_357,F319,Thảo luận về tiềm năng mảng bán lẻ viễn thông của  trong giai đoạn tới.,Neutral,0.389
2025-04-20,,investor_410,F319,"Hôm nay  đi ngang tích lũy quanh vùng hỗ trợ, thanh khoản trung bình.",Neutral,0.214
2025-04-21,,investor_322,F319,"Tây xả ròng rã cả tuần,  gãy trend tăng ngắn hạn rồi.",Negative,-0.271
2025-04-21,,investor_537,Facebook Group,"Hôm nay là ngày giao dịch không hưởng quyền của , giá điều chỉnh kỹ thuật.",Neutral,0.285
2025-04-21,,investor_172,F319,"Thị trường chỉnh nhưng  vẫn giữ sắc xanh vững vàng, cổ phiếu kim cương!",Positive,0.803
2025-04-21,,investor_965,24hMoney,"Thị trường xấu quá,  bị bán lan theo hiệu ứng tâm lý chung.",Negative,-0.454
2025-04-22,,investor_162,Facebook Group,"Xu hướng tăng trung dài hạn của  không thể cản phá, canh rung lắc gia tăng tỷ trọng.",Positive,0.761
2025-04-22,,investor_924,FireAnt,"Lệnh to vào quét sạch lệnh bán của , chuẩn bị đón cây CE rực rỡ!",Positive,0.762
2025-04-22,,investor_389,24hMoney,"Mức P/E của  hiện tại ở mức 18.5, tương đương mức định giá trung bình ngành.",Neutral,0.306
2025-04-22,,investor_667,F319,"Ban lãnh đạo  công bố kế hoạch chia cổ tức tiền mặt 30%, quá uy tín.",Positive,0.791
2025-04-22,,investor_543,FireAnt,"Lệnh to vào quét sạch lệnh bán của , chuẩn bị đón cây CE rực rỡ!",Positive,0.57
2025-04-23,,investor_980,FireAnt,"Mã  kết quả kinh doanh quý này quá xuất sắc, doanh thu tăng trưởng 25%!",Positive,0.674
2025-04-23,,investor_727,24hMoney,"Thanh khoản sụt giảm nghiêm trọng, lực cầu bắt đáy  còn khá yếu.",Negative,-0.504
2025-04-23,,investor_724,F319,"Thị trường xấu quá,  bị bán lan theo hiệu ứng tâm lý chung.",Negative,-0.569
2025-04-23,,investor_542,Facebook Group,"Thanh khoản sụt giảm nghiêm trọng, lực cầu bắt đáy  còn khá yếu.",Negative,-0.758
2025-04-23,,investor_529,FireAnt,"Thủng mốc hỗ trợ cứng rồi, anh em nên hạ tỷ trọng  bảo toàn vốn.",Negative,-0.627
2025-04-23,,investor_917,FireAnt,"Thủng mốc hỗ trợ cứng rồi, anh em nên hạ tỷ trọng  bảo toàn vốn.",Negative,-0.602
2025-04-24,,investor_584,FireAnt,"Lệnh to vào quét sạch lệnh bán của , chuẩn bị đón cây CE rực rỡ!",Positive,0.72
2025-04-24,,investor_134,Facebook Group,"Ban lãnh đạo  công bố kế hoạch chia cổ tức tiền mặt 30%, quá uy tín.",Positive,0.93
2025-04-24,,investor_468,F319,"Xu hướng tăng trung dài hạn của  không thể cản phá, canh rung lắc gia tăng tỷ trọng.",Positive,0.948
2025-04-24,,investor_208,24hMoney,"Kỹ thuật tạo mô hình W đẹp tuyệt vời, RSI bứt phá ngưỡng 60, múc thôi.",Positive,0.933
2025-04-24,,investor_588,F319,"Ban lãnh đạo  công bố kế hoạch chia cổ tức tiền mặt 30%, quá uy tín.",Positive,0.744
2025-04-25,,investor_998,FireAnt,"Mức P/E của  hiện tại ở mức 18.5, tương đương mức định giá trung bình ngành.",Neutral,0.35
2025-04-25,,investor_596,F319,Khối ngoại quay đầu bán ròng  hơn 100 tỷ trong phiên sáng.,Negative,-0.354
2025-04-25,,investor_935,Facebook Group,"Thị trường chỉnh nhưng  vẫn giữ sắc xanh vững vàng, cổ phiếu kim cương!",Positive,0.622
2025-04-25,,investor_210,FireAnt,"Dòng tiền lớn đã nhập cuộc , mục tiêu vượt đỉnh cũ sớm thôi anh em.",Positive,0.762
2025-04-25,,investor_198,24hMoney,"Mã  kết quả kinh doanh quý này quá xuất sắc, doanh thu tăng trưởng 25%!",Positive,0.681
2025-04-25,,investor_861,Facebook Group,Kỳ vọng  sẽ dẫn dắt VN-Index chinh phục mốc 1300 điểm.,Positive,0.647
2025-04-25,,investor_756,F319,"Ban lãnh đạo  công bố kế hoạch chia cổ tức tiền mặt 30%, quá uy tín.",Positive,0.678
2025-04-26,,investor_216,FireAnt,"Thủng mốc hỗ trợ cứng rồi, anh em nên hạ tỷ trọng  bảo toàn vốn.",Negative,-0.839
2025-04-26,,investor_760,FireAnt,Khối tự doanh và khối ngoại mua bán cân bằng đối với mã .,Neutral,0.215
2025-04-26,,investor_283,24hMoney,"Hôm nay  đi ngang tích lũy quanh vùng hỗ trợ, thanh khoản trung bình.",Neutral,-0.026
2025-04-26,,investor_628,Facebook Group,Công nghệ AI và Cloud của  ký thêm nhiều hợp đồng triệu đô từ Nhật Bản.,Positive,0.516
2025-04-26,,investor_963,FireAnt,"Kỹ thuật tạo mô hình W đẹp tuyệt vời, RSI bứt phá ngưỡng 60, múc thôi.",Positive,0.941
2025-04-26,,investor_686,F319,Khối tự doanh và khối ngoại mua bán cân bằng đối với mã .,Neutral,0.121
2025-04-27,,investor_598,FireAnt,Tỷ lệ đòn bẩy margin của  tại các công ty chứng khoán vẫn ở mức an toàn.,Neutral,0.128
2025-04-27,,investor_703,Facebook Group,Chờ đợi báo cáo tài chính kiểm toán của  để đánh giá chính xác hơn.,Neutral,0.428
2025-04-27,,investor_464,Facebook Group,"Mức P/E của  hiện tại ở mức 18.5, tương đương mức định giá trung bình ngành.",Neutral,0.249
2025-04-27,,investor_948,F319,"Kỹ thuật tạo mô hình W đẹp tuyệt vời, RSI bứt phá ngưỡng 60, múc thôi.",Positive,0.549
2025-04-27,,investor_674,FireAnt,"Thủng mốc hỗ trợ cứng rồi, anh em nên hạ tỷ trọng  bảo toàn vốn.",Negative,-0.2
2025-04-27,,investor_819,FireAnt,"Thị trường chỉnh nhưng  vẫn giữ sắc xanh vững vàng, cổ phiếu kim cương!",Positive,0.514
2025-04-27,,investor_665,FireAnt,"Dòng tiền lớn đã nhập cuộc , mục tiêu vượt đỉnh cũ sớm thôi anh em.",Positive,0.809
2025-04-27,,investor_780,24hMoney,"Khối ngoại tiếp tục mua ròng mạnh , tự tin nắm giữ trung hạn.",Positive,0.635
2025-04-28,,investor_118,FireAnt,"Dòng tiền lớn đã nhập cuộc , mục tiêu vượt đỉnh cũ sớm thôi anh em.",Positive,0.931
2025-04-28,,investor_641,Facebook Group,"Mức P/E của  hiện tại ở mức 18.5, tương đương mức định giá trung bình ngành.",Neutral,0.389
2025-04-28,,investor_100,Facebook Group,"Ban lãnh đạo  công bố kế hoạch chia cổ tức tiền mặt 30%, quá uy tín.",Positive,0.654
2025-04-28,,investor_287,24hMoney,"Ban lãnh đạo  công bố kế hoạch chia cổ tức tiền mặt 30%, quá uy tín.",Positive,0.839
2025-04-28,,investor_293,Facebook Group,"Thủng mốc hỗ trợ cứng rồi, anh em nên hạ tỷ trọng  bảo toàn vốn.",Negative,-0.207
2025-04-29,,investor_513,Facebook Group,"Thị trường chung đang giằng co,  dao động trong biên độ hẹp 1-2%.",Neutral,0.065
2025-04-29,,investor_287,F319,"Dòng tiền lớn đã nhập cuộc , mục tiêu vượt đỉnh cũ sớm thôi anh em.",Positive,0.657
2025-04-29,,investor_182,Facebook Group,"Chỉ báo MACD của  phân kỳ âm, cảnh báo rủi ro điều chỉnh ngắn hạn.",Negative,-0.889
2025-04-30,,investor_261,FireAnt,"Thị trường chỉnh nhưng  vẫn giữ sắc xanh vững vàng, cổ phiếu kim cương!",Positive,0.535
2025-04-30,,investor_549,FireAnt,"Khối ngoại tiếp tục mua ròng mạnh , tự tin nắm giữ trung hạn.",Positive,0.715
2025-04-30,,investor_394,Facebook Group,"Khối ngoại tiếp tục mua ròng mạnh , tự tin nắm giữ trung hạn.",Positive,0.633
2025-04-30,,investor_666,Facebook Group,Tăng trưởng quý này có dấu hiệu chậm lại do chi phí vốn tăng cao.,Negative,-0.169
2025-04-30,,investor_420,F319,"Thị trường chỉnh nhưng  vẫn giữ sắc xanh vững vàng, cổ phiếu kim cương!",Positive,0.762
2025-04-30,,investor_502,F319,"Hôm nay là ngày giao dịch không hưởng quyền của , giá điều chỉnh kỹ thuật.",Neutral,0.478
2025-04-30,,investor_282,Facebook Group,"Mã  kết quả kinh doanh quý này quá xuất sắc, doanh thu tăng trưởng 25%!",Positive,0.842
2025-04-30,,investor_555,FireAnt,"Thị trường xấu quá,  bị bán lan theo hiệu ứng tâm lý chung.",Negative,-0.569
2025-05-01,,investor_511,FireAnt,Chờ đợi báo cáo tài chính kiểm toán của  để đánh giá chính xác hơn.,Neutral,0.211
2025-05-01,,investor_129,Facebook Group,Tăng trưởng quý này có dấu hiệu chậm lại do chi phí vốn tăng cao.,Negative,-0.275
2025-05-01,,investor_565,24hMoney,Kỳ vọng  sẽ dẫn dắt VN-Index chinh phục mốc 1300 điểm.,Positive,0.913
2025-05-01,,investor_859,FireAnt,"Khối ngoại tiếp tục mua ròng mạnh , tự tin nắm giữ trung hạn.",Positive,0.628
2025-05-01,,investor_690,F319,"Hôm nay  đi ngang tích lũy quanh vùng hỗ trợ, thanh khoản trung bình.",Neutral,0.06
2025-05-01,,investor_885,24hMoney,"Lệnh to vào quét sạch lệnh bán của , chuẩn bị đón cây CE rực rỡ!",Positive,0.73
2025-05-02,,investor_875,F319,Chờ đợi báo cáo tài chính kiểm toán của  để đánh giá chính xác hơn.,Neutral,-0.063
2025-05-02,,investor_676,Facebook Group,"Xu hướng tăng trung dài hạn của  không thể cản phá, canh rung lắc gia tăng tỷ trọng.",Positive,0.923
2025-05-02,,investor_711,FireAnt,"Kỹ thuật tạo mô hình W đẹp tuyệt vời, RSI bứt phá ngưỡng 60, múc thôi.",Positive,0.879
2025-05-02,,investor_297,24hMoney,"Áp lực chốt lời ngắn hạn đối với  đang tăng cao, cẩn trọng đu đỉnh.",Negative,-0.586
2025-05-02,,investor_797,Facebook Group,"Áp lực chốt lời ngắn hạn đối với  đang tăng cao, cẩn trọng đu đỉnh.",Negative,-0.383
2025-05-02,,investor_731,Facebook Group,"Xu hướng tăng trung dài hạn của  không thể cản phá, canh rung lắc gia tăng tỷ trọng.",Positive,0.674
2025-05-02,,investor_334,F319,"Ban lãnh đạo  công bố kế hoạch chia cổ tức tiền mặt 30%, quá uy tín.",Positive,0.575
2025-05-02,,investor_551,Facebook Group,"Mã  kết quả kinh doanh quý này quá xuất sắc, doanh thu tăng trưởng 25%!",Positive,0.625
2025-05-03,,investor_822,24hMoney,"Dòng tiền lớn đã nhập cuộc , mục tiêu vượt đỉnh cũ sớm thôi anh em.",Positive,0.547
2025-05-03,,investor_403,Facebook Group,Tăng trưởng quý này có dấu hiệu chậm lại do chi phí vốn tăng cao.,Negative,-0.862
2025-05-03,,investor_867,FireAnt,Chờ đợi báo cáo tài chính kiểm toán của  để đánh giá chính xác hơn.,Neutral,0.155
2025-05-04,,investor_112,FireAnt,"Xu hướng tăng trung dài hạn của  không thể cản phá, canh rung lắc gia tăng tỷ trọng.",Positive,0.524
2025-05-04,,investor_627,F319,Chờ đợi báo cáo tài chính kiểm toán của  để đánh giá chính xác hơn.,Neutral,0.145
2025-05-04,,investor_199,F319,Thảo luận về tiềm năng mảng bán lẻ viễn thông của  trong giai đoạn tới.,Neutral,0.179
2025-05-04,,investor_827,24hMoney,Tỷ lệ đòn bẩy margin của  tại các công ty chứng khoán vẫn ở mức an toàn.,Neutral,-0.079
2025-05-04,,investor_248,24hMoney,Khối tự doanh và khối ngoại mua bán cân bằng đối với mã .,Neutral,0.336
2025-05-05,,investor_624,F319,"Dòng tiền lớn đã nhập cuộc , mục tiêu vượt đỉnh cũ sớm thôi anh em.",Positive,0.901
2025-05-05,,investor_143,Facebook Group,"Chỉ báo MACD của  phân kỳ âm, cảnh báo rủi ro điều chỉnh ngắn hạn.",Negative,-0.293
2025-05-05,,investor_201,24hMoney,"Chỉ báo MACD của  phân kỳ âm, cảnh báo rủi ro điều chỉnh ngắn hạn.",Negative,-0.938
2025-05-05,,investor_237,Facebook Group,Tăng trưởng quý này có dấu hiệu chậm lại do chi phí vốn tăng cao.,Negative,-0.354
2025-05-05,,investor_879,FireAnt,"Mã  kết quả kinh doanh quý này quá xuất sắc, doanh thu tăng trưởng 25%!",Positive,0.682
2025-05-05,,investor_839,FireAnt,"Xu hướng tăng trung dài hạn của  không thể cản phá, canh rung lắc gia tăng tỷ trọng.",Positive,0.826
2025-05-05,,investor_218,24hMoney,"Thị trường chung đang giằng co,  dao động trong biên độ hẹp 1-2%.",Neutral,0.3
2025-05-05,,investor_894,FireAnt,"Lệnh to vào quét sạch lệnh bán của , chuẩn bị đón cây CE rực rỡ!",Positive,0.599
2025-05-06,,investor_773,F319,"Xu hướng tăng trung dài hạn của  không thể cản phá, canh rung lắc gia tăng tỷ trọng.",Positive,0.672
2025-05-06,,investor_764,F319,"Ban lãnh đạo  công bố kế hoạch chia cổ tức tiền mặt 30%, quá uy tín.",Positive,0.508
2025-05-06,,investor_737,24hMoney,Tỷ lệ đòn bẩy margin của  tại các công ty chứng khoán vẫn ở mức an toàn.,Neutral,0.032
2025-05-06,,investor_746,24hMoney,"Kỹ thuật tạo mô hình W đẹp tuyệt vời, RSI bứt phá ngưỡng 60, múc thôi.",Positive,0.635
2025-05-06,,investor_875,F319,"Thủng mốc hỗ trợ cứng rồi, anh em nên hạ tỷ trọng  bảo toàn vốn.",Negative,-0.93
2025-05-06,,investor_158,24hMoney,Khối tự doanh và khối ngoại mua bán cân bằng đối với mã .,Neutral,0.072
2025-05-06,,investor_709,FireAnt,"Chỉ báo MACD của  phân kỳ âm, cảnh báo rủi ro điều chỉnh ngắn hạn.",Negative,-0.353
2025-05-07,,investor_615,FireAnt,"Lệnh to vào quét sạch lệnh bán của , chuẩn bị đón cây CE rực rỡ!",Positive,0.527
2025-05-07,,investor_707,24hMoney,"Thanh khoản sụt giảm nghiêm trọng, lực cầu bắt đáy  còn khá yếu.",Negative,-0.749
2025-05-07,,investor_332,F319,Khối tự doanh và khối ngoại mua bán cân bằng đối với mã .,Neutral,0.468
2025-05-07,,investor_540,FireAnt,"Lệnh to vào quét sạch lệnh bán của , chuẩn bị đón cây CE rực rỡ!",Positive,0.588
2025-05-07,,investor_366,F319,"Thủng mốc hỗ trợ cứng rồi, anh em nên hạ tỷ trọng  bảo toàn vốn.",Negative,-0.685
2025-05-07,,investor_962,24hMoney,"Tây xả ròng rã cả tuần,  gãy trend tăng ngắn hạn rồi.",Negative,-0.416
2025-05-08,,investor_201,24hMoney,"Kỹ thuật tạo mô hình W đẹp tuyệt vời, RSI bứt phá ngưỡng 60, múc thôi.",Positive,0.655
2025-05-08,,investor_785,FireAnt,Tỷ lệ đòn bẩy margin của  tại các công ty chứng khoán vẫn ở mức an toàn.,Neutral,0.218
2025-05-08,,investor_919,F319,"Thị trường chung đang giằng co,  dao động trong biên độ hẹp 1-2%.",Neutral,0.449
2025-05-08,,investor_521,Facebook Group,"Khối ngoại tiếp tục mua ròng mạnh , tự tin nắm giữ trung hạn.",Positive,0.56
2025-05-08,,investor_657,F319,"Hôm nay là ngày giao dịch không hưởng quyền của , giá điều chỉnh kỹ thuật.",Neutral,0.109
2025-05-09,,investor_689,FireAnt,"Khối ngoại tiếp tục mua ròng mạnh , tự tin nắm giữ trung hạn.",Positive,0.863
2025-05-09,,investor_617,F319,"Dòng tiền lớn đã nhập cuộc , mục tiêu vượt đỉnh cũ sớm thôi anh em.",Positive,0.706
2025-05-09,,investor_820,24hMoney,"Mã  kết quả kinh doanh quý này quá xuất sắc, doanh thu tăng trưởng 25%!",Positive,0.904
2025-05-09,,investor_767,24hMoney,"Tây xả ròng rã cả tuần,  gãy trend tăng ngắn hạn rồi.",Negative,-0.507
2025-05-09,,investor_351,24hMoney,"Thủng mốc hỗ trợ cứng rồi, anh em nên hạ tỷ trọng  bảo toàn vốn.",Negative,-0.785
2025-05-09,,investor_431,Facebook Group,"Xu hướng tăng trung dài hạn của  không thể cản phá, canh rung lắc gia tăng tỷ trọng.",Positive,0.929
2025-05-09,,investor_410,FireAnt,"Thị trường chỉnh nhưng  vẫn giữ sắc xanh vững vàng, cổ phiếu kim cương!",Positive,0.914
2025-05-09,,investor_719,Facebook Group,"Thị trường chung đang giằng co,  dao động trong biên độ hẹp 1-2%.",Neutral,0.479
2025-05-10,,investor_910,F319,"Thủng mốc hỗ trợ cứng rồi, anh em nên hạ tỷ trọng  bảo toàn vốn.",Negative,-0.157
2025-05-10,,investor_240,FireAnt,"Thanh khoản sụt giảm nghiêm trọng, lực cầu bắt đáy  còn khá yếu.",Negative,-0.138
2025-05-10,,investor_526,Facebook Group,"Mã  kết quả kinh doanh quý này quá xuất sắc, doanh thu tăng trưởng 25%!",Positive,0.823
2025-05-10,,investor_953,F319,Chờ đợi báo cáo tài chính kiểm toán của  để đánh giá chính xác hơn.,Neutral,0.466
2025-05-10,,investor_647,F319,"Lệnh to vào quét sạch lệnh bán của , chuẩn bị đón cây CE rực rỡ!",Positive,0.505
2025-05-10,,investor_827,FireAnt,"Ban lãnh đạo  công bố kế hoạch chia cổ tức tiền mặt 30%, quá uy tín.",Positive,0.748
2025-05-10,,investor_702,FireAnt,Kỳ vọng  sẽ dẫn dắt VN-Index chinh phục mốc 1300 điểm.,Positive,0.882
2025-05-11,,investor_839,F319,"Lệnh to vào quét sạch lệnh bán của , chuẩn bị đón cây CE rực rỡ!",Positive,0.681
2025-05-11,,investor_598,F319,"Khối ngoại tiếp tục mua ròng mạnh , tự tin nắm giữ trung hạn.",Positive,0.946
2025-05-11,,investor_934,24hMoney,"Mã  kết quả kinh doanh quý này quá xuất sắc, doanh thu tăng trưởng 25%!",Positive,0.842
2025-05-11,,investor_724,Facebook Group,"Dòng tiền lớn đã nhập cuộc , mục tiêu vượt đỉnh cũ sớm thôi anh em.",Positive,0.515
2025-05-11,,investor_784,24hMoney,Chờ đợi báo cáo tài chính kiểm toán của  để đánh giá chính xác hơn.,Neutral,0.111
2025-05-11,,investor_423,F319,"Khối ngoại tiếp tục mua ròng mạnh , tự tin nắm giữ trung hạn.",Positive,0.758
2025-05-11,,investor_727,Facebook Group,"Kỹ thuật tạo mô hình W đẹp tuyệt vời, RSI bứt phá ngưỡng 60, múc thôi.",Positive,0.586
2025-05-12,,investor_989,F319,"Chỉ báo MACD của  phân kỳ âm, cảnh báo rủi ro điều chỉnh ngắn hạn.",Negative,-0.319
2025-05-12,,investor_832,24hMoney,"Xu hướng tăng trung dài hạn của  không thể cản phá, canh rung lắc gia tăng tỷ trọng.",Positive,0.89
2025-05-12,,investor_760,Facebook Group,"Mã  đang kiểm tra lại đường MA20, chưa có tín hiệu bứt phá rõ rệt.",Neutral,0.158
2025-05-12,,investor_402,Facebook Group,"Thị trường chỉnh nhưng  vẫn giữ sắc xanh vững vàng, cổ phiếu kim cương!",Positive,0.878
2025-05-13,,investor_890,FireAnt,"Thị trường xấu quá,  bị bán lan theo hiệu ứng tâm lý chung.",Negative,-0.598
2025-05-13,,investor_320,24hMoney,"Chỉ báo MACD của  phân kỳ âm, cảnh báo rủi ro điều chỉnh ngắn hạn.",Negative,-0.493
2025-05-13,,investor_657,24hMoney,"Thị trường chỉnh nhưng  vẫn giữ sắc xanh vững vàng, cổ phiếu kim cương!",Positive,0.649
2025-05-13,,investor_520,F319,"Mã  đang kiểm tra lại đường MA20, chưa có tín hiệu bứt phá rõ rệt.",Neutral,0.115
2025-05-14,,investor_635,24hMoney,"Kỹ thuật tạo mô hình W đẹp tuyệt vời, RSI bứt phá ngưỡng 60, múc thôi.",Positive,0.872
2025-05-14,,investor_532,Facebook Group,Tỷ lệ đòn bẩy margin của  tại các công ty chứng khoán vẫn ở mức an toàn.,Neutral,-0.011
2025-05-14,,investor_962,FireAnt,"Ban lãnh đạo  công bố kế hoạch chia cổ tức tiền mặt 30%, quá uy tín.",Positive,0.631
2025-05-14,,investor_799,FireAnt,Tỷ lệ đòn bẩy margin của  tại các công ty chứng khoán vẫn ở mức an toàn.,Neutral,0.214
2025-05-14,,investor_490,Facebook Group,Kỳ vọng  sẽ dẫn dắt VN-Index chinh phục mốc 1300 điểm.,Positive,0.825
2025-05-15,,investor_441,Facebook Group,"Dòng tiền lớn đã nhập cuộc , mục tiêu vượt đỉnh cũ sớm thôi anh em.",Positive,0.697
2025-05-15,,investor_610,24hMoney,"Dòng tiền lớn đã nhập cuộc , mục tiêu vượt đỉnh cũ sớm thôi anh em.",Positive,0.64
2025-05-15,,investor_925,FireAnt,"Mức P/E của  hiện tại ở mức 18.5, tương đương mức định giá trung bình ngành.",Neutral,0.401
2025-05-15,,investor_510,Facebook Group,"Thanh khoản sụt giảm nghiêm trọng, lực cầu bắt đáy  còn khá yếu.",Negative,-0.263
2025-05-15,,investor_839,Facebook Group,Công nghệ AI và Cloud của  ký thêm nhiều hợp đồng triệu đô từ Nhật Bản.,Positive,0.667
2025-05-15,,investor_760,24hMoney,Công nghệ AI và Cloud của  ký thêm nhiều hợp đồng triệu đô từ Nhật Bản.,Positive,0.843
2025-05-15,,investor_866,FireAnt,Chờ đợi báo cáo tài chính kiểm toán của  để đánh giá chính xác hơn.,Neutral,-0.054
2025-05-15,,investor_604,F319,Khối tự doanh và khối ngoại mua bán cân bằng đối với mã .,Neutral,0.462
2025-05-16,,investor_968,FireAnt,"Thủng mốc hỗ trợ cứng rồi, anh em nên hạ tỷ trọng  bảo toàn vốn.",Negative,-0.419
2025-05-16,,investor_903,F319,"Mã  đang kiểm tra lại đường MA20, chưa có tín hiệu bứt phá rõ rệt.",Neutral,0.318
2025-05-16,,investor_882,24hMoney,"Thanh khoản sụt giảm nghiêm trọng, lực cầu bắt đáy  còn khá yếu.",Negative,-0.255
2025-05-16,,investor_477,Facebook Group,"Thị trường chỉnh nhưng  vẫn giữ sắc xanh vững vàng, cổ phiếu kim cương!",Positive,0.862
2025-05-16,,investor_862,F319,Khối ngoại quay đầu bán ròng  hơn 100 tỷ trong phiên sáng.,Negative,-0.661
2025-05-16,,investor_439,24hMoney,Công nghệ AI và Cloud của  ký thêm nhiều hợp đồng triệu đô từ Nhật Bản.,Positive,0.655
2025-05-17,,investor_979,Facebook Group,"Thị trường xấu quá,  bị bán lan theo hiệu ứng tâm lý chung.",Negative,-0.361
2025-05-17,,investor_573,Facebook Group,"Mã  kết quả kinh doanh quý này quá xuất sắc, doanh thu tăng trưởng 25%!",Positive,0.747
2025-05-17,,investor_468,Facebook Group,"Thị trường chung đang giằng co,  dao động trong biên độ hẹp 1-2%.",Neutral,0.128
2025-05-17,,investor_369,FireAnt,"Hôm nay  đi ngang tích lũy quanh vùng hỗ trợ, thanh khoản trung bình.",Neutral,-0.027
2025-05-17,,investor_988,F319,"Dòng tiền lớn đã nhập cuộc , mục tiêu vượt đỉnh cũ sớm thôi anh em.",Positive,0.606
2025-05-17,,investor_552,Facebook Group,"Áp lực chốt lời ngắn hạn đối với  đang tăng cao, cẩn trọng đu đỉnh.",Negative,-0.907
2025-05-17,,investor_758,24hMoney,"Dòng tiền lớn đã nhập cuộc , mục tiêu vượt đỉnh cũ sớm thôi anh em.",Positive,0.553
2025-05-18,,investor_551,24hMoney,"Tây xả ròng rã cả tuần,  gãy trend tăng ngắn hạn rồi.",Negative,-0.271
2025-05-18,,investor_412,F319,"Dòng tiền lớn đã nhập cuộc , mục tiêu vượt đỉnh cũ sớm thôi anh em.",Positive,0.892
2025-05-18,,investor_550,FireAnt,"Thị trường chỉnh nhưng  vẫn giữ sắc xanh vững vàng, cổ phiếu kim cương!",Positive,0.641
2025-05-18,,investor_599,24hMoney,Khối ngoại quay đầu bán ròng  hơn 100 tỷ trong phiên sáng.,Negative,-0.189
2025-05-18,,investor_430,F319,"Ban lãnh đạo  công bố kế hoạch chia cổ tức tiền mặt 30%, quá uy tín.",Positive,0.584
2025-05-19,,investor_668,24hMoney,"Ban lãnh đạo  công bố kế hoạch chia cổ tức tiền mặt 30%, quá uy tín.",Positive,0.921
2025-05-19,,investor_417,FireAnt,"Mã  kết quả kinh doanh quý này quá xuất sắc, doanh thu tăng trưởng 25%!",Positive,0.531
2025-05-19,,investor_990,FireAnt,"Ban lãnh đạo  công bố kế hoạch chia cổ tức tiền mặt 30%, quá uy tín.",Positive,0.808
2025-05-19,,investor_240,24hMoney,"Mã  kết quả kinh doanh quý này quá xuất sắc, doanh thu tăng trưởng 25%!",Positive,0.672
2025-05-19,,investor_502,24hMoney,"Mức P/E của  hiện tại ở mức 18.5, tương đương mức định giá trung bình ngành.",Neutral,0.273
2025-05-20,,investor_437,Facebook Group,Thảo luận về tiềm năng mảng bán lẻ viễn thông của  trong giai đoạn tới.,Neutral,0.484
2025-05-20,,investor_673,F319,"Lệnh to vào quét sạch lệnh bán của , chuẩn bị đón cây CE rực rỡ!",Positive,0.941
2025-05-20,,investor_424,24hMoney,Khối ngoại quay đầu bán ròng  hơn 100 tỷ trong phiên sáng.,Negative,-0.863
2025-05-20,,investor_567,F319,"Lệnh to vào quét sạch lệnh bán của , chuẩn bị đón cây CE rực rỡ!",Positive,0.832
2025-05-20,,investor_486,FireAnt,"Thị trường chỉnh nhưng  vẫn giữ sắc xanh vững vàng, cổ phiếu kim cương!",Positive,0.734
2025-05-20,,investor_735,24hMoney,Chờ đợi báo cáo tài chính kiểm toán của  để đánh giá chính xác hơn.,Neutral,0.337
2025-05-20,,investor_394,Facebook Group,"Mức P/E của  hiện tại ở mức 18.5, tương đương mức định giá trung bình ngành.",Neutral,0.471
2025-05-20,,investor_247,24hMoney,"Xu hướng tăng trung dài hạn của  không thể cản phá, canh rung lắc gia tăng tỷ trọng.",Positive,0.928
2025-05-21,,investor_901,FireAnt,"Hôm nay là ngày giao dịch không hưởng quyền của , giá điều chỉnh kỹ thuật.",Neutral,0.283
2025-05-21,,investor_172,F319,Khối ngoại quay đầu bán ròng  hơn 100 tỷ trong phiên sáng.,Negative,-0.739
2025-05-21,,investor_158,24hMoney,"Thị trường chung đang giằng co,  dao động trong biên độ hẹp 1-2%.",Neutral,0.244
2025-05-21,,investor_253,F319,"Dòng tiền lớn đã nhập cuộc , mục tiêu vượt đỉnh cũ sớm thôi anh em.",Positive,0.578
2025-05-21,,investor_659,F319,Công nghệ AI và Cloud của  ký thêm nhiều hợp đồng triệu đô từ Nhật Bản.,Positive,0.925
2025-05-22,,investor_383,F319,Tỷ lệ đòn bẩy margin của  tại các công ty chứng khoán vẫn ở mức an toàn.,Neutral,0.269
2025-05-22,,investor_236,24hMoney,"Mã  kết quả kinh doanh quý này quá xuất sắc, doanh thu tăng trưởng 25%!",Positive,0.762
2025-05-22,,investor_336,FireAnt,"Áp lực chốt lời ngắn hạn đối với  đang tăng cao, cẩn trọng đu đỉnh.",Negative,-0.765
2025-05-22,,investor_756,FireAnt,Công nghệ AI và Cloud của  ký thêm nhiều hợp đồng triệu đô từ Nhật Bản.,Positive,0.803
2025-05-22,,investor_855,Facebook Group,"Dòng tiền lớn đã nhập cuộc , mục tiêu vượt đỉnh cũ sớm thôi anh em.",Positive,0.695
2025-05-23,,investor_743,F319,"Tây xả ròng rã cả tuần,  gãy trend tăng ngắn hạn rồi.",Negative,-0.585
2025-05-23,,investor_347,24hMoney,"Mã  đang kiểm tra lại đường MA20, chưa có tín hiệu bứt phá rõ rệt.",Neutral,0.159
2025-05-23,,investor_311,F319,Chờ đợi báo cáo tài chính kiểm toán của  để đánh giá chính xác hơn.,Neutral,0.276
2025-05-23,,investor_210,24hMoney,"Thị trường chỉnh nhưng  vẫn giữ sắc xanh vững vàng, cổ phiếu kim cương!",Positive,0.59
2025-05-23,,investor_465,F319,"Áp lực chốt lời ngắn hạn đối với  đang tăng cao, cẩn trọng đu đỉnh.",Negative,-0.925
2025-05-23,,investor_929,FireAnt,"Khối ngoại tiếp tục mua ròng mạnh , tự tin nắm giữ trung hạn.",Positive,0.91
2025-05-23,,investor_749,FireAnt,"Mức P/E của  hiện tại ở mức 18.5, tương đương mức định giá trung bình ngành.",Neutral,0.251
2025-05-24,,investor_785,Facebook Group,Kỳ vọng  sẽ dẫn dắt VN-Index chinh phục mốc 1300 điểm.,Positive,0.722
2025-05-24,,investor_702,FireAnt,Thảo luận về tiềm năng mảng bán lẻ viễn thông của  trong giai đoạn tới.,Neutral,0.338
2025-05-24,,investor_172,F319,"Mã  kết quả kinh doanh quý này quá xuất sắc, doanh thu tăng trưởng 25%!",Positive,0.847
2025-05-24,,investor_895,F319,"Hôm nay  đi ngang tích lũy quanh vùng hỗ trợ, thanh khoản trung bình.",Neutral,0.218
2025-05-24,,investor_286,F319,"Thanh khoản sụt giảm nghiêm trọng, lực cầu bắt đáy  còn khá yếu.",Negative,-0.39
2025-05-24,,investor_779,24hMoney,Công nghệ AI và Cloud của  ký thêm nhiều hợp đồng triệu đô từ Nhật Bản.,Positive,0.893
2025-05-24,,investor_965,Facebook Group,Chờ đợi báo cáo tài chính kiểm toán của  để đánh giá chính xác hơn.,Neutral,-0.015
2025-05-24,,investor_304,24hMoney,"Xu hướng tăng trung dài hạn của  không thể cản phá, canh rung lắc gia tăng tỷ trọng.",Positive,0.7
2025-05-25,,investor_187,24hMoney,Khối tự doanh và khối ngoại mua bán cân bằng đối với mã .,Neutral,-0.067
2025-05-25,,investor_853,F319,"Dòng tiền lớn đã nhập cuộc , mục tiêu vượt đỉnh cũ sớm thôi anh em.",Positive,0.626
2025-05-25,,investor_813,24hMoney,"Ban lãnh đạo  công bố kế hoạch chia cổ tức tiền mặt 30%, quá uy tín.",Positive,0.572
2025-05-25,,investor_694,Facebook Group,"Thị trường chung đang giằng co,  dao động trong biên độ hẹp 1-2%.",Neutral,0.42
2025-05-25,,investor_543,Facebook Group,"Thị trường xấu quá,  bị bán lan theo hiệu ứng tâm lý chung.",Negative,-0.943
2025-05-25,,investor_160,Facebook Group,"Hôm nay là ngày giao dịch không hưởng quyền của , giá điều chỉnh kỹ thuật.",Neutral,0.216
2025-05-25,,investor_913,24hMoney,"Thị trường chỉnh nhưng  vẫn giữ sắc xanh vững vàng, cổ phiếu kim cương!",Positive,0.893
2025-05-25,,investor_276,FireAnt,Tăng trưởng quý này có dấu hiệu chậm lại do chi phí vốn tăng cao.,Negative,-0.289
2025-05-26,,investor_928,F319,"Chỉ báo MACD của  phân kỳ âm, cảnh báo rủi ro điều chỉnh ngắn hạn.",Negative,-0.214
2025-05-26,,investor_761,F319,"Thị trường chỉnh nhưng  vẫn giữ sắc xanh vững vàng, cổ phiếu kim cương!",Positive,0.873
2025-05-26,,investor_175,Facebook Group,"Áp lực chốt lời ngắn hạn đối với  đang tăng cao, cẩn trọng đu đỉnh.",Negative,-0.381
2025-05-26,,investor_556,F319,Công nghệ AI và Cloud của  ký thêm nhiều hợp đồng triệu đô từ Nhật Bản.,Positive,0.687
2025-05-27,,investor_594,24hMoney,"Kỹ thuật tạo mô hình W đẹp tuyệt vời, RSI bứt phá ngưỡng 60, múc thôi.",Positive,0.825
2025-05-27,,investor_696,FireAnt,Kỳ vọng  sẽ dẫn dắt VN-Index chinh phục mốc 1300 điểm.,Positive,0.574
2025-05-27,,investor_857,F319,Khối tự doanh và khối ngoại mua bán cân bằng đối với mã .,Neutral,0.366
2025-05-27,,investor_598,FireAnt,"Lệnh to vào quét sạch lệnh bán của , chuẩn bị đón cây CE rực rỡ!",Positive,0.686
2025-05-27,,investor_773,F319,"Dòng tiền lớn đã nhập cuộc , mục tiêu vượt đỉnh cũ sớm thôi anh em.",Positive,0.786
2025-05-27,,investor_346,Facebook Group,"Thị trường chỉnh nhưng  vẫn giữ sắc xanh vững vàng, cổ phiếu kim cương!",Positive,0.64
2025-05-27,,investor_683,Facebook Group,Kỳ vọng  sẽ dẫn dắt VN-Index chinh phục mốc 1300 điểm.,Positive,0.605
2025-05-28,,investor_118,Facebook Group,"Mã  kết quả kinh doanh quý này quá xuất sắc, doanh thu tăng trưởng 25%!",Positive,0.839
2025-05-28,,investor_453,Facebook Group,"Hôm nay  đi ngang tích lũy quanh vùng hỗ trợ, thanh khoản trung bình.",Neutral,0.314
2025-05-28,,investor_344,24hMoney,"Hôm nay  đi ngang tích lũy quanh vùng hỗ trợ, thanh khoản trung bình.",Neutral,0.239
2025-05-28,,investor_381,F319,"Thanh khoản sụt giảm nghiêm trọng, lực cầu bắt đáy  còn khá yếu.",Negative,-0.581
2025-05-28,,investor_550,Facebook Group,"Mã  kết quả kinh doanh quý này quá xuất sắc, doanh thu tăng trưởng 25%!",Positive,0.676
2025-05-28,,investor_852,FireAnt,"Hôm nay  đi ngang tích lũy quanh vùng hỗ trợ, thanh khoản trung bình.",Neutral,0.461
2025-05-28,,investor_306,F319,"Mã  đang kiểm tra lại đường MA20, chưa có tín hiệu bứt phá rõ rệt.",Neutral,-0.059
2025-05-29,,investor_921,24hMoney,"Xu hướng tăng trung dài hạn của  không thể cản phá, canh rung lắc gia tăng tỷ trọng.",Positive,0.822
2025-05-29,,investor_697,24hMoney,Tỷ lệ đòn bẩy margin của  tại các công ty chứng khoán vẫn ở mức an toàn.,Neutral,0.344
2025-05-29,,investor_844,Facebook Group,Công nghệ AI và Cloud của  ký thêm nhiều hợp đồng triệu đô từ Nhật Bản.,Positive,0.557
2025-05-29,,investor_528,Facebook Group,"Khối ngoại tiếp tục mua ròng mạnh , tự tin nắm giữ trung hạn.",Positive,0.583
2025-05-29,,investor_331,FireAnt,"Xu hướng tăng trung dài hạn của  không thể cản phá, canh rung lắc gia tăng tỷ trọng.",Positive,0.534
2025-05-29,,investor_747,FireAnt,"Thanh khoản sụt giảm nghiêm trọng, lực cầu bắt đáy  còn khá yếu.",Negative,-0.779
2025-05-29,,investor_391,Facebook Group,Kỳ vọng  sẽ dẫn dắt VN-Index chinh phục mốc 1300 điểm.,Positive,0.582
2025-05-30,,investor_933,F319,Chờ đợi báo cáo tài chính kiểm toán của  để đánh giá chính xác hơn.,Neutral,0.479
2025-05-30,,investor_320,Facebook Group,"Thanh khoản sụt giảm nghiêm trọng, lực cầu bắt đáy  còn khá yếu.",Negative,-0.586
2025-05-30,,investor_793,FireAnt,"Dòng tiền lớn đã nhập cuộc , mục tiêu vượt đỉnh cũ sớm thôi anh em.",Positive,0.701
2025-05-30,,investor_606,24hMoney,"Kỹ thuật tạo mô hình W đẹp tuyệt vời, RSI bứt phá ngưỡng 60, múc thôi.",Positive,0.531
2025-05-30,,investor_161,24hMoney,Chờ đợi báo cáo tài chính kiểm toán của  để đánh giá chính xác hơn.,Neutral,0.287
2025-05-30,,investor_416,24hMoney,"Khối ngoại tiếp tục mua ròng mạnh , tự tin nắm giữ trung hạn.",Positive,0.502
2025-05-31,,investor_467,F319,"Hôm nay là ngày giao dịch không hưởng quyền của , giá điều chỉnh kỹ thuật.",Neutral,0.151
2025-05-31,,investor_820,Facebook Group,"Kỹ thuật tạo mô hình W đẹp tuyệt vời, RSI bứt phá ngưỡng 60, múc thôi.",Positive,0.805
2025-05-31,,investor_191,F319,"Mức P/E của  hiện tại ở mức 18.5, tương đương mức định giá trung bình ngành.",Neutral,0.266
2025-06-01,,investor_998,F319,"Thị trường chỉnh nhưng  vẫn giữ sắc xanh vững vàng, cổ phiếu kim cương!",Positive,0.571
2025-06-01,,investor_856,FireAnt,"Hôm nay là ngày giao dịch không hưởng quyền của , giá điều chỉnh kỹ thuật.",Neutral,0.425
2025-06-01,,investor_627,24hMoney,Khối tự doanh và khối ngoại mua bán cân bằng đối với mã .,Neutral,0.081
2025-06-01,,investor_705,FireAnt,Chờ đợi báo cáo tài chính kiểm toán của  để đánh giá chính xác hơn.,Neutral,0.009
2025-06-01,,investor_435,F319,"Tây xả ròng rã cả tuần,  gãy trend tăng ngắn hạn rồi.",Negative,-0.524
2025-06-01,,investor_957,Facebook Group,"Mã  đang kiểm tra lại đường MA20, chưa có tín hiệu bứt phá rõ rệt.",Neutral,-0.021
2025-06-02,,investor_905,F319,Tăng trưởng quý này có dấu hiệu chậm lại do chi phí vốn tăng cao.,Negative,-0.588
2025-06-02,,investor_784,24hMoney,"Mã  kết quả kinh doanh quý này quá xuất sắc, doanh thu tăng trưởng 25%!",Positive,0.923
2025-06-02,,investor_889,FireAnt,"Kỹ thuật tạo mô hình W đẹp tuyệt vời, RSI bứt phá ngưỡng 60, múc thôi.",Positive,0.813
2025-06-02,,investor_579,Facebook Group,"Thị trường chung đang giằng co,  dao động trong biên độ hẹp 1-2%.",Neutral,0.381
2025-06-03,,investor_303,F319,"Thị trường chung đang giằng co,  dao động trong biên độ hẹp 1-2%.",Neutral,0.356
2025-06-03,,investor_169,F319,Công nghệ AI và Cloud của  ký thêm nhiều hợp đồng triệu đô từ Nhật Bản.,Positive,0.514
2025-06-03,,investor_927,24hMoney,"Chỉ báo MACD của  phân kỳ âm, cảnh báo rủi ro điều chỉnh ngắn hạn.",Negative,-0.746
2025-06-03,,investor_155,FireAnt,"Áp lực chốt lời ngắn hạn đối với  đang tăng cao, cẩn trọng đu đỉnh.",Negative,-0.292
2025-06-03,,investor_554,24hMoney,"Chỉ báo MACD của  phân kỳ âm, cảnh báo rủi ro điều chỉnh ngắn hạn.",Negative,-0.677
2025-06-03,,investor_430,F319,Thảo luận về tiềm năng mảng bán lẻ viễn thông của  trong giai đoạn tới.,Neutral,-0.044
2025-06-03,,investor_751,Facebook Group,"Thị trường chung đang giằng co,  dao động trong biên độ hẹp 1-2%.",Neutral,-0.06
2025-06-03,,investor_557,Facebook Group,"Chỉ báo MACD của  phân kỳ âm, cảnh báo rủi ro điều chỉnh ngắn hạn.",Negative,-0.277
2025-06-04,,investor_902,24hMoney,"Mã  kết quả kinh doanh quý này quá xuất sắc, doanh thu tăng trưởng 25%!",Positive,0.757
2025-06-04,,investor_607,24hMoney,Tăng trưởng quý này có dấu hiệu chậm lại do chi phí vốn tăng cao.,Negative,-0.237
2025-06-04,,investor_213,F319,Kỳ vọng  sẽ dẫn dắt VN-Index chinh phục mốc 1300 điểm.,Positive,0.507
2025-06-04,,investor_614,24hMoney,"Mã  đang kiểm tra lại đường MA20, chưa có tín hiệu bứt phá rõ rệt.",Neutral,-0.077
2025-06-04,,investor_636,24hMoney,"Dòng tiền lớn đã nhập cuộc , mục tiêu vượt đỉnh cũ sớm thôi anh em.",Positive,0.681
2025-06-04,,investor_549,FireAnt,"Thủng mốc hỗ trợ cứng rồi, anh em nên hạ tỷ trọng  bảo toàn vốn.",Negative,-0.314
2025-06-04,,investor_954,24hMoney,"Dòng tiền lớn đã nhập cuộc , mục tiêu vượt đỉnh cũ sớm thôi anh em.",Positive,0.76
2025-06-05,,investor_290,Facebook Group,"Chỉ báo MACD của  phân kỳ âm, cảnh báo rủi ro điều chỉnh ngắn hạn.",Negative,-0.663
2025-06-05,,investor_857,F319,"Khối ngoại tiếp tục mua ròng mạnh , tự tin nắm giữ trung hạn.",Positive,0.699
2025-06-05,,investor_254,Facebook Group,"Khối ngoại tiếp tục mua ròng mạnh , tự tin nắm giữ trung hạn.",Positive,0.923
2025-06-05,,investor_376,24hMoney,"Thủng mốc hỗ trợ cứng rồi, anh em nên hạ tỷ trọng  bảo toàn vốn.",Negative,-0.858
2025-06-05,,investor_281,FireAnt,Tỷ lệ đòn bẩy margin của  tại các công ty chứng khoán vẫn ở mức an toàn.,Neutral,0.308
2025-06-06,,investor_292,Facebook Group,"Kỹ thuật tạo mô hình W đẹp tuyệt vời, RSI bứt phá ngưỡng 60, múc thôi.",Positive,0.786
2025-06-06,,investor_820,F319,"Khối ngoại tiếp tục mua ròng mạnh , tự tin nắm giữ trung hạn.",Positive,0.519
2025-06-06,,investor_211,F319,Khối ngoại quay đầu bán ròng  hơn 100 tỷ trong phiên sáng.,Negative,-0.899
2025-06-06,,investor_217,24hMoney,Thảo luận về tiềm năng mảng bán lẻ viễn thông của  trong giai đoạn tới.,Neutral,0.313
2025-06-06,,investor_189,FireAnt,"Thanh khoản sụt giảm nghiêm trọng, lực cầu bắt đáy  còn khá yếu.",Negative,-0.5
2025-06-06,,investor_841,FireAnt,"Áp lực chốt lời ngắn hạn đối với  đang tăng cao, cẩn trọng đu đỉnh.",Negative,-0.459
2025-06-06,,investor_975,24hMoney,"Thanh khoản sụt giảm nghiêm trọng, lực cầu bắt đáy  còn khá yếu.",Negative,-0.46
2025-06-06,,investor_820,24hMoney,Thảo luận về tiềm năng mảng bán lẻ viễn thông của  trong giai đoạn tới.,Neutral,0.315
2025-06-07,,investor_846,Facebook Group,Tăng trưởng quý này có dấu hiệu chậm lại do chi phí vốn tăng cao.,Negative,-0.208
2025-06-07,,investor_254,F319,Thảo luận về tiềm năng mảng bán lẻ viễn thông của  trong giai đoạn tới.,Neutral,0.476
2025-06-07,,investor_278,24hMoney,"Áp lực chốt lời ngắn hạn đối với  đang tăng cao, cẩn trọng đu đỉnh.",Negative,-0.207
2025-06-07,,investor_924,24hMoney,"Thị trường chỉnh nhưng  vẫn giữ sắc xanh vững vàng, cổ phiếu kim cương!",Positive,0.811
2025-06-07,,investor_375,24hMoney,Tăng trưởng quý này có dấu hiệu chậm lại do chi phí vốn tăng cao.,Negative,-0.298
2025-06-07,,investor_884,24hMoney,"Mã  kết quả kinh doanh quý này quá xuất sắc, doanh thu tăng trưởng 25%!",Positive,0.939
2025-06-08,,investor_197,FireAnt,"Thủng mốc hỗ trợ cứng rồi, anh em nên hạ tỷ trọng  bảo toàn vốn.",Negative,-0.879
2025-06-08,,investor_149,FireAnt,"Kỹ thuật tạo mô hình W đẹp tuyệt vời, RSI bứt phá ngưỡng 60, múc thôi.",Positive,0.576
2025-06-08,,investor_584,24hMoney,"Tây xả ròng rã cả tuần,  gãy trend tăng ngắn hạn rồi.",Negative,-0.887
2025-06-08,,investor_683,24hMoney,"Thanh khoản sụt giảm nghiêm trọng, lực cầu bắt đáy  còn khá yếu.",Negative,-0.312
2025-06-09,,investor_192,FireAnt,Kỳ vọng  sẽ dẫn dắt VN-Index chinh phục mốc 1300 điểm.,Positive,0.859
2025-06-09,,investor_519,F319,"Mã  kết quả kinh doanh quý này quá xuất sắc, doanh thu tăng trưởng 25%!",Positive,0.872
2025-06-09,,investor_185,24hMoney,"Lệnh to vào quét sạch lệnh bán của , chuẩn bị đón cây CE rực rỡ!",Positive,0.939
2025-06-09,,investor_994,24hMoney,Kỳ vọng  sẽ dẫn dắt VN-Index chinh phục mốc 1300 điểm.,Positive,0.654
2025-06-09,,investor_110,24hMoney,"Thị trường chỉnh nhưng  vẫn giữ sắc xanh vững vàng, cổ phiếu kim cương!",Positive,0.718
2025-06-09,,investor_365,24hMoney,Khối tự doanh và khối ngoại mua bán cân bằng đối với mã .,Neutral,-0.008
2025-06-10,,investor_244,F319,"Thị trường chỉnh nhưng  vẫn giữ sắc xanh vững vàng, cổ phiếu kim cương!",Positive,0.501
2025-06-10,,investor_538,FireAnt,"Xu hướng tăng trung dài hạn của  không thể cản phá, canh rung lắc gia tăng tỷ trọng.",Positive,0.638
2025-06-10,,investor_188,24hMoney,Công nghệ AI và Cloud của  ký thêm nhiều hợp đồng triệu đô từ Nhật Bản.,Positive,0.664
2025-06-10,,investor_498,FireAnt,"Hôm nay  đi ngang tích lũy quanh vùng hỗ trợ, thanh khoản trung bình.",Neutral,0.485
2025-06-10,,investor_624,F319,"Thị trường chỉnh nhưng  vẫn giữ sắc xanh vững vàng, cổ phiếu kim cương!",Positive,0.742
2025-06-10,,investor_181,F319,"Hôm nay là ngày giao dịch không hưởng quyền của , giá điều chỉnh kỹ thuật.",Neutral,0.455
2025-06-10,,investor_310,24hMoney,Khối tự doanh và khối ngoại mua bán cân bằng đối với mã .,Neutral,0.191
2025-06-10,,investor_538,Facebook Group,"Khối ngoại tiếp tục mua ròng mạnh , tự tin nắm giữ trung hạn.",Positive,0.887
2025-06-11,,investor_976,F319,Kỳ vọng  sẽ dẫn dắt VN-Index chinh phục mốc 1300 điểm.,Positive,0.731
2025-06-11,,investor_287,FireAnt,"Chỉ báo MACD của  phân kỳ âm, cảnh báo rủi ro điều chỉnh ngắn hạn.",Negative,-0.521
2025-06-11,,investor_650,24hMoney,"Thị trường xấu quá,  bị bán lan theo hiệu ứng tâm lý chung.",Negative,-0.612
2025-06-11,,investor_290,FireAnt,Công nghệ AI và Cloud của  ký thêm nhiều hợp đồng triệu đô từ Nhật Bản.,Positive,0.798
2025-06-11,,investor_511,Facebook Group,"Thủng mốc hỗ trợ cứng rồi, anh em nên hạ tỷ trọng  bảo toàn vốn.",Negative,-0.811
2025-06-11,,investor_707,F319,Công nghệ AI và Cloud của  ký thêm nhiều hợp đồng triệu đô từ Nhật Bản.,Positive,0.872
2025-06-12,,investor_105,FireAnt,"Áp lực chốt lời ngắn hạn đối với  đang tăng cao, cẩn trọng đu đỉnh.",Negative,-0.47
2025-06-12,,investor_926,Facebook Group,"Mã  kết quả kinh doanh quý này quá xuất sắc, doanh thu tăng trưởng 25%!",Positive,0.923
2025-06-12,,investor_444,Facebook Group,"Thị trường chung đang giằng co,  dao động trong biên độ hẹp 1-2%.",Neutral,0.099
2025-06-12,,investor_695,Facebook Group,"Lệnh to vào quét sạch lệnh bán của , chuẩn bị đón cây CE rực rỡ!",Positive,0.598
2025-06-12,,investor_375,24hMoney,Chờ đợi báo cáo tài chính kiểm toán của  để đánh giá chính xác hơn.,Neutral,0.343
2025-06-12,,investor_996,Facebook Group,"Hôm nay  đi ngang tích lũy quanh vùng hỗ trợ, thanh khoản trung bình.",Neutral,-0.01
2025-06-12,,investor_830,F319,Kỳ vọng  sẽ dẫn dắt VN-Index chinh phục mốc 1300 điểm.,Positive,0.632
2025-06-12,,investor_573,Facebook Group,"Thủng mốc hỗ trợ cứng rồi, anh em nên hạ tỷ trọng  bảo toàn vốn.",Negative,-0.438
2025-06-13,,investor_800,24hMoney,Tỷ lệ đòn bẩy margin của  tại các công ty chứng khoán vẫn ở mức an toàn.,Neutral,-0.096
2025-06-13,,investor_385,Facebook Group,"Hôm nay  đi ngang tích lũy quanh vùng hỗ trợ, thanh khoản trung bình.",Neutral,0.349
2025-06-13,,investor_193,FireAnt,Tăng trưởng quý này có dấu hiệu chậm lại do chi phí vốn tăng cao.,Negative,-0.634
2025-06-13,,investor_723,Facebook Group,"Ban lãnh đạo  công bố kế hoạch chia cổ tức tiền mặt 30%, quá uy tín.",Positive,0.514
2025-06-13,,investor_279,FireAnt,Tỷ lệ đòn bẩy margin của  tại các công ty chứng khoán vẫn ở mức an toàn.,Neutral,0.034
2025-06-14,,investor_516,F319,"Thị trường chung đang giằng co,  dao động trong biên độ hẹp 1-2%.",Neutral,-0.07
2025-06-14,,investor_143,Facebook Group,"Mã  kết quả kinh doanh quý này quá xuất sắc, doanh thu tăng trưởng 25%!",Positive,0.878
2025-06-14,,investor_336,FireAnt,"Hôm nay  đi ngang tích lũy quanh vùng hỗ trợ, thanh khoản trung bình.",Neutral,0.027
2025-06-14,,investor_289,24hMoney,"Thủng mốc hỗ trợ cứng rồi, anh em nên hạ tỷ trọng  bảo toàn vốn.",Negative,-0.791
2025-06-14,,investor_238,Facebook Group,"Dòng tiền lớn đã nhập cuộc , mục tiêu vượt đỉnh cũ sớm thôi anh em.",Positive,0.861
2025-06-14,,investor_832,F319,"Lệnh to vào quét sạch lệnh bán của , chuẩn bị đón cây CE rực rỡ!",Positive,0.848
2025-06-15,,investor_713,F319,Tăng trưởng quý này có dấu hiệu chậm lại do chi phí vốn tăng cao.,Negative,-0.171
2025-06-15,,investor_332,F319,Thảo luận về tiềm năng mảng bán lẻ viễn thông của  trong giai đoạn tới.,Neutral,0.154
2025-06-15,,investor_248,Facebook Group,"Mã  kết quả kinh doanh quý này quá xuất sắc, doanh thu tăng trưởng 25%!",Positive,0.655
2025-06-15,,investor_767,Facebook Group,"Thị trường chỉnh nhưng  vẫn giữ sắc xanh vững vàng, cổ phiếu kim cương!",Positive,0.519
2025-06-15,,investor_127,FireAnt,Khối tự doanh và khối ngoại mua bán cân bằng đối với mã .,Neutral,0.3
2025-06-15,,investor_679,FireAnt,"Thị trường chung đang giằng co,  dao động trong biên độ hẹp 1-2%.",Neutral,0.254
2025-06-15,,investor_368,24hMoney,"Lệnh to vào quét sạch lệnh bán của , chuẩn bị đón cây CE rực rỡ!",Positive,0.627
2025-06-16,,investor_799,FireAnt,"Mức P/E của  hiện tại ở mức 18.5, tương đương mức định giá trung bình ngành.",Neutral,0.317
2025-06-16,,investor_795,Facebook Group,Thảo luận về tiềm năng mảng bán lẻ viễn thông của  trong giai đoạn tới.,Neutral,0.064
2025-06-16,,investor_907,F319,"Thanh khoản sụt giảm nghiêm trọng, lực cầu bắt đáy  còn khá yếu.",Negative,-0.875
2025-06-16,,investor_469,24hMoney,"Thanh khoản sụt giảm nghiêm trọng, lực cầu bắt đáy  còn khá yếu.",Negative,-0.794
2025-06-17,,investor_687,Facebook Group,Kỳ vọng  sẽ dẫn dắt VN-Index chinh phục mốc 1300 điểm.,Positive,0.542
2025-06-17,,investor_610,FireAnt,"Xu hướng tăng trung dài hạn của  không thể cản phá, canh rung lắc gia tăng tỷ trọng.",Positive,0.936
2025-06-17,,investor_172,FireAnt,Công nghệ AI và Cloud của  ký thêm nhiều hợp đồng triệu đô từ Nhật Bản.,Positive,0.502
2025-06-17,,investor_934,24hMoney,"Mã  đang kiểm tra lại đường MA20, chưa có tín hiệu bứt phá rõ rệt.",Neutral,0.061
2025-06-17,,investor_212,Facebook Group,"Thanh khoản sụt giảm nghiêm trọng, lực cầu bắt đáy  còn khá yếu.",Negative,-0.314
2025-06-17,,investor_786,FireAnt,"Lệnh to vào quét sạch lệnh bán của , chuẩn bị đón cây CE rực rỡ!",Positive,0.889
2025-06-17,,investor_570,24hMoney,"Thị trường xấu quá,  bị bán lan theo hiệu ứng tâm lý chung.",Negative,-0.65
2025-06-17,,investor_345,F319,"Mã  kết quả kinh doanh quý này quá xuất sắc, doanh thu tăng trưởng 25%!",Positive,0.811
2025-06-18,,investor_951,F319,"Xu hướng tăng trung dài hạn của  không thể cản phá, canh rung lắc gia tăng tỷ trọng.",Positive,0.654
2025-06-18,,investor_580,24hMoney,"Chỉ báo MACD của  phân kỳ âm, cảnh báo rủi ro điều chỉnh ngắn hạn.",Negative,-0.804
2025-06-18,,investor_977,24hMoney,"Lệnh to vào quét sạch lệnh bán của , chuẩn bị đón cây CE rực rỡ!",Positive,0.722
2025-06-18,,investor_988,FireAnt,Thảo luận về tiềm năng mảng bán lẻ viễn thông của  trong giai đoạn tới.,Neutral,0.273
2025-06-19,,investor_190,FireAnt,"Thị trường chỉnh nhưng  vẫn giữ sắc xanh vững vàng, cổ phiếu kim cương!",Positive,0.52
2025-06-19,,investor_762,24hMoney,Kỳ vọng  sẽ dẫn dắt VN-Index chinh phục mốc 1300 điểm.,Positive,0.893
2025-06-19,,investor_279,F319,"Áp lực chốt lời ngắn hạn đối với  đang tăng cao, cẩn trọng đu đỉnh.",Negative,-0.614
2025-06-19,,investor_989,F319,"Ban lãnh đạo  công bố kế hoạch chia cổ tức tiền mặt 30%, quá uy tín.",Positive,0.614
2025-06-19,,investor_960,F319,Công nghệ AI và Cloud của  ký thêm nhiều hợp đồng triệu đô từ Nhật Bản.,Positive,0.663
2025-06-19,,investor_459,24hMoney,"Mã  kết quả kinh doanh quý này quá xuất sắc, doanh thu tăng trưởng 25%!",Positive,0.768
2025-06-19,,investor_701,F319,"Mức P/E của  hiện tại ở mức 18.5, tương đương mức định giá trung bình ngành.",Neutral,0.409
2025-06-20,,investor_831,FireAnt,Khối tự doanh và khối ngoại mua bán cân bằng đối với mã .,Neutral,0.231
2025-06-20,,investor_795,Facebook Group,"Hôm nay là ngày giao dịch không hưởng quyền của , giá điều chỉnh kỹ thuật.",Neutral,-0.081
2025-06-20,,investor_687,F319,"Xu hướng tăng trung dài hạn của  không thể cản phá, canh rung lắc gia tăng tỷ trọng.",Positive,0.552
2025-06-20,,investor_932,F319,"Mã  kết quả kinh doanh quý này quá xuất sắc, doanh thu tăng trưởng 25%!",Positive,0.602
2025-06-20,,investor_434,F319,"Hôm nay là ngày giao dịch không hưởng quyền của , giá điều chỉnh kỹ thuật.",Neutral,0.112
2025-06-21,,investor_801,Facebook Group,Kỳ vọng  sẽ dẫn dắt VN-Index chinh phục mốc 1300 điểm.,Positive,0.658
2025-06-21,,investor_265,F319,"Mã  kết quả kinh doanh quý này quá xuất sắc, doanh thu tăng trưởng 25%!",Positive,0.751
2025-06-21,,investor_465,FireAnt,"Dòng tiền lớn đã nhập cuộc , mục tiêu vượt đỉnh cũ sớm thôi anh em.",Positive,0.911
2025-06-21,,investor_608,Facebook Group,Công nghệ AI và Cloud của  ký thêm nhiều hợp đồng triệu đô từ Nhật Bản.,Positive,0.864
2025-06-21,,investor_774,24hMoney,Thảo luận về tiềm năng mảng bán lẻ viễn thông của  trong giai đoạn tới.,Neutral,0.063
2025-06-21,,investor_506,F319,"Mã  kết quả kinh doanh quý này quá xuất sắc, doanh thu tăng trưởng 25%!",Positive,0.92
2025-06-21,,investor_489,FireAnt,"Thị trường chung đang giằng co,  dao động trong biên độ hẹp 1-2%.",Neutral,0.453
2025-06-21,,investor_884,F319,"Thị trường chung đang giằng co,  dao động trong biên độ hẹp 1-2%.",Neutral,0.265
2025-06-22,,investor_986,Facebook Group,"Thị trường xấu quá,  bị bán lan theo hiệu ứng tâm lý chung.",Negative,-0.762
2025-06-22,,investor_436,Facebook Group,"Mã  đang kiểm tra lại đường MA20, chưa có tín hiệu bứt phá rõ rệt.",Neutral,0.454
2025-06-22,,investor_531,24hMoney,"Lệnh to vào quét sạch lệnh bán của , chuẩn bị đón cây CE rực rỡ!",Positive,0.748
2025-06-22,,investor_426,Facebook Group,"Áp lực chốt lời ngắn hạn đối với  đang tăng cao, cẩn trọng đu đỉnh.",Negative,-0.436
2025-06-22,,investor_240,FireAnt,"Thị trường xấu quá,  bị bán lan theo hiệu ứng tâm lý chung.",Negative,-0.577
2025-06-22,,investor_907,Facebook Group,"Thị trường chung đang giằng co,  dao động trong biên độ hẹp 1-2%.",Neutral,0.288
2025-06-22,,investor_528,FireAnt,"Kỹ thuật tạo mô hình W đẹp tuyệt vời, RSI bứt phá ngưỡng 60, múc thôi.",Positive,0.908
2025-06-22,,investor_857,24hMoney,"Dòng tiền lớn đã nhập cuộc , mục tiêu vượt đỉnh cũ sớm thôi anh em.",Positive,0.896
2025-06-23,,investor_875,Facebook Group,"Khối ngoại tiếp tục mua ròng mạnh , tự tin nắm giữ trung hạn.",Positive,0.641
2025-06-23,,investor_224,F319,Khối ngoại quay đầu bán ròng  hơn 100 tỷ trong phiên sáng.,Negative,-0.18
2025-06-23,,investor_757,FireAnt,Công nghệ AI và Cloud của  ký thêm nhiều hợp đồng triệu đô từ Nhật Bản.,Positive,0.541
2025-06-23,,investor_270,FireAnt,Chờ đợi báo cáo tài chính kiểm toán của  để đánh giá chính xác hơn.,Neutral,0.153
2025-06-23,,investor_733,F319,Công nghệ AI và Cloud của  ký thêm nhiều hợp đồng triệu đô từ Nhật Bản.,Positive,0.875
2025-06-24,,investor_387,FireAnt,Công nghệ AI và Cloud của  ký thêm nhiều hợp đồng triệu đô từ Nhật Bản.,Positive,0.846
2025-06-24,,investor_556,F319,"Thanh khoản sụt giảm nghiêm trọng, lực cầu bắt đáy  còn khá yếu.",Negative,-0.543
2025-06-24,,investor_990,Facebook Group,"Thanh khoản sụt giảm nghiêm trọng, lực cầu bắt đáy  còn khá yếu.",Negative,-0.769
2025-06-24,,investor_195,24hMoney,"Mã  kết quả kinh doanh quý này quá xuất sắc, doanh thu tăng trưởng 25%!",Positive,0.503
2025-06-24,,investor_515,FireAnt,"Dòng tiền lớn đã nhập cuộc , mục tiêu vượt đỉnh cũ sớm thôi anh em.",Positive,0.605
2025-06-24,,investor_249,24hMoney,"Áp lực chốt lời ngắn hạn đối với  đang tăng cao, cẩn trọng đu đỉnh.",Negative,-0.58
2025-06-24,,investor_492,24hMoney,"Mã  đang kiểm tra lại đường MA20, chưa có tín hiệu bứt phá rõ rệt.",Neutral,0.168
2025-06-24,,investor_212,Facebook Group,"Khối ngoại tiếp tục mua ròng mạnh , tự tin nắm giữ trung hạn.",Positive,0.707
2025-06-25,,investor_146,24hMoney,"Ban lãnh đạo  công bố kế hoạch chia cổ tức tiền mặt 30%, quá uy tín.",Positive,0.53
2025-06-25,,investor_336,24hMoney,Chờ đợi báo cáo tài chính kiểm toán của  để đánh giá chính xác hơn.,Neutral,0.146
2025-06-25,,investor_593,FireAnt,"Lệnh to vào quét sạch lệnh bán của , chuẩn bị đón cây CE rực rỡ!",Positive,0.841
2025-06-26,,investor_215,24hMoney,"Dòng tiền lớn đã nhập cuộc , mục tiêu vượt đỉnh cũ sớm thôi anh em.",Positive,0.507
2025-06-26,,investor_504,FireAnt,"Ban lãnh đạo  công bố kế hoạch chia cổ tức tiền mặt 30%, quá uy tín.",Positive,0.605
2025-06-26,,investor_993,24hMoney,"Thanh khoản sụt giảm nghiêm trọng, lực cầu bắt đáy  còn khá yếu.",Negative,-0.836
2025-06-26,,investor_153,Facebook Group,"Khối ngoại tiếp tục mua ròng mạnh , tự tin nắm giữ trung hạn.",Positive,0.516
2025-06-26,,investor_582,F319,"Khối ngoại tiếp tục mua ròng mạnh , tự tin nắm giữ trung hạn.",Positive,0.758
2025-06-26,,investor_463,Facebook Group,Tỷ lệ đòn bẩy margin của  tại các công ty chứng khoán vẫn ở mức an toàn.,Neutral,0.459
2025-06-26,,investor_857,FireAnt,"Kỹ thuật tạo mô hình W đẹp tuyệt vời, RSI bứt phá ngưỡng 60, múc thôi.",Positive,0.518
2025-06-26,,investor_362,Facebook Group,Kỳ vọng  sẽ dẫn dắt VN-Index chinh phục mốc 1300 điểm.,Positive,0.741
2025-06-27,,investor_162,F319,"Mã  kết quả kinh doanh quý này quá xuất sắc, doanh thu tăng trưởng 25%!",Positive,0.542
2025-06-27,,investor_936,FireAnt,Kỳ vọng  sẽ dẫn dắt VN-Index chinh phục mốc 1300 điểm.,Positive,0.617
2025-06-27,,investor_762,24hMoney,"Ban lãnh đạo  công bố kế hoạch chia cổ tức tiền mặt 30%, quá uy tín.",Positive,0.703
2025-06-27,,investor_223,F319,"Kỹ thuật tạo mô hình W đẹp tuyệt vời, RSI bứt phá ngưỡng 60, múc thôi.",Positive,0.798
2025-06-27,,investor_530,FireAnt,"Kỹ thuật tạo mô hình W đẹp tuyệt vời, RSI bứt phá ngưỡng 60, múc thôi.",Positive,0.65
2025-06-27,,investor_163,F319,"Hôm nay là ngày giao dịch không hưởng quyền của , giá điều chỉnh kỹ thuật.",Neutral,0.028
2025-06-27,,investor_380,FireAnt,"Thị trường chung đang giằng co,  dao động trong biên độ hẹp 1-2%.",Neutral,-0.009
2025-06-27,,investor_967,FireAnt,"Khối ngoại tiếp tục mua ròng mạnh , tự tin nắm giữ trung hạn.",Positive,0.683
2025-06-28,,investor_320,24hMoney,Công nghệ AI và Cloud của  ký thêm nhiều hợp đồng triệu đô từ Nhật Bản.,Positive,0.861
2025-06-28,,investor_940,Facebook Group,"Thị trường xấu quá,  bị bán lan theo hiệu ứng tâm lý chung.",Negative,-0.198
2025-06-28,,investor_338,Facebook Group,"Kỹ thuật tạo mô hình W đẹp tuyệt vời, RSI bứt phá ngưỡng 60, múc thôi.",Positive,0.792
2025-06-28,,investor_149,FireAnt,"Thị trường xấu quá,  bị bán lan theo hiệu ứng tâm lý chung.",Negative,-0.385
2025-06-28,,investor_377,FireAnt,"Ban lãnh đạo  công bố kế hoạch chia cổ tức tiền mặt 30%, quá uy tín.",Positive,0.795
2025-06-28,,investor_748,FireAnt,"Lệnh to vào quét sạch lệnh bán của , chuẩn bị đón cây CE rực rỡ!",Positive,0.945
2025-06-28,,investor_540,F319,"Mã  đang kiểm tra lại đường MA20, chưa có tín hiệu bứt phá rõ rệt.",Neutral,-0.031
2025-06-29,,investor_286,24hMoney,Chờ đợi báo cáo tài chính kiểm toán của  để đánh giá chính xác hơn.,Neutral,0.481
2025-06-29,,investor_884,24hMoney,Kỳ vọng  sẽ dẫn dắt VN-Index chinh phục mốc 1300 điểm.,Positive,0.778
2025-06-29,,investor_206,24hMoney,"Chỉ báo MACD của  phân kỳ âm, cảnh báo rủi ro điều chỉnh ngắn hạn.",Negative,-0.781
2025-06-29,,investor_426,FireAnt,"Thị trường xấu quá,  bị bán lan theo hiệu ứng tâm lý chung.",Negative,-0.483
2025-06-29,,investor_324,Facebook Group,"Hôm nay  đi ngang tích lũy quanh vùng hỗ trợ, thanh khoản trung bình.",Neutral,0.05
2025-06-29,,investor_280,FireAnt,"Thị trường xấu quá,  bị bán lan theo hiệu ứng tâm lý chung.",Negative,-0.703
2025-06-29,,investor_207,Facebook Group,"Thị trường chung đang giằng co,  dao động trong biên độ hẹp 1-2%.",Neutral,0.255
2025-06-30,,investor_111,Facebook Group,"Dòng tiền lớn đã nhập cuộc , mục tiêu vượt đỉnh cũ sớm thôi anh em.",Positive,0.542
2025-06-30,,investor_916,24hMoney,Chờ đợi báo cáo tài chính kiểm toán của  để đánh giá chính xác hơn.,Neutral,0.251
2025-06-30,,investor_777,24hMoney,"Kỹ thuật tạo mô hình W đẹp tuyệt vời, RSI bứt phá ngưỡng 60, múc thôi.",Positive,0.501
2025-06-30,,investor_836,F319,Thảo luận về tiềm năng mảng bán lẻ viễn thông của  trong giai đoạn tới.,Neutral,0.034
2025-07-01,,investor_819,F319,Khối tự doanh và khối ngoại mua bán cân bằng đối với mã .,Neutral,0.048
2025-07-01,,investor_435,FireAnt,Tỷ lệ đòn bẩy margin của  tại các công ty chứng khoán vẫn ở mức an toàn.,Neutral,0.401
2025-07-01,,investor_172,24hMoney,Kỳ vọng  sẽ dẫn dắt VN-Index chinh phục mốc 1300 điểm.,Positive,0.767
2025-07-02,,investor_787,24hMoney,"Khối ngoại tiếp tục mua ròng mạnh , tự tin nắm giữ trung hạn.",Positive,0.537
2025-07-02,,investor_735,24hMoney,"Dòng tiền lớn đã nhập cuộc , mục tiêu vượt đỉnh cũ sớm thôi anh em.",Positive,0.85
2025-07-02,,investor_177,FireAnt,"Xu hướng tăng trung dài hạn của  không thể cản phá, canh rung lắc gia tăng tỷ trọng.",Positive,0.633
2025-07-02,,investor_224,Facebook Group,"Kỹ thuật tạo mô hình W đẹp tuyệt vời, RSI bứt phá ngưỡng 60, múc thôi.",Positive,0.901
2025-07-03,,investor_827,FireAnt,"Khối ngoại tiếp tục mua ròng mạnh , tự tin nắm giữ trung hạn.",Positive,0.54
2025-07-03,,investor_553,24hMoney,Tăng trưởng quý này có dấu hiệu chậm lại do chi phí vốn tăng cao.,Negative,-0.225
2025-07-03,,investor_947,F319,"Tây xả ròng rã cả tuần,  gãy trend tăng ngắn hạn rồi.",Negative,-0.339
2025-07-03,,investor_263,24hMoney,"Áp lực chốt lời ngắn hạn đối với  đang tăng cao, cẩn trọng đu đỉnh.",Negative,-0.285
2025-07-03,,investor_976,Facebook Group,"Thanh khoản sụt giảm nghiêm trọng, lực cầu bắt đáy  còn khá yếu.",Negative,-0.702
2025-07-03,,investor_203,Facebook Group,"Ban lãnh đạo  công bố kế hoạch chia cổ tức tiền mặt 30%, quá uy tín.",Positive,0.916
2025-07-03,,investor_495,24hMoney,Khối tự doanh và khối ngoại mua bán cân bằng đối với mã .,Neutral,-0.09
2025-07-04,,investor_657,24hMoney,"Mức P/E của  hiện tại ở mức 18.5, tương đương mức định giá trung bình ngành.",Neutral,0.228
2025-07-04,,investor_594,24hMoney,Tăng trưởng quý này có dấu hiệu chậm lại do chi phí vốn tăng cao.,Negative,-0.174
2025-07-04,,investor_954,24hMoney,"Thị trường chung đang giằng co,  dao động trong biên độ hẹp 1-2%.",Neutral,-0.039
2025-07-05,,investor_386,Facebook Group,"Ban lãnh đạo  công bố kế hoạch chia cổ tức tiền mặt 30%, quá uy tín.",Positive,0.901
2025-07-05,,investor_289,Facebook Group,Công nghệ AI và Cloud của  ký thêm nhiều hợp đồng triệu đô từ Nhật Bản.,Positive,0.615
2025-07-05,,investor_390,F319,"Thị trường xấu quá,  bị bán lan theo hiệu ứng tâm lý chung.",Negative,-0.199
2025-07-05,,investor_706,FireAnt,Tỷ lệ đòn bẩy margin của  tại các công ty chứng khoán vẫn ở mức an toàn.,Neutral,-0.05
2025-07-05,,investor_171,Facebook Group,Tỷ lệ đòn bẩy margin của  tại các công ty chứng khoán vẫn ở mức an toàn.,Neutral,0.483
2025-07-06,,investor_665,24hMoney,"Thị trường chỉnh nhưng  vẫn giữ sắc xanh vững vàng, cổ phiếu kim cương!",Positive,0.543
2025-07-06,,investor_631,FireAnt,"Dòng tiền lớn đã nhập cuộc , mục tiêu vượt đỉnh cũ sớm thôi anh em.",Positive,0.539
2025-07-06,,investor_210,F319,"Ban lãnh đạo  công bố kế hoạch chia cổ tức tiền mặt 30%, quá uy tín.",Positive,0.644
2025-07-07,,investor_128,24hMoney,Kỳ vọng  sẽ dẫn dắt VN-Index chinh phục mốc 1300 điểm.,Positive,0.887
2025-07-07,,investor_808,Facebook Group,"Dòng tiền lớn đã nhập cuộc , mục tiêu vượt đỉnh cũ sớm thôi anh em.",Positive,0.785
2025-07-07,,investor_172,Facebook Group,"Kỹ thuật tạo mô hình W đẹp tuyệt vời, RSI bứt phá ngưỡng 60, múc thôi.",Positive,0.758
2025-07-08,,investor_185,24hMoney,"Xu hướng tăng trung dài hạn của  không thể cản phá, canh rung lắc gia tăng tỷ trọng.",Positive,0.948
2025-07-08,,investor_142,Facebook Group,Công nghệ AI và Cloud của  ký thêm nhiều hợp đồng triệu đô từ Nhật Bản.,Positive,0.778
2025-07-08,,investor_851,Facebook Group,"Lệnh to vào quét sạch lệnh bán của , chuẩn bị đón cây CE rực rỡ!",Positive,0.748
2025-07-08,,investor_119,24hMoney,"Xu hướng tăng trung dài hạn của  không thể cản phá, canh rung lắc gia tăng tỷ trọng.",Positive,0.764
2025-07-08,,investor_878,FireAnt,"Thị trường chỉnh nhưng  vẫn giữ sắc xanh vững vàng, cổ phiếu kim cương!",Positive,0.547
2025-07-08,,investor_526,Facebook Group,"Khối ngoại tiếp tục mua ròng mạnh , tự tin nắm giữ trung hạn.",Positive,0.92
2025-07-09,,investor_319,F319,"Lệnh to vào quét sạch lệnh bán của , chuẩn bị đón cây CE rực rỡ!",Positive,0.638
2025-07-09,,investor_985,Facebook Group,"Thị trường xấu quá,  bị bán lan theo hiệu ứng tâm lý chung.",Negative,-0.492
2025-07-09,,investor_765,FireAnt,"Kỹ thuật tạo mô hình W đẹp tuyệt vời, RSI bứt phá ngưỡng 60, múc thôi.",Positive,0.788
2025-07-09,,investor_520,FireAnt,"Hôm nay là ngày giao dịch không hưởng quyền của , giá điều chỉnh kỹ thuật.",Neutral,0.112
2025-07-09,,investor_480,FireAnt,Tỷ lệ đòn bẩy margin của  tại các công ty chứng khoán vẫn ở mức an toàn.,Neutral,0.445
2025-07-09,,investor_174,24hMoney,"Kỹ thuật tạo mô hình W đẹp tuyệt vời, RSI bứt phá ngưỡng 60, múc thôi.",Positive,0.935
2025-07-09,,investor_314,F319,Khối tự doanh và khối ngoại mua bán cân bằng đối với mã .,Neutral,0.168
2025-07-09,,investor_637,F319,"Xu hướng tăng trung dài hạn của  không thể cản phá, canh rung lắc gia tăng tỷ trọng.",Positive,0.763
2025-07-10,,investor_897,24hMoney,"Dòng tiền lớn đã nhập cuộc , mục tiêu vượt đỉnh cũ sớm thôi anh em.",Positive,0.535
2025-07-10,,investor_599,F319,Tăng trưởng quý này có dấu hiệu chậm lại do chi phí vốn tăng cao.,Negative,-0.571
2025-07-10,,investor_457,FireAnt,"Áp lực chốt lời ngắn hạn đối với  đang tăng cao, cẩn trọng đu đỉnh.",Negative,-0.57
2025-07-10,,investor_343,FireAnt,Khối tự doanh và khối ngoại mua bán cân bằng đối với mã .,Neutral,0.264
2025-07-10,,investor_618,FireAnt,"Lệnh to vào quét sạch lệnh bán của , chuẩn bị đón cây CE rực rỡ!",Positive,0.866
2025-07-10,,investor_749,F319,"Lệnh to vào quét sạch lệnh bán của , chuẩn bị đón cây CE rực rỡ!",Positive,0.589
2025-07-10,,investor_919,F319,Khối tự doanh và khối ngoại mua bán cân bằng đối với mã .,Neutral,0.243
2025-07-10,,investor_615,F319,"Khối ngoại tiếp tục mua ròng mạnh , tự tin nắm giữ trung hạn.",Positive,0.676
2025-07-11,,investor_170,FireAnt,"Mã  kết quả kinh doanh quý này quá xuất sắc, doanh thu tăng trưởng 25%!",Positive,0.526
2025-07-11,,investor_864,24hMoney,Kỳ vọng  sẽ dẫn dắt VN-Index chinh phục mốc 1300 điểm.,Positive,0.544
2025-07-11,,investor_910,Facebook Group,"Thủng mốc hỗ trợ cứng rồi, anh em nên hạ tỷ trọng  bảo toàn vốn.",Negative,-0.496
2025-07-11,,investor_658,Facebook Group,"Mã  đang kiểm tra lại đường MA20, chưa có tín hiệu bứt phá rõ rệt.",Neutral,-0.012
2025-07-11,,investor_650,24hMoney,"Mã  kết quả kinh doanh quý này quá xuất sắc, doanh thu tăng trưởng 25%!",Positive,0.768
2025-07-11,,investor_743,FireAnt,"Xu hướng tăng trung dài hạn của  không thể cản phá, canh rung lắc gia tăng tỷ trọng.",Positive,0.711
2025-07-12,,investor_629,FireAnt,"Kỹ thuật tạo mô hình W đẹp tuyệt vời, RSI bứt phá ngưỡng 60, múc thôi.",Positive,0.856
2025-07-12,,investor_482,FireAnt,"Mã  kết quả kinh doanh quý này quá xuất sắc, doanh thu tăng trưởng 25%!",Positive,0.923
2025-07-12,,investor_681,24hMoney,Tăng trưởng quý này có dấu hiệu chậm lại do chi phí vốn tăng cao.,Negative,-0.676
2025-07-12,,investor_706,FireAnt,"Ban lãnh đạo  công bố kế hoạch chia cổ tức tiền mặt 30%, quá uy tín.",Positive,0.682
2025-07-12,,investor_328,24hMoney,"Áp lực chốt lời ngắn hạn đối với  đang tăng cao, cẩn trọng đu đỉnh.",Negative,-0.385
2025-07-12,,investor_345,F319,"Áp lực chốt lời ngắn hạn đối với  đang tăng cao, cẩn trọng đu đỉnh.",Negative,-0.931
2025-07-12,,investor_370,FireAnt,"Ban lãnh đạo  công bố kế hoạch chia cổ tức tiền mặt 30%, quá uy tín.",Positive,0.602
2025-07-12,,investor_373,Facebook Group,Khối tự doanh và khối ngoại mua bán cân bằng đối với mã .,Neutral,0.125
2025-07-13,,investor_463,Facebook Group,"Lệnh to vào quét sạch lệnh bán của , chuẩn bị đón cây CE rực rỡ!",Positive,0.838
2025-07-13,,investor_295,F319,"Khối ngoại tiếp tục mua ròng mạnh , tự tin nắm giữ trung hạn.",Positive,0.699
2025-07-13,,investor_271,Facebook Group,Chờ đợi báo cáo tài chính kiểm toán của  để đánh giá chính xác hơn.,Neutral,-0.06
2025-07-13,,investor_184,Facebook Group,Tỷ lệ đòn bẩy margin của  tại các công ty chứng khoán vẫn ở mức an toàn.,Neutral,0.363
2025-07-13,,investor_511,24hMoney,"Thị trường chỉnh nhưng  vẫn giữ sắc xanh vững vàng, cổ phiếu kim cương!",Positive,0.89
2025-07-14,,investor_528,FireAnt,"Lệnh to vào quét sạch lệnh bán của , chuẩn bị đón cây CE rực rỡ!",Positive,0.715
2025-07-14,,investor_152,24hMoney,"Lệnh to vào quét sạch lệnh bán của , chuẩn bị đón cây CE rực rỡ!",Positive,0.772
2025-07-14,,investor_882,Facebook Group,Khối ngoại quay đầu bán ròng  hơn 100 tỷ trong phiên sáng.,Negative,-0.494
2025-07-14,,investor_877,24hMoney,"Dòng tiền lớn đã nhập cuộc , mục tiêu vượt đỉnh cũ sớm thôi anh em.",Positive,0.574
2025-07-14,,investor_688,F319,Công nghệ AI và Cloud của  ký thêm nhiều hợp đồng triệu đô từ Nhật Bản.,Positive,0.769
2025-07-14,,investor_221,24hMoney,"Thị trường chỉnh nhưng  vẫn giữ sắc xanh vững vàng, cổ phiếu kim cương!",Positive,0.672
2025-07-15,,investor_954,24hMoney,Kỳ vọng  sẽ dẫn dắt VN-Index chinh phục mốc 1300 điểm.,Positive,0.512
2025-07-15,,investor_426,Facebook Group,"Hôm nay là ngày giao dịch không hưởng quyền của , giá điều chỉnh kỹ thuật.",Neutral,0.418
2025-07-15,,investor_507,F319,Khối tự doanh và khối ngoại mua bán cân bằng đối với mã .,Neutral,0.385
2025-07-15,,investor_468,F319,Thảo luận về tiềm năng mảng bán lẻ viễn thông của  trong giai đoạn tới.,Neutral,-0.073
2025-07-15,,investor_765,FireAnt,"Thị trường xấu quá,  bị bán lan theo hiệu ứng tâm lý chung.",Negative,-0.123
2025-07-15,,investor_890,Facebook Group,Tỷ lệ đòn bẩy margin của  tại các công ty chứng khoán vẫn ở mức an toàn.,Neutral,0.045
2025-07-16,,investor_289,F319,Chờ đợi báo cáo tài chính kiểm toán của  để đánh giá chính xác hơn.,Neutral,0.46
2025-07-16,,investor_191,Facebook Group,"Xu hướng tăng trung dài hạn của  không thể cản phá, canh rung lắc gia tăng tỷ trọng.",Positive,0.629
2025-07-16,,investor_331,24hMoney,"Xu hướng tăng trung dài hạn của  không thể cản phá, canh rung lắc gia tăng tỷ trọng.",Positive,0.845
2025-07-16,,investor_422,FireAnt,"Xu hướng tăng trung dài hạn của  không thể cản phá, canh rung lắc gia tăng tỷ trọng.",Positive,0.651
2025-07-16,,investor_705,F319,"Mức P/E của  hiện tại ở mức 18.5, tương đương mức định giá trung bình ngành.",Neutral,0.33
2025-07-16,,investor_949,Facebook Group,Công nghệ AI và Cloud của  ký thêm nhiều hợp đồng triệu đô từ Nhật Bản.,Positive,0.544
2025-07-16,,investor_274,Facebook Group,"Khối ngoại tiếp tục mua ròng mạnh , tự tin nắm giữ trung hạn.",Positive,0.764
2025-07-16,,investor_538,Facebook Group,Tỷ lệ đòn bẩy margin của  tại các công ty chứng khoán vẫn ở mức an toàn.,Neutral,0.158
2025-07-17,,investor_113,FireAnt,Tăng trưởng quý này có dấu hiệu chậm lại do chi phí vốn tăng cao.,Negative,-0.748
2025-07-17,,investor_662,Facebook Group,"Hôm nay  đi ngang tích lũy quanh vùng hỗ trợ, thanh khoản trung bình.",Neutral,0.189
2025-07-17,,investor_374,FireAnt,Tăng trưởng quý này có dấu hiệu chậm lại do chi phí vốn tăng cao.,Negative,-0.798
2025-07-17,,investor_798,F319,"Thị trường xấu quá,  bị bán lan theo hiệu ứng tâm lý chung.",Negative,-0.721
2025-07-17,,investor_225,F319,"Chỉ báo MACD của  phân kỳ âm, cảnh báo rủi ro điều chỉnh ngắn hạn.",Negative,-0.275
2025-07-18,,investor_267,24hMoney,"Mã  đang kiểm tra lại đường MA20, chưa có tín hiệu bứt phá rõ rệt.",Neutral,-0.017
2025-07-18,,investor_761,24hMoney,Khối tự doanh và khối ngoại mua bán cân bằng đối với mã .,Neutral,0.265
2025-07-18,,investor_335,Facebook Group,Thảo luận về tiềm năng mảng bán lẻ viễn thông của  trong giai đoạn tới.,Neutral,0.354
2025-07-18,,investor_184,F319,"Thanh khoản sụt giảm nghiêm trọng, lực cầu bắt đáy  còn khá yếu.",Negative,-0.211
2025-07-18,,investor_163,Facebook Group,"Dòng tiền lớn đã nhập cuộc , mục tiêu vượt đỉnh cũ sớm thôi anh em.",Positive,0.659
2025-07-18,,investor_954,Facebook Group,"Khối ngoại tiếp tục mua ròng mạnh , tự tin nắm giữ trung hạn.",Positive,0.688
2025-07-18,,investor_958,F319,"Thị trường chỉnh nhưng  vẫn giữ sắc xanh vững vàng, cổ phiếu kim cương!",Positive,0.712
2025-07-19,,investor_534,FireAnt,Kỳ vọng  sẽ dẫn dắt VN-Index chinh phục mốc 1300 điểm.,Positive,0.834
2025-07-19,,investor_446,F319,Công nghệ AI và Cloud của  ký thêm nhiều hợp đồng triệu đô từ Nhật Bản.,Positive,0.519
2025-07-19,,investor_189,24hMoney,"Hôm nay là ngày giao dịch không hưởng quyền của , giá điều chỉnh kỹ thuật.",Neutral,0.143
2025-07-19,,investor_759,F319,"Mức P/E của  hiện tại ở mức 18.5, tương đương mức định giá trung bình ngành.",Neutral,0.188
2025-07-19,,investor_636,FireAnt,"Thị trường xấu quá,  bị bán lan theo hiệu ứng tâm lý chung.",Negative,-0.899
2025-07-19,,investor_649,FireAnt,"Xu hướng tăng trung dài hạn của  không thể cản phá, canh rung lắc gia tăng tỷ trọng.",Positive,0.723
2025-07-20,,investor_602,F319,"Dòng tiền lớn đã nhập cuộc , mục tiêu vượt đỉnh cũ sớm thôi anh em.",Positive,0.547
2025-07-20,,investor_340,24hMoney,"Khối ngoại tiếp tục mua ròng mạnh , tự tin nắm giữ trung hạn.",Positive,0.541
2025-07-20,,investor_252,F319,"Mã  kết quả kinh doanh quý này quá xuất sắc, doanh thu tăng trưởng 25%!",Positive,0.735
2025-07-20,,investor_444,24hMoney,"Khối ngoại tiếp tục mua ròng mạnh , tự tin nắm giữ trung hạn.",Positive,0.555
2025-07-20,,investor_124,24hMoney,"Mã  đang kiểm tra lại đường MA20, chưa có tín hiệu bứt phá rõ rệt.",Neutral,0.378
2025-07-20,,investor_580,FireAnt,"Lệnh to vào quét sạch lệnh bán của , chuẩn bị đón cây CE rực rỡ!",Positive,0.615
2025-07-20,,investor_645,F319,"Khối ngoại tiếp tục mua ròng mạnh , tự tin nắm giữ trung hạn.",Positive,0.856
2025-07-21,,investor_963,F319,Khối tự doanh và khối ngoại mua bán cân bằng đối với mã .,Neutral,0.248
2025-07-21,,investor_109,FireAnt,"Lệnh to vào quét sạch lệnh bán của , chuẩn bị đón cây CE rực rỡ!",Positive,0.54
2025-07-21,,investor_855,F319,Thảo luận về tiềm năng mảng bán lẻ viễn thông của  trong giai đoạn tới.,Neutral,0.242
2025-07-21,,investor_267,F319,"Tây xả ròng rã cả tuần,  gãy trend tăng ngắn hạn rồi.",Negative,-0.938
2025-07-21,,investor_371,Facebook Group,"Mã  kết quả kinh doanh quý này quá xuất sắc, doanh thu tăng trưởng 25%!",Positive,0.632
2025-07-21,,investor_360,24hMoney,"Thị trường chỉnh nhưng  vẫn giữ sắc xanh vững vàng, cổ phiếu kim cương!",Positive,0.899
2025-07-21,,investor_624,24hMoney,"Chỉ báo MACD của  phân kỳ âm, cảnh báo rủi ro điều chỉnh ngắn hạn.",Negative,-0.206
2025-07-22,,investor_107,Facebook Group,Tỷ lệ đòn bẩy margin của  tại các công ty chứng khoán vẫn ở mức an toàn.,Neutral,0.023
2025-07-22,,investor_216,Facebook Group,"Xu hướng tăng trung dài hạn của  không thể cản phá, canh rung lắc gia tăng tỷ trọng.",Positive,0.604
2025-07-22,,investor_475,F319,"Kỹ thuật tạo mô hình W đẹp tuyệt vời, RSI bứt phá ngưỡng 60, múc thôi.",Positive,0.562
2025-07-22,,investor_172,24hMoney,Thảo luận về tiềm năng mảng bán lẻ viễn thông của  trong giai đoạn tới.,Neutral,0.041
2025-07-23,,investor_907,24hMoney,"Mức P/E của  hiện tại ở mức 18.5, tương đương mức định giá trung bình ngành.",Neutral,0.45
2025-07-23,,investor_296,Facebook Group,"Mã  đang kiểm tra lại đường MA20, chưa có tín hiệu bứt phá rõ rệt.",Neutral,0.451
2025-07-23,,investor_847,Facebook Group,"Kỹ thuật tạo mô hình W đẹp tuyệt vời, RSI bứt phá ngưỡng 60, múc thôi.",Positive,0.568
2025-07-23,,investor_970,24hMoney,"Lệnh to vào quét sạch lệnh bán của , chuẩn bị đón cây CE rực rỡ!",Positive,0.802
2025-07-24,,investor_693,Facebook Group,"Mã  đang kiểm tra lại đường MA20, chưa có tín hiệu bứt phá rõ rệt.",Neutral,0.117
2025-07-24,,investor_825,Facebook Group,"Mã  đang kiểm tra lại đường MA20, chưa có tín hiệu bứt phá rõ rệt.",Neutral,0.34
2025-07-24,,investor_460,24hMoney,Kỳ vọng  sẽ dẫn dắt VN-Index chinh phục mốc 1300 điểm.,Positive,0.736
2025-07-24,,investor_282,FireAnt,"Mã  đang kiểm tra lại đường MA20, chưa có tín hiệu bứt phá rõ rệt.",Neutral,0.091
2025-07-25,,investor_404,F319,"Mã  đang kiểm tra lại đường MA20, chưa có tín hiệu bứt phá rõ rệt.",Neutral,0.279
2025-07-25,,investor_683,FireAnt,"Thủng mốc hỗ trợ cứng rồi, anh em nên hạ tỷ trọng  bảo toàn vốn.",Negative,-0.725
2025-07-25,,investor_372,Facebook Group,"Lệnh to vào quét sạch lệnh bán của , chuẩn bị đón cây CE rực rỡ!",Positive,0.864
2025-07-26,,investor_647,F319,Khối ngoại quay đầu bán ròng  hơn 100 tỷ trong phiên sáng.,Negative,-0.23
2025-07-26,,investor_384,FireAnt,Tăng trưởng quý này có dấu hiệu chậm lại do chi phí vốn tăng cao.,Negative,-0.868
2025-07-26,,investor_430,FireAnt,Kỳ vọng  sẽ dẫn dắt VN-Index chinh phục mốc 1300 điểm.,Positive,0.725
2025-07-26,,investor_174,FireAnt,"Dòng tiền lớn đã nhập cuộc , mục tiêu vượt đỉnh cũ sớm thôi anh em.",Positive,0.638
2025-07-26,,investor_665,24hMoney,"Ban lãnh đạo  công bố kế hoạch chia cổ tức tiền mặt 30%, quá uy tín.",Positive,0.7
2025-07-26,,investor_887,24hMoney,"Dòng tiền lớn đã nhập cuộc , mục tiêu vượt đỉnh cũ sớm thôi anh em.",Positive,0.925
2025-07-26,,investor_720,F319,"Xu hướng tăng trung dài hạn của  không thể cản phá, canh rung lắc gia tăng tỷ trọng.",Positive,0.886
2025-07-27,,investor_134,Facebook Group,"Thị trường chung đang giằng co,  dao động trong biên độ hẹp 1-2%.",Neutral,0.3
2025-07-27,,investor_382,F319,"Mức P/E của  hiện tại ở mức 18.5, tương đương mức định giá trung bình ngành.",Neutral,0.081
2025-07-27,,investor_652,Facebook Group,"Thị trường chỉnh nhưng  vẫn giữ sắc xanh vững vàng, cổ phiếu kim cương!",Positive,0.882
2025-07-27,,investor_674,24hMoney,Khối ngoại quay đầu bán ròng  hơn 100 tỷ trong phiên sáng.,Negative,-0.489
2025-07-27,,investor_838,24hMoney,"Hôm nay  đi ngang tích lũy quanh vùng hỗ trợ, thanh khoản trung bình.",Neutral,0.082
2025-07-27,,investor_786,FireAnt,"Thị trường xấu quá,  bị bán lan theo hiệu ứng tâm lý chung.",Negative,-0.253
2025-07-27,,investor_991,24hMoney,"Mã  kết quả kinh doanh quý này quá xuất sắc, doanh thu tăng trưởng 25%!",Positive,0.711
2025-07-28,,investor_434,Facebook Group,"Khối ngoại tiếp tục mua ròng mạnh , tự tin nắm giữ trung hạn.",Positive,0.684
2025-07-28,,investor_346,24hMoney,"Thị trường xấu quá,  bị bán lan theo hiệu ứng tâm lý chung.",Negative,-0.38
2025-07-28,,investor_965,24hMoney,Tỷ lệ đòn bẩy margin của  tại các công ty chứng khoán vẫn ở mức an toàn.,Neutral,0.271
2025-07-28,,investor_321,24hMoney,"Thanh khoản sụt giảm nghiêm trọng, lực cầu bắt đáy  còn khá yếu.",Negative,-0.461
2025-07-28,,investor_448,FireAnt,Tỷ lệ đòn bẩy margin của  tại các công ty chứng khoán vẫn ở mức an toàn.,Neutral,0.476
2025-07-28,,investor_803,F319,"Thị trường chỉnh nhưng  vẫn giữ sắc xanh vững vàng, cổ phiếu kim cương!",Positive,0.708
2025-07-29,,investor_485,F319,Công nghệ AI và Cloud của  ký thêm nhiều hợp đồng triệu đô từ Nhật Bản.,Positive,0.942
2025-07-29,,investor_696,F319,"Kỹ thuật tạo mô hình W đẹp tuyệt vời, RSI bứt phá ngưỡng 60, múc thôi.",Positive,0.891
2025-07-29,,investor_733,24hMoney,Chờ đợi báo cáo tài chính kiểm toán của  để đánh giá chính xác hơn.,Neutral,0.015
2025-07-30,,investor_229,24hMoney,"Thị trường chỉnh nhưng  vẫn giữ sắc xanh vững vàng, cổ phiếu kim cương!",Positive,0.625
2025-07-30,,investor_692,Facebook Group,Khối tự doanh và khối ngoại mua bán cân bằng đối với mã .,Neutral,0.089
2025-07-30,,investor_627,Facebook Group,"Thanh khoản sụt giảm nghiêm trọng, lực cầu bắt đáy  còn khá yếu.",Negative,-0.732
2025-07-31,,investor_933,F319,Tỷ lệ đòn bẩy margin của  tại các công ty chứng khoán vẫn ở mức an toàn.,Neutral,0.182
2025-07-31,,investor_377,FireAnt,Khối tự doanh và khối ngoại mua bán cân bằng đối với mã .,Neutral,0.203
2025-07-31,,investor_629,Facebook Group,"Mã  kết quả kinh doanh quý này quá xuất sắc, doanh thu tăng trưởng 25%!",Positive,0.554
2025-08-01,,investor_359,F319,"Kỹ thuật tạo mô hình W đẹp tuyệt vời, RSI bứt phá ngưỡng 60, múc thôi.",Positive,0.818
2025-08-01,,investor_383,FireAnt,"Mã  kết quả kinh doanh quý này quá xuất sắc, doanh thu tăng trưởng 25%!",Positive,0.669
2025-08-01,,investor_417,24hMoney,Công nghệ AI và Cloud của  ký thêm nhiều hợp đồng triệu đô từ Nhật Bản.,Positive,0.516
2025-08-02,,investor_724,F319,Kỳ vọng  sẽ dẫn dắt VN-Index chinh phục mốc 1300 điểm.,Positive,0.585
2025-08-02,,investor_328,Facebook Group,"Mã  kết quả kinh doanh quý này quá xuất sắc, doanh thu tăng trưởng 25%!",Positive,0.703
2025-08-02,,investor_281,Facebook Group,Chờ đợi báo cáo tài chính kiểm toán của  để đánh giá chính xác hơn.,Neutral,0.2
2025-08-02,,investor_934,Facebook Group,"Kỹ thuật tạo mô hình W đẹp tuyệt vời, RSI bứt phá ngưỡng 60, múc thôi.",Positive,0.741
2025-08-03,,investor_605,F319,Tăng trưởng quý này có dấu hiệu chậm lại do chi phí vốn tăng cao.,Negative,-0.316
2025-08-03,,investor_462,F319,Khối ngoại quay đầu bán ròng  hơn 100 tỷ trong phiên sáng.,Negative,-0.615
2025-08-03,,investor_795,Facebook Group,"Mã  đang kiểm tra lại đường MA20, chưa có tín hiệu bứt phá rõ rệt.",Neutral,0.104
2025-08-03,,investor_939,F319,Công nghệ AI và Cloud của  ký thêm nhiều hợp đồng triệu đô từ Nhật Bản.,Positive,0.907
2025-08-04,,investor_182,FireAnt,"Thị trường chỉnh nhưng  vẫn giữ sắc xanh vững vàng, cổ phiếu kim cương!",Positive,0.605
2025-08-04,,investor_673,FireAnt,"Mã  đang kiểm tra lại đường MA20, chưa có tín hiệu bứt phá rõ rệt.",Neutral,0.072
2025-08-04,,investor_524,FireAnt,"Dòng tiền lớn đã nhập cuộc , mục tiêu vượt đỉnh cũ sớm thôi anh em.",Positive,0.94
2025-08-04,,investor_858,FireAnt,"Khối ngoại tiếp tục mua ròng mạnh , tự tin nắm giữ trung hạn.",Positive,0.929
2025-08-04,,investor_306,FireAnt,"Xu hướng tăng trung dài hạn của  không thể cản phá, canh rung lắc gia tăng tỷ trọng.",Positive,0.644
2025-08-04,,investor_668,24hMoney,"Tây xả ròng rã cả tuần,  gãy trend tăng ngắn hạn rồi.",Negative,-0.347
2025-08-04,,investor_919,F319,"Mã  kết quả kinh doanh quý này quá xuất sắc, doanh thu tăng trưởng 25%!",Positive,0.842
2025-08-04,,investor_996,Facebook Group,"Mã  đang kiểm tra lại đường MA20, chưa có tín hiệu bứt phá rõ rệt.",Neutral,-0.054
2025-08-05,,investor_153,24hMoney,"Chỉ báo MACD của  phân kỳ âm, cảnh báo rủi ro điều chỉnh ngắn hạn.",Negative,-0.808
2025-08-05,,investor_685,24hMoney,"Kỹ thuật tạo mô hình W đẹp tuyệt vời, RSI bứt phá ngưỡng 60, múc thôi.",Positive,0.552
2025-08-05,,investor_490,24hMoney,"Tây xả ròng rã cả tuần,  gãy trend tăng ngắn hạn rồi.",Negative,-0.262
2025-08-05,,investor_913,F319,Chờ đợi báo cáo tài chính kiểm toán của  để đánh giá chính xác hơn.,Neutral,0.197
2025-08-05,,investor_707,Facebook Group,"Thị trường chỉnh nhưng  vẫn giữ sắc xanh vững vàng, cổ phiếu kim cương!",Positive,0.745
2025-08-05,,investor_584,24hMoney,"Hôm nay  đi ngang tích lũy quanh vùng hỗ trợ, thanh khoản trung bình.",Neutral,0.015
2025-08-05,,investor_228,FireAnt,"Thị trường chung đang giằng co,  dao động trong biên độ hẹp 1-2%.",Neutral,0.336
2025-08-06,,investor_144,F319,Công nghệ AI và Cloud của  ký thêm nhiều hợp đồng triệu đô từ Nhật Bản.,Positive,0.857
2025-08-06,,investor_946,24hMoney,"Thị trường chỉnh nhưng  vẫn giữ sắc xanh vững vàng, cổ phiếu kim cương!",Positive,0.623
2025-08-06,,investor_720,Facebook Group,"Thị trường xấu quá,  bị bán lan theo hiệu ứng tâm lý chung.",Negative,-0.333
2025-08-06,,investor_666,FireAnt,"Khối ngoại tiếp tục mua ròng mạnh , tự tin nắm giữ trung hạn.",Positive,0.927
2025-08-06,,investor_819,FireAnt,"Thị trường chỉnh nhưng  vẫn giữ sắc xanh vững vàng, cổ phiếu kim cương!",Positive,0.942
2025-08-06,,investor_954,F319,"Dòng tiền lớn đã nhập cuộc , mục tiêu vượt đỉnh cũ sớm thôi anh em.",Positive,0.846
2025-08-06,,investor_682,Facebook Group,"Thị trường chỉnh nhưng  vẫn giữ sắc xanh vững vàng, cổ phiếu kim cương!",Positive,0.922
2025-08-07,,investor_716,F319,"Mức P/E của  hiện tại ở mức 18.5, tương đương mức định giá trung bình ngành.",Neutral,0.377
2025-08-07,,investor_202,FireAnt,Khối tự doanh và khối ngoại mua bán cân bằng đối với mã .,Neutral,0.296
2025-08-07,,investor_225,24hMoney,"Kỹ thuật tạo mô hình W đẹp tuyệt vời, RSI bứt phá ngưỡng 60, múc thôi.",Positive,0.768
2025-08-07,,investor_918,24hMoney,"Lệnh to vào quét sạch lệnh bán của , chuẩn bị đón cây CE rực rỡ!",Positive,0.589
2025-08-08,,investor_931,FireAnt,"Hôm nay  đi ngang tích lũy quanh vùng hỗ trợ, thanh khoản trung bình.",Neutral,0.311
2025-08-08,,investor_213,Facebook Group,"Kỹ thuật tạo mô hình W đẹp tuyệt vời, RSI bứt phá ngưỡng 60, múc thôi.",Positive,0.713
2025-08-08,,investor_611,Facebook Group,Công nghệ AI và Cloud của  ký thêm nhiều hợp đồng triệu đô từ Nhật Bản.,Positive,0.59
2025-08-08,,investor_200,24hMoney,Tỷ lệ đòn bẩy margin của  tại các công ty chứng khoán vẫn ở mức an toàn.,Neutral,0.404
2025-08-08,,investor_523,FireAnt,Kỳ vọng  sẽ dẫn dắt VN-Index chinh phục mốc 1300 điểm.,Positive,0.674
2025-08-08,,investor_924,FireAnt,"Ban lãnh đạo  công bố kế hoạch chia cổ tức tiền mặt 30%, quá uy tín.",Positive,0.54
2025-08-09,,investor_436,F319,"Kỹ thuật tạo mô hình W đẹp tuyệt vời, RSI bứt phá ngưỡng 60, múc thôi.",Positive,0.866
2025-08-09,,investor_814,F319,Kỳ vọng  sẽ dẫn dắt VN-Index chinh phục mốc 1300 điểm.,Positive,0.935
2025-08-09,,investor_685,F319,Thảo luận về tiềm năng mảng bán lẻ viễn thông của  trong giai đoạn tới.,Neutral,0.422
2025-08-10,,investor_656,FireAnt,"Ban lãnh đạo  công bố kế hoạch chia cổ tức tiền mặt 30%, quá uy tín.",Positive,0.575
2025-08-10,,investor_437,Facebook Group,"Kỹ thuật tạo mô hình W đẹp tuyệt vời, RSI bứt phá ngưỡng 60, múc thôi.",Positive,0.901
2025-08-10,,investor_304,Facebook Group,Tỷ lệ đòn bẩy margin của  tại các công ty chứng khoán vẫn ở mức an toàn.,Neutral,0.252
2025-08-11,,investor_957,24hMoney,"Dòng tiền lớn đã nhập cuộc , mục tiêu vượt đỉnh cũ sớm thôi anh em.",Positive,0.602
2025-08-11,,investor_437,24hMoney,"Mã  kết quả kinh doanh quý này quá xuất sắc, doanh thu tăng trưởng 25%!",Positive,0.811
2025-08-11,,investor_886,F319,"Lệnh to vào quét sạch lệnh bán của , chuẩn bị đón cây CE rực rỡ!",Positive,0.658
2025-08-11,,investor_930,Facebook Group,Kỳ vọng  sẽ dẫn dắt VN-Index chinh phục mốc 1300 điểm.,Positive,0.694
2025-08-11,,investor_811,24hMoney,"Dòng tiền lớn đã nhập cuộc , mục tiêu vượt đỉnh cũ sớm thôi anh em.",Positive,0.882
2025-08-12,,investor_967,24hMoney,Tăng trưởng quý này có dấu hiệu chậm lại do chi phí vốn tăng cao.,Negative,-0.427
2025-08-12,,investor_660,F319,"Mã  kết quả kinh doanh quý này quá xuất sắc, doanh thu tăng trưởng 25%!",Positive,0.835
2025-08-12,,investor_299,F319,"Lệnh to vào quét sạch lệnh bán của , chuẩn bị đón cây CE rực rỡ!",Positive,0.803
2025-08-12,,investor_435,Facebook Group,"Kỹ thuật tạo mô hình W đẹp tuyệt vời, RSI bứt phá ngưỡng 60, múc thôi.",Positive,0.779
2025-08-12,,investor_260,FireAnt,"Mức P/E của  hiện tại ở mức 18.5, tương đương mức định giá trung bình ngành.",Neutral,0.222
2025-08-12,,investor_535,24hMoney,"Dòng tiền lớn đã nhập cuộc , mục tiêu vượt đỉnh cũ sớm thôi anh em.",Positive,0.671
2025-08-13,,investor_239,FireAnt,"Mã  kết quả kinh doanh quý này quá xuất sắc, doanh thu tăng trưởng 25%!",Positive,0.776
2025-08-13,,investor_993,FireAnt,Thảo luận về tiềm năng mảng bán lẻ viễn thông của  trong giai đoạn tới.,Neutral,0.317
2025-08-13,,investor_677,FireAnt,"Thị trường chung đang giằng co,  dao động trong biên độ hẹp 1-2%.",Neutral,0.201
2025-08-13,,investor_436,FireAnt,"Tây xả ròng rã cả tuần,  gãy trend tăng ngắn hạn rồi.",Negative,-0.746
2025-08-13,,investor_798,FireAnt,"Kỹ thuật tạo mô hình W đẹp tuyệt vời, RSI bứt phá ngưỡng 60, múc thôi.",Positive,0.832
2025-08-13,,investor_611,24hMoney,Chờ đợi báo cáo tài chính kiểm toán của  để đánh giá chính xác hơn.,Neutral,0.331
2025-08-13,,investor_291,24hMoney,Công nghệ AI và Cloud của  ký thêm nhiều hợp đồng triệu đô từ Nhật Bản.,Positive,0.639
2025-08-14,,investor_833,F319,Công nghệ AI và Cloud của  ký thêm nhiều hợp đồng triệu đô từ Nhật Bản.,Positive,0.879
2025-08-14,,investor_873,24hMoney,"Dòng tiền lớn đã nhập cuộc , mục tiêu vượt đỉnh cũ sớm thôi anh em.",Positive,0.713
2025-08-14,,investor_746,Facebook Group,"Thanh khoản sụt giảm nghiêm trọng, lực cầu bắt đáy  còn khá yếu.",Negative,-0.876
2025-08-14,,investor_477,F319,"Mã  đang kiểm tra lại đường MA20, chưa có tín hiệu bứt phá rõ rệt.",Neutral,0.062
2025-08-14,,investor_192,FireAnt,"Mã  đang kiểm tra lại đường MA20, chưa có tín hiệu bứt phá rõ rệt.",Neutral,0.216
2025-08-14,,investor_988,Facebook Group,"Ban lãnh đạo  công bố kế hoạch chia cổ tức tiền mặt 30%, quá uy tín.",Positive,0.519
2025-08-14,,investor_730,FireAnt,"Mã  đang kiểm tra lại đường MA20, chưa có tín hiệu bứt phá rõ rệt.",Neutral,0.448
2025-08-14,,investor_463,Facebook Group,Công nghệ AI và Cloud của  ký thêm nhiều hợp đồng triệu đô từ Nhật Bản.,Positive,0.813
2025-08-15,,investor_756,Facebook Group,"Hôm nay  đi ngang tích lũy quanh vùng hỗ trợ, thanh khoản trung bình.",Neutral,0.385
2025-08-15,,investor_615,FireAnt,"Thị trường chỉnh nhưng  vẫn giữ sắc xanh vững vàng, cổ phiếu kim cương!",Positive,0.74
2025-08-15,,investor_220,24hMoney,Công nghệ AI và Cloud của  ký thêm nhiều hợp đồng triệu đô từ Nhật Bản.,Positive,0.671
2025-08-15,,investor_429,FireAnt,"Hôm nay  đi ngang tích lũy quanh vùng hỗ trợ, thanh khoản trung bình.",Neutral,-0.027
2025-08-15,,investor_994,24hMoney,"Xu hướng tăng trung dài hạn của  không thể cản phá, canh rung lắc gia tăng tỷ trọng.",Positive,0.648
2025-08-15,,investor_839,FireAnt,"Ban lãnh đạo  công bố kế hoạch chia cổ tức tiền mặt 30%, quá uy tín.",Positive,0.738
2025-08-15,,investor_576,FireAnt,"Thị trường xấu quá,  bị bán lan theo hiệu ứng tâm lý chung.",Negative,-0.734
2025-08-15,,investor_853,F319,Công nghệ AI và Cloud của  ký thêm nhiều hợp đồng triệu đô từ Nhật Bản.,Positive,0.796
2025-08-16,,investor_119,24hMoney,"Mức P/E của  hiện tại ở mức 18.5, tương đương mức định giá trung bình ngành.",Neutral,0.105
2025-08-16,,investor_521,FireAnt,"Lệnh to vào quét sạch lệnh bán của , chuẩn bị đón cây CE rực rỡ!",Positive,0.63
2025-08-16,,investor_474,FireAnt,"Lệnh to vào quét sạch lệnh bán của , chuẩn bị đón cây CE rực rỡ!",Positive,0.714
2025-08-16,,investor_393,24hMoney,"Khối ngoại tiếp tục mua ròng mạnh , tự tin nắm giữ trung hạn.",Positive,0.749
2025-08-16,,investor_347,FireAnt,"Ban lãnh đạo  công bố kế hoạch chia cổ tức tiền mặt 30%, quá uy tín.",Positive,0.803
2025-08-16,,investor_900,Facebook Group,Thảo luận về tiềm năng mảng bán lẻ viễn thông của  trong giai đoạn tới.,Neutral,0.04
2025-08-16,,investor_451,24hMoney,"Thị trường chung đang giằng co,  dao động trong biên độ hẹp 1-2%.",Neutral,0.343
2025-08-16,,investor_279,FireAnt,"Xu hướng tăng trung dài hạn của  không thể cản phá, canh rung lắc gia tăng tỷ trọng.",Positive,0.588
2025-08-17,,investor_156,24hMoney,Chờ đợi báo cáo tài chính kiểm toán của  để đánh giá chính xác hơn.,Neutral,-0.03
2025-08-17,,investor_331,F319,"Thị trường chỉnh nhưng  vẫn giữ sắc xanh vững vàng, cổ phiếu kim cương!",Positive,0.672
2025-08-17,,investor_328,FireAnt,"Áp lực chốt lời ngắn hạn đối với  đang tăng cao, cẩn trọng đu đỉnh.",Negative,-0.73
2025-08-17,,investor_501,FireAnt,Khối tự doanh và khối ngoại mua bán cân bằng đối với mã .,Neutral,0.408
2025-08-18,,investor_442,24hMoney,"Ban lãnh đạo  công bố kế hoạch chia cổ tức tiền mặt 30%, quá uy tín.",Positive,0.548
2025-08-18,,investor_263,F319,Khối ngoại quay đầu bán ròng  hơn 100 tỷ trong phiên sáng.,Negative,-0.22
2025-08-18,,investor_141,Facebook Group,"Thị trường chung đang giằng co,  dao động trong biên độ hẹp 1-2%.",Neutral,0.314
2025-08-18,,investor_350,FireAnt,"Mức P/E của  hiện tại ở mức 18.5, tương đương mức định giá trung bình ngành.",Neutral,0.071
2025-08-18,,investor_920,F319,"Khối ngoại tiếp tục mua ròng mạnh , tự tin nắm giữ trung hạn.",Positive,0.543
2025-08-18,,investor_509,FireAnt,"Ban lãnh đạo  công bố kế hoạch chia cổ tức tiền mặt 30%, quá uy tín.",Positive,0.911
2025-08-18,,investor_189,24hMoney,"Dòng tiền lớn đã nhập cuộc , mục tiêu vượt đỉnh cũ sớm thôi anh em.",Positive,0.643
2025-08-18,,investor_207,24hMoney,Chờ đợi báo cáo tài chính kiểm toán của  để đánh giá chính xác hơn.,Neutral,0.204
2025-08-19,,investor_738,F319,"Khối ngoại tiếp tục mua ròng mạnh , tự tin nắm giữ trung hạn.",Positive,0.771
2025-08-19,,investor_353,24hMoney,"Thị trường chỉnh nhưng  vẫn giữ sắc xanh vững vàng, cổ phiếu kim cương!",Positive,0.883
2025-08-19,,investor_616,Facebook Group,"Chỉ báo MACD của  phân kỳ âm, cảnh báo rủi ro điều chỉnh ngắn hạn.",Negative,-0.815
2025-08-19,,investor_465,FireAnt,"Chỉ báo MACD của  phân kỳ âm, cảnh báo rủi ro điều chỉnh ngắn hạn.",Negative,-0.426
2025-08-20,,investor_354,Facebook Group,"Dòng tiền lớn đã nhập cuộc , mục tiêu vượt đỉnh cũ sớm thôi anh em.",Positive,0.801
2025-08-20,,investor_110,24hMoney,"Mã  kết quả kinh doanh quý này quá xuất sắc, doanh thu tăng trưởng 25%!",Positive,0.84
2025-08-20,,investor_595,F319,"Hôm nay là ngày giao dịch không hưởng quyền của , giá điều chỉnh kỹ thuật.",Neutral,-0.076
2025-08-20,,investor_560,Facebook Group,Kỳ vọng  sẽ dẫn dắt VN-Index chinh phục mốc 1300 điểm.,Positive,0.943
2025-08-21,,investor_715,24hMoney,"Kỹ thuật tạo mô hình W đẹp tuyệt vời, RSI bứt phá ngưỡng 60, múc thôi.",Positive,0.846
2025-08-21,,investor_701,F319,"Thị trường xấu quá,  bị bán lan theo hiệu ứng tâm lý chung.",Negative,-0.683
2025-08-21,,investor_623,F319,"Xu hướng tăng trung dài hạn của  không thể cản phá, canh rung lắc gia tăng tỷ trọng.",Positive,0.517
2025-08-21,,investor_198,F319,"Thanh khoản sụt giảm nghiêm trọng, lực cầu bắt đáy  còn khá yếu.",Negative,-0.624
2025-08-21,,investor_717,F319,"Tây xả ròng rã cả tuần,  gãy trend tăng ngắn hạn rồi.",Negative,-0.793
2025-08-22,,investor_280,F319,"Kỹ thuật tạo mô hình W đẹp tuyệt vời, RSI bứt phá ngưỡng 60, múc thôi.",Positive,0.922
2025-08-22,,investor_867,Facebook Group,"Ban lãnh đạo  công bố kế hoạch chia cổ tức tiền mặt 30%, quá uy tín.",Positive,0.782
2025-08-22,,investor_498,F319,Công nghệ AI và Cloud của  ký thêm nhiều hợp đồng triệu đô từ Nhật Bản.,Positive,0.859
2025-08-22,,investor_495,FireAnt,"Lệnh to vào quét sạch lệnh bán của , chuẩn bị đón cây CE rực rỡ!",Positive,0.609
2025-08-23,,investor_380,Facebook Group,"Thị trường xấu quá,  bị bán lan theo hiệu ứng tâm lý chung.",Negative,-0.911
2025-08-23,,investor_620,F319,"Dòng tiền lớn đã nhập cuộc , mục tiêu vượt đỉnh cũ sớm thôi anh em.",Positive,0.861
2025-08-23,,investor_162,F319,Tăng trưởng quý này có dấu hiệu chậm lại do chi phí vốn tăng cao.,Negative,-0.328
2025-08-23,,investor_960,F319,"Kỹ thuật tạo mô hình W đẹp tuyệt vời, RSI bứt phá ngưỡng 60, múc thôi.",Positive,0.84
2025-08-23,,investor_435,24hMoney,"Lệnh to vào quét sạch lệnh bán của , chuẩn bị đón cây CE rực rỡ!",Positive,0.609
2025-08-23,,investor_266,24hMoney,"Mã  kết quả kinh doanh quý này quá xuất sắc, doanh thu tăng trưởng 25%!",Positive,0.63
2025-08-24,,investor_785,FireAnt,Kỳ vọng  sẽ dẫn dắt VN-Index chinh phục mốc 1300 điểm.,Positive,0.929
2025-08-24,,investor_249,24hMoney,Khối tự doanh và khối ngoại mua bán cân bằng đối với mã .,Neutral,-0.09
2025-08-24,,investor_314,FireAnt,"Mức P/E của  hiện tại ở mức 18.5, tương đương mức định giá trung bình ngành.",Neutral,0.142
2025-08-24,,investor_338,Facebook Group,Tăng trưởng quý này có dấu hiệu chậm lại do chi phí vốn tăng cao.,Negative,-0.84
2025-08-25,,investor_479,FireAnt,"Hôm nay  đi ngang tích lũy quanh vùng hỗ trợ, thanh khoản trung bình.",Neutral,0.406
2025-08-25,,investor_563,24hMoney,"Thị trường chung đang giằng co,  dao động trong biên độ hẹp 1-2%.",Neutral,0.371
2025-08-25,,investor_313,F319,"Dòng tiền lớn đã nhập cuộc , mục tiêu vượt đỉnh cũ sớm thôi anh em.",Positive,0.714
2025-08-25,,investor_735,F319,"Thị trường chỉnh nhưng  vẫn giữ sắc xanh vững vàng, cổ phiếu kim cương!",Positive,0.888
2025-08-25,,investor_962,24hMoney,"Kỹ thuật tạo mô hình W đẹp tuyệt vời, RSI bứt phá ngưỡng 60, múc thôi.",Positive,0.514
2025-08-26,,investor_250,24hMoney,"Tây xả ròng rã cả tuần,  gãy trend tăng ngắn hạn rồi.",Negative,-0.482
2025-08-26,,investor_136,F319,"Mã  kết quả kinh doanh quý này quá xuất sắc, doanh thu tăng trưởng 25%!",Positive,0.681
2025-08-26,,investor_967,24hMoney,"Thị trường chung đang giằng co,  dao động trong biên độ hẹp 1-2%.",Neutral,0.263
2025-08-26,,investor_860,24hMoney,"Mức P/E của  hiện tại ở mức 18.5, tương đương mức định giá trung bình ngành.",Neutral,0.178
2025-08-27,,investor_154,FireAnt,"Ban lãnh đạo  công bố kế hoạch chia cổ tức tiền mặt 30%, quá uy tín.",Positive,0.923
2025-08-27,,investor_552,FireAnt,"Thị trường chỉnh nhưng  vẫn giữ sắc xanh vững vàng, cổ phiếu kim cương!",Positive,0.648
2025-08-27,,investor_504,24hMoney,"Dòng tiền lớn đã nhập cuộc , mục tiêu vượt đỉnh cũ sớm thôi anh em.",Positive,0.819
2025-08-27,,investor_129,F319,"Ban lãnh đạo  công bố kế hoạch chia cổ tức tiền mặt 30%, quá uy tín.",Positive,0.933
2025-08-27,,investor_796,FireAnt,"Lệnh to vào quét sạch lệnh bán của , chuẩn bị đón cây CE rực rỡ!",Positive,0.521
2025-08-27,,investor_270,Facebook Group,Công nghệ AI và Cloud của  ký thêm nhiều hợp đồng triệu đô từ Nhật Bản.,Positive,0.773
2025-08-27,,investor_708,FireAnt,Kỳ vọng  sẽ dẫn dắt VN-Index chinh phục mốc 1300 điểm.,Positive,0.753
2025-08-28,,investor_924,F319,Khối tự doanh và khối ngoại mua bán cân bằng đối với mã .,Neutral,0.482
2025-08-28,,investor_337,Facebook Group,Thảo luận về tiềm năng mảng bán lẻ viễn thông của  trong giai đoạn tới.,Neutral,0.188
2025-08-28,,investor_255,F319,"Xu hướng tăng trung dài hạn của  không thể cản phá, canh rung lắc gia tăng tỷ trọng.",Positive,0.746
2025-08-28,,investor_156,F319,Công nghệ AI và Cloud của  ký thêm nhiều hợp đồng triệu đô từ Nhật Bản.,Positive,0.761
2025-08-28,,investor_486,FireAnt,"Chỉ báo MACD của  phân kỳ âm, cảnh báo rủi ro điều chỉnh ngắn hạn.",Negative,-0.354
2025-08-28,,investor_252,Facebook Group,"Mã  đang kiểm tra lại đường MA20, chưa có tín hiệu bứt phá rõ rệt.",Neutral,-0.051
2025-08-28,,investor_535,24hMoney,"Kỹ thuật tạo mô hình W đẹp tuyệt vời, RSI bứt phá ngưỡng 60, múc thôi.",Positive,0.529
2025-08-29,,investor_297,Facebook Group,"Thanh khoản sụt giảm nghiêm trọng, lực cầu bắt đáy  còn khá yếu.",Negative,-0.553
2025-08-29,,investor_948,F319,"Xu hướng tăng trung dài hạn của  không thể cản phá, canh rung lắc gia tăng tỷ trọng.",Positive,0.656
2025-08-29,,investor_217,Facebook Group,"Tây xả ròng rã cả tuần,  gãy trend tăng ngắn hạn rồi.",Negative,-0.153
2025-08-29,,investor_116,Facebook Group,Tỷ lệ đòn bẩy margin của  tại các công ty chứng khoán vẫn ở mức an toàn.,Neutral,0.456
2025-08-29,,investor_118,F319,"Kỹ thuật tạo mô hình W đẹp tuyệt vời, RSI bứt phá ngưỡng 60, múc thôi.",Positive,0.702
2025-08-29,,investor_862,Facebook Group,Công nghệ AI và Cloud của  ký thêm nhiều hợp đồng triệu đô từ Nhật Bản.,Positive,0.89
2025-08-29,,investor_808,FireAnt,"Thị trường chung đang giằng co,  dao động trong biên độ hẹp 1-2%.",Neutral,0.139
2025-08-30,,investor_406,24hMoney,"Thị trường xấu quá,  bị bán lan theo hiệu ứng tâm lý chung.",Negative,-0.9
2025-08-30,,investor_822,24hMoney,Tỷ lệ đòn bẩy margin của  tại các công ty chứng khoán vẫn ở mức an toàn.,Neutral,0.204
2025-08-30,,investor_378,F319,"Dòng tiền lớn đã nhập cuộc , mục tiêu vượt đỉnh cũ sớm thôi anh em.",Positive,0.883
2025-08-30,,investor_370,24hMoney,"Áp lực chốt lời ngắn hạn đối với  đang tăng cao, cẩn trọng đu đỉnh.",Negative,-0.926
2025-08-30,,investor_894,Facebook Group,Công nghệ AI và Cloud của  ký thêm nhiều hợp đồng triệu đô từ Nhật Bản.,Positive,0.857
2025-08-30,,investor_532,F319,"Ban lãnh đạo  công bố kế hoạch chia cổ tức tiền mặt 30%, quá uy tín.",Positive,0.817
2025-08-31,,investor_991,FireAnt,"Thị trường chỉnh nhưng  vẫn giữ sắc xanh vững vàng, cổ phiếu kim cương!",Positive,0.565
2025-08-31,,investor_778,F319,"Khối ngoại tiếp tục mua ròng mạnh , tự tin nắm giữ trung hạn.",Positive,0.935
2025-08-31,,investor_578,FireAnt,Khối tự doanh và khối ngoại mua bán cân bằng đối với mã .,Neutral,0.412
2025-09-01,,investor_610,F319,Công nghệ AI và Cloud của  ký thêm nhiều hợp đồng triệu đô từ Nhật Bản.,Positive,0.542
2025-09-01,,investor_278,Facebook Group,"Tây xả ròng rã cả tuần,  gãy trend tăng ngắn hạn rồi.",Negative,-0.745
2025-09-01,,investor_266,24hMoney,"Thị trường chung đang giằng co,  dao động trong biên độ hẹp 1-2%.",Neutral,0.203
2025-09-01,,investor_334,FireAnt,"Khối ngoại tiếp tục mua ròng mạnh , tự tin nắm giữ trung hạn.",Positive,0.9
2025-09-02,,investor_410,24hMoney,Công nghệ AI và Cloud của  ký thêm nhiều hợp đồng triệu đô từ Nhật Bản.,Positive,0.554
2025-09-02,,investor_796,Facebook Group,"Tây xả ròng rã cả tuần,  gãy trend tăng ngắn hạn rồi.",Negative,-0.833
2025-09-02,,investor_909,FireAnt,"Khối ngoại tiếp tục mua ròng mạnh , tự tin nắm giữ trung hạn.",Positive,0.644
2025-09-02,,investor_685,Facebook Group,Chờ đợi báo cáo tài chính kiểm toán của  để đánh giá chính xác hơn.,Neutral,0.203
2025-09-02,,investor_426,FireAnt,"Thị trường chung đang giằng co,  dao động trong biên độ hẹp 1-2%.",Neutral,0.48
2025-09-02,,investor_218,FireAnt,"Thị trường chỉnh nhưng  vẫn giữ sắc xanh vững vàng, cổ phiếu kim cương!",Positive,0.882
2025-09-02,,investor_278,FireAnt,"Lệnh to vào quét sạch lệnh bán của , chuẩn bị đón cây CE rực rỡ!",Positive,0.768
2025-09-02,,investor_789,F319,Công nghệ AI và Cloud của  ký thêm nhiều hợp đồng triệu đô từ Nhật Bản.,Positive,0.809
2025-09-03,,investor_173,Facebook Group,Công nghệ AI và Cloud của  ký thêm nhiều hợp đồng triệu đô từ Nhật Bản.,Positive,0.922
2025-09-03,,investor_618,F319,"Mã  kết quả kinh doanh quý này quá xuất sắc, doanh thu tăng trưởng 25%!",Positive,0.59
2025-09-03,,investor_699,F319,"Mức P/E của  hiện tại ở mức 18.5, tương đương mức định giá trung bình ngành.",Neutral,-0.026
2025-09-03,,investor_830,F319,"Lệnh to vào quét sạch lệnh bán của , chuẩn bị đón cây CE rực rỡ!",Positive,0.842
2025-09-04,,investor_582,Facebook Group,Kỳ vọng  sẽ dẫn dắt VN-Index chinh phục mốc 1300 điểm.,Positive,0.89
2025-09-04,,investor_902,Facebook Group,Công nghệ AI và Cloud của  ký thêm nhiều hợp đồng triệu đô từ Nhật Bản.,Positive,0.636
2025-09-04,,investor_913,FireAnt,"Kỹ thuật tạo mô hình W đẹp tuyệt vời, RSI bứt phá ngưỡng 60, múc thôi.",Positive,0.695
2025-09-04,,investor_843,F319,"Kỹ thuật tạo mô hình W đẹp tuyệt vời, RSI bứt phá ngưỡng 60, múc thôi.",Positive,0.79
2025-09-04,,investor_688,24hMoney,"Xu hướng tăng trung dài hạn của  không thể cản phá, canh rung lắc gia tăng tỷ trọng.",Positive,0.816
2025-09-05,,investor_633,Facebook Group,"Lệnh to vào quét sạch lệnh bán của , chuẩn bị đón cây CE rực rỡ!",Positive,0.812
2025-09-05,,investor_495,24hMoney,"Lệnh to vào quét sạch lệnh bán của , chuẩn bị đón cây CE rực rỡ!",Positive,0.888
2025-09-05,,investor_908,F319,"Chỉ báo MACD của  phân kỳ âm, cảnh báo rủi ro điều chỉnh ngắn hạn.",Negative,-0.234
2025-09-05,,investor_452,F319,Thảo luận về tiềm năng mảng bán lẻ viễn thông của  trong giai đoạn tới.,Neutral,0.26
2025-09-06,,investor_987,F319,"Mã  đang kiểm tra lại đường MA20, chưa có tín hiệu bứt phá rõ rệt.",Neutral,0.062
2025-09-06,,investor_283,FireAnt,"Hôm nay là ngày giao dịch không hưởng quyền của , giá điều chỉnh kỹ thuật.",Neutral,0.326
2025-09-06,,investor_642,Facebook Group,Thảo luận về tiềm năng mảng bán lẻ viễn thông của  trong giai đoạn tới.,Neutral,0.206
2025-09-06,,investor_908,Facebook Group,Công nghệ AI và Cloud của  ký thêm nhiều hợp đồng triệu đô từ Nhật Bản.,Positive,0.633
2025-09-06,,investor_563,F319,Chờ đợi báo cáo tài chính kiểm toán của  để đánh giá chính xác hơn.,Neutral,0.09
2025-09-06,,investor_992,Facebook Group,Khối tự doanh và khối ngoại mua bán cân bằng đối với mã .,Neutral,0.076
2025-09-06,,investor_313,24hMoney,"Khối ngoại tiếp tục mua ròng mạnh , tự tin nắm giữ trung hạn.",Positive,0.849
2025-09-06,,investor_776,F319,Kỳ vọng  sẽ dẫn dắt VN-Index chinh phục mốc 1300 điểm.,Positive,0.79
2025-09-07,,investor_885,FireAnt,"Ban lãnh đạo  công bố kế hoạch chia cổ tức tiền mặt 30%, quá uy tín.",Positive,0.863
2025-09-07,,investor_578,24hMoney,"Dòng tiền lớn đã nhập cuộc , mục tiêu vượt đỉnh cũ sớm thôi anh em.",Positive,0.89
2025-09-07,,investor_186,F319,Chờ đợi báo cáo tài chính kiểm toán của  để đánh giá chính xác hơn.,Neutral,-0.021
2025-09-07,,investor_767,FireAnt,"Khối ngoại tiếp tục mua ròng mạnh , tự tin nắm giữ trung hạn.",Positive,0.763
2025-09-07,,investor_474,24hMoney,"Hôm nay là ngày giao dịch không hưởng quyền của , giá điều chỉnh kỹ thuật.",Neutral,0.176
2025-09-07,,investor_288,Facebook Group,"Thanh khoản sụt giảm nghiêm trọng, lực cầu bắt đáy  còn khá yếu.",Negative,-0.254
2025-09-08,,investor_525,Facebook Group,"Thị trường chỉnh nhưng  vẫn giữ sắc xanh vững vàng, cổ phiếu kim cương!",Positive,0.522
2025-09-08,,investor_837,F319,"Thị trường chỉnh nhưng  vẫn giữ sắc xanh vững vàng, cổ phiếu kim cương!",Positive,0.673
2025-09-08,,investor_246,F319,"Tây xả ròng rã cả tuần,  gãy trend tăng ngắn hạn rồi.",Negative,-0.353
2025-09-08,,investor_278,Facebook Group,Khối ngoại quay đầu bán ròng  hơn 100 tỷ trong phiên sáng.,Negative,-0.229
2025-09-08,,investor_128,24hMoney,"Thanh khoản sụt giảm nghiêm trọng, lực cầu bắt đáy  còn khá yếu.",Negative,-0.729
2025-09-08,,investor_120,Facebook Group,"Hôm nay  đi ngang tích lũy quanh vùng hỗ trợ, thanh khoản trung bình.",Neutral,0.489
2025-09-08,,investor_263,Facebook Group,"Thủng mốc hỗ trợ cứng rồi, anh em nên hạ tỷ trọng  bảo toàn vốn.",Negative,-0.13
2025-09-08,,investor_390,Facebook Group,"Mã  đang kiểm tra lại đường MA20, chưa có tín hiệu bứt phá rõ rệt.",Neutral,0.419
2025-09-09,,investor_695,Facebook Group,Tăng trưởng quý này có dấu hiệu chậm lại do chi phí vốn tăng cao.,Negative,-0.184
2025-09-09,,investor_680,F319,"Lệnh to vào quét sạch lệnh bán của , chuẩn bị đón cây CE rực rỡ!",Positive,0.544
2025-09-09,,investor_213,24hMoney,"Lệnh to vào quét sạch lệnh bán của , chuẩn bị đón cây CE rực rỡ!",Positive,0.711
2025-09-09,,investor_788,Facebook Group,Công nghệ AI và Cloud của  ký thêm nhiều hợp đồng triệu đô từ Nhật Bản.,Positive,0.919
2025-09-09,,investor_445,FireAnt,"Ban lãnh đạo  công bố kế hoạch chia cổ tức tiền mặt 30%, quá uy tín.",Positive,0.66
2025-09-09,,investor_865,Facebook Group,"Ban lãnh đạo  công bố kế hoạch chia cổ tức tiền mặt 30%, quá uy tín.",Positive,0.526
2025-09-10,,investor_146,Facebook Group,"Dòng tiền lớn đã nhập cuộc , mục tiêu vượt đỉnh cũ sớm thôi anh em.",Positive,0.505
2025-09-10,,investor_248,FireAnt,"Thủng mốc hỗ trợ cứng rồi, anh em nên hạ tỷ trọng  bảo toàn vốn.",Negative,-0.124
2025-09-10,,investor_273,F319,Khối tự doanh và khối ngoại mua bán cân bằng đối với mã .,Neutral,0.385
2025-09-10,,investor_298,24hMoney,"Chỉ báo MACD của  phân kỳ âm, cảnh báo rủi ro điều chỉnh ngắn hạn.",Negative,-0.746
2025-09-10,,investor_952,24hMoney,Công nghệ AI và Cloud của  ký thêm nhiều hợp đồng triệu đô từ Nhật Bản.,Positive,0.614
2025-09-11,,investor_348,F319,Chờ đợi báo cáo tài chính kiểm toán của  để đánh giá chính xác hơn.,Neutral,0.257
2025-09-11,,investor_691,24hMoney,Khối tự doanh và khối ngoại mua bán cân bằng đối với mã .,Neutral,-0.046
2025-09-11,,investor_938,Facebook Group,Công nghệ AI và Cloud của  ký thêm nhiều hợp đồng triệu đô từ Nhật Bản.,Positive,0.583
2025-09-11,,investor_511,24hMoney,Công nghệ AI và Cloud của  ký thêm nhiều hợp đồng triệu đô từ Nhật Bản.,Positive,0.556
2025-09-11,,investor_604,F319,"Hôm nay  đi ngang tích lũy quanh vùng hỗ trợ, thanh khoản trung bình.",Neutral,0.384
2025-09-11,,investor_640,Facebook Group,"Lệnh to vào quét sạch lệnh bán của , chuẩn bị đón cây CE rực rỡ!",Positive,0.948
2025-09-12,,investor_320,F319,"Mức P/E của  hiện tại ở mức 18.5, tương đương mức định giá trung bình ngành.",Neutral,0.243
2025-09-12,,investor_382,FireAnt,"Áp lực chốt lời ngắn hạn đối với  đang tăng cao, cẩn trọng đu đỉnh.",Negative,-0.371
2025-09-12,,investor_228,Facebook Group,"Ban lãnh đạo  công bố kế hoạch chia cổ tức tiền mặt 30%, quá uy tín.",Positive,0.804
2025-09-13,,investor_105,F319,"Mã  đang kiểm tra lại đường MA20, chưa có tín hiệu bứt phá rõ rệt.",Neutral,0.103
2025-09-13,,investor_605,FireAnt,"Lệnh to vào quét sạch lệnh bán của , chuẩn bị đón cây CE rực rỡ!",Positive,0.85
2025-09-13,,investor_503,Facebook Group,"Chỉ báo MACD của  phân kỳ âm, cảnh báo rủi ro điều chỉnh ngắn hạn.",Negative,-0.903
2025-09-13,,investor_308,Facebook Group,"Áp lực chốt lời ngắn hạn đối với  đang tăng cao, cẩn trọng đu đỉnh.",Negative,-0.698
2025-09-14,,investor_594,Facebook Group,"Xu hướng tăng trung dài hạn của  không thể cản phá, canh rung lắc gia tăng tỷ trọng.",Positive,0.929
2025-09-14,,investor_591,F319,Khối tự doanh và khối ngoại mua bán cân bằng đối với mã .,Neutral,0.004
2025-09-14,,investor_557,Facebook Group,"Tây xả ròng rã cả tuần,  gãy trend tăng ngắn hạn rồi.",Negative,-0.772
2025-09-15,,investor_342,FireAnt,"Mã  kết quả kinh doanh quý này quá xuất sắc, doanh thu tăng trưởng 25%!",Positive,0.594
2025-09-15,,investor_878,F319,Khối ngoại quay đầu bán ròng  hơn 100 tỷ trong phiên sáng.,Negative,-0.468
2025-09-15,,investor_582,F319,"Hôm nay là ngày giao dịch không hưởng quyền của , giá điều chỉnh kỹ thuật.",Neutral,0.083
2025-09-15,,investor_396,FireAnt,"Tây xả ròng rã cả tuần,  gãy trend tăng ngắn hạn rồi.",Negative,-0.705
2025-09-15,,investor_358,24hMoney,"Thị trường chỉnh nhưng  vẫn giữ sắc xanh vững vàng, cổ phiếu kim cương!",Positive,0.875
2025-09-15,,investor_275,Facebook Group,"Ban lãnh đạo  công bố kế hoạch chia cổ tức tiền mặt 30%, quá uy tín.",Positive,0.903
2025-09-16,,investor_375,FireAnt,"Thị trường xấu quá,  bị bán lan theo hiệu ứng tâm lý chung.",Negative,-0.808
2025-09-16,,investor_287,24hMoney,"Hôm nay  đi ngang tích lũy quanh vùng hỗ trợ, thanh khoản trung bình.",Neutral,0.012
2025-09-16,,investor_538,F319,"Kỹ thuật tạo mô hình W đẹp tuyệt vời, RSI bứt phá ngưỡng 60, múc thôi.",Positive,0.868
2025-09-16,,investor_739,Facebook Group,"Hôm nay là ngày giao dịch không hưởng quyền của , giá điều chỉnh kỹ thuật.",Neutral,0.203
2025-09-17,,investor_280,24hMoney,"Ban lãnh đạo  công bố kế hoạch chia cổ tức tiền mặt 30%, quá uy tín.",Positive,0.83
2025-09-17,,investor_565,FireAnt,"Ban lãnh đạo  công bố kế hoạch chia cổ tức tiền mặt 30%, quá uy tín.",Positive,0.916
2025-09-17,,investor_120,24hMoney,"Khối ngoại tiếp tục mua ròng mạnh , tự tin nắm giữ trung hạn.",Positive,0.665
2025-09-17,,investor_384,FireAnt,"Mức P/E của  hiện tại ở mức 18.5, tương đương mức định giá trung bình ngành.",Neutral,0.271
2025-09-17,,investor_172,Facebook Group,"Dòng tiền lớn đã nhập cuộc , mục tiêu vượt đỉnh cũ sớm thôi anh em.",Positive,0.694
2025-09-17,,investor_275,FireAnt,"Thị trường xấu quá,  bị bán lan theo hiệu ứng tâm lý chung.",Negative,-0.813
2025-09-17,,investor_970,FireAnt,"Lệnh to vào quét sạch lệnh bán của , chuẩn bị đón cây CE rực rỡ!",Positive,0.809
2025-09-17,,investor_396,Facebook Group,"Dòng tiền lớn đã nhập cuộc , mục tiêu vượt đỉnh cũ sớm thôi anh em.",Positive,0.859
2025-09-18,,investor_640,Facebook Group,"Thị trường xấu quá,  bị bán lan theo hiệu ứng tâm lý chung.",Negative,-0.628
2025-09-18,,investor_436,FireAnt,"Ban lãnh đạo  công bố kế hoạch chia cổ tức tiền mặt 30%, quá uy tín.",Positive,0.535
2025-09-18,,investor_168,F319,"Áp lực chốt lời ngắn hạn đối với  đang tăng cao, cẩn trọng đu đỉnh.",Negative,-0.16
2025-09-18,,investor_199,FireAnt,"Kỹ thuật tạo mô hình W đẹp tuyệt vời, RSI bứt phá ngưỡng 60, múc thôi.",Positive,0.781
2025-09-18,,investor_561,F319,"Khối ngoại tiếp tục mua ròng mạnh , tự tin nắm giữ trung hạn.",Positive,0.91
2025-09-19,,investor_181,FireAnt,"Thị trường chung đang giằng co,  dao động trong biên độ hẹp 1-2%.",Neutral,-0.083
2025-09-19,,investor_725,FireAnt,"Dòng tiền lớn đã nhập cuộc , mục tiêu vượt đỉnh cũ sớm thôi anh em.",Positive,0.87
2025-09-19,,investor_821,FireAnt,"Lệnh to vào quét sạch lệnh bán của , chuẩn bị đón cây CE rực rỡ!",Positive,0.521
2025-09-19,,investor_412,FireAnt,"Xu hướng tăng trung dài hạn của  không thể cản phá, canh rung lắc gia tăng tỷ trọng.",Positive,0.869
2025-09-19,,investor_191,24hMoney,"Mã  kết quả kinh doanh quý này quá xuất sắc, doanh thu tăng trưởng 25%!",Positive,0.686
2025-09-19,,investor_473,F319,"Thị trường xấu quá,  bị bán lan theo hiệu ứng tâm lý chung.",Negative,-0.528
2025-09-19,,investor_388,FireAnt,"Thanh khoản sụt giảm nghiêm trọng, lực cầu bắt đáy  còn khá yếu.",Negative,-0.14
2025-09-19,,investor_573,F319,"Mã  đang kiểm tra lại đường MA20, chưa có tín hiệu bứt phá rõ rệt.",Neutral,0.026
2025-09-20,,investor_529,24hMoney,"Dòng tiền lớn đã nhập cuộc , mục tiêu vượt đỉnh cũ sớm thôi anh em.",Positive,0.654
2025-09-20,,investor_410,Facebook Group,"Dòng tiền lớn đã nhập cuộc , mục tiêu vượt đỉnh cũ sớm thôi anh em.",Positive,0.575
2025-09-20,,investor_271,24hMoney,"Xu hướng tăng trung dài hạn của  không thể cản phá, canh rung lắc gia tăng tỷ trọng.",Positive,0.532
2025-09-20,,investor_944,FireAnt,Chờ đợi báo cáo tài chính kiểm toán của  để đánh giá chính xác hơn.,Neutral,0.364
2025-09-20,,investor_867,24hMoney,"Lệnh to vào quét sạch lệnh bán của , chuẩn bị đón cây CE rực rỡ!",Positive,0.528
2025-09-20,,investor_385,Facebook Group,"Ban lãnh đạo  công bố kế hoạch chia cổ tức tiền mặt 30%, quá uy tín.",Positive,0.663
2025-09-20,,investor_496,Facebook Group,"Dòng tiền lớn đã nhập cuộc , mục tiêu vượt đỉnh cũ sớm thôi anh em.",Positive,0.762
2025-09-21,,investor_910,24hMoney,Khối tự doanh và khối ngoại mua bán cân bằng đối với mã .,Neutral,0.407
2025-09-21,,investor_583,FireAnt,"Hôm nay  đi ngang tích lũy quanh vùng hỗ trợ, thanh khoản trung bình.",Neutral,0.423
2025-09-21,,investor_696,24hMoney,"Khối ngoại tiếp tục mua ròng mạnh , tự tin nắm giữ trung hạn.",Positive,0.91
2025-09-21,,investor_792,Facebook Group,Công nghệ AI và Cloud của  ký thêm nhiều hợp đồng triệu đô từ Nhật Bản.,Positive,0.508
2025-09-22,,investor_709,F319,Kỳ vọng  sẽ dẫn dắt VN-Index chinh phục mốc 1300 điểm.,Positive,0.831
2025-09-22,,investor_380,Facebook Group,"Thanh khoản sụt giảm nghiêm trọng, lực cầu bắt đáy  còn khá yếu.",Negative,-0.788
2025-09-22,,investor_310,Facebook Group,Kỳ vọng  sẽ dẫn dắt VN-Index chinh phục mốc 1300 điểm.,Positive,0.843
2025-09-22,,investor_801,Facebook Group,"Thủng mốc hỗ trợ cứng rồi, anh em nên hạ tỷ trọng  bảo toàn vốn.",Negative,-0.419
2025-09-22,,investor_799,F319,"Mức P/E của  hiện tại ở mức 18.5, tương đương mức định giá trung bình ngành.",Neutral,-0.096
2025-09-22,,investor_466,24hMoney,"Mã  kết quả kinh doanh quý này quá xuất sắc, doanh thu tăng trưởng 25%!",Positive,0.895
2025-09-22,,investor_171,F319,"Thị trường xấu quá,  bị bán lan theo hiệu ứng tâm lý chung.",Negative,-0.456
2025-09-22,,investor_381,F319,"Mã  kết quả kinh doanh quý này quá xuất sắc, doanh thu tăng trưởng 25%!",Positive,0.531
2025-09-23,,investor_964,Facebook Group,"Mức P/E của  hiện tại ở mức 18.5, tương đương mức định giá trung bình ngành.",Neutral,-0.083
2025-09-23,,investor_765,24hMoney,"Mức P/E của  hiện tại ở mức 18.5, tương đương mức định giá trung bình ngành.",Neutral,-0.067
2025-09-23,,investor_745,FireAnt,"Mã  kết quả kinh doanh quý này quá xuất sắc, doanh thu tăng trưởng 25%!",Positive,0.755
2025-09-23,,investor_524,24hMoney,Khối ngoại quay đầu bán ròng  hơn 100 tỷ trong phiên sáng.,Negative,-0.949
2025-09-23,,investor_249,FireAnt,Khối tự doanh và khối ngoại mua bán cân bằng đối với mã .,Neutral,-0.052
2025-09-23,,investor_377,Facebook Group,"Thủng mốc hỗ trợ cứng rồi, anh em nên hạ tỷ trọng  bảo toàn vốn.",Negative,-0.502
2025-09-23,,investor_700,F319,"Khối ngoại tiếp tục mua ròng mạnh , tự tin nắm giữ trung hạn.",Positive,0.669
2025-09-23,,investor_350,F319,"Thị trường chỉnh nhưng  vẫn giữ sắc xanh vững vàng, cổ phiếu kim cương!",Positive,0.582
2025-09-24,,investor_285,FireAnt,"Dòng tiền lớn đã nhập cuộc , mục tiêu vượt đỉnh cũ sớm thôi anh em.",Positive,0.917
2025-09-24,,investor_731,Facebook Group,"Lệnh to vào quét sạch lệnh bán của , chuẩn bị đón cây CE rực rỡ!",Positive,0.672
2025-09-24,,investor_502,Facebook Group,"Hôm nay  đi ngang tích lũy quanh vùng hỗ trợ, thanh khoản trung bình.",Neutral,0.068
2025-09-24,,investor_934,Facebook Group,"Ban lãnh đạo  công bố kế hoạch chia cổ tức tiền mặt 30%, quá uy tín.",Positive,0.638
2025-09-24,,investor_190,24hMoney,"Mã  kết quả kinh doanh quý này quá xuất sắc, doanh thu tăng trưởng 25%!",Positive,0.716
2025-09-24,,investor_229,F319,Tỷ lệ đòn bẩy margin của  tại các công ty chứng khoán vẫn ở mức an toàn.,Neutral,0.427
2025-09-25,,investor_455,Facebook Group,Công nghệ AI và Cloud của  ký thêm nhiều hợp đồng triệu đô từ Nhật Bản.,Positive,0.599
2025-09-25,,investor_595,FireAnt,"Mã  đang kiểm tra lại đường MA20, chưa có tín hiệu bứt phá rõ rệt.",Neutral,0.025
2025-09-25,,investor_398,24hMoney,"Xu hướng tăng trung dài hạn của  không thể cản phá, canh rung lắc gia tăng tỷ trọng.",Positive,0.593
2025-09-25,,investor_854,FireAnt,"Thanh khoản sụt giảm nghiêm trọng, lực cầu bắt đáy  còn khá yếu.",Negative,-0.139
2025-09-25,,investor_331,FireAnt,"Dòng tiền lớn đã nhập cuộc , mục tiêu vượt đỉnh cũ sớm thôi anh em.",Positive,0.949
2025-09-25,,investor_892,24hMoney,"Thanh khoản sụt giảm nghiêm trọng, lực cầu bắt đáy  còn khá yếu.",Negative,-0.404
2025-09-25,,investor_492,FireAnt,"Lệnh to vào quét sạch lệnh bán của , chuẩn bị đón cây CE rực rỡ!",Positive,0.78
2025-09-26,,investor_478,FireAnt,Khối ngoại quay đầu bán ròng  hơn 100 tỷ trong phiên sáng.,Negative,-0.614
2025-09-26,,investor_738,Facebook Group,"Hôm nay  đi ngang tích lũy quanh vùng hỗ trợ, thanh khoản trung bình.",Neutral,-0.078
2025-09-26,,investor_815,FireAnt,"Thị trường chỉnh nhưng  vẫn giữ sắc xanh vững vàng, cổ phiếu kim cương!",Positive,0.921
2025-09-26,,investor_492,F319,"Ban lãnh đạo  công bố kế hoạch chia cổ tức tiền mặt 30%, quá uy tín.",Positive,0.862
2025-09-26,,investor_827,Facebook Group,"Áp lực chốt lời ngắn hạn đối với  đang tăng cao, cẩn trọng đu đỉnh.",Negative,-0.908
2025-09-26,,investor_214,24hMoney,"Hôm nay là ngày giao dịch không hưởng quyền của , giá điều chỉnh kỹ thuật.",Neutral,0.281
2025-09-26,,investor_229,24hMoney,Tỷ lệ đòn bẩy margin của  tại các công ty chứng khoán vẫn ở mức an toàn.,Neutral,0.197
2025-09-27,,investor_632,FireAnt,"Ban lãnh đạo  công bố kế hoạch chia cổ tức tiền mặt 30%, quá uy tín.",Positive,0.522
2025-09-27,,investor_354,F319,"Kỹ thuật tạo mô hình W đẹp tuyệt vời, RSI bứt phá ngưỡng 60, múc thôi.",Positive,0.744
2025-09-27,,investor_732,24hMoney,"Khối ngoại tiếp tục mua ròng mạnh , tự tin nắm giữ trung hạn.",Positive,0.808
2025-09-28,,investor_612,Facebook Group,"Mã  kết quả kinh doanh quý này quá xuất sắc, doanh thu tăng trưởng 25%!",Positive,0.567
2025-09-28,,investor_924,Facebook Group,"Thanh khoản sụt giảm nghiêm trọng, lực cầu bắt đáy  còn khá yếu.",Negative,-0.771
2025-09-28,,investor_889,Facebook Group,Chờ đợi báo cáo tài chính kiểm toán của  để đánh giá chính xác hơn.,Neutral,0.35
2025-09-28,,investor_991,F319,"Dòng tiền lớn đã nhập cuộc , mục tiêu vượt đỉnh cũ sớm thôi anh em.",Positive,0.862
2025-09-29,,investor_260,24hMoney,Khối tự doanh và khối ngoại mua bán cân bằng đối với mã .,Neutral,0.168
2025-09-29,,investor_983,24hMoney,Chờ đợi báo cáo tài chính kiểm toán của  để đánh giá chính xác hơn.,Neutral,0.295
2025-09-29,,investor_355,24hMoney,"Xu hướng tăng trung dài hạn của  không thể cản phá, canh rung lắc gia tăng tỷ trọng.",Positive,0.5
2025-09-29,,investor_597,Facebook Group,Tỷ lệ đòn bẩy margin của  tại các công ty chứng khoán vẫn ở mức an toàn.,Neutral,-0.053
2025-09-29,,investor_626,24hMoney,"Khối ngoại tiếp tục mua ròng mạnh , tự tin nắm giữ trung hạn.",Positive,0.78
2025-09-29,,investor_429,24hMoney,"Xu hướng tăng trung dài hạn của  không thể cản phá, canh rung lắc gia tăng tỷ trọng.",Positive,0.623
2025-09-30,,investor_552,24hMoney,"Lệnh to vào quét sạch lệnh bán của , chuẩn bị đón cây CE rực rỡ!",Positive,0.89
2025-09-30,,investor_640,Facebook Group,"Lệnh to vào quét sạch lệnh bán của , chuẩn bị đón cây CE rực rỡ!",Positive,0.703
2025-09-30,,investor_252,F319,"Áp lực chốt lời ngắn hạn đối với  đang tăng cao, cẩn trọng đu đỉnh.",Negative,-0.462
2025-09-30,,investor_285,FireAnt,"Áp lực chốt lời ngắn hạn đối với  đang tăng cao, cẩn trọng đu đỉnh.",Negative,-0.519
2025-10-01,,investor_539,F319,"Thị trường chỉnh nhưng  vẫn giữ sắc xanh vững vàng, cổ phiếu kim cương!",Positive,0.882
2025-10-01,,investor_842,24hMoney,"Áp lực chốt lời ngắn hạn đối với  đang tăng cao, cẩn trọng đu đỉnh.",Negative,-0.666
2025-10-01,,investor_116,Facebook Group,Công nghệ AI và Cloud của  ký thêm nhiều hợp đồng triệu đô từ Nhật Bản.,Positive,0.65
2025-10-01,,investor_645,24hMoney,"Ban lãnh đạo  công bố kế hoạch chia cổ tức tiền mặt 30%, quá uy tín.",Positive,0.857
2025-10-01,,investor_952,Facebook Group,Thảo luận về tiềm năng mảng bán lẻ viễn thông của  trong giai đoạn tới.,Neutral,0.477
2025-10-01,,investor_691,Facebook Group,"Mã  kết quả kinh doanh quý này quá xuất sắc, doanh thu tăng trưởng 25%!",Positive,0.576
2025-10-01,,investor_623,Facebook Group,Kỳ vọng  sẽ dẫn dắt VN-Index chinh phục mốc 1300 điểm.,Positive,0.745
2025-10-02,,investor_387,F319,"Hôm nay  đi ngang tích lũy quanh vùng hỗ trợ, thanh khoản trung bình.",Neutral,0.094
2025-10-02,,investor_165,F319,"Xu hướng tăng trung dài hạn của  không thể cản phá, canh rung lắc gia tăng tỷ trọng.",Positive,0.624
2025-10-02,,investor_202,F319,"Mã  đang kiểm tra lại đường MA20, chưa có tín hiệu bứt phá rõ rệt.",Neutral,-0.088
2025-10-03,,investor_562,F319,"Tây xả ròng rã cả tuần,  gãy trend tăng ngắn hạn rồi.",Negative,-0.18
2025-10-03,,investor_810,FireAnt,Tăng trưởng quý này có dấu hiệu chậm lại do chi phí vốn tăng cao.,Negative,-0.784
2025-10-03,,investor_896,FireAnt,"Thủng mốc hỗ trợ cứng rồi, anh em nên hạ tỷ trọng  bảo toàn vốn.",Negative,-0.59
2025-10-04,,investor_208,Facebook Group,Thảo luận về tiềm năng mảng bán lẻ viễn thông của  trong giai đoạn tới.,Neutral,0.038
2025-10-04,,investor_727,FireAnt,"Thanh khoản sụt giảm nghiêm trọng, lực cầu bắt đáy  còn khá yếu.",Negative,-0.634
2025-10-04,,investor_607,Facebook Group,"Xu hướng tăng trung dài hạn của  không thể cản phá, canh rung lắc gia tăng tỷ trọng.",Positive,0.912
2025-10-05,,investor_959,Facebook Group,"Hôm nay là ngày giao dịch không hưởng quyền của , giá điều chỉnh kỹ thuật.",Neutral,0.212
2025-10-05,,investor_595,Facebook Group,"Mã  kết quả kinh doanh quý này quá xuất sắc, doanh thu tăng trưởng 25%!",Positive,0.877
2025-10-05,,investor_776,Facebook Group,"Hôm nay là ngày giao dịch không hưởng quyền của , giá điều chỉnh kỹ thuật.",Neutral,0.077
2025-10-05,,investor_229,24hMoney,"Thị trường xấu quá,  bị bán lan theo hiệu ứng tâm lý chung.",Negative,-0.786
2025-10-05,,investor_265,Facebook Group,"Khối ngoại tiếp tục mua ròng mạnh , tự tin nắm giữ trung hạn.",Positive,0.685
2025-10-05,,investor_603,FireAnt,"Thị trường xấu quá,  bị bán lan theo hiệu ứng tâm lý chung.",Negative,-0.502
2025-10-06,,investor_538,FireAnt,Chờ đợi báo cáo tài chính kiểm toán của  để đánh giá chính xác hơn.,Neutral,-0.03
2025-10-06,,investor_582,Facebook Group,"Mã  đang kiểm tra lại đường MA20, chưa có tín hiệu bứt phá rõ rệt.",Neutral,0.188
2025-10-06,,investor_177,24hMoney,"Hôm nay là ngày giao dịch không hưởng quyền của , giá điều chỉnh kỹ thuật.",Neutral,0.219
2025-10-06,,investor_270,Facebook Group,"Ban lãnh đạo  công bố kế hoạch chia cổ tức tiền mặt 30%, quá uy tín.",Positive,0.515
2025-10-06,,investor_579,FireAnt,"Kỹ thuật tạo mô hình W đẹp tuyệt vời, RSI bứt phá ngưỡng 60, múc thôi.",Positive,0.876
2025-10-07,,investor_620,F319,"Thanh khoản sụt giảm nghiêm trọng, lực cầu bắt đáy  còn khá yếu.",Negative,-0.898
2025-10-07,,investor_757,F319,Khối ngoại quay đầu bán ròng  hơn 100 tỷ trong phiên sáng.,Negative,-0.903
2025-10-07,,investor_654,Facebook Group,"Mã  kết quả kinh doanh quý này quá xuất sắc, doanh thu tăng trưởng 25%!",Positive,0.626
2025-10-07,,investor_495,24hMoney,"Mã  đang kiểm tra lại đường MA20, chưa có tín hiệu bứt phá rõ rệt.",Neutral,0.211
2025-10-07,,investor_948,24hMoney,"Mức P/E của  hiện tại ở mức 18.5, tương đương mức định giá trung bình ngành.",Neutral,0.096
2025-10-07,,investor_515,FireAnt,"Mã  kết quả kinh doanh quý này quá xuất sắc, doanh thu tăng trưởng 25%!",Positive,0.937
2025-10-07,,investor_955,F319,"Khối ngoại tiếp tục mua ròng mạnh , tự tin nắm giữ trung hạn.",Positive,0.54
2025-10-08,,investor_857,24hMoney,Khối tự doanh và khối ngoại mua bán cân bằng đối với mã .,Neutral,0.453
2025-10-08,,investor_462,24hMoney,"Xu hướng tăng trung dài hạn của  không thể cản phá, canh rung lắc gia tăng tỷ trọng.",Positive,0.879
2025-10-08,,investor_773,Facebook Group,"Hôm nay là ngày giao dịch không hưởng quyền của , giá điều chỉnh kỹ thuật.",Neutral,-0.099
2025-10-08,,investor_305,FireAnt,Chờ đợi báo cáo tài chính kiểm toán của  để đánh giá chính xác hơn.,Neutral,-0.047
2025-10-08,,investor_336,F319,Khối tự doanh và khối ngoại mua bán cân bằng đối với mã .,Neutral,0.302
2025-10-08,,investor_404,FireAnt,"Ban lãnh đạo  công bố kế hoạch chia cổ tức tiền mặt 30%, quá uy tín.",Positive,0.658
2025-10-08,,investor_540,F319,"Lệnh to vào quét sạch lệnh bán của , chuẩn bị đón cây CE rực rỡ!",Positive,0.665
2025-10-08,,investor_289,Facebook Group,"Mức P/E của  hiện tại ở mức 18.5, tương đương mức định giá trung bình ngành.",Neutral,0.317
2025-10-09,,investor_743,FireAnt,Công nghệ AI và Cloud của  ký thêm nhiều hợp đồng triệu đô từ Nhật Bản.,Positive,0.579
2025-10-09,,investor_841,24hMoney,"Mức P/E của  hiện tại ở mức 18.5, tương đương mức định giá trung bình ngành.",Neutral,0.13
2025-10-09,,investor_349,24hMoney,"Lệnh to vào quét sạch lệnh bán của , chuẩn bị đón cây CE rực rỡ!",Positive,0.726
2025-10-09,,investor_934,Facebook Group,Kỳ vọng  sẽ dẫn dắt VN-Index chinh phục mốc 1300 điểm.,Positive,0.659
2025-10-09,,investor_389,FireAnt,Tăng trưởng quý này có dấu hiệu chậm lại do chi phí vốn tăng cao.,Negative,-0.177
2025-10-09,,investor_309,F319,"Mã  đang kiểm tra lại đường MA20, chưa có tín hiệu bứt phá rõ rệt.",Neutral,0.195
2025-10-10,,investor_502,Facebook Group,Tỷ lệ đòn bẩy margin của  tại các công ty chứng khoán vẫn ở mức an toàn.,Neutral,0.325
2025-10-10,,investor_173,Facebook Group,Kỳ vọng  sẽ dẫn dắt VN-Index chinh phục mốc 1300 điểm.,Positive,0.652
2025-10-10,,investor_734,Facebook Group,"Ban lãnh đạo  công bố kế hoạch chia cổ tức tiền mặt 30%, quá uy tín.",Positive,0.517
2025-10-10,,investor_897,FireAnt,"Thủng mốc hỗ trợ cứng rồi, anh em nên hạ tỷ trọng  bảo toàn vốn.",Negative,-0.208
2025-10-10,,investor_815,FireAnt,"Khối ngoại tiếp tục mua ròng mạnh , tự tin nắm giữ trung hạn.",Positive,0.939
2025-10-10,,investor_320,Facebook Group,"Thị trường xấu quá,  bị bán lan theo hiệu ứng tâm lý chung.",Negative,-0.664
2025-10-10,,investor_448,F319,"Khối ngoại tiếp tục mua ròng mạnh , tự tin nắm giữ trung hạn.",Positive,0.918
2025-10-11,,investor_857,24hMoney,"Hôm nay là ngày giao dịch không hưởng quyền của , giá điều chỉnh kỹ thuật.",Neutral,0.285
2025-10-11,,investor_848,Facebook Group,Thảo luận về tiềm năng mảng bán lẻ viễn thông của  trong giai đoạn tới.,Neutral,0.401
2025-10-11,,investor_388,FireAnt,"Thị trường chung đang giằng co,  dao động trong biên độ hẹp 1-2%.",Neutral,-0.063
2025-10-11,,investor_668,FireAnt,Thảo luận về tiềm năng mảng bán lẻ viễn thông của  trong giai đoạn tới.,Neutral,0.412
2025-10-12,,investor_298,Facebook Group,"Khối ngoại tiếp tục mua ròng mạnh , tự tin nắm giữ trung hạn.",Positive,0.835
2025-10-12,,investor_422,24hMoney,"Xu hướng tăng trung dài hạn của  không thể cản phá, canh rung lắc gia tăng tỷ trọng.",Positive,0.891
2025-10-12,,investor_401,FireAnt,Chờ đợi báo cáo tài chính kiểm toán của  để đánh giá chính xác hơn.,Neutral,0.314
2025-10-12,,investor_660,FireAnt,"Mã  đang kiểm tra lại đường MA20, chưa có tín hiệu bứt phá rõ rệt.",Neutral,0.161
2025-10-13,,investor_645,24hMoney,Thảo luận về tiềm năng mảng bán lẻ viễn thông của  trong giai đoạn tới.,Neutral,0.197
2025-10-13,,investor_786,FireAnt,"Hôm nay  đi ngang tích lũy quanh vùng hỗ trợ, thanh khoản trung bình.",Neutral,0.401
2025-10-13,,investor_900,24hMoney,Tỷ lệ đòn bẩy margin của  tại các công ty chứng khoán vẫn ở mức an toàn.,Neutral,0.059
2025-10-13,,investor_952,F319,"Lệnh to vào quét sạch lệnh bán của , chuẩn bị đón cây CE rực rỡ!",Positive,0.753
2025-10-13,,investor_752,F319,"Xu hướng tăng trung dài hạn của  không thể cản phá, canh rung lắc gia tăng tỷ trọng.",Positive,0.778
2025-10-13,,investor_621,F319,Kỳ vọng  sẽ dẫn dắt VN-Index chinh phục mốc 1300 điểm.,Positive,0.692
2025-10-13,,investor_788,F319,"Thị trường xấu quá,  bị bán lan theo hiệu ứng tâm lý chung.",Negative,-0.607
2025-10-13,,investor_650,F319,"Thị trường xấu quá,  bị bán lan theo hiệu ứng tâm lý chung.",Negative,-0.625
2025-10-14,,investor_155,FireAnt,"Mã  kết quả kinh doanh quý này quá xuất sắc, doanh thu tăng trưởng 25%!",Positive,0.557
2025-10-14,,investor_902,F319,Kỳ vọng  sẽ dẫn dắt VN-Index chinh phục mốc 1300 điểm.,Positive,0.629
2025-10-14,,investor_807,24hMoney,"Mức P/E của  hiện tại ở mức 18.5, tương đương mức định giá trung bình ngành.",Neutral,0.275
2025-10-14,,investor_836,FireAnt,Kỳ vọng  sẽ dẫn dắt VN-Index chinh phục mốc 1300 điểm.,Positive,0.623
2025-10-15,,investor_739,Facebook Group,"Tây xả ròng rã cả tuần,  gãy trend tăng ngắn hạn rồi.",Negative,-0.803
2025-10-15,,investor_556,F319,Thảo luận về tiềm năng mảng bán lẻ viễn thông của  trong giai đoạn tới.,Neutral,0.443
2025-10-15,,investor_391,F319,"Tây xả ròng rã cả tuần,  gãy trend tăng ngắn hạn rồi.",Negative,-0.689
2025-10-15,,investor_383,24hMoney,"Khối ngoại tiếp tục mua ròng mạnh , tự tin nắm giữ trung hạn.",Positive,0.608
2025-10-15,,investor_375,FireAnt,"Mã  kết quả kinh doanh quý này quá xuất sắc, doanh thu tăng trưởng 25%!",Positive,0.574
2025-10-15,,investor_835,24hMoney,Thảo luận về tiềm năng mảng bán lẻ viễn thông của  trong giai đoạn tới.,Neutral,0.1
2025-10-15,,investor_184,F319,"Mức P/E của  hiện tại ở mức 18.5, tương đương mức định giá trung bình ngành.",Neutral,0.21
2025-10-16,,investor_752,24hMoney,"Chỉ báo MACD của  phân kỳ âm, cảnh báo rủi ro điều chỉnh ngắn hạn.",Negative,-0.203
2025-10-16,,investor_938,FireAnt,"Mức P/E của  hiện tại ở mức 18.5, tương đương mức định giá trung bình ngành.",Neutral,0.281
2025-10-16,,investor_648,Facebook Group,"Mức P/E của  hiện tại ở mức 18.5, tương đương mức định giá trung bình ngành.",Neutral,0.485
2025-10-16,,investor_151,Facebook Group,"Hôm nay  đi ngang tích lũy quanh vùng hỗ trợ, thanh khoản trung bình.",Neutral,-0.048
2025-10-16,,investor_506,24hMoney,Thảo luận về tiềm năng mảng bán lẻ viễn thông của  trong giai đoạn tới.,Neutral,-0.017
2025-10-16,,investor_353,F319,"Thủng mốc hỗ trợ cứng rồi, anh em nên hạ tỷ trọng  bảo toàn vốn.",Negative,-0.375
2025-10-16,,investor_475,24hMoney,"Mã  đang kiểm tra lại đường MA20, chưa có tín hiệu bứt phá rõ rệt.",Neutral,0.467
2025-10-17,,investor_701,Facebook Group,"Kỹ thuật tạo mô hình W đẹp tuyệt vời, RSI bứt phá ngưỡng 60, múc thôi.",Positive,0.635
2025-10-17,,investor_178,F319,"Mã  kết quả kinh doanh quý này quá xuất sắc, doanh thu tăng trưởng 25%!",Positive,0.885
2025-10-17,,investor_202,FireAnt,"Xu hướng tăng trung dài hạn của  không thể cản phá, canh rung lắc gia tăng tỷ trọng.",Positive,0.899
2025-10-17,,investor_262,FireAnt,"Thị trường chung đang giằng co,  dao động trong biên độ hẹp 1-2%.",Neutral,0.059
2025-10-17,,investor_309,24hMoney,"Ban lãnh đạo  công bố kế hoạch chia cổ tức tiền mặt 30%, quá uy tín.",Positive,0.696
2025-10-17,,investor_185,Facebook Group,"Thị trường chung đang giằng co,  dao động trong biên độ hẹp 1-2%.",Neutral,0.058
2025-10-17,,investor_600,24hMoney,"Thị trường xấu quá,  bị bán lan theo hiệu ứng tâm lý chung.",Negative,-0.209
2025-10-17,,investor_748,FireAnt,"Mức P/E của  hiện tại ở mức 18.5, tương đương mức định giá trung bình ngành.",Neutral,0.293
2025-10-18,,investor_291,24hMoney,Tăng trưởng quý này có dấu hiệu chậm lại do chi phí vốn tăng cao.,Negative,-0.355
2025-10-18,,investor_392,FireAnt,"Mức P/E của  hiện tại ở mức 18.5, tương đương mức định giá trung bình ngành.",Neutral,-0.081
2025-10-18,,investor_898,Facebook Group,"Áp lực chốt lời ngắn hạn đối với  đang tăng cao, cẩn trọng đu đỉnh.",Negative,-0.427
2025-10-18,,investor_989,F319,"Mức P/E của  hiện tại ở mức 18.5, tương đương mức định giá trung bình ngành.",Neutral,0.396
2025-10-18,,investor_746,FireAnt,Kỳ vọng  sẽ dẫn dắt VN-Index chinh phục mốc 1300 điểm.,Positive,0.725
2025-10-19,,investor_517,F319,"Thị trường chung đang giằng co,  dao động trong biên độ hẹp 1-2%.",Neutral,0.036
2025-10-19,,investor_926,FireAnt,"Mã  kết quả kinh doanh quý này quá xuất sắc, doanh thu tăng trưởng 25%!",Positive,0.809
2025-10-19,,investor_327,Facebook Group,"Mã  kết quả kinh doanh quý này quá xuất sắc, doanh thu tăng trưởng 25%!",Positive,0.816
2025-10-20,,investor_801,Facebook Group,"Xu hướng tăng trung dài hạn của  không thể cản phá, canh rung lắc gia tăng tỷ trọng.",Positive,0.858
2025-10-20,,investor_971,FireAnt,"Thanh khoản sụt giảm nghiêm trọng, lực cầu bắt đáy  còn khá yếu.",Negative,-0.516
2025-10-20,,investor_693,F319,"Mã  đang kiểm tra lại đường MA20, chưa có tín hiệu bứt phá rõ rệt.",Neutral,0.329
2025-10-20,,investor_883,24hMoney,Khối tự doanh và khối ngoại mua bán cân bằng đối với mã .,Neutral,-0.094
2025-10-21,,investor_980,24hMoney,"Mã  kết quả kinh doanh quý này quá xuất sắc, doanh thu tăng trưởng 25%!",Positive,0.877
2025-10-21,,investor_228,F319,"Thị trường chỉnh nhưng  vẫn giữ sắc xanh vững vàng, cổ phiếu kim cương!",Positive,0.818
2025-10-21,,investor_410,F319,"Thanh khoản sụt giảm nghiêm trọng, lực cầu bắt đáy  còn khá yếu.",Negative,-0.84
2025-10-21,,investor_324,Facebook Group,"Thị trường chỉnh nhưng  vẫn giữ sắc xanh vững vàng, cổ phiếu kim cương!",Positive,0.736
2025-10-22,,investor_546,24hMoney,"Thủng mốc hỗ trợ cứng rồi, anh em nên hạ tỷ trọng  bảo toàn vốn.",Negative,-0.92
2025-10-22,,investor_694,FireAnt,"Mức P/E của  hiện tại ở mức 18.5, tương đương mức định giá trung bình ngành.",Neutral,0.44
2025-10-22,,investor_495,FireAnt,"Áp lực chốt lời ngắn hạn đối với  đang tăng cao, cẩn trọng đu đỉnh.",Negative,-0.776
2025-10-22,,investor_458,Facebook Group,Chờ đợi báo cáo tài chính kiểm toán của  để đánh giá chính xác hơn.,Neutral,0.2
2025-10-23,,investor_115,Facebook Group,"Khối ngoại tiếp tục mua ròng mạnh , tự tin nắm giữ trung hạn.",Positive,0.602
2025-10-23,,investor_713,24hMoney,"Dòng tiền lớn đã nhập cuộc , mục tiêu vượt đỉnh cũ sớm thôi anh em.",Positive,0.949
2025-10-23,,investor_814,24hMoney,Tăng trưởng quý này có dấu hiệu chậm lại do chi phí vốn tăng cao.,Negative,-0.484
2025-10-24,,investor_425,Facebook Group,"Thị trường chỉnh nhưng  vẫn giữ sắc xanh vững vàng, cổ phiếu kim cương!",Positive,0.534
2025-10-24,,investor_423,FireAnt,"Thủng mốc hỗ trợ cứng rồi, anh em nên hạ tỷ trọng  bảo toàn vốn.",Negative,-0.564
2025-10-24,,investor_703,FireAnt,"Chỉ báo MACD của  phân kỳ âm, cảnh báo rủi ro điều chỉnh ngắn hạn.",Negative,-0.48
2025-10-24,,investor_726,FireAnt,"Mã  kết quả kinh doanh quý này quá xuất sắc, doanh thu tăng trưởng 25%!",Positive,0.539
2025-10-24,,investor_548,F319,"Mã  kết quả kinh doanh quý này quá xuất sắc, doanh thu tăng trưởng 25%!",Positive,0.699
2025-10-24,,investor_565,F319,"Dòng tiền lớn đã nhập cuộc , mục tiêu vượt đỉnh cũ sớm thôi anh em.",Positive,0.633
2025-10-24,,investor_977,F319,"Mức P/E của  hiện tại ở mức 18.5, tương đương mức định giá trung bình ngành.",Neutral,0.116
2025-10-24,,investor_697,F319,"Mã  kết quả kinh doanh quý này quá xuất sắc, doanh thu tăng trưởng 25%!",Positive,0.897
2025-10-25,,investor_775,FireAnt,"Kỹ thuật tạo mô hình W đẹp tuyệt vời, RSI bứt phá ngưỡng 60, múc thôi.",Positive,0.804
2025-10-25,,investor_700,FireAnt,"Hôm nay là ngày giao dịch không hưởng quyền của , giá điều chỉnh kỹ thuật.",Neutral,0.23
2025-10-25,,investor_327,F319,Thảo luận về tiềm năng mảng bán lẻ viễn thông của  trong giai đoạn tới.,Neutral,-0.097
2025-10-26,,investor_439,F319,"Thanh khoản sụt giảm nghiêm trọng, lực cầu bắt đáy  còn khá yếu.",Negative,-0.256
2025-10-26,,investor_374,F319,"Xu hướng tăng trung dài hạn của  không thể cản phá, canh rung lắc gia tăng tỷ trọng.",Positive,0.756
2025-10-26,,investor_761,FireAnt,Khối ngoại quay đầu bán ròng  hơn 100 tỷ trong phiên sáng.,Negative,-0.216
2025-10-26,,investor_829,F319,"Ban lãnh đạo  công bố kế hoạch chia cổ tức tiền mặt 30%, quá uy tín.",Positive,0.824
2025-10-26,,investor_934,Facebook Group,Thảo luận về tiềm năng mảng bán lẻ viễn thông của  trong giai đoạn tới.,Neutral,0.168
2025-10-26,,investor_659,Facebook Group,"Mã  đang kiểm tra lại đường MA20, chưa có tín hiệu bứt phá rõ rệt.",Neutral,0.185
2025-10-26,,investor_907,F319,"Mã  kết quả kinh doanh quý này quá xuất sắc, doanh thu tăng trưởng 25%!",Positive,0.613
2025-10-27,,investor_732,FireAnt,Tỷ lệ đòn bẩy margin của  tại các công ty chứng khoán vẫn ở mức an toàn.,Neutral,0.116
2025-10-27,,investor_455,24hMoney,Công nghệ AI và Cloud của  ký thêm nhiều hợp đồng triệu đô từ Nhật Bản.,Positive,0.558
2025-10-27,,investor_848,F319,Tỷ lệ đòn bẩy margin của  tại các công ty chứng khoán vẫn ở mức an toàn.,Neutral,0.015
2025-10-27,,investor_972,24hMoney,Công nghệ AI và Cloud của  ký thêm nhiều hợp đồng triệu đô từ Nhật Bản.,Positive,0.546
2025-10-27,,investor_150,24hMoney,Thảo luận về tiềm năng mảng bán lẻ viễn thông của  trong giai đoạn tới.,Neutral,0.149
2025-10-27,,investor_838,FireAnt,Công nghệ AI và Cloud của  ký thêm nhiều hợp đồng triệu đô từ Nhật Bản.,Positive,0.683
2025-10-27,,investor_878,24hMoney,Khối tự doanh và khối ngoại mua bán cân bằng đối với mã .,Neutral,0.474
2025-10-28,,investor_663,Facebook Group,"Thị trường chung đang giằng co,  dao động trong biên độ hẹp 1-2%.",Neutral,0.158
2025-10-28,,investor_763,F319,Thảo luận về tiềm năng mảng bán lẻ viễn thông của  trong giai đoạn tới.,Neutral,0.21
2025-10-28,,investor_877,24hMoney,"Áp lực chốt lời ngắn hạn đối với  đang tăng cao, cẩn trọng đu đỉnh.",Negative,-0.457
2025-10-28,,investor_422,24hMoney,Khối tự doanh và khối ngoại mua bán cân bằng đối với mã .,Neutral,0.034
2025-10-29,,investor_521,Facebook Group,"Lệnh to vào quét sạch lệnh bán của , chuẩn bị đón cây CE rực rỡ!",Positive,0.904
2025-10-29,,investor_693,24hMoney,"Tây xả ròng rã cả tuần,  gãy trend tăng ngắn hạn rồi.",Negative,-0.588
2025-10-29,,investor_142,FireAnt,"Kỹ thuật tạo mô hình W đẹp tuyệt vời, RSI bứt phá ngưỡng 60, múc thôi.",Positive,0.693
2025-10-29,,investor_494,F319,"Ban lãnh đạo  công bố kế hoạch chia cổ tức tiền mặt 30%, quá uy tín.",Positive,0.53
2025-10-29,,investor_312,24hMoney,Chờ đợi báo cáo tài chính kiểm toán của  để đánh giá chính xác hơn.,Neutral,0.161
2025-10-30,,investor_495,FireAnt,"Tây xả ròng rã cả tuần,  gãy trend tăng ngắn hạn rồi.",Negative,-0.314
2025-10-30,,investor_891,FireAnt,"Mã  kết quả kinh doanh quý này quá xuất sắc, doanh thu tăng trưởng 25%!",Positive,0.857
2025-10-30,,investor_962,Facebook Group,"Thị trường xấu quá,  bị bán lan theo hiệu ứng tâm lý chung.",Negative,-0.915
2025-10-30,,investor_537,FireAnt,"Thanh khoản sụt giảm nghiêm trọng, lực cầu bắt đáy  còn khá yếu.",Negative,-0.418
2025-10-30,,investor_596,Facebook Group,"Mã  kết quả kinh doanh quý này quá xuất sắc, doanh thu tăng trưởng 25%!",Positive,0.617
2025-10-30,,investor_948,FireAnt,"Chỉ báo MACD của  phân kỳ âm, cảnh báo rủi ro điều chỉnh ngắn hạn.",Negative,-0.69
2025-10-30,,investor_237,Facebook Group,"Dòng tiền lớn đã nhập cuộc , mục tiêu vượt đỉnh cũ sớm thôi anh em.",Positive,0.634
2025-10-31,,investor_515,FireAnt,"Lệnh to vào quét sạch lệnh bán của , chuẩn bị đón cây CE rực rỡ!",Positive,0.805
2025-10-31,,investor_948,FireAnt,Chờ đợi báo cáo tài chính kiểm toán của  để đánh giá chính xác hơn.,Neutral,0.11
2025-10-31,,investor_633,FireAnt,"Xu hướng tăng trung dài hạn của  không thể cản phá, canh rung lắc gia tăng tỷ trọng.",Positive,0.502
2025-10-31,,investor_664,Facebook Group,"Thị trường xấu quá,  bị bán lan theo hiệu ứng tâm lý chung.",Negative,-0.279
2025-11-01,,investor_204,24hMoney,"Xu hướng tăng trung dài hạn của  không thể cản phá, canh rung lắc gia tăng tỷ trọng.",Positive,0.653
2025-11-01,,investor_812,FireAnt,"Mức P/E của  hiện tại ở mức 18.5, tương đương mức định giá trung bình ngành.",Neutral,0.386
2025-11-01,,investor_563,F319,"Thị trường chỉnh nhưng  vẫn giữ sắc xanh vững vàng, cổ phiếu kim cương!",Positive,0.697
2025-11-01,,investor_310,FireAnt,"Mức P/E của  hiện tại ở mức 18.5, tương đương mức định giá trung bình ngành.",Neutral,0.423
2025-11-01,,investor_313,FireAnt,"Lệnh to vào quét sạch lệnh bán của , chuẩn bị đón cây CE rực rỡ!",Positive,0.768
2025-11-01,,investor_897,Facebook Group,"Khối ngoại tiếp tục mua ròng mạnh , tự tin nắm giữ trung hạn.",Positive,0.747
2025-11-02,,investor_603,24hMoney,"Lệnh to vào quét sạch lệnh bán của , chuẩn bị đón cây CE rực rỡ!",Positive,0.505
2025-11-02,,investor_864,Facebook Group,Chờ đợi báo cáo tài chính kiểm toán của  để đánh giá chính xác hơn.,Neutral,0.318
2025-11-02,,investor_566,F319,"Lệnh to vào quét sạch lệnh bán của , chuẩn bị đón cây CE rực rỡ!",Positive,0.564
2025-11-02,,investor_141,F319,"Hôm nay  đi ngang tích lũy quanh vùng hỗ trợ, thanh khoản trung bình.",Neutral,0.408
2025-11-02,,investor_540,F319,"Dòng tiền lớn đã nhập cuộc , mục tiêu vượt đỉnh cũ sớm thôi anh em.",Positive,0.836
2025-11-02,,investor_314,Facebook Group,"Xu hướng tăng trung dài hạn của  không thể cản phá, canh rung lắc gia tăng tỷ trọng.",Positive,0.751
2025-11-03,,investor_261,Facebook Group,"Thị trường chỉnh nhưng  vẫn giữ sắc xanh vững vàng, cổ phiếu kim cương!",Positive,0.877
2025-11-03,,investor_918,24hMoney,"Mã  kết quả kinh doanh quý này quá xuất sắc, doanh thu tăng trưởng 25%!",Positive,0.528
2025-11-03,,investor_161,F319,"Xu hướng tăng trung dài hạn của  không thể cản phá, canh rung lắc gia tăng tỷ trọng.",Positive,0.628
2025-11-03,,investor_946,24hMoney,"Hôm nay là ngày giao dịch không hưởng quyền của , giá điều chỉnh kỹ thuật.",Neutral,0.207
2025-11-03,,investor_545,24hMoney,"Kỹ thuật tạo mô hình W đẹp tuyệt vời, RSI bứt phá ngưỡng 60, múc thôi.",Positive,0.551
2025-11-03,,investor_841,FireAnt,Kỳ vọng  sẽ dẫn dắt VN-Index chinh phục mốc 1300 điểm.,Positive,0.693
2025-11-04,,investor_778,FireAnt,"Lệnh to vào quét sạch lệnh bán của , chuẩn bị đón cây CE rực rỡ!",Positive,0.945
2025-11-04,,investor_287,F319,"Kỹ thuật tạo mô hình W đẹp tuyệt vời, RSI bứt phá ngưỡng 60, múc thôi.",Positive,0.749
2025-11-04,,investor_479,FireAnt,"Khối ngoại tiếp tục mua ròng mạnh , tự tin nắm giữ trung hạn.",Positive,0.85
2025-11-04,,investor_365,FireAnt,"Chỉ báo MACD của  phân kỳ âm, cảnh báo rủi ro điều chỉnh ngắn hạn.",Negative,-0.488
2025-11-04,,investor_691,Facebook Group,"Ban lãnh đạo  công bố kế hoạch chia cổ tức tiền mặt 30%, quá uy tín.",Positive,0.548
2025-11-04,,investor_468,FireAnt,"Mã  kết quả kinh doanh quý này quá xuất sắc, doanh thu tăng trưởng 25%!",Positive,0.933
2025-11-04,,investor_198,F319,"Lệnh to vào quét sạch lệnh bán của , chuẩn bị đón cây CE rực rỡ!",Positive,0.55
2025-11-05,,investor_621,24hMoney,Tỷ lệ đòn bẩy margin của  tại các công ty chứng khoán vẫn ở mức an toàn.,Neutral,0.383
2025-11-05,,investor_809,FireAnt,"Ban lãnh đạo  công bố kế hoạch chia cổ tức tiền mặt 30%, quá uy tín.",Positive,0.642
2025-11-05,,investor_229,F319,"Xu hướng tăng trung dài hạn của  không thể cản phá, canh rung lắc gia tăng tỷ trọng.",Positive,0.8
2025-11-05,,investor_892,Facebook Group,"Lệnh to vào quét sạch lệnh bán của , chuẩn bị đón cây CE rực rỡ!",Positive,0.741
2025-11-05,,investor_142,FireAnt,Chờ đợi báo cáo tài chính kiểm toán của  để đánh giá chính xác hơn.,Neutral,0.185
2025-11-06,,investor_643,FireAnt,Chờ đợi báo cáo tài chính kiểm toán của  để đánh giá chính xác hơn.,Neutral,0.038
2025-11-06,,investor_531,FireAnt,Kỳ vọng  sẽ dẫn dắt VN-Index chinh phục mốc 1300 điểm.,Positive,0.933
2025-11-06,,investor_429,FireAnt,Kỳ vọng  sẽ dẫn dắt VN-Index chinh phục mốc 1300 điểm.,Positive,0.73
2025-11-06,,investor_478,Facebook Group,Công nghệ AI và Cloud của  ký thêm nhiều hợp đồng triệu đô từ Nhật Bản.,Positive,0.676
2025-11-06,,investor_949,F319,"Ban lãnh đạo  công bố kế hoạch chia cổ tức tiền mặt 30%, quá uy tín.",Positive,0.936
2025-11-06,,investor_977,Facebook Group,Tỷ lệ đòn bẩy margin của  tại các công ty chứng khoán vẫn ở mức an toàn.,Neutral,0.34
2025-11-06,,investor_544,FireAnt,"Chỉ báo MACD của  phân kỳ âm, cảnh báo rủi ro điều chỉnh ngắn hạn.",Negative,-0.69
2025-11-06,,investor_244,Facebook Group,"Thị trường chỉnh nhưng  vẫn giữ sắc xanh vững vàng, cổ phiếu kim cương!",Positive,0.602
2025-11-07,,investor_203,Facebook Group,Tỷ lệ đòn bẩy margin của  tại các công ty chứng khoán vẫn ở mức an toàn.,Neutral,-0.037
2025-11-07,,investor_444,Facebook Group,Khối tự doanh và khối ngoại mua bán cân bằng đối với mã .,Neutral,-0.058
2025-11-07,,investor_122,Facebook Group,"Thị trường xấu quá,  bị bán lan theo hiệu ứng tâm lý chung.",Negative,-0.754
2025-11-07,,investor_767,F319,"Xu hướng tăng trung dài hạn của  không thể cản phá, canh rung lắc gia tăng tỷ trọng.",Positive,0.581
2025-11-07,,investor_515,FireAnt,"Hôm nay là ngày giao dịch không hưởng quyền của , giá điều chỉnh kỹ thuật.",Neutral,-0.051
2025-11-07,,investor_329,24hMoney,"Khối ngoại tiếp tục mua ròng mạnh , tự tin nắm giữ trung hạn.",Positive,0.628
2025-11-07,,investor_204,F319,"Ban lãnh đạo  công bố kế hoạch chia cổ tức tiền mặt 30%, quá uy tín.",Positive,0.817
2025-11-08,,investor_942,FireAnt,"Lệnh to vào quét sạch lệnh bán của , chuẩn bị đón cây CE rực rỡ!",Positive,0.741
2025-11-08,,investor_549,Facebook Group,"Dòng tiền lớn đã nhập cuộc , mục tiêu vượt đỉnh cũ sớm thôi anh em.",Positive,0.661
2025-11-08,,investor_119,Facebook Group,"Khối ngoại tiếp tục mua ròng mạnh , tự tin nắm giữ trung hạn.",Positive,0.905
2025-11-09,,investor_203,FireAnt,"Lệnh to vào quét sạch lệnh bán của , chuẩn bị đón cây CE rực rỡ!",Positive,0.903
2025-11-09,,investor_352,Facebook Group,"Áp lực chốt lời ngắn hạn đối với  đang tăng cao, cẩn trọng đu đỉnh.",Negative,-0.505
2025-11-09,,investor_335,Facebook Group,"Thủng mốc hỗ trợ cứng rồi, anh em nên hạ tỷ trọng  bảo toàn vốn.",Negative,-0.422
2025-11-09,,investor_620,FireAnt,"Dòng tiền lớn đã nhập cuộc , mục tiêu vượt đỉnh cũ sớm thôi anh em.",Positive,0.623
2025-11-09,,investor_238,24hMoney,"Thanh khoản sụt giảm nghiêm trọng, lực cầu bắt đáy  còn khá yếu.",Negative,-0.891
2025-11-09,,investor_747,24hMoney,"Kỹ thuật tạo mô hình W đẹp tuyệt vời, RSI bứt phá ngưỡng 60, múc thôi.",Positive,0.631
2025-11-09,,investor_193,24hMoney,"Tây xả ròng rã cả tuần,  gãy trend tăng ngắn hạn rồi.",Negative,-0.433
2025-11-09,,investor_951,24hMoney,"Thị trường xấu quá,  bị bán lan theo hiệu ứng tâm lý chung.",Negative,-0.805
2025-11-10,,investor_175,F319,"Thị trường chung đang giằng co,  dao động trong biên độ hẹp 1-2%.",Neutral,0.287
2025-11-10,,investor_205,F319,Khối tự doanh và khối ngoại mua bán cân bằng đối với mã .,Neutral,0.277
2025-11-10,,investor_822,F319,Thảo luận về tiềm năng mảng bán lẻ viễn thông của  trong giai đoạn tới.,Neutral,-0.006
2025-11-10,,investor_677,FireAnt,"Ban lãnh đạo  công bố kế hoạch chia cổ tức tiền mặt 30%, quá uy tín.",Positive,0.643
2025-11-10,,investor_836,FireAnt,Tỷ lệ đòn bẩy margin của  tại các công ty chứng khoán vẫn ở mức an toàn.,Neutral,0.08
2025-11-10,,investor_251,FireAnt,"Hôm nay  đi ngang tích lũy quanh vùng hỗ trợ, thanh khoản trung bình.",Neutral,-0.072
2025-11-11,,investor_820,24hMoney,"Khối ngoại tiếp tục mua ròng mạnh , tự tin nắm giữ trung hạn.",Positive,0.897
2025-11-11,,investor_367,24hMoney,"Chỉ báo MACD của  phân kỳ âm, cảnh báo rủi ro điều chỉnh ngắn hạn.",Negative,-0.872
2025-11-11,,investor_276,Facebook Group,"Ban lãnh đạo  công bố kế hoạch chia cổ tức tiền mặt 30%, quá uy tín.",Positive,0.743
2025-11-11,,investor_388,FireAnt,Công nghệ AI và Cloud của  ký thêm nhiều hợp đồng triệu đô từ Nhật Bản.,Positive,0.729
2025-11-11,,investor_703,FireAnt,"Tây xả ròng rã cả tuần,  gãy trend tăng ngắn hạn rồi.",Negative,-0.411
2025-11-11,,investor_370,24hMoney,"Mức P/E của  hiện tại ở mức 18.5, tương đương mức định giá trung bình ngành.",Neutral,0.433
2025-11-11,,investor_348,FireAnt,Kỳ vọng  sẽ dẫn dắt VN-Index chinh phục mốc 1300 điểm.,Positive,0.76
2025-11-11,,investor_663,FireAnt,"Xu hướng tăng trung dài hạn của  không thể cản phá, canh rung lắc gia tăng tỷ trọng.",Positive,0.575
2025-11-12,,investor_939,F319,"Hôm nay  đi ngang tích lũy quanh vùng hỗ trợ, thanh khoản trung bình.",Neutral,0.2
2025-11-12,,investor_232,Facebook Group,"Tây xả ròng rã cả tuần,  gãy trend tăng ngắn hạn rồi.",Negative,-0.242
2025-11-12,,investor_275,F319,Công nghệ AI và Cloud của  ký thêm nhiều hợp đồng triệu đô từ Nhật Bản.,Positive,0.862
2025-11-13,,investor_201,FireAnt,"Thủng mốc hỗ trợ cứng rồi, anh em nên hạ tỷ trọng  bảo toàn vốn.",Negative,-0.657
2025-11-13,,investor_437,Facebook Group,"Áp lực chốt lời ngắn hạn đối với  đang tăng cao, cẩn trọng đu đỉnh.",Negative,-0.463
2025-11-13,,investor_830,F319,"Hôm nay  đi ngang tích lũy quanh vùng hỗ trợ, thanh khoản trung bình.",Neutral,0.384
2025-11-13,,investor_182,F319,"Thị trường chỉnh nhưng  vẫn giữ sắc xanh vững vàng, cổ phiếu kim cương!",Positive,0.874
2025-11-13,,investor_986,24hMoney,"Ban lãnh đạo  công bố kế hoạch chia cổ tức tiền mặt 30%, quá uy tín.",Positive,0.656
2025-11-13,,investor_221,F319,Tỷ lệ đòn bẩy margin của  tại các công ty chứng khoán vẫn ở mức an toàn.,Neutral,0.047
2025-11-14,,investor_499,F319,"Ban lãnh đạo  công bố kế hoạch chia cổ tức tiền mặt 30%, quá uy tín.",Positive,0.727
2025-11-14,,investor_151,F319,"Thanh khoản sụt giảm nghiêm trọng, lực cầu bắt đáy  còn khá yếu.",Negative,-0.888
2025-11-14,,investor_492,F319,"Mã  đang kiểm tra lại đường MA20, chưa có tín hiệu bứt phá rõ rệt.",Neutral,0.382
2025-11-14,,investor_516,24hMoney,"Thị trường chung đang giằng co,  dao động trong biên độ hẹp 1-2%.",Neutral,0.191
2025-11-15,,investor_247,FireAnt,"Kỹ thuật tạo mô hình W đẹp tuyệt vời, RSI bứt phá ngưỡng 60, múc thôi.",Positive,0.864
2025-11-15,,investor_705,24hMoney,Chờ đợi báo cáo tài chính kiểm toán của  để đánh giá chính xác hơn.,Neutral,0.163
2025-11-15,,investor_367,F319,"Xu hướng tăng trung dài hạn của  không thể cản phá, canh rung lắc gia tăng tỷ trọng.",Positive,0.888
2025-11-15,,investor_801,Facebook Group,"Khối ngoại tiếp tục mua ròng mạnh , tự tin nắm giữ trung hạn.",Positive,0.791
2025-11-15,,investor_113,F319,"Mã  kết quả kinh doanh quý này quá xuất sắc, doanh thu tăng trưởng 25%!",Positive,0.828
2025-11-15,,investor_488,F319,"Ban lãnh đạo  công bố kế hoạch chia cổ tức tiền mặt 30%, quá uy tín.",Positive,0.701
2025-11-16,,investor_243,F319,"Khối ngoại tiếp tục mua ròng mạnh , tự tin nắm giữ trung hạn.",Positive,0.623
2025-11-16,,investor_797,F319,"Lệnh to vào quét sạch lệnh bán của , chuẩn bị đón cây CE rực rỡ!",Positive,0.75
2025-11-16,,investor_563,FireAnt,"Thị trường xấu quá,  bị bán lan theo hiệu ứng tâm lý chung.",Negative,-0.513
2025-11-16,,investor_171,FireAnt,"Mã  đang kiểm tra lại đường MA20, chưa có tín hiệu bứt phá rõ rệt.",Neutral,0.166
2025-11-16,,investor_596,24hMoney,"Thị trường chỉnh nhưng  vẫn giữ sắc xanh vững vàng, cổ phiếu kim cương!",Positive,0.916
2025-11-17,,investor_461,F319,"Ban lãnh đạo  công bố kế hoạch chia cổ tức tiền mặt 30%, quá uy tín.",Positive,0.938
2025-11-17,,investor_980,FireAnt,"Mã  kết quả kinh doanh quý này quá xuất sắc, doanh thu tăng trưởng 25%!",Positive,0.758
2025-11-17,,investor_818,F319,"Thị trường chung đang giằng co,  dao động trong biên độ hẹp 1-2%.",Neutral,0.098
2025-11-17,,investor_848,24hMoney,Kỳ vọng  sẽ dẫn dắt VN-Index chinh phục mốc 1300 điểm.,Positive,0.792
2025-11-17,,investor_510,24hMoney,Tỷ lệ đòn bẩy margin của  tại các công ty chứng khoán vẫn ở mức an toàn.,Neutral,0.067
2025-11-17,,investor_116,Facebook Group,"Mã  kết quả kinh doanh quý này quá xuất sắc, doanh thu tăng trưởng 25%!",Positive,0.84
2025-11-18,,investor_530,FireAnt,"Khối ngoại tiếp tục mua ròng mạnh , tự tin nắm giữ trung hạn.",Positive,0.644
2025-11-18,,investor_474,FireAnt,"Ban lãnh đạo  công bố kế hoạch chia cổ tức tiền mặt 30%, quá uy tín.",Positive,0.935
2025-11-18,,investor_157,F319,"Thị trường chỉnh nhưng  vẫn giữ sắc xanh vững vàng, cổ phiếu kim cương!",Positive,0.641
2025-11-18,,investor_767,FireAnt,"Thị trường chỉnh nhưng  vẫn giữ sắc xanh vững vàng, cổ phiếu kim cương!",Positive,0.897
2025-11-18,,investor_919,F319,"Ban lãnh đạo  công bố kế hoạch chia cổ tức tiền mặt 30%, quá uy tín.",Positive,0.547
2025-11-18,,investor_842,FireAnt,"Áp lực chốt lời ngắn hạn đối với  đang tăng cao, cẩn trọng đu đỉnh.",Negative,-0.274
2025-11-19,,investor_911,FireAnt,Thảo luận về tiềm năng mảng bán lẻ viễn thông của  trong giai đoạn tới.,Neutral,0.435
2025-11-19,,investor_772,24hMoney,Tăng trưởng quý này có dấu hiệu chậm lại do chi phí vốn tăng cao.,Negative,-0.606
2025-11-19,,investor_974,FireAnt,"Khối ngoại tiếp tục mua ròng mạnh , tự tin nắm giữ trung hạn.",Positive,0.715
2025-11-19,,investor_129,Facebook Group,Công nghệ AI và Cloud của  ký thêm nhiều hợp đồng triệu đô từ Nhật Bản.,Positive,0.707
2025-11-19,,investor_464,F319,Tỷ lệ đòn bẩy margin của  tại các công ty chứng khoán vẫn ở mức an toàn.,Neutral,-0.097
2025-11-19,,investor_230,Facebook Group,Khối ngoại quay đầu bán ròng  hơn 100 tỷ trong phiên sáng.,Negative,-0.332
2025-11-19,,investor_901,24hMoney,"Kỹ thuật tạo mô hình W đẹp tuyệt vời, RSI bứt phá ngưỡng 60, múc thôi.",Positive,0.849
2025-11-20,,investor_609,F319,Khối tự doanh và khối ngoại mua bán cân bằng đối với mã .,Neutral,0.345
2025-11-20,,investor_324,24hMoney,"Dòng tiền lớn đã nhập cuộc , mục tiêu vượt đỉnh cũ sớm thôi anh em.",Positive,0.638
2025-11-20,,investor_690,FireAnt,"Thanh khoản sụt giảm nghiêm trọng, lực cầu bắt đáy  còn khá yếu.",Negative,-0.202
2025-11-21,,investor_684,F319,"Thị trường chung đang giằng co,  dao động trong biên độ hẹp 1-2%.",Neutral,0.172
2025-11-21,,investor_703,F319,Chờ đợi báo cáo tài chính kiểm toán của  để đánh giá chính xác hơn.,Neutral,-0.059
2025-11-21,,investor_795,Facebook Group,"Hôm nay là ngày giao dịch không hưởng quyền của , giá điều chỉnh kỹ thuật.",Neutral,0.32
2025-11-21,,investor_352,F319,Kỳ vọng  sẽ dẫn dắt VN-Index chinh phục mốc 1300 điểm.,Positive,0.618
2025-11-21,,investor_830,FireAnt,"Chỉ báo MACD của  phân kỳ âm, cảnh báo rủi ro điều chỉnh ngắn hạn.",Negative,-0.659
2025-11-22,,investor_181,24hMoney,Kỳ vọng  sẽ dẫn dắt VN-Index chinh phục mốc 1300 điểm.,Positive,0.933
2025-11-22,,investor_143,F319,"Kỹ thuật tạo mô hình W đẹp tuyệt vời, RSI bứt phá ngưỡng 60, múc thôi.",Positive,0.646
2025-11-22,,investor_422,Facebook Group,Tỷ lệ đòn bẩy margin của  tại các công ty chứng khoán vẫn ở mức an toàn.,Neutral,0.355
2025-11-22,,investor_893,24hMoney,Công nghệ AI và Cloud của  ký thêm nhiều hợp đồng triệu đô từ Nhật Bản.,Positive,0.565
2025-11-22,,investor_356,F319,Khối tự doanh và khối ngoại mua bán cân bằng đối với mã .,Neutral,0.187
2025-11-23,,investor_370,24hMoney,"Mã  đang kiểm tra lại đường MA20, chưa có tín hiệu bứt phá rõ rệt.",Neutral,-0.023
2025-11-23,,investor_458,FireAnt,"Lệnh to vào quét sạch lệnh bán của , chuẩn bị đón cây CE rực rỡ!",Positive,0.83
2025-11-23,,investor_897,F319,"Dòng tiền lớn đã nhập cuộc , mục tiêu vượt đỉnh cũ sớm thôi anh em.",Positive,0.912
2025-11-23,,investor_861,Facebook Group,"Kỹ thuật tạo mô hình W đẹp tuyệt vời, RSI bứt phá ngưỡng 60, múc thôi.",Positive,0.683
2025-11-23,,investor_105,FireAnt,Kỳ vọng  sẽ dẫn dắt VN-Index chinh phục mốc 1300 điểm.,Positive,0.577
2025-11-24,,investor_884,24hMoney,Tỷ lệ đòn bẩy margin của  tại các công ty chứng khoán vẫn ở mức an toàn.,Neutral,0.234
2025-11-24,,investor_441,24hMoney,"Lệnh to vào quét sạch lệnh bán của , chuẩn bị đón cây CE rực rỡ!",Positive,0.747
2025-11-24,,investor_724,FireAnt,"Thị trường xấu quá,  bị bán lan theo hiệu ứng tâm lý chung.",Negative,-0.228
2025-11-25,,investor_223,FireAnt,"Mức P/E của  hiện tại ở mức 18.5, tương đương mức định giá trung bình ngành.",Neutral,-0.057
2025-11-25,,investor_998,FireAnt,Tỷ lệ đòn bẩy margin của  tại các công ty chứng khoán vẫn ở mức an toàn.,Neutral,0.1
2025-11-25,,investor_101,24hMoney,"Tây xả ròng rã cả tuần,  gãy trend tăng ngắn hạn rồi.",Negative,-0.394
2025-11-25,,investor_725,24hMoney,"Thị trường chung đang giằng co,  dao động trong biên độ hẹp 1-2%.",Neutral,-0.087
2025-11-26,,investor_306,FireAnt,"Tây xả ròng rã cả tuần,  gãy trend tăng ngắn hạn rồi.",Negative,-0.903
2025-11-26,,investor_868,Facebook Group,"Xu hướng tăng trung dài hạn của  không thể cản phá, canh rung lắc gia tăng tỷ trọng.",Positive,0.645
2025-11-26,,investor_286,FireAnt,"Lệnh to vào quét sạch lệnh bán của , chuẩn bị đón cây CE rực rỡ!",Positive,0.907
2025-11-26,,investor_339,F319,"Lệnh to vào quét sạch lệnh bán của , chuẩn bị đón cây CE rực rỡ!",Positive,0.942
2025-11-26,,investor_484,FireAnt,Công nghệ AI và Cloud của  ký thêm nhiều hợp đồng triệu đô từ Nhật Bản.,Positive,0.615
2025-11-27,,investor_904,Facebook Group,Công nghệ AI và Cloud của  ký thêm nhiều hợp đồng triệu đô từ Nhật Bản.,Positive,0.863
2025-11-27,,investor_424,FireAnt,"Lệnh to vào quét sạch lệnh bán của , chuẩn bị đón cây CE rực rỡ!",Positive,0.702
2025-11-27,,investor_659,FireAnt,"Tây xả ròng rã cả tuần,  gãy trend tăng ngắn hạn rồi.",Negative,-0.411
2025-11-27,,investor_496,F319,"Thị trường xấu quá,  bị bán lan theo hiệu ứng tâm lý chung.",Negative,-0.697
2025-11-27,,investor_509,F319,"Áp lực chốt lời ngắn hạn đối với  đang tăng cao, cẩn trọng đu đỉnh.",Negative,-0.396
2025-11-27,,investor_257,F319,"Xu hướng tăng trung dài hạn của  không thể cản phá, canh rung lắc gia tăng tỷ trọng.",Positive,0.78
2025-11-27,,investor_676,24hMoney,Thảo luận về tiềm năng mảng bán lẻ viễn thông của  trong giai đoạn tới.,Neutral,0.067
2025-11-27,,investor_548,F319,Tỷ lệ đòn bẩy margin của  tại các công ty chứng khoán vẫn ở mức an toàn.,Neutral,-0.054
2025-11-28,,investor_758,24hMoney,"Mã  kết quả kinh doanh quý này quá xuất sắc, doanh thu tăng trưởng 25%!",Positive,0.94
2025-11-28,,investor_244,24hMoney,"Xu hướng tăng trung dài hạn của  không thể cản phá, canh rung lắc gia tăng tỷ trọng.",Positive,0.935
2025-11-28,,investor_943,24hMoney,"Mã  kết quả kinh doanh quý này quá xuất sắc, doanh thu tăng trưởng 25%!",Positive,0.668
2025-11-29,,investor_277,F319,"Khối ngoại tiếp tục mua ròng mạnh , tự tin nắm giữ trung hạn.",Positive,0.821
2025-11-29,,investor_238,Facebook Group,"Thanh khoản sụt giảm nghiêm trọng, lực cầu bắt đáy  còn khá yếu.",Negative,-0.508
2025-11-29,,investor_179,FireAnt,Công nghệ AI và Cloud của  ký thêm nhiều hợp đồng triệu đô từ Nhật Bản.,Positive,0.801
2025-11-29,,investor_825,24hMoney,"Xu hướng tăng trung dài hạn của  không thể cản phá, canh rung lắc gia tăng tỷ trọng.",Positive,0.644
2025-11-29,,investor_638,FireAnt,"Mã  đang kiểm tra lại đường MA20, chưa có tín hiệu bứt phá rõ rệt.",Neutral,0.185
2025-11-29,,investor_336,Facebook Group,"Xu hướng tăng trung dài hạn của  không thể cản phá, canh rung lắc gia tăng tỷ trọng.",Positive,0.832
2025-11-30,,investor_871,Facebook Group,"Thị trường chỉnh nhưng  vẫn giữ sắc xanh vững vàng, cổ phiếu kim cương!",Positive,0.947
2025-11-30,,investor_391,FireAnt,"Kỹ thuật tạo mô hình W đẹp tuyệt vời, RSI bứt phá ngưỡng 60, múc thôi.",Positive,0.932
2025-11-30,,investor_972,FireAnt,"Mã  đang kiểm tra lại đường MA20, chưa có tín hiệu bứt phá rõ rệt.",Neutral,0.189
2025-11-30,,investor_894,F319,"Dòng tiền lớn đã nhập cuộc , mục tiêu vượt đỉnh cũ sớm thôi anh em.",Positive,0.818
2025-11-30,,investor_988,24hMoney,"Hôm nay là ngày giao dịch không hưởng quyền của , giá điều chỉnh kỹ thuật.",Neutral,-0.092
2025-11-30,,investor_474,FireAnt,Khối tự doanh và khối ngoại mua bán cân bằng đối với mã .,Neutral,0.004
2025-11-30,,investor_526,F319,"Kỹ thuật tạo mô hình W đẹp tuyệt vời, RSI bứt phá ngưỡng 60, múc thôi.",Positive,0.621
2025-12-01,,investor_560,Facebook Group,"Xu hướng tăng trung dài hạn của  không thể cản phá, canh rung lắc gia tăng tỷ trọng.",Positive,0.668
2025-12-01,,investor_717,24hMoney,"Khối ngoại tiếp tục mua ròng mạnh , tự tin nắm giữ trung hạn.",Positive,0.905
2025-12-01,,investor_436,Facebook Group,"Xu hướng tăng trung dài hạn của  không thể cản phá, canh rung lắc gia tăng tỷ trọng.",Positive,0.69
2025-12-01,,investor_106,F319,"Dòng tiền lớn đã nhập cuộc , mục tiêu vượt đỉnh cũ sớm thôi anh em.",Positive,0.663
2025-12-02,,investor_672,Facebook Group,"Khối ngoại tiếp tục mua ròng mạnh , tự tin nắm giữ trung hạn.",Positive,0.579
2025-12-02,,investor_561,24hMoney,"Hôm nay  đi ngang tích lũy quanh vùng hỗ trợ, thanh khoản trung bình.",Neutral,0.265
2025-12-02,,investor_995,Facebook Group,"Thị trường chỉnh nhưng  vẫn giữ sắc xanh vững vàng, cổ phiếu kim cương!",Positive,0.657
2025-12-02,,investor_718,24hMoney,"Ban lãnh đạo  công bố kế hoạch chia cổ tức tiền mặt 30%, quá uy tín.",Positive,0.865
2025-12-02,,investor_718,F319,Công nghệ AI và Cloud của  ký thêm nhiều hợp đồng triệu đô từ Nhật Bản.,Positive,0.903
2025-12-03,,investor_665,FireAnt,"Thị trường chỉnh nhưng  vẫn giữ sắc xanh vững vàng, cổ phiếu kim cương!",Positive,0.811
2025-12-03,,investor_870,FireAnt,"Thị trường chung đang giằng co,  dao động trong biên độ hẹp 1-2%.",Neutral,0.245
2025-12-03,,investor_189,24hMoney,"Thị trường chỉnh nhưng  vẫn giữ sắc xanh vững vàng, cổ phiếu kim cương!",Positive,0.532
2025-12-04,,investor_151,FireAnt,"Ban lãnh đạo  công bố kế hoạch chia cổ tức tiền mặt 30%, quá uy tín.",Positive,0.871
2025-12-04,,investor_399,24hMoney,"Áp lực chốt lời ngắn hạn đối với  đang tăng cao, cẩn trọng đu đỉnh.",Negative,-0.699
2025-12-04,,investor_167,FireAnt,"Hôm nay là ngày giao dịch không hưởng quyền của , giá điều chỉnh kỹ thuật.",Neutral,0.016
2025-12-04,,investor_359,Facebook Group,"Hôm nay là ngày giao dịch không hưởng quyền của , giá điều chỉnh kỹ thuật.",Neutral,-0.012
2025-12-04,,investor_283,Facebook Group,"Lệnh to vào quét sạch lệnh bán của , chuẩn bị đón cây CE rực rỡ!",Positive,0.639
2025-12-04,,investor_285,Facebook Group,"Ban lãnh đạo  công bố kế hoạch chia cổ tức tiền mặt 30%, quá uy tín.",Positive,0.707
2025-12-04,,investor_904,Facebook Group,"Thủng mốc hỗ trợ cứng rồi, anh em nên hạ tỷ trọng  bảo toàn vốn.",Negative,-0.242
2025-12-05,,investor_957,24hMoney,"Lệnh to vào quét sạch lệnh bán của , chuẩn bị đón cây CE rực rỡ!",Positive,0.516
2025-12-05,,investor_275,Facebook Group,"Mã  kết quả kinh doanh quý này quá xuất sắc, doanh thu tăng trưởng 25%!",Positive,0.839
2025-12-05,,investor_376,F319,"Thị trường xấu quá,  bị bán lan theo hiệu ứng tâm lý chung.",Negative,-0.311
2025-12-05,,investor_221,Facebook Group,"Xu hướng tăng trung dài hạn của  không thể cản phá, canh rung lắc gia tăng tỷ trọng.",Positive,0.741
2025-12-05,,investor_927,Facebook Group,"Mức P/E của  hiện tại ở mức 18.5, tương đương mức định giá trung bình ngành.",Neutral,0.193
2025-12-05,,investor_785,F319,"Dòng tiền lớn đã nhập cuộc , mục tiêu vượt đỉnh cũ sớm thôi anh em.",Positive,0.601
2025-12-05,,investor_241,24hMoney,"Thủng mốc hỗ trợ cứng rồi, anh em nên hạ tỷ trọng  bảo toàn vốn.",Negative,-0.437
2025-12-06,,investor_406,FireAnt,"Thị trường chỉnh nhưng  vẫn giữ sắc xanh vững vàng, cổ phiếu kim cương!",Positive,0.876
2025-12-06,,investor_809,Facebook Group,"Hôm nay là ngày giao dịch không hưởng quyền của , giá điều chỉnh kỹ thuật.",Neutral,0.072
2025-12-06,,investor_964,F319,Tăng trưởng quý này có dấu hiệu chậm lại do chi phí vốn tăng cao.,Negative,-0.519
2025-12-07,,investor_798,FireAnt,"Mã  đang kiểm tra lại đường MA20, chưa có tín hiệu bứt phá rõ rệt.",Neutral,-0.092
2025-12-07,,investor_698,F319,"Dòng tiền lớn đã nhập cuộc , mục tiêu vượt đỉnh cũ sớm thôi anh em.",Positive,0.826
2025-12-07,,investor_347,F319,"Mã  kết quả kinh doanh quý này quá xuất sắc, doanh thu tăng trưởng 25%!",Positive,0.805
2025-12-07,,investor_802,FireAnt,"Tây xả ròng rã cả tuần,  gãy trend tăng ngắn hạn rồi.",Negative,-0.208
2025-12-07,,investor_707,24hMoney,Chờ đợi báo cáo tài chính kiểm toán của  để đánh giá chính xác hơn.,Neutral,0.0
2025-12-07,,investor_736,24hMoney,"Hôm nay  đi ngang tích lũy quanh vùng hỗ trợ, thanh khoản trung bình.",Neutral,0.197
2025-12-08,,investor_296,FireAnt,Tỷ lệ đòn bẩy margin của  tại các công ty chứng khoán vẫn ở mức an toàn.,Neutral,0.473
2025-12-08,,investor_138,FireAnt,"Thị trường chung đang giằng co,  dao động trong biên độ hẹp 1-2%.",Neutral,0.458
2025-12-08,,investor_887,24hMoney,"Thanh khoản sụt giảm nghiêm trọng, lực cầu bắt đáy  còn khá yếu.",Negative,-0.478
2025-12-08,,investor_317,Facebook Group,"Tây xả ròng rã cả tuần,  gãy trend tăng ngắn hạn rồi.",Negative,-0.931
2025-12-08,,investor_111,F319,"Lệnh to vào quét sạch lệnh bán của , chuẩn bị đón cây CE rực rỡ!",Positive,0.652
2025-12-08,,investor_317,F319,"Mã  đang kiểm tra lại đường MA20, chưa có tín hiệu bứt phá rõ rệt.",Neutral,-0.067
2025-12-09,,investor_325,F319,"Mã  đang kiểm tra lại đường MA20, chưa có tín hiệu bứt phá rõ rệt.",Neutral,0.33
2025-12-09,,investor_810,24hMoney,"Khối ngoại tiếp tục mua ròng mạnh , tự tin nắm giữ trung hạn.",Positive,0.881
2025-12-09,,investor_302,F319,Công nghệ AI và Cloud của  ký thêm nhiều hợp đồng triệu đô từ Nhật Bản.,Positive,0.554
2025-12-09,,investor_483,24hMoney,"Tây xả ròng rã cả tuần,  gãy trend tăng ngắn hạn rồi.",Negative,-0.361
2025-12-10,,investor_357,Facebook Group,"Áp lực chốt lời ngắn hạn đối với  đang tăng cao, cẩn trọng đu đỉnh.",Negative,-0.704
2025-12-10,,investor_628,24hMoney,Khối tự doanh và khối ngoại mua bán cân bằng đối với mã .,Neutral,0.484
2025-12-10,,investor_486,Facebook Group,"Kỹ thuật tạo mô hình W đẹp tuyệt vời, RSI bứt phá ngưỡng 60, múc thôi.",Positive,0.924
2025-12-10,,investor_363,F319,"Thị trường xấu quá,  bị bán lan theo hiệu ứng tâm lý chung.",Negative,-0.607
2025-12-11,,investor_953,24hMoney,"Kỹ thuật tạo mô hình W đẹp tuyệt vời, RSI bứt phá ngưỡng 60, múc thôi.",Positive,0.585
2025-12-11,,investor_136,24hMoney,"Thủng mốc hỗ trợ cứng rồi, anh em nên hạ tỷ trọng  bảo toàn vốn.",Negative,-0.332
2025-12-11,,investor_939,24hMoney,Kỳ vọng  sẽ dẫn dắt VN-Index chinh phục mốc 1300 điểm.,Positive,0.632
2025-12-11,,investor_118,24hMoney,"Khối ngoại tiếp tục mua ròng mạnh , tự tin nắm giữ trung hạn.",Positive,0.83
2025-12-11,,investor_574,24hMoney,"Thị trường chung đang giằng co,  dao động trong biên độ hẹp 1-2%.",Neutral,-0.013
2025-12-11,,investor_196,24hMoney,"Thị trường chung đang giằng co,  dao động trong biên độ hẹp 1-2%.",Neutral,0.441
2025-12-11,,investor_556,Facebook Group,"Xu hướng tăng trung dài hạn của  không thể cản phá, canh rung lắc gia tăng tỷ trọng.",Positive,0.824
2025-12-12,,investor_736,Facebook Group,"Khối ngoại tiếp tục mua ròng mạnh , tự tin nắm giữ trung hạn.",Positive,0.672
2025-12-12,,investor_616,Facebook Group,Tỷ lệ đòn bẩy margin của  tại các công ty chứng khoán vẫn ở mức an toàn.,Neutral,0.162
2025-12-12,,investor_438,FireAnt,"Áp lực chốt lời ngắn hạn đối với  đang tăng cao, cẩn trọng đu đỉnh.",Negative,-0.112
2025-12-13,,investor_424,Facebook Group,"Lệnh to vào quét sạch lệnh bán của , chuẩn bị đón cây CE rực rỡ!",Positive,0.604
2025-12-13,,investor_194,F319,"Hôm nay là ngày giao dịch không hưởng quyền của , giá điều chỉnh kỹ thuật.",Neutral,0.004
2025-12-13,,investor_883,Facebook Group,"Tây xả ròng rã cả tuần,  gãy trend tăng ngắn hạn rồi.",Negative,-0.244
2025-12-13,,investor_945,Facebook Group,"Mức P/E của  hiện tại ở mức 18.5, tương đương mức định giá trung bình ngành.",Neutral,0.099
2025-12-13,,investor_761,Facebook Group,Công nghệ AI và Cloud của  ký thêm nhiều hợp đồng triệu đô từ Nhật Bản.,Positive,0.9
2025-12-13,,investor_840,24hMoney,"Mã  kết quả kinh doanh quý này quá xuất sắc, doanh thu tăng trưởng 25%!",Positive,0.787
2025-12-13,,investor_872,24hMoney,"Thanh khoản sụt giảm nghiêm trọng, lực cầu bắt đáy  còn khá yếu.",Negative,-0.791
2025-12-14,,investor_661,24hMoney,Khối tự doanh và khối ngoại mua bán cân bằng đối với mã .,Neutral,0.105
2025-12-14,,investor_128,Facebook Group,Khối ngoại quay đầu bán ròng  hơn 100 tỷ trong phiên sáng.,Negative,-0.58
2025-12-14,,investor_325,FireAnt,Thảo luận về tiềm năng mảng bán lẻ viễn thông của  trong giai đoạn tới.,Neutral,-0.076
2025-12-15,,investor_705,FireAnt,"Tây xả ròng rã cả tuần,  gãy trend tăng ngắn hạn rồi.",Negative,-0.208
2025-12-15,,investor_237,F319,Khối tự doanh và khối ngoại mua bán cân bằng đối với mã .,Neutral,-0.067
2025-12-15,,investor_739,F319,"Tây xả ròng rã cả tuần,  gãy trend tăng ngắn hạn rồi.",Negative,-0.911
2025-12-15,,investor_985,24hMoney,"Thị trường chỉnh nhưng  vẫn giữ sắc xanh vững vàng, cổ phiếu kim cương!",Positive,0.81
2025-12-15,,investor_277,F319,Kỳ vọng  sẽ dẫn dắt VN-Index chinh phục mốc 1300 điểm.,Positive,0.808
2025-12-16,,investor_564,24hMoney,"Mã  kết quả kinh doanh quý này quá xuất sắc, doanh thu tăng trưởng 25%!",Positive,0.866
2025-12-16,,investor_990,FireAnt,Tỷ lệ đòn bẩy margin của  tại các công ty chứng khoán vẫn ở mức an toàn.,Neutral,0.295
2025-12-16,,investor_168,F319,"Ban lãnh đạo  công bố kế hoạch chia cổ tức tiền mặt 30%, quá uy tín.",Positive,0.78
2025-12-16,,investor_307,F319,"Dòng tiền lớn đã nhập cuộc , mục tiêu vượt đỉnh cũ sớm thôi anh em.",Positive,0.802
2025-12-16,,investor_526,FireAnt,Thảo luận về tiềm năng mảng bán lẻ viễn thông của  trong giai đoạn tới.,Neutral,0.414
2025-12-17,,investor_176,F319,"Hôm nay là ngày giao dịch không hưởng quyền của , giá điều chỉnh kỹ thuật.",Neutral,0.342
2025-12-17,,investor_839,Facebook Group,"Thị trường chỉnh nhưng  vẫn giữ sắc xanh vững vàng, cổ phiếu kim cương!",Positive,0.922
2025-12-17,,investor_949,Facebook Group,"Mức P/E của  hiện tại ở mức 18.5, tương đương mức định giá trung bình ngành.",Neutral,0.336
2025-12-17,,investor_548,F319,Kỳ vọng  sẽ dẫn dắt VN-Index chinh phục mốc 1300 điểm.,Positive,0.779
2025-12-17,,investor_358,24hMoney,"Dòng tiền lớn đã nhập cuộc , mục tiêu vượt đỉnh cũ sớm thôi anh em.",Positive,0.896
2025-12-17,,investor_464,FireAnt,"Mã  đang kiểm tra lại đường MA20, chưa có tín hiệu bứt phá rõ rệt.",Neutral,-0.025
2025-12-18,,investor_584,FireAnt,"Ban lãnh đạo  công bố kế hoạch chia cổ tức tiền mặt 30%, quá uy tín.",Positive,0.82
2025-12-18,,investor_586,24hMoney,"Thị trường chung đang giằng co,  dao động trong biên độ hẹp 1-2%.",Neutral,0.11
2025-12-18,,investor_706,Facebook Group,"Dòng tiền lớn đã nhập cuộc , mục tiêu vượt đỉnh cũ sớm thôi anh em.",Positive,0.503
2025-12-18,,investor_415,FireAnt,"Thị trường chỉnh nhưng  vẫn giữ sắc xanh vững vàng, cổ phiếu kim cương!",Positive,0.647
2025-12-18,,investor_378,Facebook Group,"Ban lãnh đạo  công bố kế hoạch chia cổ tức tiền mặt 30%, quá uy tín.",Positive,0.533
2025-12-18,,investor_405,24hMoney,"Mã  đang kiểm tra lại đường MA20, chưa có tín hiệu bứt phá rõ rệt.",Neutral,-0.016
2025-12-19,,investor_651,FireAnt,"Khối ngoại tiếp tục mua ròng mạnh , tự tin nắm giữ trung hạn.",Positive,0.549
2025-12-19,,investor_534,Facebook Group,"Thị trường chỉnh nhưng  vẫn giữ sắc xanh vững vàng, cổ phiếu kim cương!",Positive,0.691
2025-12-19,,investor_555,F319,"Thủng mốc hỗ trợ cứng rồi, anh em nên hạ tỷ trọng  bảo toàn vốn.",Negative,-0.799
2025-12-19,,investor_856,F319,Tăng trưởng quý này có dấu hiệu chậm lại do chi phí vốn tăng cao.,Negative,-0.876
2025-12-19,,investor_881,24hMoney,Thảo luận về tiềm năng mảng bán lẻ viễn thông của  trong giai đoạn tới.,Neutral,0.329
2025-12-20,,investor_278,24hMoney,Kỳ vọng  sẽ dẫn dắt VN-Index chinh phục mốc 1300 điểm.,Positive,0.831
2025-12-20,,investor_591,F319,"Kỹ thuật tạo mô hình W đẹp tuyệt vời, RSI bứt phá ngưỡng 60, múc thôi.",Positive,0.7
2025-12-20,,investor_687,F319,"Xu hướng tăng trung dài hạn của  không thể cản phá, canh rung lắc gia tăng tỷ trọng.",Positive,0.798
2025-12-20,,investor_516,FireAnt,Tăng trưởng quý này có dấu hiệu chậm lại do chi phí vốn tăng cao.,Negative,-0.203
2025-12-20,,investor_169,FireAnt,Chờ đợi báo cáo tài chính kiểm toán của  để đánh giá chính xác hơn.,Neutral,0.055
2025-12-20,,investor_368,Facebook Group,Kỳ vọng  sẽ dẫn dắt VN-Index chinh phục mốc 1300 điểm.,Positive,0.776
2025-12-21,,investor_533,24hMoney,"Hôm nay  đi ngang tích lũy quanh vùng hỗ trợ, thanh khoản trung bình.",Neutral,0.289
2025-12-21,,investor_929,FireAnt,"Mức P/E của  hiện tại ở mức 18.5, tương đương mức định giá trung bình ngành.",Neutral,0.396
2025-12-21,,investor_861,Facebook Group,"Hôm nay là ngày giao dịch không hưởng quyền của , giá điều chỉnh kỹ thuật.",Neutral,0.047
2025-12-21,,investor_774,F319,"Thị trường chỉnh nhưng  vẫn giữ sắc xanh vững vàng, cổ phiếu kim cương!",Positive,0.653
2025-12-21,,investor_327,F319,Thảo luận về tiềm năng mảng bán lẻ viễn thông của  trong giai đoạn tới.,Neutral,0.169
2025-12-22,,investor_310,FireAnt,"Thị trường chỉnh nhưng  vẫn giữ sắc xanh vững vàng, cổ phiếu kim cương!",Positive,0.925
2025-12-22,,investor_990,Facebook Group,"Áp lực chốt lời ngắn hạn đối với  đang tăng cao, cẩn trọng đu đỉnh.",Negative,-0.93
2025-12-22,,investor_614,Facebook Group,"Lệnh to vào quét sạch lệnh bán của , chuẩn bị đón cây CE rực rỡ!",Positive,0.93
2025-12-22,,investor_553,Facebook Group,Khối tự doanh và khối ngoại mua bán cân bằng đối với mã .,Neutral,-0.1
2025-12-22,,investor_243,Facebook Group,"Hôm nay  đi ngang tích lũy quanh vùng hỗ trợ, thanh khoản trung bình.",Neutral,0.01
2025-12-22,,investor_968,Facebook Group,"Ban lãnh đạo  công bố kế hoạch chia cổ tức tiền mặt 30%, quá uy tín.",Positive,0.944
2025-12-23,,investor_476,Facebook Group,"Dòng tiền lớn đã nhập cuộc , mục tiêu vượt đỉnh cũ sớm thôi anh em.",Positive,0.728
2025-12-23,,investor_316,24hMoney,"Mã  kết quả kinh doanh quý này quá xuất sắc, doanh thu tăng trưởng 25%!",Positive,0.547
2025-12-23,,investor_452,Facebook Group,"Khối ngoại tiếp tục mua ròng mạnh , tự tin nắm giữ trung hạn.",Positive,0.764
2025-12-23,,investor_629,F319,"Thanh khoản sụt giảm nghiêm trọng, lực cầu bắt đáy  còn khá yếu.",Negative,-0.474
2025-12-23,,investor_344,Facebook Group,Khối tự doanh và khối ngoại mua bán cân bằng đối với mã .,Neutral,0.322
2025-12-23,,investor_911,F319,"Chỉ báo MACD của  phân kỳ âm, cảnh báo rủi ro điều chỉnh ngắn hạn.",Negative,-0.157
2025-12-24,,investor_834,24hMoney,"Khối ngoại tiếp tục mua ròng mạnh , tự tin nắm giữ trung hạn.",Positive,0.59
2025-12-24,,investor_998,F319,"Mã  kết quả kinh doanh quý này quá xuất sắc, doanh thu tăng trưởng 25%!",Positive,0.738
2025-12-24,,investor_817,F319,Tăng trưởng quý này có dấu hiệu chậm lại do chi phí vốn tăng cao.,Negative,-0.246
2025-12-24,,investor_654,FireAnt,"Mã  đang kiểm tra lại đường MA20, chưa có tín hiệu bứt phá rõ rệt.",Neutral,0.159
2025-12-24,,investor_243,FireAnt,"Mã  đang kiểm tra lại đường MA20, chưa có tín hiệu bứt phá rõ rệt.",Neutral,0.397
2025-12-24,,investor_332,Facebook Group,"Lệnh to vào quét sạch lệnh bán của , chuẩn bị đón cây CE rực rỡ!",Positive,0.506
2025-12-25,,investor_333,24hMoney,"Khối ngoại tiếp tục mua ròng mạnh , tự tin nắm giữ trung hạn.",Positive,0.723
2025-12-25,,investor_989,Facebook Group,"Thị trường chỉnh nhưng  vẫn giữ sắc xanh vững vàng, cổ phiếu kim cương!",Positive,0.798
2025-12-25,,investor_745,24hMoney,"Xu hướng tăng trung dài hạn của  không thể cản phá, canh rung lắc gia tăng tỷ trọng.",Positive,0.504
2025-12-25,,investor_935,Facebook Group,Khối ngoại quay đầu bán ròng  hơn 100 tỷ trong phiên sáng.,Negative,-0.787
2025-12-25,,investor_140,24hMoney,"Thị trường chỉnh nhưng  vẫn giữ sắc xanh vững vàng, cổ phiếu kim cương!",Positive,0.77
2025-12-25,,investor_320,FireAnt,Tăng trưởng quý này có dấu hiệu chậm lại do chi phí vốn tăng cao.,Negative,-0.5
2025-12-26,,investor_265,FireAnt,Công nghệ AI và Cloud của  ký thêm nhiều hợp đồng triệu đô từ Nhật Bản.,Positive,0.675
2025-12-26,,investor_642,F319,"Dòng tiền lớn đã nhập cuộc , mục tiêu vượt đỉnh cũ sớm thôi anh em.",Positive,0.747
2025-12-26,,investor_245,Facebook Group,"Thủng mốc hỗ trợ cứng rồi, anh em nên hạ tỷ trọng  bảo toàn vốn.",Negative,-0.774
2025-12-26,,investor_858,Facebook Group,"Mã  kết quả kinh doanh quý này quá xuất sắc, doanh thu tăng trưởng 25%!",Positive,0.757
2025-12-26,,investor_480,FireAnt,"Thị trường chỉnh nhưng  vẫn giữ sắc xanh vững vàng, cổ phiếu kim cương!",Positive,0.721
2025-12-26,,investor_262,FireAnt,"Kỹ thuật tạo mô hình W đẹp tuyệt vời, RSI bứt phá ngưỡng 60, múc thôi.",Positive,0.616
2025-12-27,,investor_342,F319,"Mã  kết quả kinh doanh quý này quá xuất sắc, doanh thu tăng trưởng 25%!",Positive,0.621
2025-12-27,,investor_703,Facebook Group,"Thị trường chỉnh nhưng  vẫn giữ sắc xanh vững vàng, cổ phiếu kim cương!",Positive,0.858
2025-12-27,,investor_294,Facebook Group,"Thủng mốc hỗ trợ cứng rồi, anh em nên hạ tỷ trọng  bảo toàn vốn.",Negative,-0.388
2025-12-28,,investor_512,FireAnt,Tỷ lệ đòn bẩy margin của  tại các công ty chứng khoán vẫn ở mức an toàn.,Neutral,0.259
2025-12-28,,investor_969,F319,"Kỹ thuật tạo mô hình W đẹp tuyệt vời, RSI bứt phá ngưỡng 60, múc thôi.",Positive,0.551
2025-12-28,,investor_986,Facebook Group,Công nghệ AI và Cloud của  ký thêm nhiều hợp đồng triệu đô từ Nhật Bản.,Positive,0.937
2025-12-29,,investor_722,24hMoney,"Ban lãnh đạo  công bố kế hoạch chia cổ tức tiền mặt 30%, quá uy tín.",Positive,0.884
2025-12-29,,investor_570,F319,"Ban lãnh đạo  công bố kế hoạch chia cổ tức tiền mặt 30%, quá uy tín.",Positive,0.87
2025-12-29,,investor_538,Facebook Group,"Áp lực chốt lời ngắn hạn đối với  đang tăng cao, cẩn trọng đu đỉnh.",Negative,-0.919
2025-12-30,,investor_250,24hMoney,Thảo luận về tiềm năng mảng bán lẻ viễn thông của  trong giai đoạn tới.,Neutral,0.112
2025-12-30,,investor_596,24hMoney,"Hôm nay  đi ngang tích lũy quanh vùng hỗ trợ, thanh khoản trung bình.",Neutral,0.432
2025-12-30,,investor_410,Facebook Group,"Lệnh to vào quét sạch lệnh bán của , chuẩn bị đón cây CE rực rỡ!",Positive,0.781
2025-12-30,,investor_765,Facebook Group,"Thị trường chỉnh nhưng  vẫn giữ sắc xanh vững vàng, cổ phiếu kim cương!",Positive,0.928
2025-12-30,,investor_354,24hMoney,Khối tự doanh và khối ngoại mua bán cân bằng đối với mã .,Neutral,0.363
2025-12-30,,investor_583,F319,"Mức P/E của  hiện tại ở mức 18.5, tương đương mức định giá trung bình ngành.",Neutral,0.391
2025-12-30,,investor_154,F319,"Ban lãnh đạo  công bố kế hoạch chia cổ tức tiền mặt 30%, quá uy tín.",Positive,0.942
2025-12-31,,investor_392,Facebook Group,"Lệnh to vào quét sạch lệnh bán của , chuẩn bị đón cây CE rực rỡ!",Positive,0.689
2025-12-31,,investor_862,FireAnt,"Dòng tiền lớn đã nhập cuộc , mục tiêu vượt đỉnh cũ sớm thôi anh em.",Positive,0.617
2025-12-31,,investor_940,F319,Tỷ lệ đòn bẩy margin của  tại các công ty chứng khoán vẫn ở mức an toàn.,Neutral,-0.009
2025-12-31,,investor_226,F319,Công nghệ AI và Cloud của  ký thêm nhiều hợp đồng triệu đô từ Nhật Bản.,Positive,0.622
2025-12-31,,investor_643,24hMoney,Kỳ vọng  sẽ dẫn dắt VN-Index chinh phục mốc 1300 điểm.,Positive,0.81
2025-12-31,,investor_160,FireAnt,"Dòng tiền lớn đã nhập cuộc , mục tiêu vượt đỉnh cũ sớm thôi anh em.",Positive,0.645
2025-12-31,,investor_760,24hMoney,Khối tự doanh và khối ngoại mua bán cân bằng đối với mã .,Neutral,-0.019
2025-12-31,,investor_581,Facebook Group,Chờ đợi báo cáo tài chính kiểm toán của  để đánh giá chính xác hơn.,Neutral,0.23
2026-01-01,,investor_764,FireAnt,"Kỹ thuật tạo mô hình W đẹp tuyệt vời, RSI bứt phá ngưỡng 60, múc thôi.",Positive,0.909
2026-01-01,,investor_253,24hMoney,"Mã  kết quả kinh doanh quý này quá xuất sắc, doanh thu tăng trưởng 25%!",Positive,0.655
2026-01-01,,investor_613,24hMoney,"Thị trường chung đang giằng co,  dao động trong biên độ hẹp 1-2%.",Neutral,0.115
2026-01-01,,investor_340,F319,"Thị trường chung đang giằng co,  dao động trong biên độ hẹp 1-2%.",Neutral,-0.067
2026-01-01,,investor_299,FireAnt,"Thị trường chỉnh nhưng  vẫn giữ sắc xanh vững vàng, cổ phiếu kim cương!",Positive,0.735
2026-01-02,,investor_333,FireAnt,"Hôm nay là ngày giao dịch không hưởng quyền của , giá điều chỉnh kỹ thuật.",Neutral,0.169
2026-01-02,,investor_128,F319,"Lệnh to vào quét sạch lệnh bán của , chuẩn bị đón cây CE rực rỡ!",Positive,0.651
2026-01-02,,investor_951,F319,"Ban lãnh đạo  công bố kế hoạch chia cổ tức tiền mặt 30%, quá uy tín.",Positive,0.683
2026-01-02,,investor_342,FireAnt,Chờ đợi báo cáo tài chính kiểm toán của  để đánh giá chính xác hơn.,Neutral,0.385
2026-01-02,,investor_593,Facebook Group,"Hôm nay là ngày giao dịch không hưởng quyền của , giá điều chỉnh kỹ thuật.",Neutral,0.416
2026-01-02,,investor_111,Facebook Group,"Lệnh to vào quét sạch lệnh bán của , chuẩn bị đón cây CE rực rỡ!",Positive,0.885
2026-01-02,,investor_125,Facebook Group,Khối ngoại quay đầu bán ròng  hơn 100 tỷ trong phiên sáng.,Negative,-0.725
2026-01-02,,investor_914,Facebook Group,"Ban lãnh đạo  công bố kế hoạch chia cổ tức tiền mặt 30%, quá uy tín.",Positive,0.835
2026-01-03,,investor_860,Facebook Group,Công nghệ AI và Cloud của  ký thêm nhiều hợp đồng triệu đô từ Nhật Bản.,Positive,0.82
2026-01-03,,investor_534,FireAnt,"Mã  kết quả kinh doanh quý này quá xuất sắc, doanh thu tăng trưởng 25%!",Positive,0.932
2026-01-03,,investor_575,Facebook Group,Công nghệ AI và Cloud của  ký thêm nhiều hợp đồng triệu đô từ Nhật Bản.,Positive,0.789
2026-01-03,,investor_204,FireAnt,"Hôm nay là ngày giao dịch không hưởng quyền của , giá điều chỉnh kỹ thuật.",Neutral,0.052
2026-01-03,,investor_439,FireAnt,"Mã  kết quả kinh doanh quý này quá xuất sắc, doanh thu tăng trưởng 25%!",Positive,0.65
2026-01-04,,investor_736,Facebook Group,"Khối ngoại tiếp tục mua ròng mạnh , tự tin nắm giữ trung hạn.",Positive,0.822
2026-01-04,,investor_991,Facebook Group,Khối ngoại quay đầu bán ròng  hơn 100 tỷ trong phiên sáng.,Negative,-0.74
2026-01-04,,investor_826,Facebook Group,Tỷ lệ đòn bẩy margin của  tại các công ty chứng khoán vẫn ở mức an toàn.,Neutral,0.449
2026-01-04,,investor_563,24hMoney,"Kỹ thuật tạo mô hình W đẹp tuyệt vời, RSI bứt phá ngưỡng 60, múc thôi.",Positive,0.596
2026-01-05,,investor_435,24hMoney,Khối ngoại quay đầu bán ròng  hơn 100 tỷ trong phiên sáng.,Negative,-0.337
2026-01-05,,investor_865,F319,"Kỹ thuật tạo mô hình W đẹp tuyệt vời, RSI bứt phá ngưỡng 60, múc thôi.",Positive,0.668
2026-01-05,,investor_870,24hMoney,"Chỉ báo MACD của  phân kỳ âm, cảnh báo rủi ro điều chỉnh ngắn hạn.",Negative,-0.503
2026-01-05,,investor_919,Facebook Group,"Mã  kết quả kinh doanh quý này quá xuất sắc, doanh thu tăng trưởng 25%!",Positive,0.837
2026-01-05,,investor_683,Facebook Group,"Áp lực chốt lời ngắn hạn đối với  đang tăng cao, cẩn trọng đu đỉnh.",Negative,-0.309
2026-01-06,,investor_327,FireAnt,"Áp lực chốt lời ngắn hạn đối với  đang tăng cao, cẩn trọng đu đỉnh.",Negative,-0.142
2026-01-06,,investor_526,FireAnt,Khối tự doanh và khối ngoại mua bán cân bằng đối với mã .,Neutral,0.304
2026-01-06,,investor_165,Facebook Group,"Mã  đang kiểm tra lại đường MA20, chưa có tín hiệu bứt phá rõ rệt.",Neutral,0.141
2026-01-06,,investor_508,24hMoney,Công nghệ AI và Cloud của  ký thêm nhiều hợp đồng triệu đô từ Nhật Bản.,Positive,0.872
2026-01-06,,investor_204,24hMoney,"Thị trường chỉnh nhưng  vẫn giữ sắc xanh vững vàng, cổ phiếu kim cương!",Positive,0.783
2026-01-06,,investor_988,F319,"Lệnh to vào quét sạch lệnh bán của , chuẩn bị đón cây CE rực rỡ!",Positive,0.5
2026-01-07,,investor_585,F319,"Khối ngoại tiếp tục mua ròng mạnh , tự tin nắm giữ trung hạn.",Positive,0.85
2026-01-07,,investor_232,Facebook Group,Công nghệ AI và Cloud của  ký thêm nhiều hợp đồng triệu đô từ Nhật Bản.,Positive,0.856
2026-01-07,,investor_510,FireAnt,Công nghệ AI và Cloud của  ký thêm nhiều hợp đồng triệu đô từ Nhật Bản.,Positive,0.934
2026-01-07,,investor_406,FireAnt,"Chỉ báo MACD của  phân kỳ âm, cảnh báo rủi ro điều chỉnh ngắn hạn.",Negative,-0.601
2026-01-07,,investor_553,Facebook Group,"Lệnh to vào quét sạch lệnh bán của , chuẩn bị đón cây CE rực rỡ!",Positive,0.928
2026-01-07,,investor_286,Facebook Group,"Xu hướng tăng trung dài hạn của  không thể cản phá, canh rung lắc gia tăng tỷ trọng.",Positive,0.852
2026-01-08,,investor_899,24hMoney,"Thanh khoản sụt giảm nghiêm trọng, lực cầu bắt đáy  còn khá yếu.",Negative,-0.863
2026-01-08,,investor_681,Facebook Group,Chờ đợi báo cáo tài chính kiểm toán của  để đánh giá chính xác hơn.,Neutral,0.195
2026-01-08,,investor_325,F319,"Mã  đang kiểm tra lại đường MA20, chưa có tín hiệu bứt phá rõ rệt.",Neutral,0.238
2026-01-08,,investor_153,Facebook Group,"Thị trường chỉnh nhưng  vẫn giữ sắc xanh vững vàng, cổ phiếu kim cương!",Positive,0.716
2026-01-09,,investor_679,24hMoney,"Mã  kết quả kinh doanh quý này quá xuất sắc, doanh thu tăng trưởng 25%!",Positive,0.944
2026-01-09,,investor_730,24hMoney,"Tây xả ròng rã cả tuần,  gãy trend tăng ngắn hạn rồi.",Negative,-0.541
2026-01-09,,investor_662,Facebook Group,"Áp lực chốt lời ngắn hạn đối với  đang tăng cao, cẩn trọng đu đỉnh.",Negative,-0.125
2026-01-09,,investor_803,F319,"Thị trường chỉnh nhưng  vẫn giữ sắc xanh vững vàng, cổ phiếu kim cương!",Positive,0.543
2026-01-09,,investor_923,24hMoney,"Lệnh to vào quét sạch lệnh bán của , chuẩn bị đón cây CE rực rỡ!",Positive,0.601
2026-01-10,,investor_372,FireAnt,Khối tự doanh và khối ngoại mua bán cân bằng đối với mã .,Neutral,0.021
2026-01-10,,investor_985,24hMoney,"Mã  kết quả kinh doanh quý này quá xuất sắc, doanh thu tăng trưởng 25%!",Positive,0.593
2026-01-10,,investor_179,Facebook Group,Thảo luận về tiềm năng mảng bán lẻ viễn thông của  trong giai đoạn tới.,Neutral,0.244
2026-01-11,,investor_624,FireAnt,"Ban lãnh đạo  công bố kế hoạch chia cổ tức tiền mặt 30%, quá uy tín.",Positive,0.919
2026-01-11,,investor_418,F319,"Hôm nay  đi ngang tích lũy quanh vùng hỗ trợ, thanh khoản trung bình.",Neutral,0.051
2026-01-11,,investor_874,24hMoney,"Kỹ thuật tạo mô hình W đẹp tuyệt vời, RSI bứt phá ngưỡng 60, múc thôi.",Positive,0.571
2026-01-11,,investor_500,24hMoney,"Thị trường xấu quá,  bị bán lan theo hiệu ứng tâm lý chung.",Negative,-0.196
2026-01-11,,investor_397,F319,"Hôm nay là ngày giao dịch không hưởng quyền của , giá điều chỉnh kỹ thuật.",Neutral,0.232
2026-01-11,,investor_464,Facebook Group,"Tây xả ròng rã cả tuần,  gãy trend tăng ngắn hạn rồi.",Negative,-0.788
2026-01-11,,investor_333,Facebook Group,"Xu hướng tăng trung dài hạn của  không thể cản phá, canh rung lắc gia tăng tỷ trọng.",Positive,0.576
2026-01-11,,investor_279,Facebook Group,Công nghệ AI và Cloud của  ký thêm nhiều hợp đồng triệu đô từ Nhật Bản.,Positive,0.765
2026-01-12,,investor_158,FireAnt,"Hôm nay là ngày giao dịch không hưởng quyền của , giá điều chỉnh kỹ thuật.",Neutral,0.091
2026-01-12,,investor_326,F319,Chờ đợi báo cáo tài chính kiểm toán của  để đánh giá chính xác hơn.,Neutral,0.271
2026-01-12,,investor_417,FireAnt,"Khối ngoại tiếp tục mua ròng mạnh , tự tin nắm giữ trung hạn.",Positive,0.797
2026-01-12,,investor_584,Facebook Group,"Hôm nay là ngày giao dịch không hưởng quyền của , giá điều chỉnh kỹ thuật.",Neutral,0.112
2026-01-12,,investor_511,24hMoney,"Thị trường xấu quá,  bị bán lan theo hiệu ứng tâm lý chung.",Negative,-0.28
2026-01-12,,investor_253,24hMoney,"Thị trường chung đang giằng co,  dao động trong biên độ hẹp 1-2%.",Neutral,0.021
2026-01-12,,investor_619,24hMoney,"Xu hướng tăng trung dài hạn của  không thể cản phá, canh rung lắc gia tăng tỷ trọng.",Positive,0.941
2026-01-13,,investor_751,24hMoney,"Lệnh to vào quét sạch lệnh bán của , chuẩn bị đón cây CE rực rỡ!",Positive,0.583
2026-01-13,,investor_266,24hMoney,"Lệnh to vào quét sạch lệnh bán của , chuẩn bị đón cây CE rực rỡ!",Positive,0.644
2026-01-13,,investor_983,FireAnt,"Thị trường chỉnh nhưng  vẫn giữ sắc xanh vững vàng, cổ phiếu kim cương!",Positive,0.775
2026-01-13,,investor_813,F319,"Chỉ báo MACD của  phân kỳ âm, cảnh báo rủi ro điều chỉnh ngắn hạn.",Negative,-0.534
2026-01-13,,investor_283,Facebook Group,"Mã  đang kiểm tra lại đường MA20, chưa có tín hiệu bứt phá rõ rệt.",Neutral,0.338
2026-01-13,,investor_364,Facebook Group,"Khối ngoại tiếp tục mua ròng mạnh , tự tin nắm giữ trung hạn.",Positive,0.774
2026-01-13,,investor_598,Facebook Group,Khối ngoại quay đầu bán ròng  hơn 100 tỷ trong phiên sáng.,Negative,-0.673
2026-01-14,,investor_557,24hMoney,"Ban lãnh đạo  công bố kế hoạch chia cổ tức tiền mặt 30%, quá uy tín.",Positive,0.508
2026-01-14,,investor_136,F319,"Hôm nay là ngày giao dịch không hưởng quyền của , giá điều chỉnh kỹ thuật.",Neutral,-0.058
2026-01-14,,investor_779,FireAnt,"Chỉ báo MACD của  phân kỳ âm, cảnh báo rủi ro điều chỉnh ngắn hạn.",Negative,-0.253
2026-01-14,,investor_717,F319,"Thị trường chỉnh nhưng  vẫn giữ sắc xanh vững vàng, cổ phiếu kim cương!",Positive,0.873
2026-01-14,,investor_356,24hMoney,"Hôm nay là ngày giao dịch không hưởng quyền của , giá điều chỉnh kỹ thuật.",Neutral,0.042
2026-01-14,,investor_806,Facebook Group,"Mã  đang kiểm tra lại đường MA20, chưa có tín hiệu bứt phá rõ rệt.",Neutral,0.486
2026-01-14,,investor_245,Facebook Group,"Lệnh to vào quét sạch lệnh bán của , chuẩn bị đón cây CE rực rỡ!",Positive,0.622
2026-01-15,,investor_574,FireAnt,"Áp lực chốt lời ngắn hạn đối với  đang tăng cao, cẩn trọng đu đỉnh.",Negative,-0.63
2026-01-15,,investor_572,FireAnt,"Tây xả ròng rã cả tuần,  gãy trend tăng ngắn hạn rồi.",Negative,-0.534
2026-01-15,,investor_193,F319,"Ban lãnh đạo  công bố kế hoạch chia cổ tức tiền mặt 30%, quá uy tín.",Positive,0.745
2026-01-15,,investor_967,24hMoney,"Thị trường xấu quá,  bị bán lan theo hiệu ứng tâm lý chung.",Negative,-0.844
2026-01-16,,investor_976,FireAnt,"Ban lãnh đạo  công bố kế hoạch chia cổ tức tiền mặt 30%, quá uy tín.",Positive,0.693
2026-01-16,,investor_558,F319,Thảo luận về tiềm năng mảng bán lẻ viễn thông của  trong giai đoạn tới.,Neutral,0.173
2026-01-16,,investor_829,F319,"Thị trường chỉnh nhưng  vẫn giữ sắc xanh vững vàng, cổ phiếu kim cương!",Positive,0.853
2026-01-16,,investor_207,24hMoney,Tăng trưởng quý này có dấu hiệu chậm lại do chi phí vốn tăng cao.,Negative,-0.912
2026-01-16,,investor_940,FireAnt,"Kỹ thuật tạo mô hình W đẹp tuyệt vời, RSI bứt phá ngưỡng 60, múc thôi.",Positive,0.791
2026-01-16,,investor_334,F319,Khối tự doanh và khối ngoại mua bán cân bằng đối với mã .,Neutral,0.016
2026-01-16,,investor_860,24hMoney,Tỷ lệ đòn bẩy margin của  tại các công ty chứng khoán vẫn ở mức an toàn.,Neutral,-0.07
2026-01-16,,investor_233,F319,"Thanh khoản sụt giảm nghiêm trọng, lực cầu bắt đáy  còn khá yếu.",Negative,-0.646
2026-01-17,,investor_447,F319,Tỷ lệ đòn bẩy margin của  tại các công ty chứng khoán vẫn ở mức an toàn.,Neutral,0.284
2026-01-17,,investor_320,24hMoney,"Hôm nay  đi ngang tích lũy quanh vùng hỗ trợ, thanh khoản trung bình.",Neutral,-0.033
2026-01-17,,investor_198,FireAnt,Chờ đợi báo cáo tài chính kiểm toán của  để đánh giá chính xác hơn.,Neutral,0.259
2026-01-17,,investor_326,Facebook Group,Kỳ vọng  sẽ dẫn dắt VN-Index chinh phục mốc 1300 điểm.,Positive,0.577
2026-01-17,,investor_470,Facebook Group,Kỳ vọng  sẽ dẫn dắt VN-Index chinh phục mốc 1300 điểm.,Positive,0.732
2026-01-17,,investor_121,24hMoney,"Thị trường xấu quá,  bị bán lan theo hiệu ứng tâm lý chung.",Negative,-0.733
2026-01-17,,investor_337,Facebook Group,"Mã  đang kiểm tra lại đường MA20, chưa có tín hiệu bứt phá rõ rệt.",Neutral,0.072
2026-01-18,,investor_470,F319,"Kỹ thuật tạo mô hình W đẹp tuyệt vời, RSI bứt phá ngưỡng 60, múc thôi.",Positive,0.932
2026-01-18,,investor_320,24hMoney,Kỳ vọng  sẽ dẫn dắt VN-Index chinh phục mốc 1300 điểm.,Positive,0.76
2026-01-18,,investor_269,Facebook Group,Tăng trưởng quý này có dấu hiệu chậm lại do chi phí vốn tăng cao.,Negative,-0.642
2026-01-18,,investor_768,24hMoney,"Mức P/E của  hiện tại ở mức 18.5, tương đương mức định giá trung bình ngành.",Neutral,0.218
2026-01-18,,investor_591,FireAnt,Khối ngoại quay đầu bán ròng  hơn 100 tỷ trong phiên sáng.,Negative,-0.594
2026-01-18,,investor_826,Facebook Group,"Mã  đang kiểm tra lại đường MA20, chưa có tín hiệu bứt phá rõ rệt.",Neutral,0.103
2026-01-18,,investor_867,Facebook Group,Kỳ vọng  sẽ dẫn dắt VN-Index chinh phục mốc 1300 điểm.,Positive,0.522
2026-01-19,,investor_722,FireAnt,"Lệnh to vào quét sạch lệnh bán của , chuẩn bị đón cây CE rực rỡ!",Positive,0.757
2026-01-19,,investor_990,F319,"Dòng tiền lớn đã nhập cuộc , mục tiêu vượt đỉnh cũ sớm thôi anh em.",Positive,0.639
2026-01-19,,investor_110,F319,Công nghệ AI và Cloud của  ký thêm nhiều hợp đồng triệu đô từ Nhật Bản.,Positive,0.892
2026-01-20,,investor_486,24hMoney,Tăng trưởng quý này có dấu hiệu chậm lại do chi phí vốn tăng cao.,Negative,-0.142
2026-01-20,,investor_656,F319,"Ban lãnh đạo  công bố kế hoạch chia cổ tức tiền mặt 30%, quá uy tín.",Positive,0.788
2026-01-20,,investor_241,24hMoney,"Hôm nay  đi ngang tích lũy quanh vùng hỗ trợ, thanh khoản trung bình.",Neutral,0.053
2026-01-21,,investor_276,Facebook Group,Kỳ vọng  sẽ dẫn dắt VN-Index chinh phục mốc 1300 điểm.,Positive,0.625
2026-01-21,,investor_155,Facebook Group,Thảo luận về tiềm năng mảng bán lẻ viễn thông của  trong giai đoạn tới.,Neutral,0.442
2026-01-21,,investor_755,24hMoney,"Hôm nay  đi ngang tích lũy quanh vùng hỗ trợ, thanh khoản trung bình.",Neutral,0.125
2026-01-21,,investor_596,FireAnt,Thảo luận về tiềm năng mảng bán lẻ viễn thông của  trong giai đoạn tới.,Neutral,0.305
2026-01-21,,investor_408,Facebook Group,Tăng trưởng quý này có dấu hiệu chậm lại do chi phí vốn tăng cao.,Negative,-0.114
2026-01-21,,investor_489,Facebook Group,"Dòng tiền lớn đã nhập cuộc , mục tiêu vượt đỉnh cũ sớm thôi anh em.",Positive,0.775
2026-01-21,,investor_912,24hMoney,"Kỹ thuật tạo mô hình W đẹp tuyệt vời, RSI bứt phá ngưỡng 60, múc thôi.",Positive,0.627
2026-01-21,,investor_377,F319,Khối ngoại quay đầu bán ròng  hơn 100 tỷ trong phiên sáng.,Negative,-0.358
2026-01-22,,investor_912,F319,Khối tự doanh và khối ngoại mua bán cân bằng đối với mã .,Neutral,0.464
2026-01-22,,investor_624,Facebook Group,"Kỹ thuật tạo mô hình W đẹp tuyệt vời, RSI bứt phá ngưỡng 60, múc thôi.",Positive,0.689
2026-01-22,,investor_588,FireAnt,"Hôm nay là ngày giao dịch không hưởng quyền của , giá điều chỉnh kỹ thuật.",Neutral,-0.046
2026-01-22,,investor_523,F319,"Chỉ báo MACD của  phân kỳ âm, cảnh báo rủi ro điều chỉnh ngắn hạn.",Negative,-0.877
2026-01-23,,investor_167,24hMoney,Khối ngoại quay đầu bán ròng  hơn 100 tỷ trong phiên sáng.,Negative,-0.708
2026-01-23,,investor_358,24hMoney,Tỷ lệ đòn bẩy margin của  tại các công ty chứng khoán vẫn ở mức an toàn.,Neutral,0.0
2026-01-23,,investor_832,Facebook Group,Khối tự doanh và khối ngoại mua bán cân bằng đối với mã .,Neutral,0.259
2026-01-23,,investor_671,FireAnt,"Hôm nay là ngày giao dịch không hưởng quyền của , giá điều chỉnh kỹ thuật.",Neutral,-0.1
2026-01-23,,investor_277,Facebook Group,"Thủng mốc hỗ trợ cứng rồi, anh em nên hạ tỷ trọng  bảo toàn vốn.",Negative,-0.175
2026-01-23,,investor_335,24hMoney,"Hôm nay là ngày giao dịch không hưởng quyền của , giá điều chỉnh kỹ thuật.",Neutral,0.306
2026-01-23,,investor_626,F319,"Dòng tiền lớn đã nhập cuộc , mục tiêu vượt đỉnh cũ sớm thôi anh em.",Positive,0.718
2026-01-24,,investor_648,FireAnt,"Ban lãnh đạo  công bố kế hoạch chia cổ tức tiền mặt 30%, quá uy tín.",Positive,0.691
2026-01-24,,investor_615,F319,Kỳ vọng  sẽ dẫn dắt VN-Index chinh phục mốc 1300 điểm.,Positive,0.719
2026-01-24,,investor_754,F319,"Mức P/E của  hiện tại ở mức 18.5, tương đương mức định giá trung bình ngành.",Neutral,0.275
2026-01-24,,investor_284,FireAnt,"Ban lãnh đạo  công bố kế hoạch chia cổ tức tiền mặt 30%, quá uy tín.",Positive,0.683
2026-01-24,,investor_664,24hMoney,"Kỹ thuật tạo mô hình W đẹp tuyệt vời, RSI bứt phá ngưỡng 60, múc thôi.",Positive,0.561
2026-01-24,,investor_808,FireAnt,"Thị trường chung đang giằng co,  dao động trong biên độ hẹp 1-2%.",Neutral,0.29
2026-01-24,,investor_903,FireAnt,"Tây xả ròng rã cả tuần,  gãy trend tăng ngắn hạn rồi.",Negative,-0.396
2026-01-25,,investor_527,24hMoney,"Chỉ báo MACD của  phân kỳ âm, cảnh báo rủi ro điều chỉnh ngắn hạn.",Negative,-0.24
2026-01-25,,investor_660,F319,Tăng trưởng quý này có dấu hiệu chậm lại do chi phí vốn tăng cao.,Negative,-0.874
2026-01-25,,investor_674,24hMoney,"Lệnh to vào quét sạch lệnh bán của , chuẩn bị đón cây CE rực rỡ!",Positive,0.947
2026-01-25,,investor_151,Facebook Group,"Hôm nay là ngày giao dịch không hưởng quyền của , giá điều chỉnh kỹ thuật.",Neutral,0.389
2026-01-25,,investor_974,Facebook Group,"Thị trường xấu quá,  bị bán lan theo hiệu ứng tâm lý chung.",Negative,-0.376
2026-01-25,,investor_744,Facebook Group,"Hôm nay là ngày giao dịch không hưởng quyền của , giá điều chỉnh kỹ thuật.",Neutral,0.442
2026-01-26,,investor_354,FireAnt,Tăng trưởng quý này có dấu hiệu chậm lại do chi phí vốn tăng cao.,Negative,-0.577
2026-01-26,,investor_398,F319,Công nghệ AI và Cloud của  ký thêm nhiều hợp đồng triệu đô từ Nhật Bản.,Positive,0.95
2026-01-26,,investor_767,FireAnt,"Kỹ thuật tạo mô hình W đẹp tuyệt vời, RSI bứt phá ngưỡng 60, múc thôi.",Positive,0.655
2026-01-27,,investor_162,Facebook Group,"Hôm nay  đi ngang tích lũy quanh vùng hỗ trợ, thanh khoản trung bình.",Neutral,0.422
2026-01-27,,investor_114,Facebook Group,"Chỉ báo MACD của  phân kỳ âm, cảnh báo rủi ro điều chỉnh ngắn hạn.",Negative,-0.309
2026-01-27,,investor_359,24hMoney,Công nghệ AI và Cloud của  ký thêm nhiều hợp đồng triệu đô từ Nhật Bản.,Positive,0.565
2026-01-27,,investor_430,F319,"Thủng mốc hỗ trợ cứng rồi, anh em nên hạ tỷ trọng  bảo toàn vốn.",Negative,-0.328
2026-01-28,,investor_594,FireAnt,"Dòng tiền lớn đã nhập cuộc , mục tiêu vượt đỉnh cũ sớm thôi anh em.",Positive,0.734
2026-01-28,,investor_427,24hMoney,"Lệnh to vào quét sạch lệnh bán của , chuẩn bị đón cây CE rực rỡ!",Positive,0.839
2026-01-28,,investor_795,F319,"Xu hướng tăng trung dài hạn của  không thể cản phá, canh rung lắc gia tăng tỷ trọng.",Positive,0.784
2026-01-29,,investor_740,FireAnt,"Chỉ báo MACD của  phân kỳ âm, cảnh báo rủi ro điều chỉnh ngắn hạn.",Negative,-0.599
2026-01-29,,investor_585,24hMoney,Kỳ vọng  sẽ dẫn dắt VN-Index chinh phục mốc 1300 điểm.,Positive,0.605
2026-01-29,,investor_352,F319,"Hôm nay là ngày giao dịch không hưởng quyền của , giá điều chỉnh kỹ thuật.",Neutral,0.202
2026-01-29,,investor_982,FireAnt,"Thủng mốc hỗ trợ cứng rồi, anh em nên hạ tỷ trọng  bảo toàn vốn.",Negative,-0.461
2026-01-30,,investor_927,FireAnt,"Áp lực chốt lời ngắn hạn đối với  đang tăng cao, cẩn trọng đu đỉnh.",Negative,-0.278
2026-01-30,,investor_377,F319,"Lệnh to vào quét sạch lệnh bán của , chuẩn bị đón cây CE rực rỡ!",Positive,0.809
2026-01-30,,investor_718,24hMoney,"Dòng tiền lớn đã nhập cuộc , mục tiêu vượt đỉnh cũ sớm thôi anh em.",Positive,0.684
2026-01-30,,investor_494,Facebook Group,"Tây xả ròng rã cả tuần,  gãy trend tăng ngắn hạn rồi.",Negative,-0.566
2026-01-30,,investor_231,F319,"Ban lãnh đạo  công bố kế hoạch chia cổ tức tiền mặt 30%, quá uy tín.",Positive,0.67
2026-01-30,,investor_392,24hMoney,Thảo luận về tiềm năng mảng bán lẻ viễn thông của  trong giai đoạn tới.,Neutral,0.193
2026-01-31,,investor_797,24hMoney,"Mã  đang kiểm tra lại đường MA20, chưa có tín hiệu bứt phá rõ rệt.",Neutral,0.026
2026-01-31,,investor_352,24hMoney,"Xu hướng tăng trung dài hạn của  không thể cản phá, canh rung lắc gia tăng tỷ trọng.",Positive,0.55
2026-01-31,,investor_134,Facebook Group,Chờ đợi báo cáo tài chính kiểm toán của  để đánh giá chính xác hơn.,Neutral,0.02
2026-02-01,,investor_363,FireAnt,"Dòng tiền lớn đã nhập cuộc , mục tiêu vượt đỉnh cũ sớm thôi anh em.",Positive,0.904
2026-02-01,,investor_634,FireAnt,"Mức P/E của  hiện tại ở mức 18.5, tương đương mức định giá trung bình ngành.",Neutral,0.317
2026-02-01,,investor_274,24hMoney,Khối ngoại quay đầu bán ròng  hơn 100 tỷ trong phiên sáng.,Negative,-0.154
2026-02-01,,investor_642,FireAnt,"Mức P/E của  hiện tại ở mức 18.5, tương đương mức định giá trung bình ngành.",Neutral,-0.08
2026-02-01,,investor_584,Facebook Group,"Mã  đang kiểm tra lại đường MA20, chưa có tín hiệu bứt phá rõ rệt.",Neutral,-0.012
2026-02-01,,investor_405,24hMoney,"Mã  kết quả kinh doanh quý này quá xuất sắc, doanh thu tăng trưởng 25%!",Positive,0.864
2026-02-01,,investor_200,Facebook Group,"Thị trường chỉnh nhưng  vẫn giữ sắc xanh vững vàng, cổ phiếu kim cương!",Positive,0.792
2026-02-01,,investor_452,24hMoney,Kỳ vọng  sẽ dẫn dắt VN-Index chinh phục mốc 1300 điểm.,Positive,0.693
2026-02-02,,investor_189,Facebook Group,"Mã  kết quả kinh doanh quý này quá xuất sắc, doanh thu tăng trưởng 25%!",Positive,0.734
2026-02-02,,investor_447,F319,"Dòng tiền lớn đã nhập cuộc , mục tiêu vượt đỉnh cũ sớm thôi anh em.",Positive,0.911
2026-02-02,,investor_580,FireAnt,"Áp lực chốt lời ngắn hạn đối với  đang tăng cao, cẩn trọng đu đỉnh.",Negative,-0.679
2026-02-02,,investor_833,Facebook Group,Khối tự doanh và khối ngoại mua bán cân bằng đối với mã .,Neutral,0.435
2026-02-03,,investor_659,F319,Khối ngoại quay đầu bán ròng  hơn 100 tỷ trong phiên sáng.,Negative,-0.707
2026-02-03,,investor_644,24hMoney,"Mức P/E của  hiện tại ở mức 18.5, tương đương mức định giá trung bình ngành.",Neutral,0.399
2026-02-03,,investor_391,F319,Tỷ lệ đòn bẩy margin của  tại các công ty chứng khoán vẫn ở mức an toàn.,Neutral,0.421
2026-02-03,,investor_385,24hMoney,"Hôm nay  đi ngang tích lũy quanh vùng hỗ trợ, thanh khoản trung bình.",Neutral,0.313
2026-02-03,,investor_855,24hMoney,"Áp lực chốt lời ngắn hạn đối với  đang tăng cao, cẩn trọng đu đỉnh.",Negative,-0.426
2026-02-03,,investor_685,24hMoney,Kỳ vọng  sẽ dẫn dắt VN-Index chinh phục mốc 1300 điểm.,Positive,0.628
2026-02-03,,investor_170,FireAnt,Tỷ lệ đòn bẩy margin của  tại các công ty chứng khoán vẫn ở mức an toàn.,Neutral,0.477
2026-02-04,,investor_722,24hMoney,"Ban lãnh đạo  công bố kế hoạch chia cổ tức tiền mặt 30%, quá uy tín.",Positive,0.554
2026-02-04,,investor_672,Facebook Group,"Khối ngoại tiếp tục mua ròng mạnh , tự tin nắm giữ trung hạn.",Positive,0.627
2026-02-04,,investor_424,Facebook Group,"Kỹ thuật tạo mô hình W đẹp tuyệt vời, RSI bứt phá ngưỡng 60, múc thôi.",Positive,0.778
2026-02-04,,investor_601,F319,"Thị trường xấu quá,  bị bán lan theo hiệu ứng tâm lý chung.",Negative,-0.355
2026-02-04,,investor_678,24hMoney,"Lệnh to vào quét sạch lệnh bán của , chuẩn bị đón cây CE rực rỡ!",Positive,0.931
2026-02-04,,investor_403,Facebook Group,Công nghệ AI và Cloud của  ký thêm nhiều hợp đồng triệu đô từ Nhật Bản.,Positive,0.833
2026-02-05,,investor_983,FireAnt,Tỷ lệ đòn bẩy margin của  tại các công ty chứng khoán vẫn ở mức an toàn.,Neutral,0.209
2026-02-05,,investor_688,F319,"Hôm nay là ngày giao dịch không hưởng quyền của , giá điều chỉnh kỹ thuật.",Neutral,-0.059
2026-02-05,,investor_578,Facebook Group,"Ban lãnh đạo  công bố kế hoạch chia cổ tức tiền mặt 30%, quá uy tín.",Positive,0.577
2026-02-05,,investor_105,F319,"Thị trường chỉnh nhưng  vẫn giữ sắc xanh vững vàng, cổ phiếu kim cương!",Positive,0.517
2026-02-05,,investor_369,24hMoney,Kỳ vọng  sẽ dẫn dắt VN-Index chinh phục mốc 1300 điểm.,Positive,0.55
2026-02-05,,investor_637,F319,"Kỹ thuật tạo mô hình W đẹp tuyệt vời, RSI bứt phá ngưỡng 60, múc thôi.",Positive,0.865
2026-02-05,,investor_890,F319,Thảo luận về tiềm năng mảng bán lẻ viễn thông của  trong giai đoạn tới.,Neutral,0.234
2026-02-05,,investor_963,FireAnt,"Dòng tiền lớn đã nhập cuộc , mục tiêu vượt đỉnh cũ sớm thôi anh em.",Positive,0.583
2026-02-06,,investor_323,24hMoney,Khối ngoại quay đầu bán ròng  hơn 100 tỷ trong phiên sáng.,Negative,-0.522
2026-02-06,,investor_567,Facebook Group,"Khối ngoại tiếp tục mua ròng mạnh , tự tin nắm giữ trung hạn.",Positive,0.682
2026-02-06,,investor_331,FireAnt,"Dòng tiền lớn đã nhập cuộc , mục tiêu vượt đỉnh cũ sớm thôi anh em.",Positive,0.571
2026-02-06,,investor_187,24hMoney,Kỳ vọng  sẽ dẫn dắt VN-Index chinh phục mốc 1300 điểm.,Positive,0.946
2026-02-06,,investor_133,24hMoney,Kỳ vọng  sẽ dẫn dắt VN-Index chinh phục mốc 1300 điểm.,Positive,0.846
2026-02-06,,investor_254,FireAnt,"Mức P/E của  hiện tại ở mức 18.5, tương đương mức định giá trung bình ngành.",Neutral,0.257
2026-02-06,,investor_978,24hMoney,"Kỹ thuật tạo mô hình W đẹp tuyệt vời, RSI bứt phá ngưỡng 60, múc thôi.",Positive,0.795
2026-02-07,,investor_979,24hMoney,Công nghệ AI và Cloud của  ký thêm nhiều hợp đồng triệu đô từ Nhật Bản.,Positive,0.782
2026-02-07,,investor_947,Facebook Group,"Lệnh to vào quét sạch lệnh bán của , chuẩn bị đón cây CE rực rỡ!",Positive,0.895
2026-02-07,,investor_580,F319,Kỳ vọng  sẽ dẫn dắt VN-Index chinh phục mốc 1300 điểm.,Positive,0.74
2026-02-07,,investor_417,FireAnt,Công nghệ AI và Cloud của  ký thêm nhiều hợp đồng triệu đô từ Nhật Bản.,Positive,0.685
2026-02-07,,investor_944,F319,"Tây xả ròng rã cả tuần,  gãy trend tăng ngắn hạn rồi.",Negative,-0.915
2026-02-08,,investor_455,FireAnt,Chờ đợi báo cáo tài chính kiểm toán của  để đánh giá chính xác hơn.,Neutral,0.108
2026-02-08,,investor_501,F319,"Kỹ thuật tạo mô hình W đẹp tuyệt vời, RSI bứt phá ngưỡng 60, múc thôi.",Positive,0.537
2026-02-08,,investor_131,F319,"Áp lực chốt lời ngắn hạn đối với  đang tăng cao, cẩn trọng đu đỉnh.",Negative,-0.398
2026-02-08,,investor_756,F319,"Thị trường chỉnh nhưng  vẫn giữ sắc xanh vững vàng, cổ phiếu kim cương!",Positive,0.737
2026-02-08,,investor_218,F319,"Thanh khoản sụt giảm nghiêm trọng, lực cầu bắt đáy  còn khá yếu.",Negative,-0.58
2026-02-08,,investor_705,Facebook Group,"Xu hướng tăng trung dài hạn của  không thể cản phá, canh rung lắc gia tăng tỷ trọng.",Positive,0.758
2026-02-08,,investor_607,FireAnt,Công nghệ AI và Cloud của  ký thêm nhiều hợp đồng triệu đô từ Nhật Bản.,Positive,0.876
2026-02-08,,investor_102,24hMoney,Thảo luận về tiềm năng mảng bán lẻ viễn thông của  trong giai đoạn tới.,Neutral,0.391
2026-02-09,,investor_488,Facebook Group,Chờ đợi báo cáo tài chính kiểm toán của  để đánh giá chính xác hơn.,Neutral,0.276
2026-02-09,,investor_338,FireAnt,"Thủng mốc hỗ trợ cứng rồi, anh em nên hạ tỷ trọng  bảo toàn vốn.",Negative,-0.855
2026-02-09,,investor_212,F319,Tăng trưởng quý này có dấu hiệu chậm lại do chi phí vốn tăng cao.,Negative,-0.808
2026-02-09,,investor_475,FireAnt,"Lệnh to vào quét sạch lệnh bán của , chuẩn bị đón cây CE rực rỡ!",Positive,0.515
2026-02-09,,investor_923,24hMoney,"Kỹ thuật tạo mô hình W đẹp tuyệt vời, RSI bứt phá ngưỡng 60, múc thôi.",Positive,0.693
2026-02-09,,investor_643,24hMoney,Kỳ vọng  sẽ dẫn dắt VN-Index chinh phục mốc 1300 điểm.,Positive,0.874
2026-02-09,,investor_299,FireAnt,"Xu hướng tăng trung dài hạn của  không thể cản phá, canh rung lắc gia tăng tỷ trọng.",Positive,0.563
2026-02-10,,investor_997,F319,"Xu hướng tăng trung dài hạn của  không thể cản phá, canh rung lắc gia tăng tỷ trọng.",Positive,0.925
2026-02-10,,investor_470,24hMoney,"Khối ngoại tiếp tục mua ròng mạnh , tự tin nắm giữ trung hạn.",Positive,0.509
2026-02-10,,investor_239,F319,Thảo luận về tiềm năng mảng bán lẻ viễn thông của  trong giai đoạn tới.,Neutral,0.276
2026-02-11,,investor_539,FireAnt,"Thanh khoản sụt giảm nghiêm trọng, lực cầu bắt đáy  còn khá yếu.",Negative,-0.335
2026-02-11,,investor_194,F319,Tăng trưởng quý này có dấu hiệu chậm lại do chi phí vốn tăng cao.,Negative,-0.934
2026-02-11,,investor_112,Facebook Group,"Hôm nay  đi ngang tích lũy quanh vùng hỗ trợ, thanh khoản trung bình.",Neutral,0.389
2026-02-11,,investor_124,24hMoney,"Ban lãnh đạo  công bố kế hoạch chia cổ tức tiền mặt 30%, quá uy tín.",Positive,0.888
2026-02-11,,investor_753,FireAnt,"Mức P/E của  hiện tại ở mức 18.5, tương đương mức định giá trung bình ngành.",Neutral,0.326
2026-02-11,,investor_240,24hMoney,"Thủng mốc hỗ trợ cứng rồi, anh em nên hạ tỷ trọng  bảo toàn vốn.",Negative,-0.65
2026-02-11,,investor_995,FireAnt,Khối tự doanh và khối ngoại mua bán cân bằng đối với mã .,Neutral,-0.037
2026-02-11,,investor_715,F319,Thảo luận về tiềm năng mảng bán lẻ viễn thông của  trong giai đoạn tới.,Neutral,-0.048
2026-02-12,,investor_582,FireAnt,Tỷ lệ đòn bẩy margin của  tại các công ty chứng khoán vẫn ở mức an toàn.,Neutral,0.469
2026-02-12,,investor_278,FireAnt,"Tây xả ròng rã cả tuần,  gãy trend tăng ngắn hạn rồi.",Negative,-0.695
2026-02-12,,investor_183,F319,Khối ngoại quay đầu bán ròng  hơn 100 tỷ trong phiên sáng.,Negative,-0.121
2026-02-12,,investor_965,Facebook Group,Kỳ vọng  sẽ dẫn dắt VN-Index chinh phục mốc 1300 điểm.,Positive,0.871
2026-02-13,,investor_697,F319,"Lệnh to vào quét sạch lệnh bán của , chuẩn bị đón cây CE rực rỡ!",Positive,0.645
2026-02-13,,investor_863,Facebook Group,Công nghệ AI và Cloud của  ký thêm nhiều hợp đồng triệu đô từ Nhật Bản.,Positive,0.653
2026-02-13,,investor_508,F319,"Hôm nay là ngày giao dịch không hưởng quyền của , giá điều chỉnh kỹ thuật.",Neutral,0.166
2026-02-13,,investor_595,FireAnt,"Mức P/E của  hiện tại ở mức 18.5, tương đương mức định giá trung bình ngành.",Neutral,0.249
2026-02-13,,investor_832,Facebook Group,"Kỹ thuật tạo mô hình W đẹp tuyệt vời, RSI bứt phá ngưỡng 60, múc thôi.",Positive,0.747
2026-02-13,,investor_388,F319,"Kỹ thuật tạo mô hình W đẹp tuyệt vời, RSI bứt phá ngưỡng 60, múc thôi.",Positive,0.536
2026-02-13,,investor_491,24hMoney,"Mức P/E của  hiện tại ở mức 18.5, tương đương mức định giá trung bình ngành.",Neutral,0.281
2026-02-13,,investor_819,FireAnt,Kỳ vọng  sẽ dẫn dắt VN-Index chinh phục mốc 1300 điểm.,Positive,0.842
2026-02-14,,investor_783,24hMoney,"Mã  đang kiểm tra lại đường MA20, chưa có tín hiệu bứt phá rõ rệt.",Neutral,0.12
2026-02-14,,investor_790,24hMoney,"Áp lực chốt lời ngắn hạn đối với  đang tăng cao, cẩn trọng đu đỉnh.",Negative,-0.456
2026-02-14,,investor_952,F319,"Ban lãnh đạo  công bố kế hoạch chia cổ tức tiền mặt 30%, quá uy tín.",Positive,0.714
2026-02-14,,investor_579,F319,Khối ngoại quay đầu bán ròng  hơn 100 tỷ trong phiên sáng.,Negative,-0.859
2026-02-14,,investor_220,Facebook Group,"Mã  kết quả kinh doanh quý này quá xuất sắc, doanh thu tăng trưởng 25%!",Positive,0.613
2026-02-15,,investor_631,F319,Tỷ lệ đòn bẩy margin của  tại các công ty chứng khoán vẫn ở mức an toàn.,Neutral,0.214
2026-02-15,,investor_987,FireAnt,Công nghệ AI và Cloud của  ký thêm nhiều hợp đồng triệu đô từ Nhật Bản.,Positive,0.761
2026-02-15,,investor_368,FireAnt,"Mã  kết quả kinh doanh quý này quá xuất sắc, doanh thu tăng trưởng 25%!",Positive,0.797
2026-02-15,,investor_449,FireAnt,"Mã  kết quả kinh doanh quý này quá xuất sắc, doanh thu tăng trưởng 25%!",Positive,0.547
2026-02-16,,investor_575,Facebook Group,"Mã  đang kiểm tra lại đường MA20, chưa có tín hiệu bứt phá rõ rệt.",Neutral,0.061
2026-02-16,,investor_837,24hMoney,Tỷ lệ đòn bẩy margin của  tại các công ty chứng khoán vẫn ở mức an toàn.,Neutral,-0.04
2026-02-16,,investor_864,Facebook Group,"Thanh khoản sụt giảm nghiêm trọng, lực cầu bắt đáy  còn khá yếu.",Negative,-0.641
2026-02-16,,investor_630,F319,Công nghệ AI và Cloud của  ký thêm nhiều hợp đồng triệu đô từ Nhật Bản.,Positive,0.82
2026-02-16,,investor_563,FireAnt,"Khối ngoại tiếp tục mua ròng mạnh , tự tin nắm giữ trung hạn.",Positive,0.734
2026-02-17,,investor_835,FireAnt,"Hôm nay  đi ngang tích lũy quanh vùng hỗ trợ, thanh khoản trung bình.",Neutral,0.274
2026-02-17,,investor_271,F319,"Khối ngoại tiếp tục mua ròng mạnh , tự tin nắm giữ trung hạn.",Positive,0.939
2026-02-17,,investor_125,FireAnt,"Kỹ thuật tạo mô hình W đẹp tuyệt vời, RSI bứt phá ngưỡng 60, múc thôi.",Positive,0.679
2026-02-18,,investor_561,24hMoney,Công nghệ AI và Cloud của  ký thêm nhiều hợp đồng triệu đô từ Nhật Bản.,Positive,0.55
2026-02-18,,investor_963,FireAnt,Chờ đợi báo cáo tài chính kiểm toán của  để đánh giá chính xác hơn.,Neutral,0.461
2026-02-18,,investor_906,Facebook Group,"Mã  đang kiểm tra lại đường MA20, chưa có tín hiệu bứt phá rõ rệt.",Neutral,0.074
2026-02-18,,investor_691,24hMoney,"Thị trường xấu quá,  bị bán lan theo hiệu ứng tâm lý chung.",Negative,-0.299
2026-02-19,,investor_546,FireAnt,"Xu hướng tăng trung dài hạn của  không thể cản phá, canh rung lắc gia tăng tỷ trọng.",Positive,0.727
2026-02-19,,investor_470,24hMoney,Công nghệ AI và Cloud của  ký thêm nhiều hợp đồng triệu đô từ Nhật Bản.,Positive,0.732
2026-02-19,,investor_250,Facebook Group,"Thị trường xấu quá,  bị bán lan theo hiệu ứng tâm lý chung.",Negative,-0.347
2026-02-19,,investor_457,24hMoney,"Mức P/E của  hiện tại ở mức 18.5, tương đương mức định giá trung bình ngành.",Neutral,0.021
2026-02-19,,investor_476,F319,"Hôm nay là ngày giao dịch không hưởng quyền của , giá điều chỉnh kỹ thuật.",Neutral,0.341
2026-02-19,,investor_632,24hMoney,"Thủng mốc hỗ trợ cứng rồi, anh em nên hạ tỷ trọng  bảo toàn vốn.",Negative,-0.276
2026-02-19,,investor_493,24hMoney,Công nghệ AI và Cloud của  ký thêm nhiều hợp đồng triệu đô từ Nhật Bản.,Positive,0.532
2026-02-19,,investor_799,F319,"Thị trường xấu quá,  bị bán lan theo hiệu ứng tâm lý chung.",Negative,-0.849
2026-02-20,,investor_219,FireAnt,Khối ngoại quay đầu bán ròng  hơn 100 tỷ trong phiên sáng.,Negative,-0.513
2026-02-20,,investor_937,24hMoney,"Mức P/E của  hiện tại ở mức 18.5, tương đương mức định giá trung bình ngành.",Neutral,0.091
2026-02-20,,investor_425,F319,"Mã  kết quả kinh doanh quý này quá xuất sắc, doanh thu tăng trưởng 25%!",Positive,0.565
2026-02-20,,investor_192,24hMoney,"Khối ngoại tiếp tục mua ròng mạnh , tự tin nắm giữ trung hạn.",Positive,0.62
2026-02-20,,investor_915,24hMoney,"Hôm nay  đi ngang tích lũy quanh vùng hỗ trợ, thanh khoản trung bình.",Neutral,0.172
2026-02-21,,investor_719,Facebook Group,"Thị trường chỉnh nhưng  vẫn giữ sắc xanh vững vàng, cổ phiếu kim cương!",Positive,0.79
2026-02-21,,investor_778,F319,"Áp lực chốt lời ngắn hạn đối với  đang tăng cao, cẩn trọng đu đỉnh.",Negative,-0.557
2026-02-21,,investor_237,24hMoney,"Thủng mốc hỗ trợ cứng rồi, anh em nên hạ tỷ trọng  bảo toàn vốn.",Negative,-0.2
2026-02-21,,investor_820,F319,"Thị trường chung đang giằng co,  dao động trong biên độ hẹp 1-2%.",Neutral,0.319
2026-02-21,,investor_749,FireAnt,"Thị trường chung đang giằng co,  dao động trong biên độ hẹp 1-2%.",Neutral,0.307
2026-02-21,,investor_341,24hMoney,"Mức P/E của  hiện tại ở mức 18.5, tương đương mức định giá trung bình ngành.",Neutral,0.37
2026-02-21,,investor_861,FireAnt,"Lệnh to vào quét sạch lệnh bán của , chuẩn bị đón cây CE rực rỡ!",Positive,0.778
2026-02-21,,investor_201,Facebook Group,"Thanh khoản sụt giảm nghiêm trọng, lực cầu bắt đáy  còn khá yếu.",Negative,-0.52
2026-02-22,,investor_980,FireAnt,"Khối ngoại tiếp tục mua ròng mạnh , tự tin nắm giữ trung hạn.",Positive,0.684
2026-02-22,,investor_167,F319,"Mã  kết quả kinh doanh quý này quá xuất sắc, doanh thu tăng trưởng 25%!",Positive,0.561
2026-02-22,,investor_316,F319,"Ban lãnh đạo  công bố kế hoạch chia cổ tức tiền mặt 30%, quá uy tín.",Positive,0.795
2026-02-22,,investor_501,FireAnt,Công nghệ AI và Cloud của  ký thêm nhiều hợp đồng triệu đô từ Nhật Bản.,Positive,0.751
2026-02-22,,investor_192,FireAnt,"Mã  đang kiểm tra lại đường MA20, chưa có tín hiệu bứt phá rõ rệt.",Neutral,0.117
2026-02-22,,investor_464,F319,"Áp lực chốt lời ngắn hạn đối với  đang tăng cao, cẩn trọng đu đỉnh.",Negative,-0.805
2026-02-22,,investor_639,FireAnt,Kỳ vọng  sẽ dẫn dắt VN-Index chinh phục mốc 1300 điểm.,Positive,0.697
2026-02-22,,investor_520,FireAnt,"Dòng tiền lớn đã nhập cuộc , mục tiêu vượt đỉnh cũ sớm thôi anh em.",Positive,0.623
2026-02-23,,investor_292,F319,"Thủng mốc hỗ trợ cứng rồi, anh em nên hạ tỷ trọng  bảo toàn vốn.",Negative,-0.943
2026-02-23,,investor_133,F319,"Mã  kết quả kinh doanh quý này quá xuất sắc, doanh thu tăng trưởng 25%!",Positive,0.551
2026-02-23,,investor_944,F319,"Hôm nay là ngày giao dịch không hưởng quyền của , giá điều chỉnh kỹ thuật.",Neutral,0.33
2026-02-23,,investor_791,FireAnt,"Thị trường xấu quá,  bị bán lan theo hiệu ứng tâm lý chung.",Negative,-0.191
2026-02-23,,investor_347,24hMoney,"Thủng mốc hỗ trợ cứng rồi, anh em nên hạ tỷ trọng  bảo toàn vốn.",Negative,-0.247
2026-02-24,,investor_685,Facebook Group,"Áp lực chốt lời ngắn hạn đối với  đang tăng cao, cẩn trọng đu đỉnh.",Negative,-0.38
2026-02-24,,investor_723,FireAnt,"Thanh khoản sụt giảm nghiêm trọng, lực cầu bắt đáy  còn khá yếu.",Negative,-0.844
2026-02-24,,investor_678,FireAnt,Khối ngoại quay đầu bán ròng  hơn 100 tỷ trong phiên sáng.,Negative,-0.886
2026-02-24,,investor_424,FireAnt,Tăng trưởng quý này có dấu hiệu chậm lại do chi phí vốn tăng cao.,Negative,-0.635
2026-02-24,,investor_387,Facebook Group,"Thủng mốc hỗ trợ cứng rồi, anh em nên hạ tỷ trọng  bảo toàn vốn.",Negative,-0.896
2026-02-24,,investor_937,24hMoney,"Dòng tiền lớn đã nhập cuộc , mục tiêu vượt đỉnh cũ sớm thôi anh em.",Positive,0.742
2026-02-24,,investor_295,F319,"Mã  đang kiểm tra lại đường MA20, chưa có tín hiệu bứt phá rõ rệt.",Neutral,0.274
2026-02-24,,investor_879,Facebook Group,"Dòng tiền lớn đã nhập cuộc , mục tiêu vượt đỉnh cũ sớm thôi anh em.",Positive,0.87
2026-02-25,,investor_461,Facebook Group,"Xu hướng tăng trung dài hạn của  không thể cản phá, canh rung lắc gia tăng tỷ trọng.",Positive,0.615
2026-02-25,,investor_571,Facebook Group,"Dòng tiền lớn đã nhập cuộc , mục tiêu vượt đỉnh cũ sớm thôi anh em.",Positive,0.918
2026-02-25,,investor_335,24hMoney,"Ban lãnh đạo  công bố kế hoạch chia cổ tức tiền mặt 30%, quá uy tín.",Positive,0.781
2026-02-25,,investor_511,F319,Công nghệ AI và Cloud của  ký thêm nhiều hợp đồng triệu đô từ Nhật Bản.,Positive,0.878
2026-02-25,,investor_888,FireAnt,"Ban lãnh đạo  công bố kế hoạch chia cổ tức tiền mặt 30%, quá uy tín.",Positive,0.702
2026-02-25,,investor_578,Facebook Group,"Thị trường chỉnh nhưng  vẫn giữ sắc xanh vững vàng, cổ phiếu kim cương!",Positive,0.519
2026-02-25,,investor_189,24hMoney,"Dòng tiền lớn đã nhập cuộc , mục tiêu vượt đỉnh cũ sớm thôi anh em.",Positive,0.847
2026-02-25,,investor_585,24hMoney,Kỳ vọng  sẽ dẫn dắt VN-Index chinh phục mốc 1300 điểm.,Positive,0.945
2026-02-26,,investor_227,Facebook Group,Thảo luận về tiềm năng mảng bán lẻ viễn thông của  trong giai đoạn tới.,Neutral,0.306
2026-02-26,,investor_625,FireAnt,"Lệnh to vào quét sạch lệnh bán của , chuẩn bị đón cây CE rực rỡ!",Positive,0.626
2026-02-26,,investor_945,F319,"Thị trường chỉnh nhưng  vẫn giữ sắc xanh vững vàng, cổ phiếu kim cương!",Positive,0.735
2026-02-26,,investor_347,F319,"Thanh khoản sụt giảm nghiêm trọng, lực cầu bắt đáy  còn khá yếu.",Negative,-0.13
2026-02-26,,investor_649,F319,"Kỹ thuật tạo mô hình W đẹp tuyệt vời, RSI bứt phá ngưỡng 60, múc thôi.",Positive,0.536
2026-02-26,,investor_135,F319,Tỷ lệ đòn bẩy margin của  tại các công ty chứng khoán vẫn ở mức an toàn.,Neutral,-0.048
2026-02-26,,investor_213,F319,"Thị trường chung đang giằng co,  dao động trong biên độ hẹp 1-2%.",Neutral,0.384
2026-02-27,,investor_563,Facebook Group,"Hôm nay là ngày giao dịch không hưởng quyền của , giá điều chỉnh kỹ thuật.",Neutral,0.218
2026-02-27,,investor_841,Facebook Group,Khối tự doanh và khối ngoại mua bán cân bằng đối với mã .,Neutral,0.272
2026-02-27,,investor_516,Facebook Group,"Thị trường xấu quá,  bị bán lan theo hiệu ứng tâm lý chung.",Negative,-0.867
2026-02-27,,investor_200,FireAnt,Kỳ vọng  sẽ dẫn dắt VN-Index chinh phục mốc 1300 điểm.,Positive,0.653
2026-02-27,,investor_628,Facebook Group,Công nghệ AI và Cloud của  ký thêm nhiều hợp đồng triệu đô từ Nhật Bản.,Positive,0.614
2026-02-27,,investor_707,Facebook Group,Công nghệ AI và Cloud của  ký thêm nhiều hợp đồng triệu đô từ Nhật Bản.,Positive,0.619
2026-02-27,,investor_792,Facebook Group,Thảo luận về tiềm năng mảng bán lẻ viễn thông của  trong giai đoạn tới.,Neutral,0.433
2026-02-28,,investor_757,Facebook Group,"Thị trường xấu quá,  bị bán lan theo hiệu ứng tâm lý chung.",Negative,-0.651
2026-02-28,,investor_998,Facebook Group,Khối ngoại quay đầu bán ròng  hơn 100 tỷ trong phiên sáng.,Negative,-0.432
2026-02-28,,investor_362,FireAnt,"Dòng tiền lớn đã nhập cuộc , mục tiêu vượt đỉnh cũ sớm thôi anh em.",Positive,0.94
2026-03-01,,investor_211,F319,"Tây xả ròng rã cả tuần,  gãy trend tăng ngắn hạn rồi.",Negative,-0.664
2026-03-01,,investor_840,F319,"Xu hướng tăng trung dài hạn của  không thể cản phá, canh rung lắc gia tăng tỷ trọng.",Positive,0.822
2026-03-01,,investor_997,FireAnt,Khối tự doanh và khối ngoại mua bán cân bằng đối với mã .,Neutral,0.003
2026-03-01,,investor_236,24hMoney,"Xu hướng tăng trung dài hạn của  không thể cản phá, canh rung lắc gia tăng tỷ trọng.",Positive,0.803
2026-03-01,,investor_228,F319,"Kỹ thuật tạo mô hình W đẹp tuyệt vời, RSI bứt phá ngưỡng 60, múc thôi.",Positive,0.613
2026-03-01,,investor_994,Facebook Group,Thảo luận về tiềm năng mảng bán lẻ viễn thông của  trong giai đoạn tới.,Neutral,0.405
2026-03-01,,investor_940,24hMoney,"Lệnh to vào quét sạch lệnh bán của , chuẩn bị đón cây CE rực rỡ!",Positive,0.535
2026-03-01,,investor_909,Facebook Group,"Hôm nay  đi ngang tích lũy quanh vùng hỗ trợ, thanh khoản trung bình.",Neutral,0.006
2026-03-02,,investor_863,24hMoney,Thảo luận về tiềm năng mảng bán lẻ viễn thông của  trong giai đoạn tới.,Neutral,0.318
2026-03-02,,investor_205,24hMoney,"Hôm nay là ngày giao dịch không hưởng quyền của , giá điều chỉnh kỹ thuật.",Neutral,0.213
2026-03-02,,investor_978,24hMoney,"Lệnh to vào quét sạch lệnh bán của , chuẩn bị đón cây CE rực rỡ!",Positive,0.785
2026-03-02,,investor_142,Facebook Group,Khối ngoại quay đầu bán ròng  hơn 100 tỷ trong phiên sáng.,Negative,-0.887
2026-03-02,,investor_930,F319,"Kỹ thuật tạo mô hình W đẹp tuyệt vời, RSI bứt phá ngưỡng 60, múc thôi.",Positive,0.894
2026-03-03,,investor_810,FireAnt,"Mã  kết quả kinh doanh quý này quá xuất sắc, doanh thu tăng trưởng 25%!",Positive,0.76
2026-03-03,,investor_592,FireAnt,"Dòng tiền lớn đã nhập cuộc , mục tiêu vượt đỉnh cũ sớm thôi anh em.",Positive,0.896
2026-03-03,,investor_962,Facebook Group,"Ban lãnh đạo  công bố kế hoạch chia cổ tức tiền mặt 30%, quá uy tín.",Positive,0.532
2026-03-03,,investor_348,FireAnt,"Thị trường chỉnh nhưng  vẫn giữ sắc xanh vững vàng, cổ phiếu kim cương!",Positive,0.785
2026-03-03,,investor_762,24hMoney,Kỳ vọng  sẽ dẫn dắt VN-Index chinh phục mốc 1300 điểm.,Positive,0.707
2026-03-04,,investor_237,F319,"Hôm nay  đi ngang tích lũy quanh vùng hỗ trợ, thanh khoản trung bình.",Neutral,0.073
2026-03-04,,investor_967,F319,"Ban lãnh đạo  công bố kế hoạch chia cổ tức tiền mặt 30%, quá uy tín.",Positive,0.605
2026-03-04,,investor_119,F319,Khối tự doanh và khối ngoại mua bán cân bằng đối với mã .,Neutral,-0.049
2026-03-04,,investor_869,24hMoney,"Dòng tiền lớn đã nhập cuộc , mục tiêu vượt đỉnh cũ sớm thôi anh em.",Positive,0.637
2026-03-04,,investor_232,24hMoney,"Thị trường chỉnh nhưng  vẫn giữ sắc xanh vững vàng, cổ phiếu kim cương!",Positive,0.875
2026-03-05,,investor_415,Facebook Group,Tỷ lệ đòn bẩy margin của  tại các công ty chứng khoán vẫn ở mức an toàn.,Neutral,0.137
2026-03-05,,investor_488,FireAnt,"Thị trường chung đang giằng co,  dao động trong biên độ hẹp 1-2%.",Neutral,0.23
2026-03-05,,investor_665,F319,"Áp lực chốt lời ngắn hạn đối với  đang tăng cao, cẩn trọng đu đỉnh.",Negative,-0.652
2026-03-05,,investor_403,24hMoney,"Kỹ thuật tạo mô hình W đẹp tuyệt vời, RSI bứt phá ngưỡng 60, múc thôi.",Positive,0.759
2026-03-06,,investor_802,FireAnt,Công nghệ AI và Cloud của  ký thêm nhiều hợp đồng triệu đô từ Nhật Bản.,Positive,0.705
2026-03-06,,investor_259,FireAnt,"Xu hướng tăng trung dài hạn của  không thể cản phá, canh rung lắc gia tăng tỷ trọng.",Positive,0.937
2026-03-06,,investor_903,24hMoney,"Xu hướng tăng trung dài hạn của  không thể cản phá, canh rung lắc gia tăng tỷ trọng.",Positive,0.568
2026-03-06,,investor_352,24hMoney,Thảo luận về tiềm năng mảng bán lẻ viễn thông của  trong giai đoạn tới.,Neutral,-0.014
2026-03-06,,investor_388,Facebook Group,"Hôm nay  đi ngang tích lũy quanh vùng hỗ trợ, thanh khoản trung bình.",Neutral,0.387
2026-03-06,,investor_231,24hMoney,"Kỹ thuật tạo mô hình W đẹp tuyệt vời, RSI bứt phá ngưỡng 60, múc thôi.",Positive,0.798
2026-03-06,,investor_400,24hMoney,"Dòng tiền lớn đã nhập cuộc , mục tiêu vượt đỉnh cũ sớm thôi anh em.",Positive,0.616
2026-03-06,,investor_683,24hMoney,Công nghệ AI và Cloud của  ký thêm nhiều hợp đồng triệu đô từ Nhật Bản.,Positive,0.876
2026-03-07,,investor_819,Facebook Group,"Ban lãnh đạo  công bố kế hoạch chia cổ tức tiền mặt 30%, quá uy tín.",Positive,0.642
2026-03-07,,investor_477,Facebook Group,"Chỉ báo MACD của  phân kỳ âm, cảnh báo rủi ro điều chỉnh ngắn hạn.",Negative,-0.715
2026-03-07,,investor_915,Facebook Group,Tỷ lệ đòn bẩy margin của  tại các công ty chứng khoán vẫn ở mức an toàn.,Neutral,-0.005
2026-03-07,,investor_599,24hMoney,"Thị trường chỉnh nhưng  vẫn giữ sắc xanh vững vàng, cổ phiếu kim cương!",Positive,0.537
2026-03-07,,investor_338,F319,"Thị trường chung đang giằng co,  dao động trong biên độ hẹp 1-2%.",Neutral,0.276
2026-03-07,,investor_532,Facebook Group,"Ban lãnh đạo  công bố kế hoạch chia cổ tức tiền mặt 30%, quá uy tín.",Positive,0.874
2026-03-07,,investor_504,24hMoney,Công nghệ AI và Cloud của  ký thêm nhiều hợp đồng triệu đô từ Nhật Bản.,Positive,0.533
2026-03-07,,investor_264,FireAnt,"Hôm nay  đi ngang tích lũy quanh vùng hỗ trợ, thanh khoản trung bình.",Neutral,0.334
2026-03-08,,investor_713,Facebook Group,"Mã  kết quả kinh doanh quý này quá xuất sắc, doanh thu tăng trưởng 25%!",Positive,0.511
2026-03-08,,investor_994,F319,"Khối ngoại tiếp tục mua ròng mạnh , tự tin nắm giữ trung hạn.",Positive,0.745
2026-03-08,,investor_564,FireAnt,Chờ đợi báo cáo tài chính kiểm toán của  để đánh giá chính xác hơn.,Neutral,0.012
2026-03-08,,investor_190,FireAnt,"Thị trường chỉnh nhưng  vẫn giữ sắc xanh vững vàng, cổ phiếu kim cương!",Positive,0.645
2026-03-08,,investor_456,F319,"Khối ngoại tiếp tục mua ròng mạnh , tự tin nắm giữ trung hạn.",Positive,0.707
2026-03-08,,investor_279,F319,Tăng trưởng quý này có dấu hiệu chậm lại do chi phí vốn tăng cao.,Negative,-0.884
2026-03-08,,investor_470,Facebook Group,"Mã  kết quả kinh doanh quý này quá xuất sắc, doanh thu tăng trưởng 25%!",Positive,0.602
2026-03-08,,investor_403,Facebook Group,"Mức P/E của  hiện tại ở mức 18.5, tương đương mức định giá trung bình ngành.",Neutral,0.357
2026-03-09,,investor_319,24hMoney,"Thị trường chỉnh nhưng  vẫn giữ sắc xanh vững vàng, cổ phiếu kim cương!",Positive,0.656
2026-03-09,,investor_314,Facebook Group,"Ban lãnh đạo  công bố kế hoạch chia cổ tức tiền mặt 30%, quá uy tín.",Positive,0.52
2026-03-09,,investor_630,Facebook Group,Kỳ vọng  sẽ dẫn dắt VN-Index chinh phục mốc 1300 điểm.,Positive,0.712
2026-03-09,,investor_897,FireAnt,Chờ đợi báo cáo tài chính kiểm toán của  để đánh giá chính xác hơn.,Neutral,0.099
2026-03-09,,investor_193,FireAnt,"Thị trường chung đang giằng co,  dao động trong biên độ hẹp 1-2%.",Neutral,0.388
2026-03-09,,investor_619,F319,"Thị trường chung đang giằng co,  dao động trong biên độ hẹp 1-2%.",Neutral,0.246
2026-03-09,,investor_509,FireAnt,"Hôm nay  đi ngang tích lũy quanh vùng hỗ trợ, thanh khoản trung bình.",Neutral,0.215
2026-03-10,,investor_996,Facebook Group,"Khối ngoại tiếp tục mua ròng mạnh , tự tin nắm giữ trung hạn.",Positive,0.871
2026-03-10,,investor_761,FireAnt,Công nghệ AI và Cloud của  ký thêm nhiều hợp đồng triệu đô từ Nhật Bản.,Positive,0.593
2026-03-10,,investor_285,FireAnt,"Mã  đang kiểm tra lại đường MA20, chưa có tín hiệu bứt phá rõ rệt.",Neutral,0.338
2026-03-10,,investor_270,F319,"Xu hướng tăng trung dài hạn của  không thể cản phá, canh rung lắc gia tăng tỷ trọng.",Positive,0.746
2026-03-10,,investor_126,FireAnt,Kỳ vọng  sẽ dẫn dắt VN-Index chinh phục mốc 1300 điểm.,Positive,0.69
2026-03-10,,investor_677,24hMoney,"Lệnh to vào quét sạch lệnh bán của , chuẩn bị đón cây CE rực rỡ!",Positive,0.845
2026-03-11,,investor_465,FireAnt,"Mức P/E của  hiện tại ở mức 18.5, tương đương mức định giá trung bình ngành.",Neutral,0.134
2026-03-11,,investor_718,F319,Kỳ vọng  sẽ dẫn dắt VN-Index chinh phục mốc 1300 điểm.,Positive,0.654
2026-03-11,,investor_992,FireAnt,"Thanh khoản sụt giảm nghiêm trọng, lực cầu bắt đáy  còn khá yếu.",Negative,-0.513
2026-03-11,,investor_946,FireAnt,"Ban lãnh đạo  công bố kế hoạch chia cổ tức tiền mặt 30%, quá uy tín.",Positive,0.794
2026-03-11,,investor_107,F319,"Thị trường chỉnh nhưng  vẫn giữ sắc xanh vững vàng, cổ phiếu kim cương!",Positive,0.61
2026-03-11,,investor_718,Facebook Group,"Thị trường chỉnh nhưng  vẫn giữ sắc xanh vững vàng, cổ phiếu kim cương!",Positive,0.682
2026-03-11,,investor_161,FireAnt,Tăng trưởng quý này có dấu hiệu chậm lại do chi phí vốn tăng cao.,Negative,-0.227
2026-03-11,,investor_705,Facebook Group,"Ban lãnh đạo  công bố kế hoạch chia cổ tức tiền mặt 30%, quá uy tín.",Positive,0.915
2026-03-12,,investor_515,Facebook Group,"Dòng tiền lớn đã nhập cuộc , mục tiêu vượt đỉnh cũ sớm thôi anh em.",Positive,0.834
2026-03-12,,investor_478,24hMoney,"Áp lực chốt lời ngắn hạn đối với  đang tăng cao, cẩn trọng đu đỉnh.",Negative,-0.591
2026-03-12,,investor_421,Facebook Group,"Ban lãnh đạo  công bố kế hoạch chia cổ tức tiền mặt 30%, quá uy tín.",Positive,0.571
2026-03-12,,investor_678,F319,"Lệnh to vào quét sạch lệnh bán của , chuẩn bị đón cây CE rực rỡ!",Positive,0.911
2026-03-12,,investor_277,Facebook Group,"Thủng mốc hỗ trợ cứng rồi, anh em nên hạ tỷ trọng  bảo toàn vốn.",Negative,-0.934
2026-03-13,,investor_873,FireAnt,"Mức P/E của  hiện tại ở mức 18.5, tương đương mức định giá trung bình ngành.",Neutral,-0.045
2026-03-13,,investor_128,Facebook Group,"Hôm nay  đi ngang tích lũy quanh vùng hỗ trợ, thanh khoản trung bình.",Neutral,0.362
2026-03-13,,investor_491,24hMoney,"Mã  kết quả kinh doanh quý này quá xuất sắc, doanh thu tăng trưởng 25%!",Positive,0.739
2026-03-14,,investor_829,Facebook Group,Kỳ vọng  sẽ dẫn dắt VN-Index chinh phục mốc 1300 điểm.,Positive,0.815
2026-03-14,,investor_550,FireAnt,Khối ngoại quay đầu bán ròng  hơn 100 tỷ trong phiên sáng.,Negative,-0.786
2026-03-14,,investor_606,Facebook Group,"Kỹ thuật tạo mô hình W đẹp tuyệt vời, RSI bứt phá ngưỡng 60, múc thôi.",Positive,0.68
2026-03-14,,investor_143,Facebook Group,"Lệnh to vào quét sạch lệnh bán của , chuẩn bị đón cây CE rực rỡ!",Positive,0.637
2026-03-14,,investor_950,FireAnt,"Mã  đang kiểm tra lại đường MA20, chưa có tín hiệu bứt phá rõ rệt.",Neutral,0.132
2026-03-14,,investor_120,24hMoney,Khối tự doanh và khối ngoại mua bán cân bằng đối với mã .,Neutral,0.129
2026-03-14,,investor_503,FireAnt,"Mức P/E của  hiện tại ở mức 18.5, tương đương mức định giá trung bình ngành.",Neutral,0.459
2026-03-14,,investor_604,FireAnt,"Kỹ thuật tạo mô hình W đẹp tuyệt vời, RSI bứt phá ngưỡng 60, múc thôi.",Positive,0.825
2026-03-15,,investor_323,FireAnt,"Lệnh to vào quét sạch lệnh bán của , chuẩn bị đón cây CE rực rỡ!",Positive,0.933
2026-03-15,,investor_340,Facebook Group,Kỳ vọng  sẽ dẫn dắt VN-Index chinh phục mốc 1300 điểm.,Positive,0.505
2026-03-15,,investor_433,F319,"Khối ngoại tiếp tục mua ròng mạnh , tự tin nắm giữ trung hạn.",Positive,0.677
2026-03-15,,investor_775,Facebook Group,"Kỹ thuật tạo mô hình W đẹp tuyệt vời, RSI bứt phá ngưỡng 60, múc thôi.",Positive,0.905
2026-03-15,,investor_490,F319,"Hôm nay  đi ngang tích lũy quanh vùng hỗ trợ, thanh khoản trung bình.",Neutral,0.377
2026-03-15,,investor_563,FireAnt,Khối tự doanh và khối ngoại mua bán cân bằng đối với mã .,Neutral,0.296
2026-03-16,,investor_697,F319,"Khối ngoại tiếp tục mua ròng mạnh , tự tin nắm giữ trung hạn.",Positive,0.659
2026-03-16,,investor_968,FireAnt,Chờ đợi báo cáo tài chính kiểm toán của  để đánh giá chính xác hơn.,Neutral,0.149
2026-03-16,,investor_892,Facebook Group,"Kỹ thuật tạo mô hình W đẹp tuyệt vời, RSI bứt phá ngưỡng 60, múc thôi.",Positive,0.622
2026-03-16,,investor_872,24hMoney,Chờ đợi báo cáo tài chính kiểm toán của  để đánh giá chính xác hơn.,Neutral,-0.022
2026-03-16,,investor_924,FireAnt,Kỳ vọng  sẽ dẫn dắt VN-Index chinh phục mốc 1300 điểm.,Positive,0.935
2026-03-16,,investor_674,24hMoney,"Dòng tiền lớn đã nhập cuộc , mục tiêu vượt đỉnh cũ sớm thôi anh em.",Positive,0.557
2026-03-17,,investor_314,Facebook Group,"Thanh khoản sụt giảm nghiêm trọng, lực cầu bắt đáy  còn khá yếu.",Negative,-0.59
2026-03-17,,investor_649,24hMoney,Kỳ vọng  sẽ dẫn dắt VN-Index chinh phục mốc 1300 điểm.,Positive,0.64
2026-03-17,,investor_435,Facebook Group,"Ban lãnh đạo  công bố kế hoạch chia cổ tức tiền mặt 30%, quá uy tín.",Positive,0.733
2026-03-17,,investor_298,24hMoney,Tỷ lệ đòn bẩy margin của  tại các công ty chứng khoán vẫn ở mức an toàn.,Neutral,0.368
2026-03-17,,investor_733,24hMoney,"Dòng tiền lớn đã nhập cuộc , mục tiêu vượt đỉnh cũ sớm thôi anh em.",Positive,0.548
2026-03-17,,investor_557,FireAnt,"Mã  đang kiểm tra lại đường MA20, chưa có tín hiệu bứt phá rõ rệt.",Neutral,0.481
2026-03-17,,investor_300,Facebook Group,"Áp lực chốt lời ngắn hạn đối với  đang tăng cao, cẩn trọng đu đỉnh.",Negative,-0.784
2026-03-17,,investor_498,FireAnt,"Xu hướng tăng trung dài hạn của  không thể cản phá, canh rung lắc gia tăng tỷ trọng.",Positive,0.937
2026-03-18,,investor_792,24hMoney,Công nghệ AI và Cloud của  ký thêm nhiều hợp đồng triệu đô từ Nhật Bản.,Positive,0.785
2026-03-18,,investor_206,FireAnt,"Mã  kết quả kinh doanh quý này quá xuất sắc, doanh thu tăng trưởng 25%!",Positive,0.715
2026-03-18,,investor_426,Facebook Group,"Dòng tiền lớn đã nhập cuộc , mục tiêu vượt đỉnh cũ sớm thôi anh em.",Positive,0.69
2026-03-18,,investor_607,Facebook Group,"Hôm nay là ngày giao dịch không hưởng quyền của , giá điều chỉnh kỹ thuật.",Neutral,0.051
2026-03-18,,investor_925,24hMoney,"Xu hướng tăng trung dài hạn của  không thể cản phá, canh rung lắc gia tăng tỷ trọng.",Positive,0.908
2026-03-19,,investor_519,F319,"Xu hướng tăng trung dài hạn của  không thể cản phá, canh rung lắc gia tăng tỷ trọng.",Positive,0.543
2026-03-19,,investor_748,24hMoney,"Mã  kết quả kinh doanh quý này quá xuất sắc, doanh thu tăng trưởng 25%!",Positive,0.726
2026-03-19,,investor_641,24hMoney,Tỷ lệ đòn bẩy margin của  tại các công ty chứng khoán vẫn ở mức an toàn.,Neutral,-0.091
2026-03-19,,investor_360,Facebook Group,Tỷ lệ đòn bẩy margin của  tại các công ty chứng khoán vẫn ở mức an toàn.,Neutral,0.446
2026-03-19,,investor_321,24hMoney,"Xu hướng tăng trung dài hạn của  không thể cản phá, canh rung lắc gia tăng tỷ trọng.",Positive,0.607
2026-03-19,,investor_892,FireAnt,"Kỹ thuật tạo mô hình W đẹp tuyệt vời, RSI bứt phá ngưỡng 60, múc thôi.",Positive,0.804
2026-03-19,,investor_597,Facebook Group,"Kỹ thuật tạo mô hình W đẹp tuyệt vời, RSI bứt phá ngưỡng 60, múc thôi.",Positive,0.615
2026-03-20,,investor_835,Facebook Group,Kỳ vọng  sẽ dẫn dắt VN-Index chinh phục mốc 1300 điểm.,Positive,0.873
2026-03-20,,investor_815,F319,"Thị trường chỉnh nhưng  vẫn giữ sắc xanh vững vàng, cổ phiếu kim cương!",Positive,0.895
2026-03-20,,investor_178,24hMoney,"Kỹ thuật tạo mô hình W đẹp tuyệt vời, RSI bứt phá ngưỡng 60, múc thôi.",Positive,0.664
2026-03-21,,investor_768,24hMoney,"Mã  đang kiểm tra lại đường MA20, chưa có tín hiệu bứt phá rõ rệt.",Neutral,0.3
2026-03-21,,investor_115,F319,"Áp lực chốt lời ngắn hạn đối với  đang tăng cao, cẩn trọng đu đỉnh.",Negative,-0.467
2026-03-21,,investor_383,F319,"Mức P/E của  hiện tại ở mức 18.5, tương đương mức định giá trung bình ngành.",Neutral,0.142
2026-03-21,,investor_849,F319,"Thị trường chung đang giằng co,  dao động trong biên độ hẹp 1-2%.",Neutral,0.441
2026-03-21,,investor_419,24hMoney,Tăng trưởng quý này có dấu hiệu chậm lại do chi phí vốn tăng cao.,Negative,-0.744
2026-03-21,,investor_717,F319,Tăng trưởng quý này có dấu hiệu chậm lại do chi phí vốn tăng cao.,Negative,-0.289
2026-03-21,,investor_180,F319,"Hôm nay là ngày giao dịch không hưởng quyền của , giá điều chỉnh kỹ thuật.",Neutral,0.366
2026-03-22,,investor_953,FireAnt,"Xu hướng tăng trung dài hạn của  không thể cản phá, canh rung lắc gia tăng tỷ trọng.",Positive,0.52
2026-03-22,,investor_248,FireAnt,Công nghệ AI và Cloud của  ký thêm nhiều hợp đồng triệu đô từ Nhật Bản.,Positive,0.758
2026-03-22,,investor_968,F319,"Thị trường chỉnh nhưng  vẫn giữ sắc xanh vững vàng, cổ phiếu kim cương!",Positive,0.651
2026-03-22,,investor_573,FireAnt,"Thị trường chung đang giằng co,  dao động trong biên độ hẹp 1-2%.",Neutral,0.451
2026-03-22,,investor_619,Facebook Group,"Hôm nay là ngày giao dịch không hưởng quyền của , giá điều chỉnh kỹ thuật.",Neutral,0.28
2026-03-23,,investor_629,F319,"Lệnh to vào quét sạch lệnh bán của , chuẩn bị đón cây CE rực rỡ!",Positive,0.846
2026-03-23,,investor_560,Facebook Group,"Khối ngoại tiếp tục mua ròng mạnh , tự tin nắm giữ trung hạn.",Positive,0.594
2026-03-23,,investor_443,FireAnt,"Mã  kết quả kinh doanh quý này quá xuất sắc, doanh thu tăng trưởng 25%!",Positive,0.668
2026-03-23,,investor_738,FireAnt,Khối tự doanh và khối ngoại mua bán cân bằng đối với mã .,Neutral,0.385
2026-03-23,,investor_240,FireAnt,"Thanh khoản sụt giảm nghiêm trọng, lực cầu bắt đáy  còn khá yếu.",Negative,-0.904
2026-03-23,,investor_403,F319,"Thị trường chỉnh nhưng  vẫn giữ sắc xanh vững vàng, cổ phiếu kim cương!",Positive,0.581
2026-03-23,,investor_179,24hMoney,"Khối ngoại tiếp tục mua ròng mạnh , tự tin nắm giữ trung hạn.",Positive,0.946
2026-03-24,,investor_176,F319,Tỷ lệ đòn bẩy margin của  tại các công ty chứng khoán vẫn ở mức an toàn.,Neutral,0.301
2026-03-24,,investor_687,F319,"Dòng tiền lớn đã nhập cuộc , mục tiêu vượt đỉnh cũ sớm thôi anh em.",Positive,0.668
2026-03-24,,investor_861,F319,"Thủng mốc hỗ trợ cứng rồi, anh em nên hạ tỷ trọng  bảo toàn vốn.",Negative,-0.661
2026-03-24,,investor_155,Facebook Group,"Kỹ thuật tạo mô hình W đẹp tuyệt vời, RSI bứt phá ngưỡng 60, múc thôi.",Positive,0.576
2026-03-24,,investor_769,F319,"Thủng mốc hỗ trợ cứng rồi, anh em nên hạ tỷ trọng  bảo toàn vốn.",Negative,-0.869
2026-03-24,,investor_863,Facebook Group,"Mã  kết quả kinh doanh quý này quá xuất sắc, doanh thu tăng trưởng 25%!",Positive,0.619
2026-03-24,,investor_212,24hMoney,"Chỉ báo MACD của  phân kỳ âm, cảnh báo rủi ro điều chỉnh ngắn hạn.",Negative,-0.694
2026-03-25,,investor_627,24hMoney,"Mã  đang kiểm tra lại đường MA20, chưa có tín hiệu bứt phá rõ rệt.",Neutral,0.214
2026-03-25,,investor_719,F319,"Thị trường chung đang giằng co,  dao động trong biên độ hẹp 1-2%.",Neutral,0.305
2026-03-25,,investor_543,Facebook Group,"Thị trường chỉnh nhưng  vẫn giữ sắc xanh vững vàng, cổ phiếu kim cương!",Positive,0.602
2026-03-26,,investor_339,F319,"Thị trường chỉnh nhưng  vẫn giữ sắc xanh vững vàng, cổ phiếu kim cương!",Positive,0.805
2026-03-26,,investor_379,24hMoney,Thảo luận về tiềm năng mảng bán lẻ viễn thông của  trong giai đoạn tới.,Neutral,0.017
2026-03-26,,investor_152,24hMoney,Kỳ vọng  sẽ dẫn dắt VN-Index chinh phục mốc 1300 điểm.,Positive,0.541
2026-03-26,,investor_348,Facebook Group,"Khối ngoại tiếp tục mua ròng mạnh , tự tin nắm giữ trung hạn.",Positive,0.73
2026-03-27,,investor_973,24hMoney,"Thị trường chung đang giằng co,  dao động trong biên độ hẹp 1-2%.",Neutral,0.128
2026-03-27,,investor_544,Facebook Group,"Lệnh to vào quét sạch lệnh bán của , chuẩn bị đón cây CE rực rỡ!",Positive,0.643
2026-03-27,,investor_745,FireAnt,Chờ đợi báo cáo tài chính kiểm toán của  để đánh giá chính xác hơn.,Neutral,0.038
2026-03-27,,investor_592,FireAnt,"Hôm nay là ngày giao dịch không hưởng quyền của , giá điều chỉnh kỹ thuật.",Neutral,0.19
2026-03-27,,investor_725,Facebook Group,"Ban lãnh đạo  công bố kế hoạch chia cổ tức tiền mặt 30%, quá uy tín.",Positive,0.837
2026-03-27,,investor_716,F319,"Mức P/E của  hiện tại ở mức 18.5, tương đương mức định giá trung bình ngành.",Neutral,0.391
2026-03-27,,investor_856,FireAnt,Khối ngoại quay đầu bán ròng  hơn 100 tỷ trong phiên sáng.,Negative,-0.555
2026-03-27,,investor_891,24hMoney,"Thị trường xấu quá,  bị bán lan theo hiệu ứng tâm lý chung.",Negative,-0.417
2026-03-28,,investor_787,Facebook Group,Công nghệ AI và Cloud của  ký thêm nhiều hợp đồng triệu đô từ Nhật Bản.,Positive,0.929
2026-03-28,,investor_220,Facebook Group,"Thị trường chỉnh nhưng  vẫn giữ sắc xanh vững vàng, cổ phiếu kim cương!",Positive,0.632
2026-03-28,,investor_991,F319,Công nghệ AI và Cloud của  ký thêm nhiều hợp đồng triệu đô từ Nhật Bản.,Positive,0.712
2026-03-28,,investor_924,F319,Khối ngoại quay đầu bán ròng  hơn 100 tỷ trong phiên sáng.,Negative,-0.196
2026-03-28,,investor_981,F319,"Kỹ thuật tạo mô hình W đẹp tuyệt vời, RSI bứt phá ngưỡng 60, múc thôi.",Positive,0.809
2026-03-28,,investor_258,FireAnt,"Thủng mốc hỗ trợ cứng rồi, anh em nên hạ tỷ trọng  bảo toàn vốn.",Negative,-0.319
2026-03-29,,investor_659,F319,"Thị trường xấu quá,  bị bán lan theo hiệu ứng tâm lý chung.",Negative,-0.64
2026-03-29,,investor_401,Facebook Group,"Thanh khoản sụt giảm nghiêm trọng, lực cầu bắt đáy  còn khá yếu.",Negative,-0.338
2026-03-29,,investor_345,24hMoney,Kỳ vọng  sẽ dẫn dắt VN-Index chinh phục mốc 1300 điểm.,Positive,0.781
2026-03-30,,investor_509,Facebook Group,"Lệnh to vào quét sạch lệnh bán của , chuẩn bị đón cây CE rực rỡ!",Positive,0.935
2026-03-30,,investor_986,FireAnt,Kỳ vọng  sẽ dẫn dắt VN-Index chinh phục mốc 1300 điểm.,Positive,0.909
2026-03-30,,investor_815,Facebook Group,"Thị trường chỉnh nhưng  vẫn giữ sắc xanh vững vàng, cổ phiếu kim cương!",Positive,0.816
2026-03-30,,investor_931,FireAnt,"Mã  kết quả kinh doanh quý này quá xuất sắc, doanh thu tăng trưởng 25%!",Positive,0.622
2026-03-30,,investor_694,Facebook Group,"Thị trường xấu quá,  bị bán lan theo hiệu ứng tâm lý chung.",Negative,-0.396
2026-03-30,,investor_905,F319,Kỳ vọng  sẽ dẫn dắt VN-Index chinh phục mốc 1300 điểm.,Positive,0.846
2026-03-30,,investor_445,Facebook Group,Tăng trưởng quý này có dấu hiệu chậm lại do chi phí vốn tăng cao.,Negative,-0.94
2026-03-30,,investor_992,Facebook Group,Thảo luận về tiềm năng mảng bán lẻ viễn thông của  trong giai đoạn tới.,Neutral,0.265
2026-03-31,,investor_278,F319,"Thị trường chung đang giằng co,  dao động trong biên độ hẹp 1-2%.",Neutral,0.427
2026-03-31,,investor_389,FireAnt,"Kỹ thuật tạo mô hình W đẹp tuyệt vời, RSI bứt phá ngưỡng 60, múc thôi.",Positive,0.73
2026-03-31,,investor_488,F319,"Khối ngoại tiếp tục mua ròng mạnh , tự tin nắm giữ trung hạn.",Positive,0.849
2026-03-31,,investor_171,Facebook Group,Chờ đợi báo cáo tài chính kiểm toán của  để đánh giá chính xác hơn.,Neutral,-0.028
2026-03-31,,investor_567,F319,Công nghệ AI và Cloud của  ký thêm nhiều hợp đồng triệu đô từ Nhật Bản.,Positive,0.794
2026-03-31,,investor_246,F319,"Mức P/E của  hiện tại ở mức 18.5, tương đương mức định giá trung bình ngành.",Neutral,0.431
2026-04-01,,investor_953,Facebook Group,"Kỹ thuật tạo mô hình W đẹp tuyệt vời, RSI bứt phá ngưỡng 60, múc thôi.",Positive,0.539
2026-04-01,,investor_742,Facebook Group,"Thị trường chỉnh nhưng  vẫn giữ sắc xanh vững vàng, cổ phiếu kim cương!",Positive,0.591
2026-04-01,,investor_927,Facebook Group,"Áp lực chốt lời ngắn hạn đối với  đang tăng cao, cẩn trọng đu đỉnh.",Negative,-0.456
2026-04-01,,investor_817,FireAnt,Khối tự doanh và khối ngoại mua bán cân bằng đối với mã .,Neutral,0.352
2026-04-01,,investor_564,24hMoney,"Mã  đang kiểm tra lại đường MA20, chưa có tín hiệu bứt phá rõ rệt.",Neutral,0.146
2026-04-01,,investor_382,FireAnt,"Xu hướng tăng trung dài hạn của  không thể cản phá, canh rung lắc gia tăng tỷ trọng.",Positive,0.573
2026-04-01,,investor_884,F319,"Tây xả ròng rã cả tuần,  gãy trend tăng ngắn hạn rồi.",Negative,-0.6
2026-04-02,,investor_197,24hMoney,"Thị trường chỉnh nhưng  vẫn giữ sắc xanh vững vàng, cổ phiếu kim cương!",Positive,0.74
2026-04-02,,investor_247,FireAnt,Tăng trưởng quý này có dấu hiệu chậm lại do chi phí vốn tăng cao.,Negative,-0.666
2026-04-02,,investor_678,FireAnt,"Dòng tiền lớn đã nhập cuộc , mục tiêu vượt đỉnh cũ sớm thôi anh em.",Positive,0.744
2026-04-03,,investor_114,Facebook Group,"Thị trường chỉnh nhưng  vẫn giữ sắc xanh vững vàng, cổ phiếu kim cương!",Positive,0.75
2026-04-03,,investor_117,24hMoney,"Hôm nay  đi ngang tích lũy quanh vùng hỗ trợ, thanh khoản trung bình.",Neutral,0.049
2026-04-03,,investor_575,Facebook Group,Thảo luận về tiềm năng mảng bán lẻ viễn thông của  trong giai đoạn tới.,Neutral,-0.044
2026-04-04,,investor_462,Facebook Group,Kỳ vọng  sẽ dẫn dắt VN-Index chinh phục mốc 1300 điểm.,Positive,0.901
2026-04-04,,investor_561,24hMoney,Khối ngoại quay đầu bán ròng  hơn 100 tỷ trong phiên sáng.,Negative,-0.828
2026-04-04,,investor_821,24hMoney,"Mức P/E của  hiện tại ở mức 18.5, tương đương mức định giá trung bình ngành.",Neutral,0.302
2026-04-04,,investor_583,24hMoney,"Xu hướng tăng trung dài hạn của  không thể cản phá, canh rung lắc gia tăng tỷ trọng.",Positive,0.698
2026-04-05,,investor_770,24hMoney,Thảo luận về tiềm năng mảng bán lẻ viễn thông của  trong giai đoạn tới.,Neutral,0.388
2026-04-05,,investor_282,F319,Kỳ vọng  sẽ dẫn dắt VN-Index chinh phục mốc 1300 điểm.,Positive,0.63
2026-04-05,,investor_638,24hMoney,"Khối ngoại tiếp tục mua ròng mạnh , tự tin nắm giữ trung hạn.",Positive,0.781
2026-04-05,,investor_394,Facebook Group,Khối ngoại quay đầu bán ròng  hơn 100 tỷ trong phiên sáng.,Negative,-0.621
2026-04-05,,investor_171,24hMoney,Kỳ vọng  sẽ dẫn dắt VN-Index chinh phục mốc 1300 điểm.,Positive,0.723
2026-04-05,,investor_500,F319,"Dòng tiền lớn đã nhập cuộc , mục tiêu vượt đỉnh cũ sớm thôi anh em.",Positive,0.603
2026-04-06,,investor_751,Facebook Group,"Khối ngoại tiếp tục mua ròng mạnh , tự tin nắm giữ trung hạn.",Positive,0.865
2026-04-06,,investor_151,Facebook Group,"Mã  kết quả kinh doanh quý này quá xuất sắc, doanh thu tăng trưởng 25%!",Positive,0.912
2026-04-06,,investor_124,FireAnt,Công nghệ AI và Cloud của  ký thêm nhiều hợp đồng triệu đô từ Nhật Bản.,Positive,0.724
2026-04-07,,investor_536,Facebook Group,"Dòng tiền lớn đã nhập cuộc , mục tiêu vượt đỉnh cũ sớm thôi anh em.",Positive,0.714
2026-04-07,,investor_905,24hMoney,Thảo luận về tiềm năng mảng bán lẻ viễn thông của  trong giai đoạn tới.,Neutral,0.152
2026-04-07,,investor_463,F319,"Lệnh to vào quét sạch lệnh bán của , chuẩn bị đón cây CE rực rỡ!",Positive,0.685
2026-04-07,,investor_902,Facebook Group,"Kỹ thuật tạo mô hình W đẹp tuyệt vời, RSI bứt phá ngưỡng 60, múc thôi.",Positive,0.788
2026-04-07,,investor_460,F319,"Xu hướng tăng trung dài hạn của  không thể cản phá, canh rung lắc gia tăng tỷ trọng.",Positive,0.506
2026-04-08,,investor_619,24hMoney,"Khối ngoại tiếp tục mua ròng mạnh , tự tin nắm giữ trung hạn.",Positive,0.734
2026-04-08,,investor_600,F319,"Ban lãnh đạo  công bố kế hoạch chia cổ tức tiền mặt 30%, quá uy tín.",Positive,0.918
2026-04-08,,investor_534,Facebook Group,Chờ đợi báo cáo tài chính kiểm toán của  để đánh giá chính xác hơn.,Neutral,0.044
2026-04-08,,investor_211,F319,"Lệnh to vào quét sạch lệnh bán của , chuẩn bị đón cây CE rực rỡ!",Positive,0.637
2026-04-09,,investor_338,24hMoney,"Thị trường chỉnh nhưng  vẫn giữ sắc xanh vững vàng, cổ phiếu kim cương!",Positive,0.855
2026-04-09,,investor_521,Facebook Group,"Mã  kết quả kinh doanh quý này quá xuất sắc, doanh thu tăng trưởng 25%!",Positive,0.727
2026-04-09,,investor_256,FireAnt,"Thị trường chỉnh nhưng  vẫn giữ sắc xanh vững vàng, cổ phiếu kim cương!",Positive,0.757
2026-04-09,,investor_690,Facebook Group,Chờ đợi báo cáo tài chính kiểm toán của  để đánh giá chính xác hơn.,Neutral,-0.002
2026-04-09,,investor_953,F319,Kỳ vọng  sẽ dẫn dắt VN-Index chinh phục mốc 1300 điểm.,Positive,0.607
2026-04-09,,investor_932,24hMoney,Chờ đợi báo cáo tài chính kiểm toán của  để đánh giá chính xác hơn.,Neutral,0.317
2026-04-10,,investor_543,F319,"Mã  đang kiểm tra lại đường MA20, chưa có tín hiệu bứt phá rõ rệt.",Neutral,0.095
2026-04-10,,investor_164,F319,Kỳ vọng  sẽ dẫn dắt VN-Index chinh phục mốc 1300 điểm.,Positive,0.656
2026-04-10,,investor_758,FireAnt,"Kỹ thuật tạo mô hình W đẹp tuyệt vời, RSI bứt phá ngưỡng 60, múc thôi.",Positive,0.746
2026-04-10,,investor_254,F319,"Hôm nay là ngày giao dịch không hưởng quyền của , giá điều chỉnh kỹ thuật.",Neutral,-0.023
2026-04-10,,investor_891,F319,"Chỉ báo MACD của  phân kỳ âm, cảnh báo rủi ro điều chỉnh ngắn hạn.",Negative,-0.168
2026-04-10,,investor_485,Facebook Group,Tỷ lệ đòn bẩy margin của  tại các công ty chứng khoán vẫn ở mức an toàn.,Neutral,0.444
2026-04-11,,investor_455,F319,"Hôm nay  đi ngang tích lũy quanh vùng hỗ trợ, thanh khoản trung bình.",Neutral,0.415
2026-04-11,,investor_750,FireAnt,"Hôm nay  đi ngang tích lũy quanh vùng hỗ trợ, thanh khoản trung bình.",Neutral,0.295
2026-04-11,,investor_204,FireAnt,"Ban lãnh đạo  công bố kế hoạch chia cổ tức tiền mặt 30%, quá uy tín.",Positive,0.929
2026-04-11,,investor_950,F319,"Lệnh to vào quét sạch lệnh bán của , chuẩn bị đón cây CE rực rỡ!",Positive,0.703
2026-04-11,,investor_404,FireAnt,"Thị trường chung đang giằng co,  dao động trong biên độ hẹp 1-2%.",Neutral,0.193
2026-04-11,,investor_436,FireAnt,"Mức P/E của  hiện tại ở mức 18.5, tương đương mức định giá trung bình ngành.",Neutral,0.372
2026-04-11,,investor_427,F319,"Áp lực chốt lời ngắn hạn đối với  đang tăng cao, cẩn trọng đu đỉnh.",Negative,-0.858
2026-04-11,,investor_698,Facebook Group,Công nghệ AI và Cloud của  ký thêm nhiều hợp đồng triệu đô từ Nhật Bản.,Positive,0.93
2026-04-12,,investor_549,F319,Tăng trưởng quý này có dấu hiệu chậm lại do chi phí vốn tăng cao.,Negative,-0.465
2026-04-12,,investor_319,FireAnt,"Thị trường xấu quá,  bị bán lan theo hiệu ứng tâm lý chung.",Negative,-0.216
2026-04-12,,investor_610,Facebook Group,Kỳ vọng  sẽ dẫn dắt VN-Index chinh phục mốc 1300 điểm.,Positive,0.832
2026-04-12,,investor_437,Facebook Group,"Xu hướng tăng trung dài hạn của  không thể cản phá, canh rung lắc gia tăng tỷ trọng.",Positive,0.535
2026-04-12,,investor_591,24hMoney,"Lệnh to vào quét sạch lệnh bán của , chuẩn bị đón cây CE rực rỡ!",Positive,0.909
2026-04-12,,investor_920,24hMoney,"Mã  kết quả kinh doanh quý này quá xuất sắc, doanh thu tăng trưởng 25%!",Positive,0.911
2026-04-12,,investor_207,F319,"Thanh khoản sụt giảm nghiêm trọng, lực cầu bắt đáy  còn khá yếu.",Negative,-0.591
2026-04-12,,investor_920,F319,Khối tự doanh và khối ngoại mua bán cân bằng đối với mã .,Neutral,0.013
2026-04-13,,investor_543,Facebook Group,Khối ngoại quay đầu bán ròng  hơn 100 tỷ trong phiên sáng.,Negative,-0.926
2026-04-13,,investor_562,24hMoney,"Xu hướng tăng trung dài hạn của  không thể cản phá, canh rung lắc gia tăng tỷ trọng.",Positive,0.866
2026-04-13,,investor_752,24hMoney,Khối ngoại quay đầu bán ròng  hơn 100 tỷ trong phiên sáng.,Negative,-0.352
2026-04-13,,investor_149,FireAnt,"Xu hướng tăng trung dài hạn của  không thể cản phá, canh rung lắc gia tăng tỷ trọng.",Positive,0.517
2026-04-13,,investor_413,FireAnt,Công nghệ AI và Cloud của  ký thêm nhiều hợp đồng triệu đô từ Nhật Bản.,Positive,0.658
2026-04-13,,investor_931,F319,"Thị trường xấu quá,  bị bán lan theo hiệu ứng tâm lý chung.",Negative,-0.567
2026-04-13,,investor_171,FireAnt,"Lệnh to vào quét sạch lệnh bán của , chuẩn bị đón cây CE rực rỡ!",Positive,0.72
2026-04-13,,investor_154,24hMoney,"Mã  kết quả kinh doanh quý này quá xuất sắc, doanh thu tăng trưởng 25%!",Positive,0.739
2026-04-14,,investor_742,F319,Tỷ lệ đòn bẩy margin của  tại các công ty chứng khoán vẫn ở mức an toàn.,Neutral,0.178
2026-04-14,,investor_521,24hMoney,Khối tự doanh và khối ngoại mua bán cân bằng đối với mã .,Neutral,0.122
2026-04-14,,investor_842,Facebook Group,"Mã  đang kiểm tra lại đường MA20, chưa có tín hiệu bứt phá rõ rệt.",Neutral,0.254
2026-04-14,,investor_493,F319,Tăng trưởng quý này có dấu hiệu chậm lại do chi phí vốn tăng cao.,Negative,-0.948
2026-04-14,,investor_191,Facebook Group,"Ban lãnh đạo  công bố kế hoạch chia cổ tức tiền mặt 30%, quá uy tín.",Positive,0.652
2026-04-15,,investor_910,Facebook Group,"Mã  đang kiểm tra lại đường MA20, chưa có tín hiệu bứt phá rõ rệt.",Neutral,0.008
2026-04-15,,investor_765,Facebook Group,"Thị trường chung đang giằng co,  dao động trong biên độ hẹp 1-2%.",Neutral,-0.069
2026-04-15,,investor_844,Facebook Group,Khối tự doanh và khối ngoại mua bán cân bằng đối với mã .,Neutral,0.365
2026-04-16,,investor_952,F319,"Ban lãnh đạo  công bố kế hoạch chia cổ tức tiền mặt 30%, quá uy tín.",Positive,0.871
2026-04-16,,investor_330,F319,"Chỉ báo MACD của  phân kỳ âm, cảnh báo rủi ro điều chỉnh ngắn hạn.",Negative,-0.2
2026-04-16,,investor_325,FireAnt,"Thị trường xấu quá,  bị bán lan theo hiệu ứng tâm lý chung.",Negative,-0.555
2026-04-16,,investor_251,24hMoney,Kỳ vọng  sẽ dẫn dắt VN-Index chinh phục mốc 1300 điểm.,Positive,0.68
2026-04-16,,investor_603,Facebook Group,"Xu hướng tăng trung dài hạn của  không thể cản phá, canh rung lắc gia tăng tỷ trọng.",Positive,0.577
2026-04-16,,investor_122,24hMoney,"Khối ngoại tiếp tục mua ròng mạnh , tự tin nắm giữ trung hạn.",Positive,0.938
2026-04-16,,investor_274,Facebook Group,Tỷ lệ đòn bẩy margin của  tại các công ty chứng khoán vẫn ở mức an toàn.,Neutral,0.26
2026-04-17,,investor_379,24hMoney,"Thị trường xấu quá,  bị bán lan theo hiệu ứng tâm lý chung.",Negative,-0.889
2026-04-17,,investor_122,Facebook Group,Khối ngoại quay đầu bán ròng  hơn 100 tỷ trong phiên sáng.,Negative,-0.364
2026-04-17,,investor_649,Facebook Group,"Mức P/E của  hiện tại ở mức 18.5, tương đương mức định giá trung bình ngành.",Neutral,0.216
2026-04-17,,investor_865,FireAnt,Tỷ lệ đòn bẩy margin của  tại các công ty chứng khoán vẫn ở mức an toàn.,Neutral,0.093
2026-04-17,,investor_725,24hMoney,"Thị trường chỉnh nhưng  vẫn giữ sắc xanh vững vàng, cổ phiếu kim cương!",Positive,0.836
2026-04-17,,investor_435,F319,"Chỉ báo MACD của  phân kỳ âm, cảnh báo rủi ro điều chỉnh ngắn hạn.",Negative,-0.822
2026-04-18,,investor_542,Facebook Group,Kỳ vọng  sẽ dẫn dắt VN-Index chinh phục mốc 1300 điểm.,Positive,0.909
2026-04-18,,investor_329,Facebook Group,"Lệnh to vào quét sạch lệnh bán của , chuẩn bị đón cây CE rực rỡ!",Positive,0.565
2026-04-18,,investor_961,Facebook Group,"Thanh khoản sụt giảm nghiêm trọng, lực cầu bắt đáy  còn khá yếu.",Negative,-0.133
2026-04-18,,investor_636,FireAnt,"Xu hướng tăng trung dài hạn của  không thể cản phá, canh rung lắc gia tăng tỷ trọng.",Positive,0.776
2026-04-18,,investor_444,FireAnt,"Mức P/E của  hiện tại ở mức 18.5, tương đương mức định giá trung bình ngành.",Neutral,0.462
2026-04-18,,investor_921,F319,"Chỉ báo MACD của  phân kỳ âm, cảnh báo rủi ro điều chỉnh ngắn hạn.",Negative,-0.564
2026-04-18,,investor_241,F319,"Hôm nay là ngày giao dịch không hưởng quyền của , giá điều chỉnh kỹ thuật.",Neutral,-0.001
2026-04-18,,investor_358,Facebook Group,Tăng trưởng quý này có dấu hiệu chậm lại do chi phí vốn tăng cao.,Negative,-0.184
2026-04-19,,investor_609,Facebook Group,"Khối ngoại tiếp tục mua ròng mạnh , tự tin nắm giữ trung hạn.",Positive,0.523
2026-04-19,,investor_918,FireAnt,Tăng trưởng quý này có dấu hiệu chậm lại do chi phí vốn tăng cao.,Negative,-0.377
2026-04-19,,investor_894,24hMoney,"Dòng tiền lớn đã nhập cuộc , mục tiêu vượt đỉnh cũ sớm thôi anh em.",Positive,0.633
2026-04-20,,investor_768,Facebook Group,"Mức P/E của  hiện tại ở mức 18.5, tương đương mức định giá trung bình ngành.",Neutral,0.341
2026-04-20,,investor_285,24hMoney,Kỳ vọng  sẽ dẫn dắt VN-Index chinh phục mốc 1300 điểm.,Positive,0.522
2026-04-20,,investor_373,FireAnt,Khối ngoại quay đầu bán ròng  hơn 100 tỷ trong phiên sáng.,Negative,-0.423
2026-04-20,,investor_102,FireAnt,"Ban lãnh đạo  công bố kế hoạch chia cổ tức tiền mặt 30%, quá uy tín.",Positive,0.859
2026-04-20,,investor_784,FireAnt,"Khối ngoại tiếp tục mua ròng mạnh , tự tin nắm giữ trung hạn.",Positive,0.729
2026-04-20,,investor_935,Facebook Group,"Mã  kết quả kinh doanh quý này quá xuất sắc, doanh thu tăng trưởng 25%!",Positive,0.516
2026-04-21,,investor_827,F319,Tỷ lệ đòn bẩy margin của  tại các công ty chứng khoán vẫn ở mức an toàn.,Neutral,0.088
2026-04-21,,investor_410,F319,Kỳ vọng  sẽ dẫn dắt VN-Index chinh phục mốc 1300 điểm.,Positive,0.731
2026-04-21,,investor_946,Facebook Group,Tỷ lệ đòn bẩy margin của  tại các công ty chứng khoán vẫn ở mức an toàn.,Neutral,0.093
2026-04-21,,investor_335,FireAnt,"Xu hướng tăng trung dài hạn của  không thể cản phá, canh rung lắc gia tăng tỷ trọng.",Positive,0.645
2026-04-21,,investor_745,Facebook Group,Thảo luận về tiềm năng mảng bán lẻ viễn thông của  trong giai đoạn tới.,Neutral,0.317
2026-04-21,,investor_129,FireAnt,"Thanh khoản sụt giảm nghiêm trọng, lực cầu bắt đáy  còn khá yếu.",Negative,-0.587
2026-04-21,,investor_129,F319,"Thủng mốc hỗ trợ cứng rồi, anh em nên hạ tỷ trọng  bảo toàn vốn.",Negative,-0.576
2026-04-21,,investor_754,FireAnt,Kỳ vọng  sẽ dẫn dắt VN-Index chinh phục mốc 1300 điểm.,Positive,0.758
2026-04-22,,investor_244,F319,"Ban lãnh đạo  công bố kế hoạch chia cổ tức tiền mặt 30%, quá uy tín.",Positive,0.858
2026-04-22,,investor_415,FireAnt,"Ban lãnh đạo  công bố kế hoạch chia cổ tức tiền mặt 30%, quá uy tín.",Positive,0.753
2026-04-22,,investor_567,F319,"Áp lực chốt lời ngắn hạn đối với  đang tăng cao, cẩn trọng đu đỉnh.",Negative,-0.894
2026-04-22,,investor_122,F319,"Tây xả ròng rã cả tuần,  gãy trend tăng ngắn hạn rồi.",Negative,-0.606
2026-04-22,,investor_929,Facebook Group,"Kỹ thuật tạo mô hình W đẹp tuyệt vời, RSI bứt phá ngưỡng 60, múc thôi.",Positive,0.572
2026-04-22,,investor_126,FireAnt,"Mức P/E của  hiện tại ở mức 18.5, tương đương mức định giá trung bình ngành.",Neutral,0.342
2026-04-23,,investor_247,24hMoney,"Khối ngoại tiếp tục mua ròng mạnh , tự tin nắm giữ trung hạn.",Positive,0.756
2026-04-23,,investor_528,F319,Tăng trưởng quý này có dấu hiệu chậm lại do chi phí vốn tăng cao.,Negative,-0.874
2026-04-23,,investor_883,24hMoney,Khối tự doanh và khối ngoại mua bán cân bằng đối với mã .,Neutral,0.402
2026-04-23,,investor_709,24hMoney,Khối tự doanh và khối ngoại mua bán cân bằng đối với mã .,Neutral,0.399
2026-04-24,,investor_831,FireAnt,"Thanh khoản sụt giảm nghiêm trọng, lực cầu bắt đáy  còn khá yếu.",Negative,-0.193
2026-04-24,,investor_260,24hMoney,"Tây xả ròng rã cả tuần,  gãy trend tăng ngắn hạn rồi.",Negative,-0.709
2026-04-24,,investor_151,F319,"Áp lực chốt lời ngắn hạn đối với  đang tăng cao, cẩn trọng đu đỉnh.",Negative,-0.553
2026-04-24,,investor_649,Facebook Group,"Ban lãnh đạo  công bố kế hoạch chia cổ tức tiền mặt 30%, quá uy tín.",Positive,0.572
2026-04-24,,investor_679,Facebook Group,Tăng trưởng quý này có dấu hiệu chậm lại do chi phí vốn tăng cao.,Negative,-0.833
2026-04-24,,investor_112,Facebook Group,Tỷ lệ đòn bẩy margin của  tại các công ty chứng khoán vẫn ở mức an toàn.,Neutral,0.277
2026-04-25,,investor_669,24hMoney,Chờ đợi báo cáo tài chính kiểm toán của  để đánh giá chính xác hơn.,Neutral,0.26
2026-04-25,,investor_993,F319,Tỷ lệ đòn bẩy margin của  tại các công ty chứng khoán vẫn ở mức an toàn.,Neutral,0.024
2026-04-25,,investor_142,F319,Khối ngoại quay đầu bán ròng  hơn 100 tỷ trong phiên sáng.,Negative,-0.611
2026-04-25,,investor_922,F319,Tăng trưởng quý này có dấu hiệu chậm lại do chi phí vốn tăng cao.,Negative,-0.93
2026-04-25,,investor_712,F319,"Áp lực chốt lời ngắn hạn đối với  đang tăng cao, cẩn trọng đu đỉnh.",Negative,-0.735
2026-04-25,,investor_127,24hMoney,Kỳ vọng  sẽ dẫn dắt VN-Index chinh phục mốc 1300 điểm.,Positive,0.73
2026-04-25,,investor_295,FireAnt,"Thủng mốc hỗ trợ cứng rồi, anh em nên hạ tỷ trọng  bảo toàn vốn.",Negative,-0.166
2026-04-25,,investor_370,Facebook Group,"Kỹ thuật tạo mô hình W đẹp tuyệt vời, RSI bứt phá ngưỡng 60, múc thôi.",Positive,0.777
2026-04-26,,investor_675,24hMoney,Công nghệ AI và Cloud của  ký thêm nhiều hợp đồng triệu đô từ Nhật Bản.,Positive,0.821
2026-04-26,,investor_115,F319,"Hôm nay là ngày giao dịch không hưởng quyền của , giá điều chỉnh kỹ thuật.",Neutral,0.227
2026-04-26,,investor_204,FireAnt,Tỷ lệ đòn bẩy margin của  tại các công ty chứng khoán vẫn ở mức an toàn.,Neutral,0.4
2026-04-26,,investor_917,F319,"Hôm nay  đi ngang tích lũy quanh vùng hỗ trợ, thanh khoản trung bình.",Neutral,0.343
2026-04-27,,investor_949,FireAnt,Công nghệ AI và Cloud của  ký thêm nhiều hợp đồng triệu đô từ Nhật Bản.,Positive,0.925
2026-04-27,,investor_926,F319,Khối ngoại quay đầu bán ròng  hơn 100 tỷ trong phiên sáng.,Negative,-0.238
2026-04-27,,investor_850,F319,"Lệnh to vào quét sạch lệnh bán của , chuẩn bị đón cây CE rực rỡ!",Positive,0.663
2026-04-28,,investor_818,FireAnt,"Kỹ thuật tạo mô hình W đẹp tuyệt vời, RSI bứt phá ngưỡng 60, múc thôi.",Positive,0.921
2026-04-28,,investor_477,FireAnt,"Lệnh to vào quét sạch lệnh bán của , chuẩn bị đón cây CE rực rỡ!",Positive,0.829
2026-04-28,,investor_682,24hMoney,Tỷ lệ đòn bẩy margin của  tại các công ty chứng khoán vẫn ở mức an toàn.,Neutral,0.202
2026-04-28,,investor_122,Facebook Group,Công nghệ AI và Cloud của  ký thêm nhiều hợp đồng triệu đô từ Nhật Bản.,Positive,0.531
2026-04-28,,investor_180,24hMoney,"Chỉ báo MACD của  phân kỳ âm, cảnh báo rủi ro điều chỉnh ngắn hạn.",Negative,-0.769
2026-04-28,,investor_183,24hMoney,"Dòng tiền lớn đã nhập cuộc , mục tiêu vượt đỉnh cũ sớm thôi anh em.",Positive,0.837
2026-04-29,,investor_441,F319,"Thị trường chỉnh nhưng  vẫn giữ sắc xanh vững vàng, cổ phiếu kim cương!",Positive,0.929
2026-04-29,,investor_724,F319,Kỳ vọng  sẽ dẫn dắt VN-Index chinh phục mốc 1300 điểm.,Positive,0.634
2026-04-29,,investor_927,FireAnt,Khối tự doanh và khối ngoại mua bán cân bằng đối với mã .,Neutral,0.044
2026-04-29,,investor_344,F319,"Thị trường chỉnh nhưng  vẫn giữ sắc xanh vững vàng, cổ phiếu kim cương!",Positive,0.601
2026-04-29,,investor_511,FireAnt,"Thị trường chỉnh nhưng  vẫn giữ sắc xanh vững vàng, cổ phiếu kim cương!",Positive,0.515
2026-04-29,,investor_486,F319,"Khối ngoại tiếp tục mua ròng mạnh , tự tin nắm giữ trung hạn.",Positive,0.583
2026-04-29,,investor_758,Facebook Group,"Ban lãnh đạo  công bố kế hoạch chia cổ tức tiền mặt 30%, quá uy tín.",Positive,0.529
2026-04-29,,investor_530,Facebook Group,Kỳ vọng  sẽ dẫn dắt VN-Index chinh phục mốc 1300 điểm.,Positive,0.828
2026-04-30,,investor_509,24hMoney,Tỷ lệ đòn bẩy margin của  tại các công ty chứng khoán vẫn ở mức an toàn.,Neutral,-0.02
2026-04-30,,investor_850,Facebook Group,"Kỹ thuật tạo mô hình W đẹp tuyệt vời, RSI bứt phá ngưỡng 60, múc thôi.",Positive,0.628
2026-04-30,,investor_717,F319,"Mã  kết quả kinh doanh quý này quá xuất sắc, doanh thu tăng trưởng 25%!",Positive,0.805
2026-04-30,,investor_389,F319,"Thanh khoản sụt giảm nghiêm trọng, lực cầu bắt đáy  còn khá yếu.",Negative,-0.725
2026-04-30,,investor_682,F319,"Mã  kết quả kinh doanh quý này quá xuất sắc, doanh thu tăng trưởng 25%!",Positive,0.705
2026-05-01,,investor_956,F319,Chờ đợi báo cáo tài chính kiểm toán của  để đánh giá chính xác hơn.,Neutral,-0.014
2026-05-01,,investor_628,F319,"Kỹ thuật tạo mô hình W đẹp tuyệt vời, RSI bứt phá ngưỡng 60, múc thôi.",Positive,0.849
2026-05-01,,investor_973,24hMoney,"Mã  kết quả kinh doanh quý này quá xuất sắc, doanh thu tăng trưởng 25%!",Positive,0.775
2026-05-01,,investor_297,24hMoney,"Mã  đang kiểm tra lại đường MA20, chưa có tín hiệu bứt phá rõ rệt.",Neutral,0.166
2026-05-01,,investor_860,24hMoney,"Chỉ báo MACD của  phân kỳ âm, cảnh báo rủi ro điều chỉnh ngắn hạn.",Negative,-0.803
2026-05-01,,investor_343,F319,"Lệnh to vào quét sạch lệnh bán của , chuẩn bị đón cây CE rực rỡ!",Positive,0.773
2026-05-01,,investor_536,F319,"Lệnh to vào quét sạch lệnh bán của , chuẩn bị đón cây CE rực rỡ!",Positive,0.839
2026-05-02,,investor_312,F319,Kỳ vọng  sẽ dẫn dắt VN-Index chinh phục mốc 1300 điểm.,Positive,0.52
2026-05-02,,investor_758,24hMoney,"Áp lực chốt lời ngắn hạn đối với  đang tăng cao, cẩn trọng đu đỉnh.",Negative,-0.329
2026-05-02,,investor_937,FireAnt,Tỷ lệ đòn bẩy margin của  tại các công ty chứng khoán vẫn ở mức an toàn.,Neutral,0.247
2026-05-02,,investor_904,Facebook Group,Công nghệ AI và Cloud của  ký thêm nhiều hợp đồng triệu đô từ Nhật Bản.,Positive,0.95
2026-05-02,,investor_882,Facebook Group,Công nghệ AI và Cloud của  ký thêm nhiều hợp đồng triệu đô từ Nhật Bản.,Positive,0.596
2026-05-02,,investor_525,FireAnt,"Thị trường xấu quá,  bị bán lan theo hiệu ứng tâm lý chung.",Negative,-0.812
2026-05-02,,investor_108,Facebook Group,"Thủng mốc hỗ trợ cứng rồi, anh em nên hạ tỷ trọng  bảo toàn vốn.",Negative,-0.528
2026-05-02,,investor_785,F319,"Lệnh to vào quét sạch lệnh bán của , chuẩn bị đón cây CE rực rỡ!",Positive,0.801
2026-05-03,,investor_930,F319,"Chỉ báo MACD của  phân kỳ âm, cảnh báo rủi ro điều chỉnh ngắn hạn.",Negative,-0.225
2026-05-03,,investor_856,FireAnt,"Mã  kết quả kinh doanh quý này quá xuất sắc, doanh thu tăng trưởng 25%!",Positive,0.869
2026-05-03,,investor_415,FireAnt,"Thị trường chỉnh nhưng  vẫn giữ sắc xanh vững vàng, cổ phiếu kim cương!",Positive,0.684
2026-05-03,,investor_169,24hMoney,"Hôm nay là ngày giao dịch không hưởng quyền của , giá điều chỉnh kỹ thuật.",Neutral,0.28
2026-05-03,,investor_346,FireAnt,"Thị trường chỉnh nhưng  vẫn giữ sắc xanh vững vàng, cổ phiếu kim cương!",Positive,0.924
2026-05-03,,investor_934,FireAnt,Công nghệ AI và Cloud của  ký thêm nhiều hợp đồng triệu đô từ Nhật Bản.,Positive,0.575
2026-05-04,,investor_774,FireAnt,"Mã  đang kiểm tra lại đường MA20, chưa có tín hiệu bứt phá rõ rệt.",Neutral,0.347
2026-05-04,,investor_322,F319,"Dòng tiền lớn đã nhập cuộc , mục tiêu vượt đỉnh cũ sớm thôi anh em.",Positive,0.927
2026-05-04,,investor_615,FireAnt,Chờ đợi báo cáo tài chính kiểm toán của  để đánh giá chính xác hơn.,Neutral,0.326
2026-05-04,,investor_691,FireAnt,"Xu hướng tăng trung dài hạn của  không thể cản phá, canh rung lắc gia tăng tỷ trọng.",Positive,0.548
2026-05-04,,investor_649,F319,Tỷ lệ đòn bẩy margin của  tại các công ty chứng khoán vẫn ở mức an toàn.,Neutral,-0.085
2026-05-04,,investor_614,F319,"Tây xả ròng rã cả tuần,  gãy trend tăng ngắn hạn rồi.",Negative,-0.782
2026-05-05,,investor_850,Facebook Group,Tỷ lệ đòn bẩy margin của  tại các công ty chứng khoán vẫn ở mức an toàn.,Neutral,0.37
2026-05-05,,investor_939,FireAnt,"Thị trường xấu quá,  bị bán lan theo hiệu ứng tâm lý chung.",Negative,-0.403
2026-05-05,,investor_726,F319,"Mã  kết quả kinh doanh quý này quá xuất sắc, doanh thu tăng trưởng 25%!",Positive,0.86
2026-05-05,,investor_234,FireAnt,"Thị trường chỉnh nhưng  vẫn giữ sắc xanh vững vàng, cổ phiếu kim cương!",Positive,0.885
2026-05-05,,investor_288,F319,Chờ đợi báo cáo tài chính kiểm toán của  để đánh giá chính xác hơn.,Neutral,0.478
2026-05-05,,investor_803,F319,"Chỉ báo MACD của  phân kỳ âm, cảnh báo rủi ro điều chỉnh ngắn hạn.",Negative,-0.862
2026-05-05,,investor_178,Facebook Group,"Thị trường chung đang giằng co,  dao động trong biên độ hẹp 1-2%.",Neutral,0.318
2026-05-06,,investor_116,FireAnt,"Áp lực chốt lời ngắn hạn đối với  đang tăng cao, cẩn trọng đu đỉnh.",Negative,-0.665
2026-05-06,,investor_501,F319,"Dòng tiền lớn đã nhập cuộc , mục tiêu vượt đỉnh cũ sớm thôi anh em.",Positive,0.936
2026-05-06,,investor_157,FireAnt,Chờ đợi báo cáo tài chính kiểm toán của  để đánh giá chính xác hơn.,Neutral,0.399
2026-05-06,,investor_621,F319,Chờ đợi báo cáo tài chính kiểm toán của  để đánh giá chính xác hơn.,Neutral,0.245
2026-05-06,,investor_743,F319,"Dòng tiền lớn đã nhập cuộc , mục tiêu vượt đỉnh cũ sớm thôi anh em.",Positive,0.702
2026-05-06,,investor_393,24hMoney,"Kỹ thuật tạo mô hình W đẹp tuyệt vời, RSI bứt phá ngưỡng 60, múc thôi.",Positive,0.536
2026-05-06,,investor_630,24hMoney,"Dòng tiền lớn đã nhập cuộc , mục tiêu vượt đỉnh cũ sớm thôi anh em.",Positive,0.767
2026-05-06,,investor_288,F319,"Lệnh to vào quét sạch lệnh bán của , chuẩn bị đón cây CE rực rỡ!",Positive,0.869
2026-05-07,,investor_847,F319,Thảo luận về tiềm năng mảng bán lẻ viễn thông của  trong giai đoạn tới.,Neutral,0.397
2026-05-07,,investor_886,Facebook Group,"Khối ngoại tiếp tục mua ròng mạnh , tự tin nắm giữ trung hạn.",Positive,0.723
2026-05-07,,investor_909,Facebook Group,"Xu hướng tăng trung dài hạn của  không thể cản phá, canh rung lắc gia tăng tỷ trọng.",Positive,0.731
2026-05-07,,investor_104,F319,"Thị trường chung đang giằng co,  dao động trong biên độ hẹp 1-2%.",Neutral,0.192
2026-05-07,,investor_942,Facebook Group,"Ban lãnh đạo  công bố kế hoạch chia cổ tức tiền mặt 30%, quá uy tín.",Positive,0.687
2026-05-07,,investor_380,Facebook Group,Kỳ vọng  sẽ dẫn dắt VN-Index chinh phục mốc 1300 điểm.,Positive,0.793
2026-05-07,,investor_621,Facebook Group,"Khối ngoại tiếp tục mua ròng mạnh , tự tin nắm giữ trung hạn.",Positive,0.779
2026-05-07,,investor_769,FireAnt,"Khối ngoại tiếp tục mua ròng mạnh , tự tin nắm giữ trung hạn.",Positive,0.789
2026-05-08,,investor_276,FireAnt,"Kỹ thuật tạo mô hình W đẹp tuyệt vời, RSI bứt phá ngưỡng 60, múc thôi.",Positive,0.716
2026-05-08,,investor_326,Facebook Group,Tăng trưởng quý này có dấu hiệu chậm lại do chi phí vốn tăng cao.,Negative,-0.597
2026-05-08,,investor_619,24hMoney,"Dòng tiền lớn đã nhập cuộc , mục tiêu vượt đỉnh cũ sớm thôi anh em.",Positive,0.514
2026-05-08,,investor_357,F319,"Mức P/E của  hiện tại ở mức 18.5, tương đương mức định giá trung bình ngành.",Neutral,0.156
2026-05-09,,investor_408,FireAnt,"Lệnh to vào quét sạch lệnh bán của , chuẩn bị đón cây CE rực rỡ!",Positive,0.512
2026-05-09,,investor_741,Facebook Group,"Mã  kết quả kinh doanh quý này quá xuất sắc, doanh thu tăng trưởng 25%!",Positive,0.935
2026-05-09,,investor_334,Facebook Group,Khối ngoại quay đầu bán ròng  hơn 100 tỷ trong phiên sáng.,Negative,-0.655
2026-05-09,,investor_311,24hMoney,"Xu hướng tăng trung dài hạn của  không thể cản phá, canh rung lắc gia tăng tỷ trọng.",Positive,0.617
2026-05-09,,investor_808,FireAnt,"Mã  kết quả kinh doanh quý này quá xuất sắc, doanh thu tăng trưởng 25%!",Positive,0.926
2026-05-09,,investor_629,F319,"Khối ngoại tiếp tục mua ròng mạnh , tự tin nắm giữ trung hạn.",Positive,0.874
2026-05-09,,investor_777,Facebook Group,Chờ đợi báo cáo tài chính kiểm toán của  để đánh giá chính xác hơn.,Neutral,0.186
2026-05-09,,investor_633,Facebook Group,"Hôm nay  đi ngang tích lũy quanh vùng hỗ trợ, thanh khoản trung bình.",Neutral,-0.017
2026-05-10,,investor_861,FireAnt,"Lệnh to vào quét sạch lệnh bán của , chuẩn bị đón cây CE rực rỡ!",Positive,0.915
2026-05-10,,investor_519,FireAnt,Tăng trưởng quý này có dấu hiệu chậm lại do chi phí vốn tăng cao.,Negative,-0.684
2026-05-10,,investor_283,24hMoney,Thảo luận về tiềm năng mảng bán lẻ viễn thông của  trong giai đoạn tới.,Neutral,0.231
2026-05-10,,investor_168,FireAnt,"Xu hướng tăng trung dài hạn của  không thể cản phá, canh rung lắc gia tăng tỷ trọng.",Positive,0.757
2026-05-10,,investor_882,24hMoney,Tỷ lệ đòn bẩy margin của  tại các công ty chứng khoán vẫn ở mức an toàn.,Neutral,0.263
2026-05-11,,investor_470,Facebook Group,"Tây xả ròng rã cả tuần,  gãy trend tăng ngắn hạn rồi.",Negative,-0.648
2026-05-11,,investor_412,24hMoney,"Mã  đang kiểm tra lại đường MA20, chưa có tín hiệu bứt phá rõ rệt.",Neutral,0.426
2026-05-11,,investor_678,FireAnt,"Mức P/E của  hiện tại ở mức 18.5, tương đương mức định giá trung bình ngành.",Neutral,0.199
2026-05-12,,investor_448,FireAnt,Khối ngoại quay đầu bán ròng  hơn 100 tỷ trong phiên sáng.,Negative,-0.873
2026-05-12,,investor_760,Facebook Group,Khối ngoại quay đầu bán ròng  hơn 100 tỷ trong phiên sáng.,Negative,-0.737
2026-05-12,,investor_149,Facebook Group,"Mức P/E của  hiện tại ở mức 18.5, tương đương mức định giá trung bình ngành.",Neutral,0.014
2026-05-12,,investor_440,F319,"Dòng tiền lớn đã nhập cuộc , mục tiêu vượt đỉnh cũ sớm thôi anh em.",Positive,0.908
2026-05-12,,investor_196,FireAnt,Tỷ lệ đòn bẩy margin của  tại các công ty chứng khoán vẫn ở mức an toàn.,Neutral,-0.012
2026-05-13,,investor_720,FireAnt,"Dòng tiền lớn đã nhập cuộc , mục tiêu vượt đỉnh cũ sớm thôi anh em.",Positive,0.586
2026-05-13,,investor_897,24hMoney,Khối tự doanh và khối ngoại mua bán cân bằng đối với mã .,Neutral,0.371
2026-05-13,,investor_798,FireAnt,Khối tự doanh và khối ngoại mua bán cân bằng đối với mã .,Neutral,-0.059
2026-05-13,,investor_204,FireAnt,Thảo luận về tiềm năng mảng bán lẻ viễn thông của  trong giai đoạn tới.,Neutral,0.445
2026-05-13,,investor_420,FireAnt,"Ban lãnh đạo  công bố kế hoạch chia cổ tức tiền mặt 30%, quá uy tín.",Positive,0.64
2026-05-14,,investor_872,FireAnt,"Mã  kết quả kinh doanh quý này quá xuất sắc, doanh thu tăng trưởng 25%!",Positive,0.56
2026-05-14,,investor_580,Facebook Group,"Kỹ thuật tạo mô hình W đẹp tuyệt vời, RSI bứt phá ngưỡng 60, múc thôi.",Positive,0.768
2026-05-14,,investor_450,Facebook Group,"Mã  kết quả kinh doanh quý này quá xuất sắc, doanh thu tăng trưởng 25%!",Positive,0.668
2026-05-15,,investor_626,FireAnt,"Ban lãnh đạo  công bố kế hoạch chia cổ tức tiền mặt 30%, quá uy tín.",Positive,0.824
2026-05-15,,investor_969,FireAnt,"Thị trường chỉnh nhưng  vẫn giữ sắc xanh vững vàng, cổ phiếu kim cương!",Positive,0.537
2026-05-15,,investor_527,Facebook Group,"Thị trường chung đang giằng co,  dao động trong biên độ hẹp 1-2%.",Neutral,0.058
2026-05-16,,investor_389,24hMoney,"Kỹ thuật tạo mô hình W đẹp tuyệt vời, RSI bứt phá ngưỡng 60, múc thôi.",Positive,0.635
2026-05-16,,investor_306,FireAnt,"Mã  đang kiểm tra lại đường MA20, chưa có tín hiệu bứt phá rõ rệt.",Neutral,0.339
2026-05-16,,investor_135,F319,Khối tự doanh và khối ngoại mua bán cân bằng đối với mã .,Neutral,0.125
2026-05-16,,investor_122,24hMoney,"Thị trường xấu quá,  bị bán lan theo hiệu ứng tâm lý chung.",Negative,-0.48
2026-05-17,,investor_241,FireAnt,"Chỉ báo MACD của  phân kỳ âm, cảnh báo rủi ro điều chỉnh ngắn hạn.",Negative,-0.283
2026-05-17,,investor_599,FireAnt,Kỳ vọng  sẽ dẫn dắt VN-Index chinh phục mốc 1300 điểm.,Positive,0.741
2026-05-17,,investor_167,FireAnt,"Tây xả ròng rã cả tuần,  gãy trend tăng ngắn hạn rồi.",Negative,-0.336
2026-05-18,,investor_582,Facebook Group,Công nghệ AI và Cloud của  ký thêm nhiều hợp đồng triệu đô từ Nhật Bản.,Positive,0.659
2026-05-18,,investor_469,F319,"Lệnh to vào quét sạch lệnh bán của , chuẩn bị đón cây CE rực rỡ!",Positive,0.785
2026-05-18,,investor_239,F319,"Hôm nay  đi ngang tích lũy quanh vùng hỗ trợ, thanh khoản trung bình.",Neutral,0.175
2026-05-18,,investor_963,24hMoney,"Xu hướng tăng trung dài hạn của  không thể cản phá, canh rung lắc gia tăng tỷ trọng.",Positive,0.867
2026-05-18,,investor_248,Facebook Group,"Thị trường chung đang giằng co,  dao động trong biên độ hẹp 1-2%.",Neutral,0.159
2026-05-18,,investor_120,Facebook Group,"Dòng tiền lớn đã nhập cuộc , mục tiêu vượt đỉnh cũ sớm thôi anh em.",Positive,0.791
2026-05-19,,investor_676,FireAnt,Khối tự doanh và khối ngoại mua bán cân bằng đối với mã .,Neutral,0.28
2026-05-19,,investor_801,FireAnt,Khối ngoại quay đầu bán ròng  hơn 100 tỷ trong phiên sáng.,Negative,-0.326
2026-05-19,,investor_829,Facebook Group,Chờ đợi báo cáo tài chính kiểm toán của  để đánh giá chính xác hơn.,Neutral,-0.004
2026-05-19,,investor_861,FireAnt,"Mức P/E của  hiện tại ở mức 18.5, tương đương mức định giá trung bình ngành.",Neutral,0.115
2026-05-19,,investor_177,F319,"Thanh khoản sụt giảm nghiêm trọng, lực cầu bắt đáy  còn khá yếu.",Negative,-0.768
2026-05-19,,investor_271,Facebook Group,Tỷ lệ đòn bẩy margin của  tại các công ty chứng khoán vẫn ở mức an toàn.,Neutral,-0.013
2026-05-19,,investor_371,24hMoney,"Chỉ báo MACD của  phân kỳ âm, cảnh báo rủi ro điều chỉnh ngắn hạn.",Negative,-0.232
2026-05-19,,investor_915,24hMoney,"Mã  đang kiểm tra lại đường MA20, chưa có tín hiệu bứt phá rõ rệt.",Neutral,0.156
2026-05-20,,investor_807,F319,"Chỉ báo MACD của  phân kỳ âm, cảnh báo rủi ro điều chỉnh ngắn hạn.",Negative,-0.799
2026-05-20,,investor_963,FireAnt,"Dòng tiền lớn đã nhập cuộc , mục tiêu vượt đỉnh cũ sớm thôi anh em.",Positive,0.761
2026-05-20,,investor_824,Facebook Group,"Mã  kết quả kinh doanh quý này quá xuất sắc, doanh thu tăng trưởng 25%!",Positive,0.74
2026-05-20,,investor_443,Facebook Group,"Mã  kết quả kinh doanh quý này quá xuất sắc, doanh thu tăng trưởng 25%!",Positive,0.539
2026-05-20,,investor_397,24hMoney,Khối ngoại quay đầu bán ròng  hơn 100 tỷ trong phiên sáng.,Negative,-0.367
2026-05-20,,investor_338,FireAnt,"Xu hướng tăng trung dài hạn của  không thể cản phá, canh rung lắc gia tăng tỷ trọng.",Positive,0.626
2026-05-20,,investor_345,FireAnt,"Hôm nay là ngày giao dịch không hưởng quyền của , giá điều chỉnh kỹ thuật.",Neutral,0.434
2026-05-21,,investor_154,F319,Công nghệ AI và Cloud của  ký thêm nhiều hợp đồng triệu đô từ Nhật Bản.,Positive,0.8
2026-05-21,,investor_520,24hMoney,"Thị trường chung đang giằng co,  dao động trong biên độ hẹp 1-2%.",Neutral,0.392
2026-05-21,,investor_856,Facebook Group,"Kỹ thuật tạo mô hình W đẹp tuyệt vời, RSI bứt phá ngưỡng 60, múc thôi.",Positive,0.619
2026-05-21,,investor_439,24hMoney,Chờ đợi báo cáo tài chính kiểm toán của  để đánh giá chính xác hơn.,Neutral,0.078
2026-05-21,,investor_949,FireAnt,Công nghệ AI và Cloud của  ký thêm nhiều hợp đồng triệu đô từ Nhật Bản.,Positive,0.773
2026-05-22,,investor_448,Facebook Group,"Áp lực chốt lời ngắn hạn đối với  đang tăng cao, cẩn trọng đu đỉnh.",Negative,-0.298
2026-05-22,,investor_887,FireAnt,"Thị trường xấu quá,  bị bán lan theo hiệu ứng tâm lý chung.",Negative,-0.112
2026-05-22,,investor_464,Facebook Group,"Mức P/E của  hiện tại ở mức 18.5, tương đương mức định giá trung bình ngành.",Neutral,-0.074
2026-05-22,,investor_481,Facebook Group,"Khối ngoại tiếp tục mua ròng mạnh , tự tin nắm giữ trung hạn.",Positive,0.524
2026-05-22,,investor_701,Facebook Group,"Lệnh to vào quét sạch lệnh bán của , chuẩn bị đón cây CE rực rỡ!",Positive,0.692
2026-05-22,,investor_541,F319,Tăng trưởng quý này có dấu hiệu chậm lại do chi phí vốn tăng cao.,Negative,-0.603
2026-05-22,,investor_722,24hMoney,"Tây xả ròng rã cả tuần,  gãy trend tăng ngắn hạn rồi.",Negative,-0.941
2026-05-23,,investor_406,Facebook Group,"Dòng tiền lớn đã nhập cuộc , mục tiêu vượt đỉnh cũ sớm thôi anh em.",Positive,0.796
2026-05-23,,investor_693,24hMoney,Công nghệ AI và Cloud của  ký thêm nhiều hợp đồng triệu đô từ Nhật Bản.,Positive,0.708
2026-05-23,,investor_748,24hMoney,"Ban lãnh đạo  công bố kế hoạch chia cổ tức tiền mặt 30%, quá uy tín.",Positive,0.604
2026-05-23,,investor_142,F319,Công nghệ AI và Cloud của  ký thêm nhiều hợp đồng triệu đô từ Nhật Bản.,Positive,0.801
2026-05-24,,investor_404,Facebook Group,Công nghệ AI và Cloud của  ký thêm nhiều hợp đồng triệu đô từ Nhật Bản.,Positive,0.656
2026-05-24,,investor_394,Facebook Group,Thảo luận về tiềm năng mảng bán lẻ viễn thông của  trong giai đoạn tới.,Neutral,0.429
2026-05-24,,investor_606,F319,"Áp lực chốt lời ngắn hạn đối với  đang tăng cao, cẩn trọng đu đỉnh.",Negative,-0.471
2026-05-24,,investor_980,Facebook Group,Kỳ vọng  sẽ dẫn dắt VN-Index chinh phục mốc 1300 điểm.,Positive,0.515
2026-05-24,,investor_410,24hMoney,"Thị trường chung đang giằng co,  dao động trong biên độ hẹp 1-2%.",Neutral,0.159
2026-05-24,,investor_531,FireAnt,Khối tự doanh và khối ngoại mua bán cân bằng đối với mã .,Neutral,0.021
2026-05-24,,investor_467,Facebook Group,"Mức P/E của  hiện tại ở mức 18.5, tương đương mức định giá trung bình ngành.",Neutral,0.348
2026-05-25,,investor_618,FireAnt,"Dòng tiền lớn đã nhập cuộc , mục tiêu vượt đỉnh cũ sớm thôi anh em.",Positive,0.627
2026-05-25,,investor_195,FireAnt,"Kỹ thuật tạo mô hình W đẹp tuyệt vời, RSI bứt phá ngưỡng 60, múc thôi.",Positive,0.566
2026-05-25,,investor_949,FireAnt,"Mức P/E của  hiện tại ở mức 18.5, tương đương mức định giá trung bình ngành.",Neutral,0.031
2026-05-25,,investor_664,F319,Công nghệ AI và Cloud của  ký thêm nhiều hợp đồng triệu đô từ Nhật Bản.,Positive,0.818
2026-05-25,,investor_762,F319,"Khối ngoại tiếp tục mua ròng mạnh , tự tin nắm giữ trung hạn.",Positive,0.601
2026-05-26,,investor_164,FireAnt,Tăng trưởng quý này có dấu hiệu chậm lại do chi phí vốn tăng cao.,Negative,-0.691
2026-05-26,,investor_971,FireAnt,"Khối ngoại tiếp tục mua ròng mạnh , tự tin nắm giữ trung hạn.",Positive,0.589
2026-05-26,,investor_660,24hMoney,Tỷ lệ đòn bẩy margin của  tại các công ty chứng khoán vẫn ở mức an toàn.,Neutral,0.067
2026-05-27,,investor_834,F319,Thảo luận về tiềm năng mảng bán lẻ viễn thông của  trong giai đoạn tới.,Neutral,-0.06
2026-05-27,,investor_460,FireAnt,Kỳ vọng  sẽ dẫn dắt VN-Index chinh phục mốc 1300 điểm.,Positive,0.928
2026-05-27,,investor_958,F319,"Hôm nay là ngày giao dịch không hưởng quyền của , giá điều chỉnh kỹ thuật.",Neutral,0.292
2026-05-27,,investor_460,F319,"Hôm nay là ngày giao dịch không hưởng quyền của , giá điều chỉnh kỹ thuật.",Neutral,0.408
2026-05-27,,investor_628,FireAnt,"Mã  đang kiểm tra lại đường MA20, chưa có tín hiệu bứt phá rõ rệt.",Neutral,0.275
2026-05-27,,investor_211,F319,"Mã  kết quả kinh doanh quý này quá xuất sắc, doanh thu tăng trưởng 25%!",Positive,0.872
2026-05-28,,investor_957,24hMoney,Chờ đợi báo cáo tài chính kiểm toán của  để đánh giá chính xác hơn.,Neutral,-0.003
2026-05-28,,investor_877,24hMoney,"Lệnh to vào quét sạch lệnh bán của , chuẩn bị đón cây CE rực rỡ!",Positive,0.766
2026-05-28,,investor_790,F319,"Thị trường chung đang giằng co,  dao động trong biên độ hẹp 1-2%.",Neutral,0.324
2026-05-28,,investor_408,F319,"Xu hướng tăng trung dài hạn của  không thể cản phá, canh rung lắc gia tăng tỷ trọng.",Positive,0.697
2026-05-28,,investor_871,24hMoney,"Áp lực chốt lời ngắn hạn đối với  đang tăng cao, cẩn trọng đu đỉnh.",Negative,-0.62
2026-05-28,,investor_178,Facebook Group,"Thị trường chỉnh nhưng  vẫn giữ sắc xanh vững vàng, cổ phiếu kim cương!",Positive,0.794
2026-05-29,,investor_334,FireAnt,"Kỹ thuật tạo mô hình W đẹp tuyệt vời, RSI bứt phá ngưỡng 60, múc thôi.",Positive,0.662
2026-05-29,,investor_260,FireAnt,Khối tự doanh và khối ngoại mua bán cân bằng đối với mã .,Neutral,0.453
2026-05-29,,investor_747,FireAnt,Khối ngoại quay đầu bán ròng  hơn 100 tỷ trong phiên sáng.,Negative,-0.656
2026-05-29,,investor_253,24hMoney,"Hôm nay là ngày giao dịch không hưởng quyền của , giá điều chỉnh kỹ thuật.",Neutral,-0.062
2026-05-29,,investor_774,F319,Tăng trưởng quý này có dấu hiệu chậm lại do chi phí vốn tăng cao.,Negative,-0.572
2026-05-29,,investor_869,Facebook Group,Chờ đợi báo cáo tài chính kiểm toán của  để đánh giá chính xác hơn.,Neutral,0.412
2026-05-29,,investor_157,F319,"Mã  đang kiểm tra lại đường MA20, chưa có tín hiệu bứt phá rõ rệt.",Neutral,0.257
2026-05-29,,investor_583,FireAnt,"Xu hướng tăng trung dài hạn của  không thể cản phá, canh rung lắc gia tăng tỷ trọng.",Positive,0.641
2026-05-30,,investor_122,24hMoney,Công nghệ AI và Cloud của  ký thêm nhiều hợp đồng triệu đô từ Nhật Bản.,Positive,0.576
2026-05-30,,investor_247,F319,"Thị trường chỉnh nhưng  vẫn giữ sắc xanh vững vàng, cổ phiếu kim cương!",Positive,0.83
2026-05-30,,investor_555,FireAnt,Thảo luận về tiềm năng mảng bán lẻ viễn thông của  trong giai đoạn tới.,Neutral,-0.013
2026-05-30,,investor_136,FireAnt,"Tây xả ròng rã cả tuần,  gãy trend tăng ngắn hạn rồi.",Negative,-0.905
2026-05-31,,investor_109,FireAnt,"Xu hướng tăng trung dài hạn của  không thể cản phá, canh rung lắc gia tăng tỷ trọng.",Positive,0.9
2026-05-31,,investor_292,F319,Tỷ lệ đòn bẩy margin của  tại các công ty chứng khoán vẫn ở mức an toàn.,Neutral,-0.041
2026-05-31,,investor_462,Facebook Group,"Xu hướng tăng trung dài hạn của  không thể cản phá, canh rung lắc gia tăng tỷ trọng.",Positive,0.807
2026-05-31,,investor_621,F319,"Hôm nay là ngày giao dịch không hưởng quyền của , giá điều chỉnh kỹ thuật.",Neutral,0.213
2026-05-31,,investor_896,Facebook Group,Khối ngoại quay đầu bán ròng  hơn 100 tỷ trong phiên sáng.,Negative,-0.505
2026-05-31,,investor_328,FireAnt,"Thị trường chung đang giằng co,  dao động trong biên độ hẹp 1-2%.",Neutral,0.248
2026-05-31,,investor_336,FireAnt,"Thị trường chỉnh nhưng  vẫn giữ sắc xanh vững vàng, cổ phiếu kim cương!",Positive,0.782
2026-06-01,,investor_418,FireAnt,"Tây xả ròng rã cả tuần,  gãy trend tăng ngắn hạn rồi.",Negative,-0.523
2026-06-01,,investor_488,FireAnt,Công nghệ AI và Cloud của  ký thêm nhiều hợp đồng triệu đô từ Nhật Bản.,Positive,0.905
2026-06-01,,investor_251,Facebook Group,"Thanh khoản sụt giảm nghiêm trọng, lực cầu bắt đáy  còn khá yếu.",Negative,-0.418
2026-06-02,,investor_896,FireAnt,"Khối ngoại tiếp tục mua ròng mạnh , tự tin nắm giữ trung hạn.",Positive,0.841
2026-06-02,,investor_343,24hMoney,"Hôm nay là ngày giao dịch không hưởng quyền của , giá điều chỉnh kỹ thuật.",Neutral,-0.085
2026-06-02,,investor_176,Facebook Group,Chờ đợi báo cáo tài chính kiểm toán của  để đánh giá chính xác hơn.,Neutral,0.115
2026-06-02,,investor_643,F319,"Xu hướng tăng trung dài hạn của  không thể cản phá, canh rung lắc gia tăng tỷ trọng.",Positive,0.751
2026-06-02,,investor_432,Facebook Group,"Ban lãnh đạo  công bố kế hoạch chia cổ tức tiền mặt 30%, quá uy tín.",Positive,0.919
2026-06-02,,investor_319,F319,"Thị trường chung đang giằng co,  dao động trong biên độ hẹp 1-2%.",Neutral,0.401
2026-06-02,,investor_471,24hMoney,Khối ngoại quay đầu bán ròng  hơn 100 tỷ trong phiên sáng.,Negative,-0.496
2026-06-03,,investor_607,F319,"Chỉ báo MACD của  phân kỳ âm, cảnh báo rủi ro điều chỉnh ngắn hạn.",Negative,-0.292
2026-06-03,,investor_430,24hMoney,"Hôm nay là ngày giao dịch không hưởng quyền của , giá điều chỉnh kỹ thuật.",Neutral,0.13
2026-06-03,,investor_574,FireAnt,"Kỹ thuật tạo mô hình W đẹp tuyệt vời, RSI bứt phá ngưỡng 60, múc thôi.",Positive,0.681
2026-06-03,,investor_256,Facebook Group,"Hôm nay là ngày giao dịch không hưởng quyền của , giá điều chỉnh kỹ thuật.",Neutral,0.457
2026-06-03,,investor_237,F319,"Thủng mốc hỗ trợ cứng rồi, anh em nên hạ tỷ trọng  bảo toàn vốn.",Negative,-0.279
2026-06-03,,investor_501,FireAnt,"Hôm nay  đi ngang tích lũy quanh vùng hỗ trợ, thanh khoản trung bình.",Neutral,-0.069
2026-06-03,,investor_462,24hMoney,"Mã  kết quả kinh doanh quý này quá xuất sắc, doanh thu tăng trưởng 25%!",Positive,0.814
2026-06-04,,investor_131,FireAnt,Khối tự doanh và khối ngoại mua bán cân bằng đối với mã .,Neutral,0.419
2026-06-04,,investor_862,Facebook Group,"Áp lực chốt lời ngắn hạn đối với  đang tăng cao, cẩn trọng đu đỉnh.",Negative,-0.815
2026-06-04,,investor_265,Facebook Group,Chờ đợi báo cáo tài chính kiểm toán của  để đánh giá chính xác hơn.,Neutral,-0.098
2026-06-04,,investor_682,24hMoney,"Dòng tiền lớn đã nhập cuộc , mục tiêu vượt đỉnh cũ sớm thôi anh em.",Positive,0.833
2026-06-04,,investor_570,F319,"Thị trường chung đang giằng co,  dao động trong biên độ hẹp 1-2%.",Neutral,0.452
2026-06-04,,investor_804,FireAnt,Chờ đợi báo cáo tài chính kiểm toán của  để đánh giá chính xác hơn.,Neutral,0.374
2026-06-05,,investor_626,24hMoney,Kỳ vọng  sẽ dẫn dắt VN-Index chinh phục mốc 1300 điểm.,Positive,0.614
2026-06-05,,investor_681,24hMoney,"Thị trường chung đang giằng co,  dao động trong biên độ hẹp 1-2%.",Neutral,0.473
2026-06-05,,investor_857,FireAnt,"Mã  đang kiểm tra lại đường MA20, chưa có tín hiệu bứt phá rõ rệt.",Neutral,0.107
2026-06-05,,investor_123,24hMoney,"Thị trường xấu quá,  bị bán lan theo hiệu ứng tâm lý chung.",Negative,-0.525
2026-06-06,,investor_594,24hMoney,"Lệnh to vào quét sạch lệnh bán của , chuẩn bị đón cây CE rực rỡ!",Positive,0.546
2026-06-06,,investor_438,24hMoney,"Ban lãnh đạo  công bố kế hoạch chia cổ tức tiền mặt 30%, quá uy tín.",Positive,0.691
2026-06-06,,investor_282,Facebook Group,Thảo luận về tiềm năng mảng bán lẻ viễn thông của  trong giai đoạn tới.,Neutral,0.462
2026-06-06,,investor_666,F319,"Thanh khoản sụt giảm nghiêm trọng, lực cầu bắt đáy  còn khá yếu.",Negative,-0.56
2026-06-07,,investor_451,Facebook Group,"Thanh khoản sụt giảm nghiêm trọng, lực cầu bắt đáy  còn khá yếu.",Negative,-0.26
2026-06-07,,investor_962,FireAnt,"Lệnh to vào quét sạch lệnh bán của , chuẩn bị đón cây CE rực rỡ!",Positive,0.652
2026-06-07,,investor_870,F319,"Lệnh to vào quét sạch lệnh bán của , chuẩn bị đón cây CE rực rỡ!",Positive,0.55
2026-06-07,,investor_785,FireAnt,"Ban lãnh đạo  công bố kế hoạch chia cổ tức tiền mặt 30%, quá uy tín.",Positive,0.545
2026-06-07,,investor_138,24hMoney,"Mã  đang kiểm tra lại đường MA20, chưa có tín hiệu bứt phá rõ rệt.",Neutral,0.327
2026-06-07,,investor_512,FireAnt,Tỷ lệ đòn bẩy margin của  tại các công ty chứng khoán vẫn ở mức an toàn.,Neutral,-0.011
2026-06-07,,investor_255,FireAnt,"Mã  đang kiểm tra lại đường MA20, chưa có tín hiệu bứt phá rõ rệt.",Neutral,0.08
2026-06-08,,investor_262,FireAnt,"Ban lãnh đạo  công bố kế hoạch chia cổ tức tiền mặt 30%, quá uy tín.",Positive,0.66
2026-06-08,,investor_190,24hMoney,"Thị trường chung đang giằng co,  dao động trong biên độ hẹp 1-2%.",Neutral,0.144
2026-06-08,,investor_939,Facebook Group,Khối tự doanh và khối ngoại mua bán cân bằng đối với mã .,Neutral,0.467
2026-06-08,,investor_686,FireAnt,"Kỹ thuật tạo mô hình W đẹp tuyệt vời, RSI bứt phá ngưỡng 60, múc thôi.",Positive,0.893
2026-06-08,,investor_794,F319,Công nghệ AI và Cloud của  ký thêm nhiều hợp đồng triệu đô từ Nhật Bản.,Positive,0.815
2026-06-08,,investor_382,F319,"Khối ngoại tiếp tục mua ròng mạnh , tự tin nắm giữ trung hạn.",Positive,0.876
2026-06-08,,investor_697,Facebook Group,"Thủng mốc hỗ trợ cứng rồi, anh em nên hạ tỷ trọng  bảo toàn vốn.",Negative,-0.416
2026-06-08,,investor_515,FireAnt,Công nghệ AI và Cloud của  ký thêm nhiều hợp đồng triệu đô từ Nhật Bản.,Positive,0.674
2026-06-09,,investor_315,Facebook Group,Khối tự doanh và khối ngoại mua bán cân bằng đối với mã .,Neutral,0.114
2026-06-09,,investor_514,Facebook Group,"Khối ngoại tiếp tục mua ròng mạnh , tự tin nắm giữ trung hạn.",Positive,0.517
2026-06-09,,investor_763,Facebook Group,"Thị trường chung đang giằng co,  dao động trong biên độ hẹp 1-2%.",Neutral,0.062
2026-06-09,,investor_565,24hMoney,"Mức P/E của  hiện tại ở mức 18.5, tương đương mức định giá trung bình ngành.",Neutral,0.238
2026-06-09,,investor_235,FireAnt,"Khối ngoại tiếp tục mua ròng mạnh , tự tin nắm giữ trung hạn.",Positive,0.703
2026-06-09,,investor_100,FireAnt,Công nghệ AI và Cloud của  ký thêm nhiều hợp đồng triệu đô từ Nhật Bản.,Positive,0.565
2026-06-09,,investor_575,F319,Công nghệ AI và Cloud của  ký thêm nhiều hợp đồng triệu đô từ Nhật Bản.,Positive,0.776
2026-06-10,,investor_907,24hMoney,Công nghệ AI và Cloud của  ký thêm nhiều hợp đồng triệu đô từ Nhật Bản.,Positive,0.944
2026-06-10,,investor_722,Facebook Group,Khối ngoại quay đầu bán ròng  hơn 100 tỷ trong phiên sáng.,Negative,-0.205
2026-06-10,,investor_478,F319,"Khối ngoại tiếp tục mua ròng mạnh , tự tin nắm giữ trung hạn.",Positive,0.681
2026-06-10,,investor_704,24hMoney,"Khối ngoại tiếp tục mua ròng mạnh , tự tin nắm giữ trung hạn.",Positive,0.761
2026-06-11,,investor_332,Facebook Group,"Hôm nay là ngày giao dịch không hưởng quyền của , giá điều chỉnh kỹ thuật.",Neutral,0.461
2026-06-11,,investor_912,24hMoney,"Lệnh to vào quét sạch lệnh bán của , chuẩn bị đón cây CE rực rỡ!",Positive,0.742
2026-06-11,,investor_820,Facebook Group,"Kỹ thuật tạo mô hình W đẹp tuyệt vời, RSI bứt phá ngưỡng 60, múc thôi.",Positive,0.758
2026-06-11,,investor_830,F319,"Xu hướng tăng trung dài hạn của  không thể cản phá, canh rung lắc gia tăng tỷ trọng.",Positive,0.513
2026-06-11,,investor_113,FireAnt,Khối ngoại quay đầu bán ròng  hơn 100 tỷ trong phiên sáng.,Negative,-0.617
2026-06-11,,investor_139,F319,"Khối ngoại tiếp tục mua ròng mạnh , tự tin nắm giữ trung hạn.",Positive,0.778
2026-06-11,,investor_449,24hMoney,"Xu hướng tăng trung dài hạn của  không thể cản phá, canh rung lắc gia tăng tỷ trọng.",Positive,0.899
2026-06-12,,investor_271,F319,Khối ngoại quay đầu bán ròng  hơn 100 tỷ trong phiên sáng.,Negative,-0.56
2026-06-12,,investor_924,F319,"Lệnh to vào quét sạch lệnh bán của , chuẩn bị đón cây CE rực rỡ!",Positive,0.701
2026-06-12,,investor_748,Facebook Group,"Thị trường chung đang giằng co,  dao động trong biên độ hẹp 1-2%.",Neutral,0.356
2026-06-12,,investor_570,Facebook Group,"Kỹ thuật tạo mô hình W đẹp tuyệt vời, RSI bứt phá ngưỡng 60, múc thôi.",Positive,0.709
2026-06-12,,investor_212,Facebook Group,"Thủng mốc hỗ trợ cứng rồi, anh em nên hạ tỷ trọng  bảo toàn vốn.",Negative,-0.487
2026-06-12,,investor_607,24hMoney,"Khối ngoại tiếp tục mua ròng mạnh , tự tin nắm giữ trung hạn.",Positive,0.656
2026-06-12,,investor_389,24hMoney,Khối ngoại quay đầu bán ròng  hơn 100 tỷ trong phiên sáng.,Negative,-0.635
2026-06-13,,investor_816,F319,"Xu hướng tăng trung dài hạn của  không thể cản phá, canh rung lắc gia tăng tỷ trọng.",Positive,0.81
2026-06-13,,investor_704,F319,"Hôm nay là ngày giao dịch không hưởng quyền của , giá điều chỉnh kỹ thuật.",Neutral,-0.021
2026-06-13,,investor_695,FireAnt,"Dòng tiền lớn đã nhập cuộc , mục tiêu vượt đỉnh cũ sớm thôi anh em.",Positive,0.554
2026-06-13,,investor_894,Facebook Group,"Ban lãnh đạo  công bố kế hoạch chia cổ tức tiền mặt 30%, quá uy tín.",Positive,0.938
2026-06-13,,investor_586,24hMoney,Chờ đợi báo cáo tài chính kiểm toán của  để đánh giá chính xác hơn.,Neutral,0.056
2026-06-14,,investor_359,F319,"Mã  đang kiểm tra lại đường MA20, chưa có tín hiệu bứt phá rõ rệt.",Neutral,0.433
2026-06-14,,investor_944,FireAnt,Thảo luận về tiềm năng mảng bán lẻ viễn thông của  trong giai đoạn tới.,Neutral,0.28
2026-06-14,,investor_932,FireAnt,"Mã  kết quả kinh doanh quý này quá xuất sắc, doanh thu tăng trưởng 25%!",Positive,0.846
2026-06-14,,investor_632,FireAnt,"Áp lực chốt lời ngắn hạn đối với  đang tăng cao, cẩn trọng đu đỉnh.",Negative,-0.266
2026-06-14,,investor_515,F319,"Tây xả ròng rã cả tuần,  gãy trend tăng ngắn hạn rồi.",Negative,-0.899
2026-06-14,,investor_856,F319,"Thị trường chung đang giằng co,  dao động trong biên độ hẹp 1-2%.",Neutral,0.406
2026-06-14,,investor_409,Facebook Group,Chờ đợi báo cáo tài chính kiểm toán của  để đánh giá chính xác hơn.,Neutral,0.452
2026-06-15,,investor_857,Facebook Group,"Tây xả ròng rã cả tuần,  gãy trend tăng ngắn hạn rồi.",Negative,-0.515
2026-06-15,,investor_764,24hMoney,"Mức P/E của  hiện tại ở mức 18.5, tương đương mức định giá trung bình ngành.",Neutral,0.047
2026-06-15,,investor_462,F319,"Hôm nay  đi ngang tích lũy quanh vùng hỗ trợ, thanh khoản trung bình.",Neutral,0.317
2026-06-15,,investor_403,Facebook Group,Chờ đợi báo cáo tài chính kiểm toán của  để đánh giá chính xác hơn.,Neutral,0.469
2026-06-15,,investor_983,24hMoney,"Chỉ báo MACD của  phân kỳ âm, cảnh báo rủi ro điều chỉnh ngắn hạn.",Negative,-0.693
2026-06-15,,investor_417,F319,"Thị trường chỉnh nhưng  vẫn giữ sắc xanh vững vàng, cổ phiếu kim cương!",Positive,0.673
2026-06-15,,investor_328,24hMoney,Tỷ lệ đòn bẩy margin của  tại các công ty chứng khoán vẫn ở mức an toàn.,Neutral,0.322
2026-06-15,,investor_976,F319,Tỷ lệ đòn bẩy margin của  tại các công ty chứng khoán vẫn ở mức an toàn.,Neutral,0.336
2026-06-16,,investor_964,24hMoney,"Mã  đang kiểm tra lại đường MA20, chưa có tín hiệu bứt phá rõ rệt.",Neutral,0.332
2026-06-16,,investor_992,24hMoney,Chờ đợi báo cáo tài chính kiểm toán của  để đánh giá chính xác hơn.,Neutral,-0.06
2026-06-16,,investor_570,FireAnt,Thảo luận về tiềm năng mảng bán lẻ viễn thông của  trong giai đoạn tới.,Neutral,0.071
2026-06-17,,investor_958,F319,"Thủng mốc hỗ trợ cứng rồi, anh em nên hạ tỷ trọng  bảo toàn vốn.",Negative,-0.854
2026-06-17,,investor_478,Facebook Group,Khối tự doanh và khối ngoại mua bán cân bằng đối với mã .,Neutral,0.314
2026-06-17,,investor_791,24hMoney,"Thanh khoản sụt giảm nghiêm trọng, lực cầu bắt đáy  còn khá yếu.",Negative,-0.787
2026-06-17,,investor_312,Facebook Group,"Áp lực chốt lời ngắn hạn đối với  đang tăng cao, cẩn trọng đu đỉnh.",Negative,-0.764
2026-06-17,,investor_777,Facebook Group,"Thị trường chung đang giằng co,  dao động trong biên độ hẹp 1-2%.",Neutral,0.083
2026-06-17,,investor_880,F319,"Ban lãnh đạo  công bố kế hoạch chia cổ tức tiền mặt 30%, quá uy tín.",Positive,0.855
2026-06-17,,investor_633,Facebook Group,"Thị trường chỉnh nhưng  vẫn giữ sắc xanh vững vàng, cổ phiếu kim cương!",Positive,0.609
2026-06-18,,investor_941,Facebook Group,Chờ đợi báo cáo tài chính kiểm toán của  để đánh giá chính xác hơn.,Neutral,0.172
2026-06-18,,investor_932,FireAnt,"Hôm nay là ngày giao dịch không hưởng quyền của , giá điều chỉnh kỹ thuật.",Neutral,0.414
2026-06-18,,investor_173,24hMoney,Kỳ vọng  sẽ dẫn dắt VN-Index chinh phục mốc 1300 điểm.,Positive,0.578
2026-06-18,,investor_787,Facebook Group,"Xu hướng tăng trung dài hạn của  không thể cản phá, canh rung lắc gia tăng tỷ trọng.",Positive,0.692
2026-06-19,,investor_732,Facebook Group,Tăng trưởng quý này có dấu hiệu chậm lại do chi phí vốn tăng cao.,Negative,-0.266
2026-06-19,,investor_387,F319,"Tây xả ròng rã cả tuần,  gãy trend tăng ngắn hạn rồi.",Negative,-0.643
2026-06-19,,investor_267,FireAnt,Thảo luận về tiềm năng mảng bán lẻ viễn thông của  trong giai đoạn tới.,Neutral,0.232
2026-06-19,,investor_188,F319,Kỳ vọng  sẽ dẫn dắt VN-Index chinh phục mốc 1300 điểm.,Positive,0.856
2026-06-19,,investor_240,F319,"Thanh khoản sụt giảm nghiêm trọng, lực cầu bắt đáy  còn khá yếu.",Negative,-0.356
2026-06-20,,investor_641,FireAnt,"Khối ngoại tiếp tục mua ròng mạnh , tự tin nắm giữ trung hạn.",Positive,0.509
2026-06-20,,investor_669,24hMoney,"Chỉ báo MACD của  phân kỳ âm, cảnh báo rủi ro điều chỉnh ngắn hạn.",Negative,-0.616
2026-06-20,,investor_964,Facebook Group,"Mã  kết quả kinh doanh quý này quá xuất sắc, doanh thu tăng trưởng 25%!",Positive,0.608
2026-06-20,,investor_285,F319,"Kỹ thuật tạo mô hình W đẹp tuyệt vời, RSI bứt phá ngưỡng 60, múc thôi.",Positive,0.562
2026-06-20,,investor_657,Facebook Group,"Thị trường chỉnh nhưng  vẫn giữ sắc xanh vững vàng, cổ phiếu kim cương!",Positive,0.576
2026-06-21,,investor_932,FireAnt,"Kỹ thuật tạo mô hình W đẹp tuyệt vời, RSI bứt phá ngưỡng 60, múc thôi.",Positive,0.61
2026-06-21,,investor_562,Facebook Group,Thảo luận về tiềm năng mảng bán lẻ viễn thông của  trong giai đoạn tới.,Neutral,0.254
2026-06-21,,investor_248,24hMoney,"Mã  kết quả kinh doanh quý này quá xuất sắc, doanh thu tăng trưởng 25%!",Positive,0.725
2026-06-22,,investor_637,Facebook Group,"Thị trường chỉnh nhưng  vẫn giữ sắc xanh vững vàng, cổ phiếu kim cương!",Positive,0.903
2026-06-22,,investor_394,Facebook Group,"Lệnh to vào quét sạch lệnh bán của , chuẩn bị đón cây CE rực rỡ!",Positive,0.939
2026-06-22,,investor_475,FireAnt,Khối tự doanh và khối ngoại mua bán cân bằng đối với mã .,Neutral,0.36
2026-06-22,,investor_403,FireAnt,"Ban lãnh đạo  công bố kế hoạch chia cổ tức tiền mặt 30%, quá uy tín.",Positive,0.885
2026-06-22,,investor_328,24hMoney,"Thủng mốc hỗ trợ cứng rồi, anh em nên hạ tỷ trọng  bảo toàn vốn.",Negative,-0.119
2026-06-22,,investor_186,F319,Khối tự doanh và khối ngoại mua bán cân bằng đối với mã .,Neutral,0.043
2026-06-22,,investor_610,F319,"Lệnh to vào quét sạch lệnh bán của , chuẩn bị đón cây CE rực rỡ!",Positive,0.941
2026-06-23,,investor_373,Facebook Group,Kỳ vọng  sẽ dẫn dắt VN-Index chinh phục mốc 1300 điểm.,Positive,0.71
2026-06-23,,investor_618,F319,Thảo luận về tiềm năng mảng bán lẻ viễn thông của  trong giai đoạn tới.,Neutral,0.381
2026-06-23,,investor_189,FireAnt,"Kỹ thuật tạo mô hình W đẹp tuyệt vời, RSI bứt phá ngưỡng 60, múc thôi.",Positive,0.584
2026-06-23,,investor_943,24hMoney,Khối tự doanh và khối ngoại mua bán cân bằng đối với mã .,Neutral,0.425
2026-06-23,,investor_202,F319,"Kỹ thuật tạo mô hình W đẹp tuyệt vời, RSI bứt phá ngưỡng 60, múc thôi.",Positive,0.618
2026-06-23,,investor_728,FireAnt,Kỳ vọng  sẽ dẫn dắt VN-Index chinh phục mốc 1300 điểm.,Positive,0.623
2026-06-23,,investor_209,Facebook Group,"Thanh khoản sụt giảm nghiêm trọng, lực cầu bắt đáy  còn khá yếu.",Negative,-0.839
2026-06-23,,investor_488,FireAnt,Tăng trưởng quý này có dấu hiệu chậm lại do chi phí vốn tăng cao.,Negative,-0.24
2026-06-24,,investor_766,Facebook Group,"Hôm nay là ngày giao dịch không hưởng quyền của , giá điều chỉnh kỹ thuật.",Neutral,0.112
2026-06-24,,investor_699,24hMoney,"Hôm nay là ngày giao dịch không hưởng quyền của , giá điều chỉnh kỹ thuật.",Neutral,0.43
2026-06-24,,investor_664,FireAnt,"Áp lực chốt lời ngắn hạn đối với  đang tăng cao, cẩn trọng đu đỉnh.",Negative,-0.866
2026-06-24,,investor_743,Facebook Group,"Xu hướng tăng trung dài hạn của  không thể cản phá, canh rung lắc gia tăng tỷ trọng.",Positive,0.806
2026-06-24,,investor_936,24hMoney,Công nghệ AI và Cloud của  ký thêm nhiều hợp đồng triệu đô từ Nhật Bản.,Positive,0.887
2026-06-24,,investor_171,Facebook Group,"Thị trường chỉnh nhưng  vẫn giữ sắc xanh vững vàng, cổ phiếu kim cương!",Positive,0.624
2026-06-25,,investor_553,Facebook Group,"Mức P/E của  hiện tại ở mức 18.5, tương đương mức định giá trung bình ngành.",Neutral,0.137
2026-06-25,,investor_842,F319,"Kỹ thuật tạo mô hình W đẹp tuyệt vời, RSI bứt phá ngưỡng 60, múc thôi.",Positive,0.849
2026-06-25,,investor_624,FireAnt,Chờ đợi báo cáo tài chính kiểm toán của  để đánh giá chính xác hơn.,Neutral,0.394
2026-06-25,,investor_419,Facebook Group,"Thanh khoản sụt giảm nghiêm trọng, lực cầu bắt đáy  còn khá yếu.",Negative,-0.946
2026-06-25,,investor_951,Facebook Group,Khối tự doanh và khối ngoại mua bán cân bằng đối với mã .,Neutral,-0.058
2026-06-25,,investor_267,F319,"Mã  đang kiểm tra lại đường MA20, chưa có tín hiệu bứt phá rõ rệt.",Neutral,0.325
2026-06-26,,investor_706,Facebook Group,"Ban lãnh đạo  công bố kế hoạch chia cổ tức tiền mặt 30%, quá uy tín.",Positive,0.891
2026-06-26,,investor_885,24hMoney,"Lệnh to vào quét sạch lệnh bán của , chuẩn bị đón cây CE rực rỡ!",Positive,0.917
2026-06-26,,investor_206,F319,"Thị trường chỉnh nhưng  vẫn giữ sắc xanh vững vàng, cổ phiếu kim cương!",Positive,0.781
2026-06-27,,investor_949,24hMoney,"Tây xả ròng rã cả tuần,  gãy trend tăng ngắn hạn rồi.",Negative,-0.674
2026-06-27,,investor_233,Facebook Group,"Thủng mốc hỗ trợ cứng rồi, anh em nên hạ tỷ trọng  bảo toàn vốn.",Negative,-0.132
2026-06-27,,investor_806,FireAnt,Khối tự doanh và khối ngoại mua bán cân bằng đối với mã .,Neutral,-0.085
2026-06-27,,investor_626,F319,"Hôm nay  đi ngang tích lũy quanh vùng hỗ trợ, thanh khoản trung bình.",Neutral,0.1
2026-06-28,,investor_641,24hMoney,"Dòng tiền lớn đã nhập cuộc , mục tiêu vượt đỉnh cũ sớm thôi anh em.",Positive,0.632
2026-06-28,,investor_138,24hMoney,"Ban lãnh đạo  công bố kế hoạch chia cổ tức tiền mặt 30%, quá uy tín.",Positive,0.589
2026-06-28,,investor_436,24hMoney,"Thị trường chung đang giằng co,  dao động trong biên độ hẹp 1-2%.",Neutral,-0.086
2026-06-28,,investor_885,Facebook Group,Thảo luận về tiềm năng mảng bán lẻ viễn thông của  trong giai đoạn tới.,Neutral,0.037
2026-06-28,,investor_913,Facebook Group,Tỷ lệ đòn bẩy margin của  tại các công ty chứng khoán vẫn ở mức an toàn.,Neutral,0.347
2026-06-29,,investor_510,FireAnt,Khối ngoại quay đầu bán ròng  hơn 100 tỷ trong phiên sáng.,Negative,-0.583
2026-06-29,,investor_549,Facebook Group,"Mã  đang kiểm tra lại đường MA20, chưa có tín hiệu bứt phá rõ rệt.",Neutral,0.025
2026-06-29,,investor_782,24hMoney,Chờ đợi báo cáo tài chính kiểm toán của  để đánh giá chính xác hơn.,Neutral,0.449
2026-06-29,,investor_949,F319,"Thị trường chỉnh nhưng  vẫn giữ sắc xanh vững vàng, cổ phiếu kim cương!",Positive,0.753
2026-06-29,,investor_876,Facebook Group,"Dòng tiền lớn đã nhập cuộc , mục tiêu vượt đỉnh cũ sớm thôi anh em.",Positive,0.567
2026-06-29,,investor_853,24hMoney,Tăng trưởng quý này có dấu hiệu chậm lại do chi phí vốn tăng cao.,Negative,-0.342
2026-06-29,,investor_308,Facebook Group,"Lệnh to vào quét sạch lệnh bán của , chuẩn bị đón cây CE rực rỡ!",Positive,0.844
2026-06-29,,investor_357,Facebook Group,Thảo luận về tiềm năng mảng bán lẻ viễn thông của  trong giai đoạn tới.,Neutral,0.105
2026-06-30,,investor_557,F319,"Ban lãnh đạo  công bố kế hoạch chia cổ tức tiền mặt 30%, quá uy tín.",Positive,0.531
2026-06-30,,investor_918,F319,Khối tự doanh và khối ngoại mua bán cân bằng đối với mã .,Neutral,0.061
2026-06-30,,investor_296,F319,"Ban lãnh đạo  công bố kế hoạch chia cổ tức tiền mặt 30%, quá uy tín.",Positive,0.833
2026-06-30,,investor_322,24hMoney,"Lệnh to vào quét sạch lệnh bán của , chuẩn bị đón cây CE rực rỡ!",Positive,0.905
2026-06-30,,investor_753,24hMoney,"Mã  kết quả kinh doanh quý này quá xuất sắc, doanh thu tăng trưởng 25%!",Positive,0.618
2026-06-30,,investor_391,FireAnt,"Khối ngoại tiếp tục mua ròng mạnh , tự tin nắm giữ trung hạn.",Positive,0.809
2026-06-30,,investor_823,FireAnt,"Mã  kết quả kinh doanh quý này quá xuất sắc, doanh thu tăng trưởng 25%!",Positive,0.692
2026-07-01,,investor_789,F319,"Xu hướng tăng trung dài hạn của  không thể cản phá, canh rung lắc gia tăng tỷ trọng.",Positive,0.869
2026-07-01,,investor_913,Facebook Group,"Lệnh to vào quét sạch lệnh bán của , chuẩn bị đón cây CE rực rỡ!",Positive,0.839
2026-07-01,,investor_289,F319,"Chỉ báo MACD của  phân kỳ âm, cảnh báo rủi ro điều chỉnh ngắn hạn.",Negative,-0.698
2026-07-01,,investor_929,Facebook Group,"Thủng mốc hỗ trợ cứng rồi, anh em nên hạ tỷ trọng  bảo toàn vốn.",Negative,-0.675
2026-07-01,,investor_801,FireAnt,"Thanh khoản sụt giảm nghiêm trọng, lực cầu bắt đáy  còn khá yếu.",Negative,-0.387
2026-07-01,,investor_363,F319,Chờ đợi báo cáo tài chính kiểm toán của  để đánh giá chính xác hơn.,Neutral,0.087
2026-07-02,,investor_400,F319,"Thị trường xấu quá,  bị bán lan theo hiệu ứng tâm lý chung.",Negative,-0.757
2026-07-02,,investor_669,F319,Chờ đợi báo cáo tài chính kiểm toán của  để đánh giá chính xác hơn.,Neutral,-0.04
2026-07-02,,investor_861,24hMoney,"Xu hướng tăng trung dài hạn của  không thể cản phá, canh rung lắc gia tăng tỷ trọng.",Positive,0.704
2026-07-02,,investor_724,24hMoney,Công nghệ AI và Cloud của  ký thêm nhiều hợp đồng triệu đô từ Nhật Bản.,Positive,0.558
2026-07-02,,investor_857,Facebook Group,"Thị trường chỉnh nhưng  vẫn giữ sắc xanh vững vàng, cổ phiếu kim cương!",Positive,0.562
2026-07-03,,investor_441,FireAnt,"Khối ngoại tiếp tục mua ròng mạnh , tự tin nắm giữ trung hạn.",Positive,0.734
2026-07-03,,investor_230,FireAnt,"Mức P/E của  hiện tại ở mức 18.5, tương đương mức định giá trung bình ngành.",Neutral,0.138
2026-07-03,,investor_232,24hMoney,Công nghệ AI và Cloud của  ký thêm nhiều hợp đồng triệu đô từ Nhật Bản.,Positive,0.655
2026-07-04,,investor_667,Facebook Group,"Thị trường chỉnh nhưng  vẫn giữ sắc xanh vững vàng, cổ phiếu kim cương!",Positive,0.547
2026-07-04,,investor_158,F319,"Lệnh to vào quét sạch lệnh bán của , chuẩn bị đón cây CE rực rỡ!",Positive,0.945
2026-07-04,,investor_666,F319,"Thị trường chỉnh nhưng  vẫn giữ sắc xanh vững vàng, cổ phiếu kim cương!",Positive,0.676
2026-07-05,,investor_925,F319,"Chỉ báo MACD của  phân kỳ âm, cảnh báo rủi ro điều chỉnh ngắn hạn.",Negative,-0.514
2026-07-05,,investor_644,Facebook Group,"Thị trường chỉnh nhưng  vẫn giữ sắc xanh vững vàng, cổ phiếu kim cương!",Positive,0.821
2026-07-05,,investor_284,FireAnt,"Mức P/E của  hiện tại ở mức 18.5, tương đương mức định giá trung bình ngành.",Neutral,0.156
2026-07-05,,investor_939,24hMoney,"Kỹ thuật tạo mô hình W đẹp tuyệt vời, RSI bứt phá ngưỡng 60, múc thôi.",Positive,0.524
2026-07-05,,investor_317,Facebook Group,"Chỉ báo MACD của  phân kỳ âm, cảnh báo rủi ro điều chỉnh ngắn hạn.",Negative,-0.547
2026-07-05,,investor_767,F319,"Ban lãnh đạo  công bố kế hoạch chia cổ tức tiền mặt 30%, quá uy tín.",Positive,0.857
2026-07-06,,investor_674,24hMoney,"Khối ngoại tiếp tục mua ròng mạnh , tự tin nắm giữ trung hạn.",Positive,0.904
2026-07-06,,investor_614,Facebook Group,"Mức P/E của  hiện tại ở mức 18.5, tương đương mức định giá trung bình ngành.",Neutral,0.324
2026-07-06,,investor_661,FireAnt,"Chỉ báo MACD của  phân kỳ âm, cảnh báo rủi ro điều chỉnh ngắn hạn.",Negative,-0.417
2026-07-07,,investor_437,F319,"Xu hướng tăng trung dài hạn của  không thể cản phá, canh rung lắc gia tăng tỷ trọng.",Positive,0.648
2026-07-07,,investor_415,F319,Kỳ vọng  sẽ dẫn dắt VN-Index chinh phục mốc 1300 điểm.,Positive,0.853
2026-07-07,,investor_572,Facebook Group,"Xu hướng tăng trung dài hạn của  không thể cản phá, canh rung lắc gia tăng tỷ trọng.",Positive,0.883
2026-07-07,,investor_945,FireAnt,"Kỹ thuật tạo mô hình W đẹp tuyệt vời, RSI bứt phá ngưỡng 60, múc thôi.",Positive,0.595
2026-07-08,,investor_173,Facebook Group,"Thị trường chung đang giằng co,  dao động trong biên độ hẹp 1-2%.",Neutral,0.35
2026-07-08,,investor_972,24hMoney,"Xu hướng tăng trung dài hạn của  không thể cản phá, canh rung lắc gia tăng tỷ trọng.",Positive,0.885
2026-07-08,,investor_610,Facebook Group,"Áp lực chốt lời ngắn hạn đối với  đang tăng cao, cẩn trọng đu đỉnh.",Negative,-0.521
2026-07-08,,investor_294,F319,"Xu hướng tăng trung dài hạn của  không thể cản phá, canh rung lắc gia tăng tỷ trọng.",Positive,0.937
2026-07-08,,investor_377,FireAnt,"Mã  kết quả kinh doanh quý này quá xuất sắc, doanh thu tăng trưởng 25%!",Positive,0.669
2026-07-08,,investor_527,F319,"Mức P/E của  hiện tại ở mức 18.5, tương đương mức định giá trung bình ngành.",Neutral,0.464
2026-07-08,,investor_326,Facebook Group,Khối ngoại quay đầu bán ròng  hơn 100 tỷ trong phiên sáng.,Negative,-0.605
2026-07-08,,investor_420,FireAnt,"Hôm nay  đi ngang tích lũy quanh vùng hỗ trợ, thanh khoản trung bình.",Neutral,0.163
2026-07-09,,investor_697,FireAnt,Khối tự doanh và khối ngoại mua bán cân bằng đối với mã .,Neutral,0.283
2026-07-09,,investor_206,FireAnt,"Kỹ thuật tạo mô hình W đẹp tuyệt vời, RSI bứt phá ngưỡng 60, múc thôi.",Positive,0.919
2026-07-09,,investor_686,24hMoney,Kỳ vọng  sẽ dẫn dắt VN-Index chinh phục mốc 1300 điểm.,Positive,0.833
2026-07-09,,investor_647,24hMoney,"Dòng tiền lớn đã nhập cuộc , mục tiêu vượt đỉnh cũ sớm thôi anh em.",Positive,0.72
2026-07-10,,investor_301,FireAnt,"Thanh khoản sụt giảm nghiêm trọng, lực cầu bắt đáy  còn khá yếu.",Negative,-0.77
2026-07-10,,investor_340,Facebook Group,"Dòng tiền lớn đã nhập cuộc , mục tiêu vượt đỉnh cũ sớm thôi anh em.",Positive,0.537
2026-07-10,,investor_589,Facebook Group,"Lệnh to vào quét sạch lệnh bán của , chuẩn bị đón cây CE rực rỡ!",Positive,0.781
2026-07-10,,investor_885,Facebook Group,"Thủng mốc hỗ trợ cứng rồi, anh em nên hạ tỷ trọng  bảo toàn vốn.",Negative,-0.36
2026-07-10,,investor_446,24hMoney,Kỳ vọng  sẽ dẫn dắt VN-Index chinh phục mốc 1300 điểm.,Positive,0.672
2026-07-10,,investor_994,24hMoney,Công nghệ AI và Cloud của  ký thêm nhiều hợp đồng triệu đô từ Nhật Bản.,Positive,0.63
2026-07-10,,investor_963,24hMoney,"Xu hướng tăng trung dài hạn của  không thể cản phá, canh rung lắc gia tăng tỷ trọng.",Positive,0.727
2026-07-10,,investor_205,Facebook Group,Khối tự doanh và khối ngoại mua bán cân bằng đối với mã .,Neutral,-0.09
2026-07-11,,investor_178,F319,"Thanh khoản sụt giảm nghiêm trọng, lực cầu bắt đáy  còn khá yếu.",Negative,-0.635
2026-07-11,,investor_562,FireAnt,"Ban lãnh đạo  công bố kế hoạch chia cổ tức tiền mặt 30%, quá uy tín.",Positive,0.585
2026-07-11,,investor_377,24hMoney,"Khối ngoại tiếp tục mua ròng mạnh , tự tin nắm giữ trung hạn.",Positive,0.936
2026-07-11,,investor_739,Facebook Group,"Mã  đang kiểm tra lại đường MA20, chưa có tín hiệu bứt phá rõ rệt.",Neutral,-0.06
2026-07-11,,investor_196,24hMoney,"Tây xả ròng rã cả tuần,  gãy trend tăng ngắn hạn rồi.",Negative,-0.787
2026-07-11,,investor_490,Facebook Group,"Mã  kết quả kinh doanh quý này quá xuất sắc, doanh thu tăng trưởng 25%!",Positive,0.541
2026-07-11,,investor_325,Facebook Group,"Thị trường chỉnh nhưng  vẫn giữ sắc xanh vững vàng, cổ phiếu kim cương!",Positive,0.585
2026-07-11,,investor_936,Facebook Group,Kỳ vọng  sẽ dẫn dắt VN-Index chinh phục mốc 1300 điểm.,Positive,0.938
2026-07-12,,investor_603,F319,Khối ngoại quay đầu bán ròng  hơn 100 tỷ trong phiên sáng.,Negative,-0.224
2026-07-12,,investor_623,F319,"Xu hướng tăng trung dài hạn của  không thể cản phá, canh rung lắc gia tăng tỷ trọng.",Positive,0.855
2026-07-12,,investor_281,F319,"Thủng mốc hỗ trợ cứng rồi, anh em nên hạ tỷ trọng  bảo toàn vốn.",Negative,-0.187
2026-07-12,,investor_101,Facebook Group,"Kỹ thuật tạo mô hình W đẹp tuyệt vời, RSI bứt phá ngưỡng 60, múc thôi.",Positive,0.742
2026-07-12,,investor_829,FireAnt,Kỳ vọng  sẽ dẫn dắt VN-Index chinh phục mốc 1300 điểm.,Positive,0.856
2026-07-13,,investor_811,24hMoney,"Xu hướng tăng trung dài hạn của  không thể cản phá, canh rung lắc gia tăng tỷ trọng.",Positive,0.785
2026-07-13,,investor_844,F319,"Xu hướng tăng trung dài hạn của  không thể cản phá, canh rung lắc gia tăng tỷ trọng.",Positive,0.874
2026-07-13,,investor_992,Facebook Group,"Hôm nay là ngày giao dịch không hưởng quyền của , giá điều chỉnh kỹ thuật.",Neutral,0.463
2026-07-13,,investor_573,FireAnt,"Xu hướng tăng trung dài hạn của  không thể cản phá, canh rung lắc gia tăng tỷ trọng.",Positive,0.628
2026-07-13,,investor_947,Facebook Group,"Chỉ báo MACD của  phân kỳ âm, cảnh báo rủi ro điều chỉnh ngắn hạn.",Negative,-0.368
2026-07-14,,investor_827,24hMoney,Khối tự doanh và khối ngoại mua bán cân bằng đối với mã .,Neutral,0.195
2026-07-14,,investor_759,24hMoney,"Kỹ thuật tạo mô hình W đẹp tuyệt vời, RSI bứt phá ngưỡng 60, múc thôi.",Positive,0.84
2026-07-14,,investor_173,24hMoney,"Mã  kết quả kinh doanh quý này quá xuất sắc, doanh thu tăng trưởng 25%!",Positive,0.807
2026-07-14,,investor_692,F319,Kỳ vọng  sẽ dẫn dắt VN-Index chinh phục mốc 1300 điểm.,Positive,0.672
2026-07-15,,investor_218,F319,"Dòng tiền lớn đã nhập cuộc , mục tiêu vượt đỉnh cũ sớm thôi anh em.",Positive,0.835
2026-07-15,,investor_854,FireAnt,"Dòng tiền lớn đã nhập cuộc , mục tiêu vượt đỉnh cũ sớm thôi anh em.",Positive,0.743
2026-07-15,,investor_279,24hMoney,"Ban lãnh đạo  công bố kế hoạch chia cổ tức tiền mặt 30%, quá uy tín.",Positive,0.937
2026-07-15,,investor_918,24hMoney,Chờ đợi báo cáo tài chính kiểm toán của  để đánh giá chính xác hơn.,Neutral,0.059
2026-07-15,,investor_757,F319,"Mã  kết quả kinh doanh quý này quá xuất sắc, doanh thu tăng trưởng 25%!",Positive,0.758
2026-07-15,,investor_123,F319,"Hôm nay là ngày giao dịch không hưởng quyền của , giá điều chỉnh kỹ thuật.",Neutral,0.314
2026-07-15,,investor_776,24hMoney,"Lệnh to vào quét sạch lệnh bán của , chuẩn bị đón cây CE rực rỡ!",Positive,0.757
2026-07-15,,investor_187,Facebook Group,Thảo luận về tiềm năng mảng bán lẻ viễn thông của  trong giai đoạn tới.,Neutral,0.058
2026-07-16,,investor_530,24hMoney,"Xu hướng tăng trung dài hạn của  không thể cản phá, canh rung lắc gia tăng tỷ trọng.",Positive,0.691
2026-07-16,,investor_843,FireAnt,"Thanh khoản sụt giảm nghiêm trọng, lực cầu bắt đáy  còn khá yếu.",Negative,-0.544
2026-07-16,,investor_487,Facebook Group,"Lệnh to vào quét sạch lệnh bán của , chuẩn bị đón cây CE rực rỡ!",Positive,0.619
2026-07-16,,investor_319,F319,"Xu hướng tăng trung dài hạn của  không thể cản phá, canh rung lắc gia tăng tỷ trọng.",Positive,0.777
2026-07-17,,investor_549,24hMoney,"Kỹ thuật tạo mô hình W đẹp tuyệt vời, RSI bứt phá ngưỡng 60, múc thôi.",Positive,0.689
2026-07-17,,investor_707,Facebook Group,Chờ đợi báo cáo tài chính kiểm toán của  để đánh giá chính xác hơn.,Neutral,-0.091
2026-07-17,,investor_337,Facebook Group,"Khối ngoại tiếp tục mua ròng mạnh , tự tin nắm giữ trung hạn.",Positive,0.602
2026-07-17,,investor_539,Facebook Group,"Thủng mốc hỗ trợ cứng rồi, anh em nên hạ tỷ trọng  bảo toàn vốn.",Negative,-0.172
2026-07-17,,investor_381,FireAnt,Khối tự doanh và khối ngoại mua bán cân bằng đối với mã .,Neutral,0.075
2026-07-17,,investor_186,F319,"Kỹ thuật tạo mô hình W đẹp tuyệt vời, RSI bứt phá ngưỡng 60, múc thôi.",Positive,0.647
2026-07-18,,investor_652,Facebook Group,Chờ đợi báo cáo tài chính kiểm toán của  để đánh giá chính xác hơn.,Neutral,0.072
2026-07-18,,investor_803,24hMoney,Khối tự doanh và khối ngoại mua bán cân bằng đối với mã .,Neutral,0.137
2026-07-18,,investor_501,24hMoney,Công nghệ AI và Cloud của  ký thêm nhiều hợp đồng triệu đô từ Nhật Bản.,Positive,0.874
2026-07-18,,investor_475,FireAnt,"Dòng tiền lớn đã nhập cuộc , mục tiêu vượt đỉnh cũ sớm thôi anh em.",Positive,0.706
2026-07-18,,investor_864,F319,"Xu hướng tăng trung dài hạn của  không thể cản phá, canh rung lắc gia tăng tỷ trọng.",Positive,0.529
2026-07-18,,investor_837,FireAnt,"Khối ngoại tiếp tục mua ròng mạnh , tự tin nắm giữ trung hạn.",Positive,0.732
2026-07-18,,investor_439,F319,Tỷ lệ đòn bẩy margin của  tại các công ty chứng khoán vẫn ở mức an toàn.,Neutral,0.441
2026-07-18,,investor_303,24hMoney,"Mức P/E của  hiện tại ở mức 18.5, tương đương mức định giá trung bình ngành.",Neutral,0.352
2026-07-19,,investor_449,Facebook Group,"Mức P/E của  hiện tại ở mức 18.5, tương đương mức định giá trung bình ngành.",Neutral,0.122
2026-07-19,,investor_525,24hMoney,"Dòng tiền lớn đã nhập cuộc , mục tiêu vượt đỉnh cũ sớm thôi anh em.",Positive,0.613
2026-07-19,,investor_802,Facebook Group,"Ban lãnh đạo  công bố kế hoạch chia cổ tức tiền mặt 30%, quá uy tín.",Positive,0.622
2026-07-19,,investor_149,F319,"Thanh khoản sụt giảm nghiêm trọng, lực cầu bắt đáy  còn khá yếu.",Negative,-0.292
2026-07-19,,investor_416,Facebook Group,Công nghệ AI và Cloud của  ký thêm nhiều hợp đồng triệu đô từ Nhật Bản.,Positive,0.772
2026-07-19,,investor_783,Facebook Group,"Kỹ thuật tạo mô hình W đẹp tuyệt vời, RSI bứt phá ngưỡng 60, múc thôi.",Positive,0.903
2026-07-19,,investor_154,F319,Tăng trưởng quý này có dấu hiệu chậm lại do chi phí vốn tăng cao.,Negative,-0.678
2026-07-20,,investor_307,FireAnt,"Thủng mốc hỗ trợ cứng rồi, anh em nên hạ tỷ trọng  bảo toàn vốn.",Negative,-0.67
2026-07-20,,investor_971,Facebook Group,"Ban lãnh đạo  công bố kế hoạch chia cổ tức tiền mặt 30%, quá uy tín.",Positive,0.761
2026-07-20,,investor_282,Facebook Group,"Chỉ báo MACD của  phân kỳ âm, cảnh báo rủi ro điều chỉnh ngắn hạn.",Negative,-0.908
2026-07-20,,investor_449,FireAnt,Công nghệ AI và Cloud của  ký thêm nhiều hợp đồng triệu đô từ Nhật Bản.,Positive,0.926
2026-07-20,,investor_752,24hMoney,"Xu hướng tăng trung dài hạn của  không thể cản phá, canh rung lắc gia tăng tỷ trọng.",Positive,0.773
2026-07-20,,investor_504,Facebook Group,"Xu hướng tăng trung dài hạn của  không thể cản phá, canh rung lắc gia tăng tỷ trọng.",Positive,0.83
2026-07-21,,investor_494,F319,Khối ngoại quay đầu bán ròng  hơn 100 tỷ trong phiên sáng.,Negative,-0.696
2026-07-21,,investor_901,FireAnt,"Mã  đang kiểm tra lại đường MA20, chưa có tín hiệu bứt phá rõ rệt.",Neutral,0.42
2026-07-21,,investor_767,FireAnt,"Dòng tiền lớn đã nhập cuộc , mục tiêu vượt đỉnh cũ sớm thôi anh em.",Positive,0.805
2026-07-21,,investor_468,Facebook Group,"Hôm nay là ngày giao dịch không hưởng quyền của , giá điều chỉnh kỹ thuật.",Neutral,0.328
2026-07-21,,investor_619,24hMoney,"Mã  kết quả kinh doanh quý này quá xuất sắc, doanh thu tăng trưởng 25%!",Positive,0.797
2026-07-21,,investor_430,F319,"Xu hướng tăng trung dài hạn của  không thể cản phá, canh rung lắc gia tăng tỷ trọng.",Positive,0.727
2026-07-21,,investor_664,Facebook Group,"Lệnh to vào quét sạch lệnh bán của , chuẩn bị đón cây CE rực rỡ!",Positive,0.757
2026-07-22,,investor_281,Facebook Group,"Kỹ thuật tạo mô hình W đẹp tuyệt vời, RSI bứt phá ngưỡng 60, múc thôi.",Positive,0.672
2026-07-22,,investor_486,24hMoney,Kỳ vọng  sẽ dẫn dắt VN-Index chinh phục mốc 1300 điểm.,Positive,0.786
2026-07-22,,investor_269,Facebook Group,"Mã  đang kiểm tra lại đường MA20, chưa có tín hiệu bứt phá rõ rệt.",Neutral,0.038
2026-07-22,,investor_181,F319,"Lệnh to vào quét sạch lệnh bán của , chuẩn bị đón cây CE rực rỡ!",Positive,0.692
2026-07-22,,investor_475,24hMoney,"Thị trường chỉnh nhưng  vẫn giữ sắc xanh vững vàng, cổ phiếu kim cương!",Positive,0.713
2026-07-22,,investor_585,24hMoney,"Mã  đang kiểm tra lại đường MA20, chưa có tín hiệu bứt phá rõ rệt.",Neutral,0.176
2026-07-22,,investor_918,F319,Kỳ vọng  sẽ dẫn dắt VN-Index chinh phục mốc 1300 điểm.,Positive,0.869
2026-07-23,,investor_126,Facebook Group,"Thị trường xấu quá,  bị bán lan theo hiệu ứng tâm lý chung.",Negative,-0.222
2026-07-23,,investor_444,24hMoney,Công nghệ AI và Cloud của  ký thêm nhiều hợp đồng triệu đô từ Nhật Bản.,Positive,0.545
2026-07-23,,investor_548,24hMoney,Tăng trưởng quý này có dấu hiệu chậm lại do chi phí vốn tăng cao.,Negative,-0.405
2026-07-24,,investor_364,24hMoney,Công nghệ AI và Cloud của  ký thêm nhiều hợp đồng triệu đô từ Nhật Bản.,Positive,0.784
2026-07-24,,investor_345,Facebook Group,"Thị trường chung đang giằng co,  dao động trong biên độ hẹp 1-2%.",Neutral,0.148
2026-07-24,,investor_904,FireAnt,"Xu hướng tăng trung dài hạn của  không thể cản phá, canh rung lắc gia tăng tỷ trọng.",Positive,0.912
2026-07-24,,investor_839,Facebook Group,"Kỹ thuật tạo mô hình W đẹp tuyệt vời, RSI bứt phá ngưỡng 60, múc thôi.",Positive,0.645
2026-07-24,,investor_832,24hMoney,Tỷ lệ đòn bẩy margin của  tại các công ty chứng khoán vẫn ở mức an toàn.,Neutral,0.027
2026-07-24,,investor_653,FireAnt,"Lệnh to vào quét sạch lệnh bán của , chuẩn bị đón cây CE rực rỡ!",Positive,0.836
2026-07-24,,investor_176,Facebook Group,"Mã  kết quả kinh doanh quý này quá xuất sắc, doanh thu tăng trưởng 25%!",Positive,0.571
2026-07-25,,investor_259,24hMoney,Kỳ vọng  sẽ dẫn dắt VN-Index chinh phục mốc 1300 điểm.,Positive,0.592
2026-07-25,,investor_407,Facebook Group,"Mã  kết quả kinh doanh quý này quá xuất sắc, doanh thu tăng trưởng 25%!",Positive,0.628
2026-07-25,,investor_834,FireAnt,"Áp lực chốt lời ngắn hạn đối với  đang tăng cao, cẩn trọng đu đỉnh.",Negative,-0.24
2026-07-25,,investor_266,24hMoney,"Dòng tiền lớn đã nhập cuộc , mục tiêu vượt đỉnh cũ sớm thôi anh em.",Positive,0.681
2026-07-25,,investor_567,FireAnt,Công nghệ AI và Cloud của  ký thêm nhiều hợp đồng triệu đô từ Nhật Bản.,Positive,0.741
2026-07-25,,investor_731,F319,Khối ngoại quay đầu bán ròng  hơn 100 tỷ trong phiên sáng.,Negative,-0.313
2026-07-25,,investor_540,F319,Công nghệ AI và Cloud của  ký thêm nhiều hợp đồng triệu đô từ Nhật Bản.,Positive,0.771
2026-07-26,,investor_859,FireAnt,Công nghệ AI và Cloud của  ký thêm nhiều hợp đồng triệu đô từ Nhật Bản.,Positive,0.839
2026-07-26,,investor_928,Facebook Group,Tăng trưởng quý này có dấu hiệu chậm lại do chi phí vốn tăng cao.,Negative,-0.81
2026-07-26,,investor_338,F319,Khối tự doanh và khối ngoại mua bán cân bằng đối với mã .,Neutral,0.134
2026-07-26,,investor_766,FireAnt,Tăng trưởng quý này có dấu hiệu chậm lại do chi phí vốn tăng cao.,Negative,-0.413
2026-07-26,,investor_831,FireAnt,Công nghệ AI và Cloud của  ký thêm nhiều hợp đồng triệu đô từ Nhật Bản.,Positive,0.822
2026-07-26,,investor_327,F319,Chờ đợi báo cáo tài chính kiểm toán của  để đánh giá chính xác hơn.,Neutral,0.38
2026-07-27,,investor_886,F319,"Dòng tiền lớn đã nhập cuộc , mục tiêu vượt đỉnh cũ sớm thôi anh em.",Positive,0.676
2026-07-27,,investor_173,FireAnt,"Mã  kết quả kinh doanh quý này quá xuất sắc, doanh thu tăng trưởng 25%!",Positive,0.838
2026-07-27,,investor_614,24hMoney,"Khối ngoại tiếp tục mua ròng mạnh , tự tin nắm giữ trung hạn.",Positive,0.895
2026-07-27,,investor_402,FireAnt,Công nghệ AI và Cloud của  ký thêm nhiều hợp đồng triệu đô từ Nhật Bản.,Positive,0.774
2026-07-27,,investor_180,Facebook Group,Khối tự doanh và khối ngoại mua bán cân bằng đối với mã .,Neutral,0.158
2026-07-27,,investor_303,F319,"Lệnh to vào quét sạch lệnh bán của , chuẩn bị đón cây CE rực rỡ!",Positive,0.835
2026-07-27,,investor_540,Facebook Group,Tỷ lệ đòn bẩy margin của  tại các công ty chứng khoán vẫn ở mức an toàn.,Neutral,0.002
2026-07-27,,investor_756,24hMoney,Khối ngoại quay đầu bán ròng  hơn 100 tỷ trong phiên sáng.,Negative,-0.268
2026-07-28,,investor_570,24hMoney,"Dòng tiền lớn đã nhập cuộc , mục tiêu vượt đỉnh cũ sớm thôi anh em.",Positive,0.598
2026-07-28,,investor_671,Facebook Group,Chờ đợi báo cáo tài chính kiểm toán của  để đánh giá chính xác hơn.,Neutral,0.469
2026-07-28,,investor_808,Facebook Group,"Dòng tiền lớn đã nhập cuộc , mục tiêu vượt đỉnh cũ sớm thôi anh em.",Positive,0.765
2026-07-28,,investor_669,F319,"Mã  kết quả kinh doanh quý này quá xuất sắc, doanh thu tăng trưởng 25%!",Positive,0.513
2026-07-29,,investor_785,Facebook Group,Thảo luận về tiềm năng mảng bán lẻ viễn thông của  trong giai đoạn tới.,Neutral,0.205
2026-07-29,,investor_722,F319,"Xu hướng tăng trung dài hạn của  không thể cản phá, canh rung lắc gia tăng tỷ trọng.",Positive,0.667
2026-07-29,,investor_327,F319,"Ban lãnh đạo  công bố kế hoạch chia cổ tức tiền mặt 30%, quá uy tín.",Positive,0.524
2026-07-30,,investor_837,24hMoney,Kỳ vọng  sẽ dẫn dắt VN-Index chinh phục mốc 1300 điểm.,Positive,0.894
2026-07-30,,investor_832,F319,"Ban lãnh đạo  công bố kế hoạch chia cổ tức tiền mặt 30%, quá uy tín.",Positive,0.829
2026-07-30,,investor_950,24hMoney,Thảo luận về tiềm năng mảng bán lẻ viễn thông của  trong giai đoạn tới.,Neutral,0.349
2026-07-30,,investor_170,F319,"Khối ngoại tiếp tục mua ròng mạnh , tự tin nắm giữ trung hạn.",Positive,0.639
2026-07-30,,investor_409,Facebook Group,Khối tự doanh và khối ngoại mua bán cân bằng đối với mã .,Neutral,0.005
2026-07-30,,investor_936,FireAnt,"Lệnh to vào quét sạch lệnh bán của , chuẩn bị đón cây CE rực rỡ!",Positive,0.589
2026-07-30,,investor_402,F319,Khối tự doanh và khối ngoại mua bán cân bằng đối với mã .,Neutral,0.184
2026-07-31,,investor_498,F319,"Mã  kết quả kinh doanh quý này quá xuất sắc, doanh thu tăng trưởng 25%!",Positive,0.508
2026-07-31,,investor_917,24hMoney,"Dòng tiền lớn đã nhập cuộc , mục tiêu vượt đỉnh cũ sớm thôi anh em.",Positive,0.943
2026-07-31,,investor_728,FireAnt,Khối tự doanh và khối ngoại mua bán cân bằng đối với mã .,Neutral,0.476
2026-07-31,,investor_985,F319,"Thủng mốc hỗ trợ cứng rồi, anh em nên hạ tỷ trọng  bảo toàn vốn.",Negative,-0.603
2026-07-31,,investor_998,FireAnt,"Kỹ thuật tạo mô hình W đẹp tuyệt vời, RSI bứt phá ngưỡng 60, múc thôi.",Positive,0.672
2026-07-31,,investor_285,24hMoney,"Hôm nay là ngày giao dịch không hưởng quyền của , giá điều chỉnh kỹ thuật.",Neutral,-0.066
2026-08-01,,investor_222,FireAnt,Tăng trưởng quý này có dấu hiệu chậm lại do chi phí vốn tăng cao.,Negative,-0.751
2026-08-01,,investor_954,Facebook Group,"Khối ngoại tiếp tục mua ròng mạnh , tự tin nắm giữ trung hạn.",Positive,0.838
2026-08-01,,investor_391,Facebook Group,"Dòng tiền lớn đã nhập cuộc , mục tiêu vượt đỉnh cũ sớm thôi anh em.",Positive,0.728
2026-08-01,,investor_105,Facebook Group,"Hôm nay  đi ngang tích lũy quanh vùng hỗ trợ, thanh khoản trung bình.",Neutral,0.467
2026-08-01,,investor_209,24hMoney,"Mã  kết quả kinh doanh quý này quá xuất sắc, doanh thu tăng trưởng 25%!",Positive,0.776
2026-08-01,,investor_797,FireAnt,Tăng trưởng quý này có dấu hiệu chậm lại do chi phí vốn tăng cao.,Negative,-0.111
2026-08-01,,investor_250,24hMoney,"Lệnh to vào quét sạch lệnh bán của , chuẩn bị đón cây CE rực rỡ!",Positive,0.669
2026-08-01,,investor_166,24hMoney,"Kỹ thuật tạo mô hình W đẹp tuyệt vời, RSI bứt phá ngưỡng 60, múc thôi.",Positive,0.668
2026-08-02,,investor_882,Facebook Group,"Hôm nay  đi ngang tích lũy quanh vùng hỗ trợ, thanh khoản trung bình.",Neutral,0.466
2026-08-02,,investor_212,F319,Kỳ vọng  sẽ dẫn dắt VN-Index chinh phục mốc 1300 điểm.,Positive,0.567
2026-08-02,,investor_879,24hMoney,Khối ngoại quay đầu bán ròng  hơn 100 tỷ trong phiên sáng.,Negative,-0.207
2026-08-02,,investor_191,F319,"Thị trường chỉnh nhưng  vẫn giữ sắc xanh vững vàng, cổ phiếu kim cương!",Positive,0.861
2026-08-02,,investor_882,Facebook Group,Khối tự doanh và khối ngoại mua bán cân bằng đối với mã .,Neutral,0.097
2026-08-03,,investor_672,24hMoney,"Khối ngoại tiếp tục mua ròng mạnh , tự tin nắm giữ trung hạn.",Positive,0.794
2026-08-03,,investor_651,24hMoney,"Thủng mốc hỗ trợ cứng rồi, anh em nên hạ tỷ trọng  bảo toàn vốn.",Negative,-0.294
2026-08-03,,investor_998,Facebook Group,"Hôm nay là ngày giao dịch không hưởng quyền của , giá điều chỉnh kỹ thuật.",Neutral,0.101
2026-08-03,,investor_196,F319,Tỷ lệ đòn bẩy margin của  tại các công ty chứng khoán vẫn ở mức an toàn.,Neutral,0.321
2026-08-03,,investor_548,24hMoney,"Ban lãnh đạo  công bố kế hoạch chia cổ tức tiền mặt 30%, quá uy tín.",Positive,0.931
2026-08-04,,investor_427,FireAnt,"Thị trường chung đang giằng co,  dao động trong biên độ hẹp 1-2%.",Neutral,0.079
2026-08-04,,investor_485,F319,"Áp lực chốt lời ngắn hạn đối với  đang tăng cao, cẩn trọng đu đỉnh.",Negative,-0.282
2026-08-04,,investor_187,FireAnt,"Khối ngoại tiếp tục mua ròng mạnh , tự tin nắm giữ trung hạn.",Positive,0.653
2026-08-04,,investor_410,24hMoney,Chờ đợi báo cáo tài chính kiểm toán của  để đánh giá chính xác hơn.,Neutral,0.289
2026-08-04,,investor_343,FireAnt,Khối ngoại quay đầu bán ròng  hơn 100 tỷ trong phiên sáng.,Negative,-0.635
2026-08-04,,investor_493,F319,"Thị trường xấu quá,  bị bán lan theo hiệu ứng tâm lý chung.",Negative,-0.618
2026-08-05,,investor_219,F319,"Lệnh to vào quét sạch lệnh bán của , chuẩn bị đón cây CE rực rỡ!",Positive,0.887
2026-08-05,,investor_333,F319,"Thanh khoản sụt giảm nghiêm trọng, lực cầu bắt đáy  còn khá yếu.",Negative,-0.449
2026-08-05,,investor_956,24hMoney,"Thị trường chung đang giằng co,  dao động trong biên độ hẹp 1-2%.",Neutral,0.295
2026-08-05,,investor_300,FireAnt,Khối ngoại quay đầu bán ròng  hơn 100 tỷ trong phiên sáng.,Negative,-0.113
2026-08-05,,investor_718,FireAnt,"Dòng tiền lớn đã nhập cuộc , mục tiêu vượt đỉnh cũ sớm thôi anh em.",Positive,0.877
2026-08-05,,investor_601,F319,"Chỉ báo MACD của  phân kỳ âm, cảnh báo rủi ro điều chỉnh ngắn hạn.",Negative,-0.378
2026-08-05,,investor_143,24hMoney,"Thị trường chỉnh nhưng  vẫn giữ sắc xanh vững vàng, cổ phiếu kim cương!",Positive,0.923
2026-08-06,,investor_123,F319,"Kỹ thuật tạo mô hình W đẹp tuyệt vời, RSI bứt phá ngưỡng 60, múc thôi.",Positive,0.734
2026-08-06,,investor_931,24hMoney,"Khối ngoại tiếp tục mua ròng mạnh , tự tin nắm giữ trung hạn.",Positive,0.868
2026-08-06,,investor_527,FireAnt,Khối tự doanh và khối ngoại mua bán cân bằng đối với mã .,Neutral,0.229
2026-08-06,,investor_658,24hMoney,Tỷ lệ đòn bẩy margin của  tại các công ty chứng khoán vẫn ở mức an toàn.,Neutral,0.432
2026-08-06,,investor_150,F319,"Xu hướng tăng trung dài hạn của  không thể cản phá, canh rung lắc gia tăng tỷ trọng.",Positive,0.84
2026-08-06,,investor_734,F319,Thảo luận về tiềm năng mảng bán lẻ viễn thông của  trong giai đoạn tới.,Neutral,0.239
2026-08-06,,investor_207,24hMoney,"Ban lãnh đạo  công bố kế hoạch chia cổ tức tiền mặt 30%, quá uy tín.",Positive,0.882
2026-08-06,,investor_788,FireAnt,Kỳ vọng  sẽ dẫn dắt VN-Index chinh phục mốc 1300 điểm.,Positive,0.554
2026-08-07,,investor_715,24hMoney,"Hôm nay là ngày giao dịch không hưởng quyền của , giá điều chỉnh kỹ thuật.",Neutral,0.167
2026-08-07,,investor_101,Facebook Group,Tăng trưởng quý này có dấu hiệu chậm lại do chi phí vốn tăng cao.,Negative,-0.782
2026-08-07,,investor_722,F319,"Mức P/E của  hiện tại ở mức 18.5, tương đương mức định giá trung bình ngành.",Neutral,0.235
2026-08-07,,investor_272,24hMoney,"Hôm nay là ngày giao dịch không hưởng quyền của , giá điều chỉnh kỹ thuật.",Neutral,0.446
2026-08-07,,investor_359,Facebook Group,Tỷ lệ đòn bẩy margin của  tại các công ty chứng khoán vẫn ở mức an toàn.,Neutral,-0.063
2026-08-07,,investor_119,Facebook Group,"Dòng tiền lớn đã nhập cuộc , mục tiêu vượt đỉnh cũ sớm thôi anh em.",Positive,0.915
2026-08-08,,investor_506,24hMoney,Công nghệ AI và Cloud của  ký thêm nhiều hợp đồng triệu đô từ Nhật Bản.,Positive,0.883
2026-08-08,,investor_774,FireAnt,"Thị trường xấu quá,  bị bán lan theo hiệu ứng tâm lý chung.",Negative,-0.851
2026-08-08,,investor_132,24hMoney,"Mã  đang kiểm tra lại đường MA20, chưa có tín hiệu bứt phá rõ rệt.",Neutral,0.391
2026-08-08,,investor_359,24hMoney,Khối ngoại quay đầu bán ròng  hơn 100 tỷ trong phiên sáng.,Negative,-0.82
2026-08-08,,investor_819,FireAnt,"Thị trường chỉnh nhưng  vẫn giữ sắc xanh vững vàng, cổ phiếu kim cương!",Positive,0.519
2026-08-08,,investor_349,FireAnt,Thảo luận về tiềm năng mảng bán lẻ viễn thông của  trong giai đoạn tới.,Neutral,0.379
2026-08-08,,investor_845,24hMoney,Tỷ lệ đòn bẩy margin của  tại các công ty chứng khoán vẫn ở mức an toàn.,Neutral,0.479
2026-08-08,,investor_678,24hMoney,"Ban lãnh đạo  công bố kế hoạch chia cổ tức tiền mặt 30%, quá uy tín.",Positive,0.754
2026-08-09,,investor_374,Facebook Group,"Xu hướng tăng trung dài hạn của  không thể cản phá, canh rung lắc gia tăng tỷ trọng.",Positive,0.932
2026-08-09,,investor_130,FireAnt,"Hôm nay là ngày giao dịch không hưởng quyền của , giá điều chỉnh kỹ thuật.",Neutral,0.144
2026-08-09,,investor_821,Facebook Group,"Thị trường chung đang giằng co,  dao động trong biên độ hẹp 1-2%.",Neutral,0.23
2026-08-09,,investor_954,F319,"Lệnh to vào quét sạch lệnh bán của , chuẩn bị đón cây CE rực rỡ!",Positive,0.518
2026-08-09,,investor_330,F319,Khối tự doanh và khối ngoại mua bán cân bằng đối với mã .,Neutral,0.054
2026-08-09,,investor_723,F319,"Dòng tiền lớn đã nhập cuộc , mục tiêu vượt đỉnh cũ sớm thôi anh em.",Positive,0.617
2026-08-09,,investor_359,Facebook Group,"Mã  kết quả kinh doanh quý này quá xuất sắc, doanh thu tăng trưởng 25%!",Positive,0.785
2026-08-09,,investor_331,F319,Thảo luận về tiềm năng mảng bán lẻ viễn thông của  trong giai đoạn tới.,Neutral,0.476
2026-08-10,,investor_269,24hMoney,Chờ đợi báo cáo tài chính kiểm toán của  để đánh giá chính xác hơn.,Neutral,0.004
2026-08-10,,investor_990,Facebook Group,Thảo luận về tiềm năng mảng bán lẻ viễn thông của  trong giai đoạn tới.,Neutral,0.447
2026-08-10,,investor_734,24hMoney,"Mức P/E của  hiện tại ở mức 18.5, tương đương mức định giá trung bình ngành.",Neutral,-0.075
2026-08-10,,investor_763,24hMoney,"Thị trường chung đang giằng co,  dao động trong biên độ hẹp 1-2%.",Neutral,0.147
2026-08-10,,investor_946,FireAnt,"Tây xả ròng rã cả tuần,  gãy trend tăng ngắn hạn rồi.",Negative,-0.754
2026-08-10,,investor_987,F319,"Hôm nay là ngày giao dịch không hưởng quyền của , giá điều chỉnh kỹ thuật.",Neutral,0.44
2026-08-11,,investor_608,Facebook Group,"Kỹ thuật tạo mô hình W đẹp tuyệt vời, RSI bứt phá ngưỡng 60, múc thôi.",Positive,0.745
2026-08-11,,investor_705,24hMoney,"Thủng mốc hỗ trợ cứng rồi, anh em nên hạ tỷ trọng  bảo toàn vốn.",Negative,-0.723
2026-08-11,,investor_445,24hMoney,"Thủng mốc hỗ trợ cứng rồi, anh em nên hạ tỷ trọng  bảo toàn vốn.",Negative,-0.721
2026-08-12,,investor_661,F319,"Mã  đang kiểm tra lại đường MA20, chưa có tín hiệu bứt phá rõ rệt.",Neutral,0.034
2026-08-12,,investor_831,FireAnt,"Mức P/E của  hiện tại ở mức 18.5, tương đương mức định giá trung bình ngành.",Neutral,0.252
2026-08-12,,investor_272,F319,"Dòng tiền lớn đã nhập cuộc , mục tiêu vượt đỉnh cũ sớm thôi anh em.",Positive,0.576
2026-08-12,,investor_467,24hMoney,"Thanh khoản sụt giảm nghiêm trọng, lực cầu bắt đáy  còn khá yếu.",Negative,-0.812
2026-08-12,,investor_805,24hMoney,"Khối ngoại tiếp tục mua ròng mạnh , tự tin nắm giữ trung hạn.",Positive,0.658
2026-08-12,,investor_228,Facebook Group,"Lệnh to vào quét sạch lệnh bán của , chuẩn bị đón cây CE rực rỡ!",Positive,0.848
2026-08-12,,investor_932,FireAnt,"Mã  kết quả kinh doanh quý này quá xuất sắc, doanh thu tăng trưởng 25%!",Positive,0.861
2026-08-12,,investor_676,24hMoney,Thảo luận về tiềm năng mảng bán lẻ viễn thông của  trong giai đoạn tới.,Neutral,-0.046
2026-08-13,,investor_749,24hMoney,"Thị trường chung đang giằng co,  dao động trong biên độ hẹp 1-2%.",Neutral,0.095
2026-08-13,,investor_454,FireAnt,"Mức P/E của  hiện tại ở mức 18.5, tương đương mức định giá trung bình ngành.",Neutral,0.45
2026-08-13,,investor_330,24hMoney,Tăng trưởng quý này có dấu hiệu chậm lại do chi phí vốn tăng cao.,Negative,-0.529
2026-08-13,,investor_239,Facebook Group,"Thị trường chỉnh nhưng  vẫn giữ sắc xanh vững vàng, cổ phiếu kim cương!",Positive,0.754
2026-08-14,,investor_229,F319,Chờ đợi báo cáo tài chính kiểm toán của  để đánh giá chính xác hơn.,Neutral,0.008
2026-08-14,,investor_483,Facebook Group,Khối tự doanh và khối ngoại mua bán cân bằng đối với mã .,Neutral,0.487
2026-08-14,,investor_233,Facebook Group,"Mã  kết quả kinh doanh quý này quá xuất sắc, doanh thu tăng trưởng 25%!",Positive,0.929
2026-08-14,,investor_993,FireAnt,"Thị trường xấu quá,  bị bán lan theo hiệu ứng tâm lý chung.",Negative,-0.365
2026-08-14,,investor_915,F319,"Tây xả ròng rã cả tuần,  gãy trend tăng ngắn hạn rồi.",Negative,-0.437
2026-08-14,,investor_968,F319,"Thị trường xấu quá,  bị bán lan theo hiệu ứng tâm lý chung.",Negative,-0.264
2026-08-14,,investor_318,FireAnt,"Khối ngoại tiếp tục mua ròng mạnh , tự tin nắm giữ trung hạn.",Positive,0.609
2026-08-15,,investor_540,24hMoney,"Kỹ thuật tạo mô hình W đẹp tuyệt vời, RSI bứt phá ngưỡng 60, múc thôi.",Positive,0.912
2026-08-15,,investor_925,F319,"Dòng tiền lớn đã nhập cuộc , mục tiêu vượt đỉnh cũ sớm thôi anh em.",Positive,0.841
2026-08-15,,investor_797,Facebook Group,"Lệnh to vào quét sạch lệnh bán của , chuẩn bị đón cây CE rực rỡ!",Positive,0.523
2026-08-15,,investor_577,Facebook Group,"Khối ngoại tiếp tục mua ròng mạnh , tự tin nắm giữ trung hạn.",Positive,0.765
2026-08-15,,investor_156,FireAnt,Kỳ vọng  sẽ dẫn dắt VN-Index chinh phục mốc 1300 điểm.,Positive,0.674
2026-08-15,,investor_374,Facebook Group,"Dòng tiền lớn đã nhập cuộc , mục tiêu vượt đỉnh cũ sớm thôi anh em.",Positive,0.674
2026-08-15,,investor_417,FireAnt,Công nghệ AI và Cloud của  ký thêm nhiều hợp đồng triệu đô từ Nhật Bản.,Positive,0.712
2026-08-15,,investor_320,FireAnt,"Hôm nay là ngày giao dịch không hưởng quyền của , giá điều chỉnh kỹ thuật.",Neutral,0.412
2026-08-16,,investor_905,24hMoney,"Xu hướng tăng trung dài hạn của  không thể cản phá, canh rung lắc gia tăng tỷ trọng.",Positive,0.677
2026-08-16,,investor_892,24hMoney,"Mã  kết quả kinh doanh quý này quá xuất sắc, doanh thu tăng trưởng 25%!",Positive,0.87
2026-08-16,,investor_806,F319,"Thủng mốc hỗ trợ cứng rồi, anh em nên hạ tỷ trọng  bảo toàn vốn.",Negative,-0.523
2026-08-16,,investor_265,Facebook Group,"Kỹ thuật tạo mô hình W đẹp tuyệt vời, RSI bứt phá ngưỡng 60, múc thôi.",Positive,0.762
2026-08-16,,investor_374,24hMoney,"Tây xả ròng rã cả tuần,  gãy trend tăng ngắn hạn rồi.",Negative,-0.526
2026-08-16,,investor_701,Facebook Group,"Kỹ thuật tạo mô hình W đẹp tuyệt vời, RSI bứt phá ngưỡng 60, múc thôi.",Positive,0.793
2026-08-16,,investor_105,FireAnt,"Lệnh to vào quét sạch lệnh bán của , chuẩn bị đón cây CE rực rỡ!",Positive,0.585
2026-08-16,,investor_617,FireAnt,"Dòng tiền lớn đã nhập cuộc , mục tiêu vượt đỉnh cũ sớm thôi anh em.",Positive,0.641
2026-08-17,,investor_812,24hMoney,Chờ đợi báo cáo tài chính kiểm toán của  để đánh giá chính xác hơn.,Neutral,0.041
2026-08-17,,investor_294,FireAnt,Kỳ vọng  sẽ dẫn dắt VN-Index chinh phục mốc 1300 điểm.,Positive,0.625
2026-08-17,,investor_408,FireAnt,Công nghệ AI và Cloud của  ký thêm nhiều hợp đồng triệu đô từ Nhật Bản.,Positive,0.622
2026-08-18,,investor_389,24hMoney,Khối ngoại quay đầu bán ròng  hơn 100 tỷ trong phiên sáng.,Negative,-0.929
2026-08-18,,investor_917,24hMoney,"Thị trường chung đang giằng co,  dao động trong biên độ hẹp 1-2%.",Neutral,0.06
2026-08-18,,investor_401,FireAnt,"Thủng mốc hỗ trợ cứng rồi, anh em nên hạ tỷ trọng  bảo toàn vốn.",Negative,-0.753
2026-08-18,,investor_222,Facebook Group,"Ban lãnh đạo  công bố kế hoạch chia cổ tức tiền mặt 30%, quá uy tín.",Positive,0.679
2026-08-19,,investor_958,Facebook Group,Khối tự doanh và khối ngoại mua bán cân bằng đối với mã .,Neutral,-0.029
2026-08-19,,investor_905,FireAnt,Chờ đợi báo cáo tài chính kiểm toán của  để đánh giá chính xác hơn.,Neutral,0.16
2026-08-19,,investor_578,24hMoney,Công nghệ AI và Cloud của  ký thêm nhiều hợp đồng triệu đô từ Nhật Bản.,Positive,0.543
2026-08-19,,investor_299,FireAnt,"Dòng tiền lớn đã nhập cuộc , mục tiêu vượt đỉnh cũ sớm thôi anh em.",Positive,0.686
2026-08-19,,investor_198,Facebook Group,"Mã  đang kiểm tra lại đường MA20, chưa có tín hiệu bứt phá rõ rệt.",Neutral,0.243
2026-08-19,,investor_827,24hMoney,"Khối ngoại tiếp tục mua ròng mạnh , tự tin nắm giữ trung hạn.",Positive,0.744
2026-08-19,,investor_486,Facebook Group,"Lệnh to vào quét sạch lệnh bán của , chuẩn bị đón cây CE rực rỡ!",Positive,0.771
2026-08-19,,investor_368,FireAnt,"Thị trường xấu quá,  bị bán lan theo hiệu ứng tâm lý chung.",Negative,-0.445
2026-08-20,,investor_445,24hMoney,"Xu hướng tăng trung dài hạn của  không thể cản phá, canh rung lắc gia tăng tỷ trọng.",Positive,0.659
2026-08-20,,investor_403,F319,Kỳ vọng  sẽ dẫn dắt VN-Index chinh phục mốc 1300 điểm.,Positive,0.751
2026-08-20,,investor_517,FireAnt,Công nghệ AI và Cloud của  ký thêm nhiều hợp đồng triệu đô từ Nhật Bản.,Positive,0.631
2026-08-20,,investor_829,FireAnt,"Tây xả ròng rã cả tuần,  gãy trend tăng ngắn hạn rồi.",Negative,-0.258
2026-08-20,,investor_410,Facebook Group,"Mã  kết quả kinh doanh quý này quá xuất sắc, doanh thu tăng trưởng 25%!",Positive,0.599
2026-08-20,,investor_924,F319,Khối ngoại quay đầu bán ròng  hơn 100 tỷ trong phiên sáng.,Negative,-0.687
2026-08-20,,investor_401,24hMoney,Công nghệ AI và Cloud của  ký thêm nhiều hợp đồng triệu đô từ Nhật Bản.,Positive,0.741
2026-08-21,,investor_312,F319,"Kỹ thuật tạo mô hình W đẹp tuyệt vời, RSI bứt phá ngưỡng 60, múc thôi.",Positive,0.709
2026-08-21,,investor_615,F319,"Hôm nay là ngày giao dịch không hưởng quyền của , giá điều chỉnh kỹ thuật.",Neutral,0.341
2026-08-21,,investor_236,Facebook Group,Chờ đợi báo cáo tài chính kiểm toán của  để đánh giá chính xác hơn.,Neutral,-0.039
2026-08-21,,investor_653,F319,"Xu hướng tăng trung dài hạn của  không thể cản phá, canh rung lắc gia tăng tỷ trọng.",Positive,0.829
2026-08-21,,investor_909,Facebook Group,"Thị trường chung đang giằng co,  dao động trong biên độ hẹp 1-2%.",Neutral,0.447
2026-08-21,,investor_405,24hMoney,"Mã  đang kiểm tra lại đường MA20, chưa có tín hiệu bứt phá rõ rệt.",Neutral,0.045
2026-08-22,,investor_587,FireAnt,"Dòng tiền lớn đã nhập cuộc , mục tiêu vượt đỉnh cũ sớm thôi anh em.",Positive,0.806
2026-08-22,,investor_176,24hMoney,Khối ngoại quay đầu bán ròng  hơn 100 tỷ trong phiên sáng.,Negative,-0.6
2026-08-22,,investor_296,FireAnt,Khối tự doanh và khối ngoại mua bán cân bằng đối với mã .,Neutral,0.444
2026-08-22,,investor_876,24hMoney,"Áp lực chốt lời ngắn hạn đối với  đang tăng cao, cẩn trọng đu đỉnh.",Negative,-0.913
2026-08-22,,investor_118,FireAnt,"Chỉ báo MACD của  phân kỳ âm, cảnh báo rủi ro điều chỉnh ngắn hạn.",Negative,-0.258
2026-08-22,,investor_257,FireAnt,"Khối ngoại tiếp tục mua ròng mạnh , tự tin nắm giữ trung hạn.",Positive,0.694
2026-08-22,,investor_436,Facebook Group,"Kỹ thuật tạo mô hình W đẹp tuyệt vời, RSI bứt phá ngưỡng 60, múc thôi.",Positive,0.891
2026-08-22,,investor_746,FireAnt,"Ban lãnh đạo  công bố kế hoạch chia cổ tức tiền mặt 30%, quá uy tín.",Positive,0.804
2026-08-23,,investor_528,24hMoney,"Ban lãnh đạo  công bố kế hoạch chia cổ tức tiền mặt 30%, quá uy tín.",Positive,0.616
2026-08-23,,investor_432,24hMoney,"Thanh khoản sụt giảm nghiêm trọng, lực cầu bắt đáy  còn khá yếu.",Negative,-0.923
2026-08-23,,investor_275,F319,Kỳ vọng  sẽ dẫn dắt VN-Index chinh phục mốc 1300 điểm.,Positive,0.881
2026-08-23,,investor_994,F319,Chờ đợi báo cáo tài chính kiểm toán của  để đánh giá chính xác hơn.,Neutral,0.217
2026-08-23,,investor_378,FireAnt,Tỷ lệ đòn bẩy margin của  tại các công ty chứng khoán vẫn ở mức an toàn.,Neutral,0.17
2026-08-24,,investor_117,24hMoney,Chờ đợi báo cáo tài chính kiểm toán của  để đánh giá chính xác hơn.,Neutral,0.351
2026-08-24,,investor_542,F319,"Hôm nay  đi ngang tích lũy quanh vùng hỗ trợ, thanh khoản trung bình.",Neutral,0.155
2026-08-24,,investor_549,FireAnt,"Hôm nay là ngày giao dịch không hưởng quyền của , giá điều chỉnh kỹ thuật.",Neutral,0.009
2026-08-24,,investor_239,F319,"Mã  kết quả kinh doanh quý này quá xuất sắc, doanh thu tăng trưởng 25%!",Positive,0.682
2026-08-24,,investor_149,24hMoney,"Hôm nay  đi ngang tích lũy quanh vùng hỗ trợ, thanh khoản trung bình.",Neutral,0.225
2026-08-24,,investor_391,Facebook Group,"Kỹ thuật tạo mô hình W đẹp tuyệt vời, RSI bứt phá ngưỡng 60, múc thôi.",Positive,0.503
2026-08-24,,investor_914,F319,"Khối ngoại tiếp tục mua ròng mạnh , tự tin nắm giữ trung hạn.",Positive,0.754
2026-08-24,,investor_991,F319,"Áp lực chốt lời ngắn hạn đối với  đang tăng cao, cẩn trọng đu đỉnh.",Negative,-0.795
2026-08-25,,investor_408,FireAnt,"Mã  kết quả kinh doanh quý này quá xuất sắc, doanh thu tăng trưởng 25%!",Positive,0.517
2026-08-25,,investor_780,Facebook Group,"Ban lãnh đạo  công bố kế hoạch chia cổ tức tiền mặt 30%, quá uy tín.",Positive,0.827
2026-08-25,,investor_165,Facebook Group,"Ban lãnh đạo  công bố kế hoạch chia cổ tức tiền mặt 30%, quá uy tín.",Positive,0.628
2026-08-25,,investor_365,F319,"Hôm nay là ngày giao dịch không hưởng quyền của , giá điều chỉnh kỹ thuật.",Neutral,0.413
2026-08-26,,investor_749,FireAnt,Tỷ lệ đòn bẩy margin của  tại các công ty chứng khoán vẫn ở mức an toàn.,Neutral,0.055
2026-08-26,,investor_568,FireAnt,Kỳ vọng  sẽ dẫn dắt VN-Index chinh phục mốc 1300 điểm.,Positive,0.906
2026-08-26,,investor_981,FireAnt,Kỳ vọng  sẽ dẫn dắt VN-Index chinh phục mốc 1300 điểm.,Positive,0.675
2026-08-26,,investor_821,FireAnt,"Thủng mốc hỗ trợ cứng rồi, anh em nên hạ tỷ trọng  bảo toàn vốn.",Negative,-0.584
2026-08-26,,investor_859,Facebook Group,Kỳ vọng  sẽ dẫn dắt VN-Index chinh phục mốc 1300 điểm.,Positive,0.67
2026-08-26,,investor_509,F319,"Lệnh to vào quét sạch lệnh bán của , chuẩn bị đón cây CE rực rỡ!",Positive,0.759
2026-08-27,,investor_590,24hMoney,"Mức P/E của  hiện tại ở mức 18.5, tương đương mức định giá trung bình ngành.",Neutral,0.252
2026-08-27,,investor_730,Facebook Group,Khối tự doanh và khối ngoại mua bán cân bằng đối với mã .,Neutral,-0.061
2026-08-27,,investor_854,Facebook Group,Kỳ vọng  sẽ dẫn dắt VN-Index chinh phục mốc 1300 điểm.,Positive,0.946
2026-08-27,,investor_722,24hMoney,"Ban lãnh đạo  công bố kế hoạch chia cổ tức tiền mặt 30%, quá uy tín.",Positive,0.662
2026-08-27,,investor_828,FireAnt,"Thị trường chung đang giằng co,  dao động trong biên độ hẹp 1-2%.",Neutral,0.213
2026-08-27,,investor_202,FireAnt,"Xu hướng tăng trung dài hạn của  không thể cản phá, canh rung lắc gia tăng tỷ trọng.",Positive,0.57
2026-08-28,,investor_181,FireAnt,"Kỹ thuật tạo mô hình W đẹp tuyệt vời, RSI bứt phá ngưỡng 60, múc thôi.",Positive,0.541
2026-08-28,,investor_425,FireAnt,"Dòng tiền lớn đã nhập cuộc , mục tiêu vượt đỉnh cũ sớm thôi anh em.",Positive,0.857
2026-08-28,,investor_857,24hMoney,"Mã  đang kiểm tra lại đường MA20, chưa có tín hiệu bứt phá rõ rệt.",Neutral,-0.034
2026-08-29,,investor_162,F319,Khối ngoại quay đầu bán ròng  hơn 100 tỷ trong phiên sáng.,Negative,-0.577
2026-08-29,,investor_276,24hMoney,"Xu hướng tăng trung dài hạn của  không thể cản phá, canh rung lắc gia tăng tỷ trọng.",Positive,0.821
2026-08-29,,investor_293,24hMoney,"Mã  đang kiểm tra lại đường MA20, chưa có tín hiệu bứt phá rõ rệt.",Neutral,0.381
2026-08-29,,investor_259,FireAnt,"Thị trường chung đang giằng co,  dao động trong biên độ hẹp 1-2%.",Neutral,-0.003
2026-08-29,,investor_522,24hMoney,Khối tự doanh và khối ngoại mua bán cân bằng đối với mã .,Neutral,0.293
2026-08-30,,investor_833,F319,"Kỹ thuật tạo mô hình W đẹp tuyệt vời, RSI bứt phá ngưỡng 60, múc thôi.",Positive,0.926
2026-08-30,,investor_908,FireAnt,"Mã  đang kiểm tra lại đường MA20, chưa có tín hiệu bứt phá rõ rệt.",Neutral,0.176
2026-08-30,,investor_662,FireAnt,"Thanh khoản sụt giảm nghiêm trọng, lực cầu bắt đáy  còn khá yếu.",Negative,-0.917
2026-08-30,,investor_522,24hMoney,"Xu hướng tăng trung dài hạn của  không thể cản phá, canh rung lắc gia tăng tỷ trọng.",Positive,0.886
2026-08-30,,investor_431,FireAnt,"Dòng tiền lớn đã nhập cuộc , mục tiêu vượt đỉnh cũ sớm thôi anh em.",Positive,0.893
2026-08-30,,investor_610,FireAnt,"Thị trường xấu quá,  bị bán lan theo hiệu ứng tâm lý chung.",Negative,-0.61
2026-08-30,,investor_501,Facebook Group,"Áp lực chốt lời ngắn hạn đối với  đang tăng cao, cẩn trọng đu đỉnh.",Negative,-0.793
2026-08-30,,investor_605,F319,Chờ đợi báo cáo tài chính kiểm toán của  để đánh giá chính xác hơn.,Neutral,0.392
2026-08-31,,investor_796,FireAnt,"Áp lực chốt lời ngắn hạn đối với  đang tăng cao, cẩn trọng đu đỉnh.",Negative,-0.906
2026-08-31,,investor_698,F319,"Thanh khoản sụt giảm nghiêm trọng, lực cầu bắt đáy  còn khá yếu.",Negative,-0.347
2026-08-31,,investor_840,F319,"Thanh khoản sụt giảm nghiêm trọng, lực cầu bắt đáy  còn khá yếu.",Negative,-0.865
2026-08-31,,investor_972,Facebook Group,Khối tự doanh và khối ngoại mua bán cân bằng đối với mã .,Neutral,0.33
2026-08-31,,investor_767,24hMoney,"Dòng tiền lớn đã nhập cuộc , mục tiêu vượt đỉnh cũ sớm thôi anh em.",Positive,0.585
2026-08-31,,investor_561,FireAnt,"Hôm nay là ngày giao dịch không hưởng quyền của , giá điều chỉnh kỹ thuật.",Neutral,-0.062
2026-08-31,,investor_810,F319,"Thị trường chỉnh nhưng  vẫn giữ sắc xanh vững vàng, cổ phiếu kim cương!",Positive,0.718
2026-08-31,,investor_265,Facebook Group,"Kỹ thuật tạo mô hình W đẹp tuyệt vời, RSI bứt phá ngưỡng 60, múc thôi.",Positive,0.705
