Date,Symbol,Open,High,Low,Close,Volume
2018-01-01,,30150.0,30250.0,29900.0,30000.0,5647121
2018-01-02,,29800.0,30300.0,29600.0,30250.0,7215922
2018-01-03,,30350.0,30950.0,30150.0,30850.0,8086058
2018-01-04,,30900.0,32250.0,30600.0,32250.0,8156720
2018-01-05,,32300.0,33700.0,32250.0,33450.0,10585464
2018-01-08,,33400.0,33650.0,32600.0,32800.0,6228015
2018-01-09,,32850.0,33450.0,32850.0,33450.0,5238244
2018-01-10,,33300.0,33350.0,33250.0,33350.0,7195636
2018-01-11,,33450.0,33550.0,33250.0,33300.0,7782102
2018-01-12,,33250.0,34050.0,33200.0,33550.0,5552221
2018-01-15,,33500.0,33850.0,33400.0,33650.0,5573707
2018-01-16,,33800.0,34700.0,33700.0,34650.0,7550421
2018-01-17,,34600.0,35500.0,34600.0,35200.0,5517396
2018-01-18,,35250.0,35650.0,35100.0,35300.0,5605721
2018-01-19,,35300.0,36000.0,35150.0,35600.0,7191586
2018-01-22,,35600.0,36000.0,35550.0,35850.0,5581130
2018-01-23,,35850.0,37050.0,35650.0,36900.0,9135129
2018-01-24,,36800.0,37200.0,36550.0,36800.0,7939065
2018-01-25,,36850.0,37100.0,36750.0,37000.0,4443975
2018-01-26,,36950.0,37050.0,36150.0,36400.0,5813165
2018-01-29,,36150.0,36350.0,34200.0,34550.0,8447843
2018-01-30,,34450.0,35100.0,34450.0,35000.0,7339990
2018-01-31,,35000.0,35600.0,34700.0,35600.0,7932518
2018-02-01,,35500.0,35900.0,35100.0,35100.0,5488554
2018-02-02,,35050.0,36800.0,34750.0,36700.0,7928758
2018-02-05,,36750.0,37000.0,35400.0,35650.0,9177513
2018-02-06,,35800.0,35900.0,35450.0,35650.0,6686493
2018-02-07,,35500.0,36150.0,35300.0,35550.0,5916391
2018-02-08,,35300.0,36650.0,35000.0,36650.0,10623986
2018-02-09,,36550.0,37850.0,36250.0,37750.0,9050940
2018-02-12,,37650.0,38200.0,37450.0,37850.0,7931172
2018-02-13,,37800.0,38250.0,37600.0,38150.0,7911881
2018-02-14,,38350.0,38450.0,37100.0,37450.0,7837641
2018-02-15,,37350.0,37400.0,35800.0,36000.0,8650648
2018-02-16,,36050.0,36150.0,35650.0,35750.0,6077494
2018-02-19,,35750.0,36100.0,35700.0,35850.0,7533552
2018-02-20,,35900.0,36850.0,35750.0,36750.0,6052171
2018-02-21,,36550.0,37700.0,36500.0,37650.0,9583802
2018-02-22,,37850.0,37850.0,37200.0,37350.0,8718136
2018-02-23,,37500.0,37650.0,36950.0,37150.0,8069246
2018-02-26,,37000.0,37400.0,36200.0,36350.0,9967360
2018-02-27,,36450.0,36500.0,34950.0,35350.0,9070289
2018-02-28,,35400.0,35400.0,34050.0,34150.0,9303225
2018-03-01,,34050.0,35600.0,33950.0,35500.0,8372052
2018-03-02,,35650.0,35750.0,35000.0,35100.0,8133501
2018-03-05,,35050.0,35100.0,34650.0,34800.0,6739591
2018-03-06,,34700.0,34950.0,33800.0,33950.0,6639606
2018-03-07,,33950.0,34600.0,33700.0,34500.0,8445951
2018-03-08,,34450.0,34500.0,33250.0,33400.0,9869635
2018-03-09,,33550.0,33650.0,33150.0,33250.0,8155963
2018-03-12,,33250.0,33300.0,32600.0,32650.0,7529525
2018-03-13,,32650.0,33300.0,32350.0,32900.0,6870810
2018-03-14,,32700.0,32850.0,32550.0,32600.0,7013305
2018-03-15,,32450.0,32500.0,31800.0,31800.0,7736767
2018-03-16,,31800.0,31850.0,31550.0,31800.0,7783017
2018-03-19,,31850.0,32300.0,31450.0,32050.0,8725877
2018-03-20,,32150.0,32500.0,32100.0,32100.0,5126868
2018-03-21,,31950.0,32750.0,31750.0,32300.0,7555040
2018-03-22,,32250.0,32300.0,31700.0,31900.0,7847843
2018-03-23,,31800.0,31900.0,31400.0,31700.0,5048300
2018-03-26,,31600.0,31600.0,31150.0,31250.0,8294569
2018-03-27,,31050.0,31250.0,30900.0,31050.0,8148983
2018-03-28,,31200.0,31550.0,30350.0,30550.0,7998386
2018-03-29,,30600.0,30700.0,29300.0,29500.0,8277608
2018-03-30,,29600.0,29900.0,29500.0,29600.0,7158108
2018-04-02,,29400.0,29450.0,29150.0,29350.0,5933106
2018-04-03,,29500.0,30000.0,28200.0,28400.0,8522437
2018-04-04,,28350.0,28700.0,28250.0,28700.0,8262735
2018-04-05,,28600.0,28700.0,27900.0,28150.0,6675134
2018-04-06,,28050.0,28300.0,27850.0,28200.0,7846267
2018-04-09,,28350.0,28950.0,28250.0,28600.0,5958467
2018-04-10,,28700.0,28850.0,28650.0,28700.0,7757046
2018-04-11,,28750.0,29350.0,28500.0,29350.0,6937229
2018-04-12,,29250.0,29400.0,28500.0,28600.0,9316370
2018-04-13,,28650.0,28850.0,28600.0,28850.0,7591038
2018-04-16,,28500.0,28750.0,28350.0,28450.0,6494868
2018-04-17,,28600.0,28750.0,27900.0,27950.0,6025648
2018-04-18,,27850.0,28100.0,27400.0,27650.0,9079668
2018-04-19,,27850.0,27950.0,27500.0,27500.0,4735121
2018-04-20,,27600.0,27750.0,27400.0,27500.0,8061910
2018-04-23,,27350.0,27500.0,26850.0,26900.0,7921248
2018-04-24,,26950.0,27450.0,26900.0,27350.0,7013171
2018-04-25,,27350.0,27750.0,27250.0,27650.0,7929683
2018-04-26,,27550.0,27650.0,26500.0,26800.0,9446096
2018-04-27,,26850.0,27600.0,26850.0,27600.0,6201458
2018-04-30,,27450.0,28900.0,27150.0,28650.0,11627172
2018-05-01,,28550.0,29650.0,28350.0,29300.0,8810444
2018-05-02,,29150.0,29350.0,28800.0,29200.0,5975765
2018-05-03,,29150.0,29350.0,28350.0,28600.0,7387719
2018-05-04,,28500.0,29300.0,28500.0,29200.0,9501283
2018-05-07,,29100.0,29300.0,28900.0,28950.0,5235615
2018-05-08,,28950.0,29700.0,28800.0,29650.0,8702360
2018-05-09,,29550.0,30000.0,29400.0,29800.0,5914457
2018-05-10,,29750.0,30550.0,29550.0,30400.0,9028941
2018-05-11,,30400.0,30700.0,30300.0,30600.0,8061579
2018-05-14,,30650.0,31100.0,30500.0,31050.0,7119298
2018-05-15,,31150.0,31400.0,30750.0,31050.0,6486605
2018-05-16,,31100.0,32400.0,31050.0,32150.0,9892085
2018-05-17,,32200.0,32600.0,32100.0,32250.0,6548059
2018-05-18,,32300.0,32550.0,32100.0,32500.0,8305193
2018-05-21,,32450.0,33800.0,32300.0,33750.0,9961874
2018-05-22,,33800.0,33850.0,32500.0,32850.0,9827699
2018-05-23,,32850.0,33150.0,32000.0,32000.0,7310478
2018-05-24,,32050.0,32850.0,31900.0,32650.0,7430663
2018-05-25,,32600.0,32600.0,31750.0,31900.0,8712450
2018-05-28,,31850.0,33350.0,31850.0,33150.0,8432184
2018-05-29,,33250.0,33550.0,32800.0,32850.0,8638993
2018-05-30,,32900.0,32950.0,32350.0,32400.0,7065173
2018-05-31,,32400.0,33650.0,32150.0,33650.0,8906656
2018-06-01,,33500.0,34800.0,33100.0,34650.0,10071776
2018-06-04,,34800.0,36000.0,34650.0,35950.0,9411122
2018-06-05,,35800.0,36850.0,35550.0,36600.0,7315124
2018-06-06,,36500.0,36700.0,35950.0,35950.0,5966333
2018-06-07,,36100.0,37550.0,35950.0,37350.0,9104535
2018-06-08,,37400.0,37450.0,37150.0,37150.0,5734572
2018-06-11,,36900.0,37850.0,36850.0,37750.0,8642734
2018-06-12,,37750.0,38850.0,37750.0,38500.0,7503615
2018-06-13,,38700.0,39050.0,38350.0,38350.0,8563577
2018-06-14,,38250.0,39000.0,38050.0,38850.0,8408159
2018-06-15,,38750.0,39600.0,38750.0,39550.0,9014823
2018-06-18,,39450.0,40100.0,39300.0,39850.0,5817994
2018-06-19,,39650.0,39850.0,38850.0,39000.0,8008832
2018-06-20,,38850.0,39800.0,38700.0,39250.0,7767775
2018-06-21,,39050.0,40400.0,38550.0,40300.0,10828499
2018-06-22,,40300.0,40400.0,39700.0,39750.0,5675583
2018-06-25,,39800.0,39800.0,39250.0,39650.0,8509063
2018-06-26,,39750.0,39800.0,39100.0,39300.0,8179736
2018-06-27,,39550.0,41150.0,39450.0,40750.0,8893474
2018-06-28,,40800.0,41450.0,40650.0,41300.0,7200430
2018-06-29,,41350.0,41800.0,40850.0,41650.0,6901719
2018-07-02,,41900.0,41950.0,41000.0,41050.0,8145447
2018-07-03,,41000.0,41700.0,40500.0,41500.0,6355237
2018-07-04,,41450.0,41500.0,40850.0,40950.0,6167369
2018-07-05,,40900.0,41250.0,40650.0,40950.0,5898789
2018-07-06,,41150.0,41400.0,40250.0,40450.0,8737108
2018-07-09,,40250.0,41050.0,40100.0,41000.0,5658277
2018-07-10,,41350.0,41700.0,41150.0,41500.0,7622291
2018-07-11,,41400.0,41700.0,41250.0,41300.0,7106717
2018-07-12,,41250.0,41750.0,41050.0,41650.0,5991895
2018-07-13,,41400.0,41650.0,40350.0,40750.0,6461329
2018-07-16,,40900.0,40950.0,39400.0,39550.0,9573887
2018-07-17,,39450.0,39900.0,39350.0,39900.0,7067004
2018-07-18,,39950.0,40300.0,39750.0,40050.0,6165288
2018-07-19,,39850.0,40550.0,39750.0,40550.0,6009520
2018-07-20,,40500.0,42950.0,40150.0,42500.0,10519631
2018-07-23,,42400.0,43500.0,41950.0,43300.0,9033499
2018-07-24,,43250.0,43450.0,42400.0,42550.0,6154060
2018-07-25,,42450.0,43600.0,42450.0,43500.0,9338629
2018-07-26,,43400.0,43400.0,42050.0,42350.0,6317861
2018-07-27,,42500.0,42600.0,41850.0,41950.0,5259899
2018-07-30,,41950.0,42000.0,41700.0,41900.0,4645556
2018-07-31,,41750.0,43700.0,41650.0,43350.0,8843649
2018-08-01,,43300.0,43450.0,42550.0,42700.0,5465417
2018-08-02,,43000.0,43300.0,41950.0,42050.0,9800032
2018-08-03,,42000.0,42050.0,41700.0,41950.0,6341328
2018-08-06,,41850.0,42050.0,41250.0,41400.0,5233626
2018-08-07,,41350.0,42900.0,41150.0,42350.0,8217342
2018-08-08,,42300.0,42550.0,41450.0,41450.0,6669866
2018-08-09,,41600.0,42000.0,40150.0,40500.0,7504834
2018-08-10,,40500.0,40850.0,40150.0,40150.0,7922921
2018-08-13,,40150.0,40200.0,39650.0,39750.0,7617424
2018-08-14,,39900.0,41500.0,39900.0,41300.0,6522024
2018-08-15,,41250.0,42300.0,40900.0,42100.0,8500202
2018-08-16,,42150.0,42250.0,42100.0,42150.0,7567673
2018-08-17,,41950.0,42000.0,41000.0,41150.0,8534660
2018-08-20,,41450.0,42000.0,41400.0,41850.0,5915086
2018-08-21,,41950.0,42200.0,40650.0,41000.0,8755513
2018-08-22,,41200.0,41500.0,39400.0,39750.0,9595975
2018-08-23,,39650.0,41000.0,39050.0,40700.0,7930208
2018-08-24,,40600.0,41050.0,40550.0,40950.0,5717861
2018-08-27,,40800.0,41750.0,40650.0,41700.0,6388298
2018-08-28,,41550.0,42250.0,41450.0,42000.0,7854576
2018-08-29,,41850.0,42800.0,41550.0,42700.0,5927775
2018-08-30,,42750.0,42850.0,41850.0,42150.0,8053395
2018-08-31,,42050.0,42300.0,41250.0,41300.0,8672161
2018-09-03,,41300.0,42000.0,41050.0,41850.0,6310773
2018-09-04,,42000.0,42050.0,41000.0,41200.0,9178137
2018-09-05,,41100.0,41300.0,40600.0,40650.0,6131855
2018-09-06,,40600.0,40800.0,40250.0,40300.0,5700178
2018-09-07,,40450.0,40450.0,39950.0,40300.0,7116583
2018-09-10,,40200.0,40300.0,39400.0,40000.0,6020396
2018-09-11,,40200.0,40650.0,38800.0,38900.0,9207056
2018-09-12,,38900.0,38900.0,38200.0,38450.0,5353141
2018-09-13,,38200.0,38500.0,36500.0,36700.0,11413319
2018-09-14,,36950.0,37550.0,36850.0,37200.0,8128621
2018-09-17,,37150.0,37200.0,35950.0,36000.0,6264786
2018-09-18,,35950.0,36300.0,35150.0,35200.0,6212612
2018-09-19,,35400.0,35600.0,35150.0,35250.0,7680770
2018-09-20,,35250.0,35250.0,34450.0,34750.0,7876565
2018-09-21,,34750.0,35900.0,34650.0,35800.0,9589492
2018-09-24,,35700.0,36150.0,34800.0,34900.0,9219441
2018-09-25,,34900.0,35500.0,34800.0,35100.0,6108652
2018-09-26,,34900.0,35150.0,34550.0,35050.0,8562636
2018-09-27,,34900.0,35000.0,33800.0,34250.0,7793206
2018-09-28,,34250.0,34800.0,34200.0,34600.0,7721566
2018-10-01,,34450.0,34500.0,34400.0,34500.0,5305013
2018-10-02,,34500.0,35050.0,34400.0,35000.0,5122017
2018-10-03,,35100.0,35950.0,35000.0,35600.0,5980145
2018-10-04,,35500.0,37300.0,34750.0,37150.0,9501176
2018-10-05,,37150.0,38300.0,37150.0,38150.0,5761102
2018-10-08,,38100.0,38350.0,37850.0,37850.0,6215186
2018-10-09,,38000.0,38100.0,37650.0,37700.0,5634004
2018-10-10,,37900.0,38650.0,37550.0,38500.0,6273863
2018-10-11,,38550.0,39300.0,38500.0,39050.0,5908332
2018-10-12,,39150.0,39750.0,39050.0,39550.0,6153712
2018-10-15,,39650.0,39950.0,37850.0,38250.0,10113690
2018-10-16,,38500.0,38500.0,37900.0,38250.0,6475058
2018-10-17,,38500.0,38500.0,37550.0,37700.0,8787861
2018-10-18,,37950.0,38150.0,37750.0,37900.0,4944085
2018-10-19,,37800.0,37950.0,37600.0,37850.0,6442832
2018-10-22,,37650.0,38750.0,37450.0,38500.0,7296428
2018-10-23,,38250.0,38800.0,38200.0,38750.0,5960433
2018-10-24,,38900.0,39800.0,38850.0,39400.0,6545261
2018-10-25,,39250.0,39450.0,38950.0,39050.0,7142570
2018-10-26,,38800.0,38850.0,38150.0,38300.0,5479708
2018-10-29,,38400.0,39150.0,37650.0,38000.0,6919576
2018-10-30,,37950.0,38150.0,37500.0,38000.0,6779976
2018-10-31,,38000.0,38350.0,37750.0,38250.0,4788822
2018-11-01,,38150.0,40050.0,38050.0,40000.0,8753849
2018-11-02,,40100.0,40450.0,39850.0,39950.0,4760236
2018-11-05,,39750.0,40200.0,39100.0,39200.0,7561599
2018-11-06,,39300.0,39400.0,38550.0,38950.0,6403913
2018-11-07,,38950.0,39250.0,38300.0,38600.0,8228425
2018-11-08,,38600.0,39000.0,38550.0,38950.0,6195651
2018-11-09,,38950.0,39100.0,37600.0,37800.0,10279013
2018-11-12,,37800.0,37900.0,37400.0,37850.0,4971781
2018-11-13,,37800.0,38250.0,37600.0,37950.0,5089960
2018-11-14,,37650.0,38150.0,37500.0,38150.0,4891856
2018-11-15,,38150.0,38250.0,37650.0,37700.0,5660636
2018-11-16,,37600.0,37700.0,37200.0,37500.0,4979615
2018-11-19,,37350.0,37800.0,36200.0,36450.0,9058254
2018-11-20,,36300.0,36400.0,35900.0,36100.0,4751646
2018-11-21,,35950.0,36050.0,35250.0,35700.0,9129038
2018-11-22,,35800.0,36100.0,35700.0,36000.0,8123011
2018-11-23,,36050.0,36250.0,35100.0,35200.0,9446399
2018-11-26,,35250.0,35850.0,35150.0,35750.0,7002024
2018-11-27,,35800.0,36900.0,35600.0,36800.0,7224782
2018-11-28,,37100.0,37100.0,35200.0,35300.0,8782627
2018-11-29,,35400.0,35900.0,35150.0,35600.0,5938082
2018-11-30,,35450.0,36150.0,35300.0,36100.0,7288702
2018-12-03,,36000.0,36200.0,35600.0,35650.0,8578104
2018-12-04,,35700.0,35850.0,35200.0,35350.0,8349906
2018-12-05,,35100.0,35400.0,35050.0,35300.0,7806046
2018-12-06,,35300.0,35900.0,35000.0,35050.0,8145007
2018-12-07,,35150.0,35450.0,34350.0,34850.0,9478494
2018-12-10,,34750.0,35100.0,33550.0,33700.0,9608984
2018-12-11,,33650.0,34850.0,33200.0,34500.0,7891873
2018-12-12,,34700.0,35550.0,34150.0,35250.0,6524070
2018-12-13,,35300.0,35500.0,34650.0,34650.0,7065977
2018-12-14,,34650.0,34650.0,33500.0,33650.0,6975334
2018-12-17,,33400.0,34150.0,33250.0,34000.0,5901222
2018-12-18,,34250.0,34250.0,33350.0,33650.0,8662680
2018-12-19,,33700.0,33950.0,33600.0,33750.0,6259836
2018-12-20,,33850.0,33950.0,33450.0,33550.0,5227979
2018-12-21,,33600.0,34100.0,33450.0,34000.0,7091526
2018-12-24,,34050.0,35100.0,33950.0,34500.0,8868071
2018-12-25,,34400.0,34450.0,34000.0,34000.0,8267373
2018-12-26,,34000.0,34050.0,32900.0,33050.0,7319508
2018-12-27,,33150.0,33200.0,31950.0,32000.0,8960277
2018-12-28,,32100.0,32500.0,32000.0,32400.0,8182366
2018-12-31,,32550.0,32800.0,31600.0,31650.0,7999663
2019-01-01,,31800.0,32050.0,31350.0,31350.0,8063159
2019-01-02,,30850.0,31000.0,30850.0,30950.0,4246296
2019-01-03,,31000.0,31200.0,30750.0,30950.0,6864012
2019-01-04,,30850.0,31050.0,29500.0,29750.0,9406047
2019-01-07,,29850.0,29850.0,29450.0,29850.0,5422480
2019-01-08,,29950.0,30350.0,29700.0,30200.0,8547920
2019-01-09,,30150.0,30400.0,30100.0,30250.0,7075993
2019-01-10,,30300.0,30600.0,30000.0,30050.0,5761908
2019-01-11,,30050.0,30200.0,30050.0,30150.0,6746305
2019-01-14,,30350.0,30450.0,30050.0,30400.0,5112509
2019-01-15,,30200.0,30500.0,28650.0,28700.0,10868868
2019-01-16,,28800.0,29900.0,28750.0,29850.0,8753815
2019-01-17,,29900.0,30050.0,29550.0,30050.0,5203709
2019-01-18,,29700.0,29750.0,29550.0,29700.0,5304539
2019-01-21,,29500.0,29650.0,29300.0,29450.0,5244825
2019-01-22,,29600.0,29800.0,29550.0,29750.0,7980120
2019-01-23,,29700.0,30000.0,29650.0,29700.0,5027143
2019-01-24,,29650.0,29750.0,28000.0,28500.0,9846125
2019-01-25,,28500.0,29700.0,28450.0,29650.0,7423667
2019-01-28,,29850.0,30000.0,29450.0,29600.0,6226181
2019-01-29,,29700.0,30300.0,29400.0,30250.0,8099397
2019-01-30,,30300.0,30350.0,29650.0,29800.0,8537952
2019-01-31,,29800.0,30750.0,29750.0,30750.0,8157598
2019-02-01,,30900.0,31000.0,30850.0,30900.0,6750515
2019-02-04,,30850.0,31300.0,30800.0,31300.0,4810218
2019-02-05,,31600.0,31650.0,30550.0,30650.0,7379908
2019-02-06,,30650.0,31450.0,30450.0,31400.0,8556294
2019-02-07,,31500.0,32000.0,31350.0,31850.0,8233734
2019-02-08,,32000.0,32750.0,31900.0,32700.0,7430439
2019-02-11,,32750.0,33050.0,32250.0,32250.0,8778326
2019-02-12,,32150.0,32250.0,31800.0,31950.0,7080831
2019-02-13,,31800.0,33800.0,31750.0,33450.0,9589196
2019-02-14,,33150.0,33250.0,32650.0,32750.0,5191032
2019-02-15,,32900.0,32950.0,32600.0,32650.0,5984874
2019-02-18,,32550.0,33450.0,32400.0,33400.0,8635557
2019-02-19,,33550.0,34000.0,33500.0,33500.0,5148477
2019-02-20,,33350.0,33900.0,33300.0,33900.0,5117164
2019-02-21,,33900.0,33950.0,33600.0,33600.0,8264080
2019-02-22,,33750.0,33850.0,33550.0,33850.0,6672929
2019-02-25,,33700.0,33900.0,32950.0,33000.0,5985775
2019-02-26,,32850.0,34500.0,32750.0,34100.0,10511106
2019-02-27,,34200.0,34250.0,33800.0,34000.0,6501247
2019-02-28,,34050.0,34200.0,33400.0,33550.0,7893613
2019-03-01,,33550.0,34150.0,33500.0,34000.0,7908345
2019-03-04,,34150.0,34250.0,33700.0,33700.0,6873320
2019-03-05,,33750.0,34100.0,32700.0,32800.0,8431402
2019-03-06,,32800.0,33000.0,31900.0,31950.0,6839170
2019-03-07,,32000.0,32550.0,31700.0,32400.0,6205196
2019-03-08,,32350.0,32650.0,32000.0,32300.0,7981379
2019-03-11,,32250.0,32350.0,32000.0,32200.0,4486173
2019-03-12,,32450.0,33200.0,32200.0,32900.0,5834539
2019-03-13,,32800.0,32800.0,32050.0,32150.0,7251006
2019-03-14,,32450.0,32550.0,31400.0,31700.0,7230297
2019-03-15,,31550.0,31700.0,31200.0,31450.0,6251534
2019-03-18,,31750.0,31900.0,31400.0,31550.0,7440121
2019-03-19,,31450.0,31500.0,31450.0,31500.0,5410438
2019-03-20,,31150.0,31500.0,31150.0,31350.0,4455081
2019-03-21,,31350.0,31400.0,31250.0,31300.0,4271699
2019-03-22,,31300.0,31350.0,31000.0,31250.0,4837549
2019-03-25,,31300.0,31500.0,30750.0,30800.0,5767418
2019-03-26,,30800.0,30850.0,30250.0,30300.0,8031400
2019-03-27,,30150.0,30500.0,30150.0,30450.0,7880642
2019-03-28,,30650.0,30700.0,29550.0,29900.0,6479391
2019-03-29,,29800.0,29900.0,29200.0,29250.0,6429348
2019-04-01,,29300.0,29450.0,28950.0,29050.0,7998359
2019-04-02,,28850.0,29050.0,28650.0,28950.0,5016776
2019-04-03,,29000.0,30500.0,28800.0,30300.0,10457956
2019-04-04,,30500.0,30550.0,29550.0,29850.0,6175098
2019-04-05,,29800.0,30600.0,29750.0,30450.0,7430987
2019-04-08,,30550.0,30950.0,30300.0,30900.0,6973892
2019-04-09,,30950.0,31150.0,30050.0,30150.0,9165005
2019-04-10,,30150.0,30950.0,30100.0,30650.0,7730884
2019-04-11,,30700.0,30750.0,29800.0,29900.0,9110440
2019-04-12,,29950.0,30200.0,28100.0,28300.0,11155809
2019-04-15,,28150.0,28900.0,27900.0,28650.0,9063544
2019-04-16,,28650.0,28750.0,27600.0,27650.0,9019007
2019-04-17,,27800.0,28000.0,27550.0,27900.0,6313437
2019-04-18,,27850.0,28100.0,27400.0,27550.0,6948105
2019-04-19,,27600.0,28600.0,27150.0,28450.0,7336538
2019-04-22,,28500.0,29100.0,28500.0,29050.0,7588644
2019-04-23,,29050.0,29050.0,28750.0,28800.0,4927176
2019-04-24,,28850.0,29000.0,28350.0,28400.0,8785342
2019-04-25,,28350.0,28450.0,27700.0,27750.0,8187400
2019-04-26,,27950.0,28150.0,27400.0,27500.0,6967328
2019-04-29,,27600.0,27650.0,27100.0,27350.0,6647600
2019-04-30,,27350.0,27350.0,27150.0,27150.0,4801552
2019-05-01,,27050.0,27400.0,26950.0,27250.0,7025928
2019-05-02,,27300.0,27550.0,27150.0,27550.0,6900345
2019-05-03,,27550.0,28050.0,27350.0,27750.0,9005403
2019-05-06,,27550.0,27650.0,27100.0,27350.0,5970902
2019-05-07,,27350.0,27450.0,26450.0,26550.0,9449033
2019-05-08,,26450.0,27600.0,26250.0,27300.0,9382597
2019-05-09,,27200.0,27200.0,26700.0,26900.0,7244719
2019-05-10,,26800.0,26900.0,26150.0,26550.0,8530095
2019-05-13,,26450.0,26450.0,26200.0,26300.0,7910025
2019-05-14,,26450.0,26450.0,25300.0,25350.0,9843954
2019-05-15,,25300.0,25450.0,24800.0,25100.0,8117887
2019-05-16,,25150.0,25150.0,24550.0,24850.0,6836706
2019-05-17,,24750.0,25150.0,24650.0,25150.0,6633145
2019-05-20,,25250.0,25600.0,24950.0,25550.0,7759289
2019-05-21,,25500.0,25800.0,25350.0,25550.0,5884832
2019-05-22,,25600.0,26050.0,25450.0,26000.0,7754643
2019-05-23,,26150.0,26200.0,25850.0,26200.0,4597461
2019-05-24,,26350.0,26350.0,25800.0,26200.0,6051805
2019-05-27,,26400.0,26450.0,26250.0,26300.0,7524641
2019-05-28,,26250.0,26300.0,26100.0,26200.0,7738826
2019-05-29,,26250.0,26550.0,25950.0,26000.0,5679094
2019-05-30,,26050.0,26300.0,25850.0,25850.0,7176442
2019-05-31,,25950.0,26150.0,25250.0,25250.0,7529151
2019-06-03,,25150.0,25400.0,25000.0,25400.0,5720116
2019-06-04,,25250.0,25350.0,24750.0,24900.0,6442974
2019-06-05,,24900.0,25350.0,24650.0,25350.0,6226713
2019-06-06,,25450.0,25650.0,24750.0,25250.0,9283146
2019-06-07,,25100.0,25250.0,25050.0,25250.0,6209715
2019-06-10,,25300.0,25500.0,25200.0,25500.0,7069845
2019-06-11,,25500.0,26050.0,25350.0,25850.0,7397465
2019-06-12,,25850.0,26000.0,24950.0,25050.0,7664145
2019-06-13,,25000.0,25000.0,24900.0,24950.0,4193156
2019-06-14,,24850.0,25450.0,24550.0,25400.0,7275781
2019-06-17,,25450.0,25550.0,24500.0,24550.0,7501256
2019-06-18,,24500.0,24950.0,24400.0,24750.0,8935332
2019-06-19,,24850.0,25100.0,23600.0,23600.0,10702294
2019-06-20,,23500.0,23550.0,22950.0,23150.0,8258239
2019-06-21,,23100.0,23250.0,23100.0,23150.0,6203008
2019-06-24,,23150.0,23150.0,22350.0,22400.0,9168465
2019-06-25,,22400.0,22550.0,21850.0,21950.0,6010688
2019-06-26,,22150.0,22300.0,21200.0,21350.0,8944943
2019-06-27,,21450.0,22050.0,21350.0,22050.0,9264034
2019-06-28,,21900.0,22200.0,21850.0,22100.0,4892141
2019-07-01,,22050.0,22400.0,21750.0,22350.0,7192788
2019-07-02,,22400.0,22400.0,22050.0,22250.0,7689240
2019-07-03,,22300.0,22400.0,22100.0,22100.0,6471849
2019-07-04,,21950.0,22100.0,21250.0,21400.0,7015908
2019-07-05,,21550.0,21750.0,21050.0,21300.0,6119991
2019-07-08,,21200.0,21350.0,20850.0,21000.0,5332968
2019-07-09,,21050.0,21450.0,21000.0,21350.0,6275425
2019-07-10,,21350.0,21950.0,21300.0,21850.0,5956365
2019-07-11,,21900.0,22600.0,21800.0,22500.0,7195965
2019-07-12,,22600.0,22950.0,22350.0,22850.0,7492018
2019-07-15,,22800.0,22900.0,22300.0,22600.0,9341199
2019-07-16,,22700.0,23000.0,21900.0,22100.0,11035427
2019-07-17,,22100.0,22500.0,21950.0,22450.0,8403064
2019-07-18,,22400.0,22700.0,22350.0,22600.0,4911731
2019-07-19,,22800.0,22800.0,21750.0,21800.0,8141026
2019-07-22,,21800.0,22250.0,21750.0,22000.0,6867232
2019-07-23,,22100.0,22500.0,22050.0,22350.0,7618341
2019-07-24,,22450.0,22500.0,22400.0,22400.0,5468273
2019-07-25,,22350.0,22500.0,22250.0,22300.0,5605465
2019-07-26,,22150.0,22250.0,21900.0,21950.0,6314000
2019-07-29,,21900.0,21950.0,21200.0,21300.0,8505772
2019-07-30,,21550.0,21750.0,21500.0,21650.0,5285919
2019-07-31,,21600.0,21600.0,21450.0,21550.0,5606830
2019-08-01,,21550.0,21600.0,21400.0,21450.0,5044287
2019-08-02,,21650.0,22250.0,21500.0,22200.0,6792239
2019-08-05,,22350.0,22600.0,22250.0,22500.0,7598642
2019-08-06,,22700.0,22700.0,22600.0,22650.0,5715689
2019-08-07,,22750.0,22900.0,22450.0,22750.0,5581830
2019-08-08,,22800.0,23500.0,22750.0,23450.0,9881971
2019-08-09,,23500.0,24400.0,23250.0,24250.0,10608796
2019-08-12,,24200.0,24900.0,24050.0,24700.0,7332934
2019-08-13,,24800.0,25200.0,24600.0,25000.0,7216556
2019-08-14,,25000.0,25050.0,23850.0,23950.0,8278453
2019-08-15,,24050.0,24350.0,23850.0,24000.0,7093776
2019-08-16,,24000.0,24200.0,23950.0,23950.0,6949930
2019-08-19,,23950.0,24100.0,23900.0,24000.0,5809911
2019-08-20,,23950.0,24500.0,23750.0,24450.0,9273735
2019-08-21,,24450.0,24550.0,23050.0,23150.0,9020075
2019-08-22,,23150.0,23250.0,22850.0,22900.0,6906247
2019-08-23,,22900.0,23150.0,22850.0,23000.0,7362618
2019-08-26,,22850.0,22950.0,22700.0,22800.0,6305735
2019-08-27,,22750.0,22750.0,22150.0,22150.0,8478098
2019-08-28,,22250.0,22600.0,22000.0,22550.0,6940765
2019-08-29,,22750.0,22750.0,22500.0,22700.0,4706918
2019-08-30,,22650.0,22800.0,22200.0,22250.0,5583387
2019-09-02,,22200.0,22500.0,22100.0,22400.0,6779389
2019-09-03,,22300.0,22950.0,22300.0,22750.0,6059916
2019-09-04,,22750.0,22800.0,22500.0,22750.0,8283566
2019-09-05,,22750.0,23200.0,22650.0,23150.0,7598887
2019-09-06,,23150.0,23350.0,23050.0,23200.0,8167844
2019-09-09,,23100.0,23200.0,22950.0,23000.0,7107403
2019-09-10,,23100.0,23200.0,22450.0,22450.0,6279068
2019-09-11,,22400.0,22500.0,22300.0,22450.0,4779552
2019-09-12,,22400.0,22700.0,22300.0,22550.0,5772190
2019-09-13,,22500.0,23100.0,22500.0,22950.0,6651281
2019-09-16,,23000.0,23000.0,22800.0,22900.0,5083806
2019-09-17,,22850.0,23150.0,22800.0,23100.0,5788470
2019-09-18,,23050.0,23100.0,22600.0,22650.0,7470171
2019-09-19,,22550.0,22700.0,22100.0,22300.0,7054329
2019-09-20,,22350.0,22500.0,22250.0,22250.0,6941860
2019-09-23,,22200.0,22200.0,21750.0,21800.0,7540758
2019-09-24,,21750.0,22350.0,21650.0,22150.0,8643200
2019-09-25,,22200.0,22500.0,22150.0,22350.0,5508489
2019-09-26,,22550.0,22850.0,22350.0,22500.0,5661639
2019-09-27,,22400.0,22650.0,22250.0,22650.0,5300557
2019-09-30,,22650.0,23750.0,22600.0,23550.0,7448215
2019-10-01,,23450.0,23450.0,23350.0,23350.0,6726994
2019-10-02,,23500.0,23700.0,22250.0,22350.0,11104229
2019-10-03,,22450.0,22500.0,22150.0,22400.0,5903807
2019-10-04,,22550.0,22550.0,22300.0,22400.0,5903912
2019-10-07,,22300.0,22300.0,22100.0,22200.0,6236310
2019-10-08,,22100.0,22250.0,21600.0,21750.0,6284443
2019-10-09,,21850.0,21850.0,21450.0,21550.0,6048945
2019-10-10,,21350.0,21700.0,21300.0,21650.0,5570036
2019-10-11,,21750.0,21800.0,21350.0,21450.0,7998357
2019-10-14,,21550.0,22500.0,21350.0,22450.0,10105367
2019-10-15,,22450.0,22650.0,21900.0,22050.0,7571540
2019-10-16,,22000.0,22100.0,21650.0,21700.0,5688865
2019-10-17,,21750.0,21900.0,20700.0,20700.0,8910951
2019-10-18,,20750.0,20900.0,20600.0,20800.0,7864464
2019-10-21,,20750.0,21000.0,20000.0,20000.0,8481745
2019-10-22,,20000.0,20000.0,19700.0,19750.0,5542440
2019-10-23,,19650.0,19750.0,19450.0,19650.0,7839878
2019-10-24,,19800.0,20000.0,19300.0,19400.0,6212061
2019-10-25,,19500.0,20050.0,19400.0,20050.0,7813242
2019-10-28,,20050.0,20600.0,20000.0,20450.0,8188139
2019-10-29,,20400.0,21050.0,20350.0,21000.0,7006800
2019-10-30,,21000.0,21100.0,20500.0,20650.0,8899837
2019-10-31,,20650.0,21150.0,20650.0,21100.0,7197424
2019-11-01,,21000.0,21450.0,20900.0,21350.0,8383179
2019-11-04,,21350.0,21750.0,21300.0,21650.0,7626973
2019-11-05,,21550.0,22150.0,21450.0,22100.0,8592294
2019-11-06,,22150.0,22300.0,21550.0,21700.0,6678327
2019-11-07,,21700.0,21900.0,21550.0,21550.0,5557949
2019-11-08,,21500.0,22300.0,21450.0,21900.0,10111583
2019-11-11,,21850.0,22050.0,20650.0,20750.0,9628979
2019-11-12,,20750.0,21550.0,20600.0,21400.0,10560002
2019-11-13,,21400.0,21700.0,21300.0,21600.0,4987652
2019-11-14,,21650.0,21700.0,21300.0,21600.0,6604482
2019-11-15,,21650.0,21850.0,21600.0,21700.0,5048025
2019-11-18,,21700.0,21800.0,21000.0,21250.0,6380037
2019-11-19,,21200.0,21350.0,21100.0,21100.0,6057843
2019-11-20,,21000.0,21900.0,20950.0,21600.0,9788014
2019-11-21,,21700.0,22150.0,21700.0,22150.0,8930500
2019-11-22,,22200.0,23600.0,22100.0,23350.0,9991614
2019-11-25,,23350.0,23500.0,23300.0,23350.0,5985722
2019-11-26,,23300.0,23500.0,22800.0,23000.0,9145543
2019-11-27,,22950.0,22950.0,22750.0,22800.0,5226962
2019-11-28,,22850.0,23000.0,22350.0,22350.0,6456384
2019-11-29,,22450.0,22500.0,22100.0,22300.0,8063843
2019-12-02,,22300.0,22550.0,22150.0,22500.0,7597279
2019-12-03,,22400.0,22750.0,22250.0,22450.0,8986072
2019-12-04,,22600.0,23000.0,22550.0,22950.0,8869566
2019-12-05,,23000.0,23050.0,22700.0,22850.0,8057062
2019-12-06,,22800.0,22900.0,22650.0,22700.0,6636932
2019-12-09,,22650.0,22650.0,22350.0,22450.0,5830226
2019-12-10,,22350.0,22600.0,21600.0,21750.0,9776566
2019-12-11,,21800.0,21900.0,21000.0,21050.0,7697777
2019-12-12,,21200.0,21200.0,20450.0,20550.0,8974318
2019-12-13,,20500.0,21150.0,20450.0,21100.0,7781406
2019-12-16,,21050.0,21550.0,20900.0,21500.0,6358976
2019-12-17,,21400.0,22200.0,21250.0,22100.0,9655603
2019-12-18,,22250.0,22300.0,21450.0,21500.0,7120828
2019-12-19,,21550.0,21600.0,20550.0,20650.0,8271268
2019-12-20,,20800.0,20850.0,20200.0,20400.0,7747173
2019-12-23,,20550.0,20600.0,20400.0,20450.0,6865083
2019-12-24,,20450.0,20750.0,20400.0,20700.0,5791929
2019-12-25,,20450.0,21300.0,20400.0,21100.0,7784117
2019-12-26,,21050.0,21250.0,20950.0,21250.0,4913174
2019-12-27,,21450.0,22150.0,21250.0,22000.0,9079015
2019-12-30,,22000.0,22150.0,21750.0,21900.0,8553678
2019-12-31,,21850.0,21950.0,21350.0,21500.0,7642550
2020-01-01,,21600.0,21750.0,20700.0,20800.0,10613893
2020-01-02,,20800.0,20950.0,20150.0,20400.0,8900275
2020-01-03,,20300.0,20650.0,20250.0,20550.0,6188906
2020-01-06,,20450.0,20500.0,20150.0,20150.0,7744615
2020-01-07,,20100.0,20600.0,20100.0,20550.0,7013095
2020-01-08,,20550.0,21400.0,20550.0,21150.0,8015741
2020-01-09,,21250.0,21350.0,20150.0,20150.0,9146169
2020-01-10,,20150.0,20600.0,20150.0,20500.0,6946794
2020-01-13,,20600.0,20800.0,19600.0,19600.0,11871353
2020-01-14,,19750.0,19850.0,19700.0,19750.0,4766506
2020-01-15,,19700.0,20350.0,19650.0,20250.0,7894527
2020-01-16,,20250.0,20350.0,20150.0,20250.0,5298748
2020-01-17,,20100.0,20300.0,19650.0,19750.0,9112697
2020-01-20,,19700.0,19750.0,19500.0,19550.0,4574354
2020-01-21,,19650.0,19750.0,19350.0,19450.0,8487080
2020-01-22,,19550.0,19650.0,19100.0,19350.0,9318809
2020-01-23,,19300.0,19350.0,19250.0,19300.0,7190154
2020-01-24,,19300.0,19450.0,19250.0,19250.0,4581737
2020-01-27,,19300.0,19400.0,19300.0,19350.0,7329476
2020-01-28,,19300.0,19400.0,18900.0,18900.0,7320577
2020-01-29,,18850.0,18950.0,18750.0,18800.0,4925928
2020-01-30,,18650.0,19450.0,18500.0,19350.0,10013993
2020-01-31,,19450.0,19550.0,19200.0,19250.0,7092636
2020-02-03,,19350.0,19500.0,19000.0,19050.0,8876596
2020-02-04,,18900.0,19600.0,18800.0,19500.0,8595664
2020-02-05,,19650.0,19700.0,18450.0,18500.0,10606523
2020-02-06,,18500.0,19050.0,18400.0,18950.0,6505958
2020-02-07,,18950.0,19150.0,18600.0,18700.0,6810590
2020-02-10,,18650.0,18800.0,18500.0,18750.0,5012269
2020-02-11,,18750.0,18800.0,18700.0,18800.0,6168215
2020-02-12,,18850.0,19350.0,18700.0,19150.0,7228596
2020-02-13,,19200.0,19500.0,19000.0,19050.0,7915364
2020-02-14,,19200.0,19250.0,18650.0,18800.0,6464915
2020-02-17,,18950.0,19350.0,18900.0,19300.0,9106181
2020-02-18,,19350.0,19500.0,18350.0,18400.0,9428018
2020-02-19,,18450.0,18500.0,18250.0,18400.0,7463718
2020-02-20,,18350.0,18450.0,17900.0,17900.0,8696841
2020-02-21,,17950.0,18050.0,17500.0,17650.0,9436979
2020-02-24,,17650.0,18500.0,17450.0,18350.0,8036551
2020-02-25,,18350.0,18500.0,18250.0,18350.0,6596979
2020-02-26,,18300.0,18500.0,18300.0,18450.0,7405074
2020-02-27,,18450.0,18500.0,17500.0,17750.0,11584809
2020-02-28,,17700.0,17800.0,17450.0,17500.0,8215258
2020-03-02,,17500.0,17650.0,17500.0,17600.0,7614604
2020-03-03,,17600.0,17750.0,17500.0,17700.0,5008251
2020-03-04,,17800.0,18000.0,17700.0,17950.0,7535188
2020-03-05,,18000.0,18250.0,17850.0,17950.0,6651400
2020-03-06,,17900.0,18300.0,17850.0,18150.0,8931958
2020-03-09,,18150.0,18350.0,18000.0,18300.0,8107759
2020-03-10,,18400.0,18450.0,17550.0,17650.0,7813371
2020-03-11,,17650.0,17750.0,17600.0,17650.0,5534778
2020-03-12,,17700.0,18100.0,17650.0,17950.0,8811041
2020-03-13,,18000.0,18250.0,18000.0,18150.0,7408646
2020-03-16,,18050.0,18050.0,17850.0,18050.0,7010518
2020-03-17,,18050.0,18050.0,17700.0,17750.0,8563990
2020-03-18,,17750.0,17850.0,17050.0,17350.0,8810884
2020-03-19,,17350.0,17350.0,17300.0,17300.0,5386934
2020-03-20,,17250.0,17750.0,17250.0,17700.0,8967260
2020-03-23,,17700.0,17850.0,16950.0,17000.0,10927497
2020-03-24,,17050.0,17100.0,16750.0,16800.0,8036989
2020-03-25,,16700.0,16700.0,16400.0,16400.0,7181665
2020-03-26,,16350.0,16800.0,16350.0,16650.0,7013208
2020-03-27,,16650.0,16750.0,16200.0,16500.0,7538861
2020-03-30,,16600.0,16850.0,16350.0,16350.0,7706129
2020-03-31,,16450.0,16500.0,16200.0,16250.0,4995557
2020-04-01,,16250.0,16450.0,16250.0,16400.0,7516055
2020-04-02,,16350.0,16500.0,16050.0,16300.0,7403082
2020-04-03,,16250.0,16250.0,15250.0,15300.0,10205823
2020-04-06,,15250.0,15500.0,15200.0,15450.0,7402504
2020-04-07,,15550.0,15600.0,15500.0,15600.0,4080105
2020-04-08,,15550.0,15600.0,15500.0,15550.0,7430832
2020-04-09,,15600.0,15650.0,15200.0,15200.0,8862725
2020-04-10,,15150.0,15400.0,15050.0,15300.0,5504970
2020-04-13,,15300.0,15550.0,15250.0,15450.0,8932529
2020-04-14,,15500.0,15500.0,15250.0,15300.0,5717237
2020-04-15,,15350.0,15350.0,15100.0,15250.0,8503918
2020-04-16,,15300.0,15350.0,14950.0,14950.0,5889270
2020-04-17,,14950.0,15100.0,14850.0,14900.0,8716697
2020-04-20,,14900.0,14950.0,14400.0,14450.0,9869283
2020-04-21,,14550.0,14550.0,14450.0,14550.0,6452239
2020-04-22,,14550.0,14600.0,14100.0,14300.0,6153788
2020-04-23,,14250.0,14350.0,14100.0,14350.0,8622859
2020-04-24,,14350.0,14400.0,13950.0,13950.0,9177852
2020-04-27,,14000.0,14200.0,13800.0,13800.0,9200083
2020-04-28,,13850.0,13900.0,13650.0,13800.0,8692734
2020-04-29,,13850.0,13900.0,13250.0,13300.0,7976146
2020-04-30,,13250.0,13450.0,13100.0,13350.0,6907722
2020-05-01,,13350.0,13450.0,13050.0,13250.0,7894947
2020-05-04,,13250.0,13250.0,12700.0,12800.0,9449663
2020-05-05,,12750.0,12800.0,12350.0,12450.0,6707931
2020-05-06,,12400.0,12600.0,12300.0,12600.0,8662705
2020-05-07,,12600.0,12850.0,12500.0,12850.0,7083352
2020-05-08,,12850.0,12950.0,12600.0,12800.0,6479345
2020-05-11,,12750.0,13050.0,12750.0,12900.0,5679857
2020-05-12,,12850.0,13100.0,12800.0,13000.0,6704593
2020-05-13,,12950.0,13100.0,12850.0,13050.0,6339049
2020-05-14,,13000.0,13550.0,12900.0,13400.0,7520280
2020-05-15,,13350.0,13400.0,12950.0,13000.0,8151084
2020-05-18,,13050.0,13200.0,13000.0,13200.0,6673221
2020-05-19,,13200.0,13250.0,13000.0,13100.0,7180250
2020-05-20,,13150.0,13200.0,12900.0,13050.0,5481116
2020-05-21,,13100.0,13100.0,12900.0,12950.0,6129678
2020-05-22,,12950.0,12950.0,12750.0,12850.0,7032079
2020-05-25,,12900.0,12900.0,12400.0,12550.0,9384970
2020-05-26,,12550.0,12650.0,12500.0,12600.0,4766151
2020-05-27,,12650.0,13000.0,12550.0,13000.0,9265549
2020-05-28,,13050.0,13150.0,13000.0,13000.0,7848320
2020-05-29,,13050.0,13050.0,13000.0,13000.0,4595336
2020-06-01,,13000.0,13100.0,12750.0,12850.0,7299294
2020-06-02,,12800.0,12900.0,12750.0,12800.0,5432237
2020-06-03,,12850.0,13050.0,12750.0,12950.0,6208824
2020-06-04,,13050.0,13150.0,12850.0,12850.0,5376194
2020-06-05,,12900.0,12900.0,12600.0,12700.0,6677553
2020-06-08,,12750.0,12900.0,12650.0,12850.0,4991436
2020-06-09,,12850.0,12900.0,12500.0,12600.0,9106663
2020-06-10,,12550.0,12700.0,12450.0,12650.0,8239121
2020-06-11,,12600.0,12900.0,12550.0,12850.0,5903201
2020-06-12,,12850.0,13400.0,12800.0,13250.0,8950983
2020-06-15,,13350.0,13450.0,13150.0,13200.0,5853038
2020-06-16,,13300.0,13550.0,13200.0,13550.0,9273292
2020-06-17,,13500.0,13900.0,13500.0,13850.0,9373142
2020-06-18,,13800.0,13800.0,13450.0,13600.0,9060605
2020-06-19,,13600.0,13750.0,13150.0,13250.0,9810140
2020-06-22,,13300.0,13450.0,13200.0,13200.0,5745152
2020-06-23,,13250.0,13550.0,13150.0,13450.0,6147414
2020-06-24,,13550.0,13600.0,13400.0,13450.0,6550028
2020-06-25,,13400.0,13500.0,13150.0,13300.0,7877475
2020-06-26,,13250.0,13750.0,13250.0,13700.0,7901937
2020-06-29,,13700.0,13900.0,13600.0,13800.0,5146883
2020-06-30,,13800.0,13850.0,12950.0,13150.0,8960239
2020-07-01,,13150.0,13300.0,13100.0,13250.0,7899814
2020-07-02,,13150.0,13450.0,12950.0,13350.0,7758499
2020-07-03,,13350.0,13600.0,13300.0,13450.0,6934367
2020-07-06,,13400.0,13550.0,13300.0,13550.0,7729992
2020-07-07,,13500.0,13700.0,13500.0,13550.0,5298953
2020-07-08,,13600.0,13750.0,13150.0,13200.0,7415147
2020-07-09,,13200.0,13250.0,13100.0,13100.0,5246515
2020-07-10,,13150.0,13250.0,12750.0,12850.0,8510506
2020-07-13,,12800.0,12800.0,12450.0,12600.0,6894239
2020-07-14,,12650.0,12700.0,12200.0,12300.0,10147925
2020-07-15,,12300.0,12400.0,12150.0,12400.0,8371928
2020-07-16,,12350.0,12550.0,12300.0,12450.0,6512452
2020-07-17,,12500.0,12650.0,12300.0,12350.0,8381311
2020-07-20,,12350.0,12400.0,12050.0,12150.0,5667231
2020-07-21,,12150.0,12150.0,12100.0,12150.0,7161487
2020-07-22,,12200.0,12550.0,12150.0,12450.0,9778399
2020-07-23,,12500.0,12550.0,11800.0,11950.0,8598149
2020-07-24,,11950.0,12050.0,11850.0,12050.0,6143746
2020-07-27,,12000.0,12050.0,11850.0,11900.0,8369364
2020-07-28,,11850.0,11900.0,11400.0,11450.0,6890895
2020-07-29,,11450.0,11500.0,11000.0,11000.0,9418679
2020-07-30,,11000.0,11000.0,10750.0,10800.0,6582086
2020-07-31,,10700.0,11000.0,10700.0,10850.0,8280286
2020-08-03,,10800.0,11000.0,10800.0,10950.0,7504672
2020-08-04,,10950.0,10950.0,10650.0,10750.0,9241300
2020-08-05,,10700.0,11000.0,10700.0,11000.0,7098808
2020-08-06,,11000.0,11350.0,10950.0,11300.0,6386354
2020-08-07,,11350.0,11500.0,11300.0,11400.0,5040029
2020-08-10,,11300.0,11400.0,11250.0,11250.0,6016217
2020-08-11,,11250.0,11600.0,11150.0,11500.0,9986465
2020-08-12,,11500.0,11700.0,11500.0,11700.0,7849605
2020-08-13,,11700.0,12000.0,11700.0,11900.0,7026228
2020-08-14,,11850.0,11900.0,11700.0,11750.0,6854357
2020-08-17,,11700.0,11750.0,10950.0,11050.0,12215242
2020-08-18,,11100.0,11550.0,11000.0,11550.0,7729790
2020-08-19,,11600.0,11600.0,11150.0,11200.0,7412815
2020-08-20,,11150.0,11300.0,11100.0,11150.0,5454728
2020-08-21,,11050.0,11750.0,11050.0,11700.0,9861716
2020-08-24,,11700.0,11900.0,11700.0,11800.0,7905733
2020-08-25,,11800.0,12000.0,11800.0,12000.0,7029503
2020-08-26,,12000.0,12000.0,11650.0,11650.0,6482705
2020-08-27,,11550.0,11600.0,11200.0,11250.0,6184525
2020-08-28,,11250.0,11300.0,11100.0,11100.0,5532359
2020-08-31,,11100.0,11400.0,11050.0,11350.0,7971557
2020-09-01,,11300.0,11400.0,11200.0,11300.0,7130028
2020-09-02,,11350.0,11350.0,11000.0,11100.0,8344745
2020-09-03,,11100.0,11250.0,11050.0,11150.0,6681321
2020-09-04,,11200.0,11450.0,11100.0,11400.0,8019786
2020-09-07,,11350.0,11350.0,11100.0,11100.0,6911794
2020-09-08,,11150.0,11200.0,10750.0,10800.0,7711725
2020-09-09,,10750.0,10850.0,10600.0,10650.0,7203486
2020-09-10,,10600.0,10950.0,10600.0,10900.0,9070535
2020-09-11,,10900.0,10950.0,10800.0,10950.0,6605253
2020-09-14,,10950.0,11450.0,10950.0,11400.0,9742901
2020-09-15,,11300.0,11700.0,11250.0,11600.0,7175693
2020-09-16,,11550.0,11650.0,11500.0,11600.0,5273229
2020-09-17,,11650.0,12000.0,11600.0,11900.0,8748896
2020-09-18,,11900.0,12050.0,11850.0,11950.0,7410124
2020-09-21,,11950.0,12100.0,11750.0,11800.0,6844489
2020-09-22,,11850.0,12050.0,11750.0,11950.0,5478487
2020-09-23,,11900.0,11950.0,11800.0,11800.0,7841140
2020-09-24,,11900.0,12000.0,11650.0,11700.0,8691212
2020-09-25,,11700.0,12050.0,11600.0,12050.0,7823128
2020-09-28,,12000.0,12000.0,11850.0,12000.0,7865488
2020-09-29,,12000.0,12050.0,11700.0,11800.0,6860758
2020-09-30,,11650.0,11750.0,11650.0,11700.0,5634408
2020-10-01,,11650.0,12000.0,11650.0,11950.0,8409142
2020-10-02,,12000.0,12050.0,11700.0,11850.0,7711998
2020-10-05,,11900.0,11950.0,11650.0,11750.0,6000111
2020-10-06,,11800.0,11800.0,11550.0,11600.0,7043690
2020-10-07,,11650.0,11700.0,11600.0,11650.0,7059617
2020-10-08,,11650.0,11700.0,11550.0,11600.0,6118064
2020-10-09,,11650.0,11750.0,11200.0,11200.0,9486945
2020-10-12,,11100.0,11150.0,11000.0,11000.0,5917682
2020-10-13,,10950.0,11050.0,10650.0,10800.0,7074729
2020-10-14,,10800.0,11150.0,10750.0,11100.0,8714513
2020-10-15,,11100.0,11300.0,11050.0,11250.0,7062418
2020-10-16,,11350.0,11400.0,11250.0,11400.0,8199509
2020-10-19,,11350.0,11400.0,11200.0,11300.0,6553777
2020-10-20,,11200.0,11250.0,11000.0,11100.0,7375323
2020-10-21,,11100.0,11100.0,10950.0,11000.0,7548422
2020-10-22,,10950.0,11000.0,10700.0,10750.0,6503719
2020-10-23,,10800.0,11400.0,10750.0,11300.0,8957039
2020-10-26,,11300.0,11350.0,10750.0,10800.0,8724902
2020-10-27,,10850.0,11000.0,10750.0,10900.0,7299372
2020-10-28,,10950.0,11000.0,10550.0,10650.0,9758622
2020-10-29,,10600.0,10750.0,10500.0,10600.0,6200279
2020-10-30,,10600.0,10600.0,10300.0,10400.0,7640007
2020-11-02,,10400.0,10450.0,10050.0,10150.0,10114959
2020-11-03,,10100.0,10100.0,9950.0,9950.0,5456728
2020-11-04,,10000.0,10350.0,9950.0,10300.0,7552749
2020-11-05,,10300.0,10300.0,10200.0,10250.0,8202087
2020-11-06,,10250.0,10300.0,10000.0,10100.0,9545448
2020-11-09,,10150.0,10250.0,10050.0,10200.0,6144139
2020-11-10,,10150.0,10300.0,10100.0,10200.0,6421732
2020-11-11,,10250.0,10400.0,10200.0,10350.0,8270974
2020-11-12,,10350.0,10400.0,10000.0,10000.0,7516904
2020-11-13,,9950.0,10150.0,9900.0,10050.0,5687908
2020-11-16,,10000.0,10250.0,10000.0,10200.0,5415580
2020-11-17,,10150.0,10250.0,9800.0,9850.0,10901240
2020-11-18,,9800.0,9950.0,9750.0,9950.0,6804007
2020-11-19,,10000.0,10350.0,9950.0,10300.0,7550676
2020-11-20,,10250.0,10350.0,10200.0,10300.0,6784566
2020-11-23,,10300.0,10600.0,10200.0,10450.0,7292222
2020-11-24,,10450.0,10600.0,10400.0,10600.0,6871666
2020-11-25,,10600.0,10650.0,10400.0,10450.0,6901382
2020-11-26,,10500.0,10550.0,10400.0,10450.0,5725530
2020-11-27,,10450.0,10550.0,10150.0,10150.0,8068920
2020-11-30,,10150.0,10150.0,10000.0,10050.0,6119697
2020-12-01,,10000.0,10100.0,9950.0,10100.0,7836340
2020-12-02,,10100.0,10300.0,10050.0,10250.0,9309063
2020-12-03,,10250.0,10250.0,10250.0,10250.0,6044862
2020-12-04,,10200.0,10500.0,10100.0,10400.0,7585556
2020-12-07,,10450.0,10500.0,10150.0,10200.0,9147979
2020-12-08,,10150.0,10200.0,10100.0,10150.0,7752046
2020-12-09,,10150.0,10250.0,10000.0,10200.0,6154828
2020-12-10,,10200.0,10550.0,10100.0,10550.0,7853008
2020-12-11,,10600.0,10650.0,10450.0,10500.0,6986978
2020-12-14,,10500.0,10600.0,10250.0,10400.0,6306921
2020-12-15,,10350.0,10400.0,10300.0,10400.0,5048879
2020-12-16,,10450.0,10450.0,10200.0,10250.0,6544642
2020-12-17,,10300.0,10350.0,10250.0,10250.0,5693348
2020-12-18,,10300.0,10300.0,10150.0,10200.0,7733691
2020-12-21,,10150.0,10200.0,9700.0,9850.0,7417651
2020-12-22,,9900.0,10000.0,9800.0,9800.0,7234262
2020-12-23,,9750.0,9850.0,9650.0,9750.0,5952228
2020-12-24,,9750.0,9750.0,9400.0,9450.0,7901161
2020-12-25,,9450.0,9450.0,9350.0,9450.0,5805160
2020-12-28,,9500.0,9750.0,9500.0,9700.0,9344090
2020-12-29,,9650.0,9800.0,9650.0,9800.0,6523597
2020-12-30,,9800.0,10000.0,9650.0,9950.0,9370813
2020-12-31,,9950.0,10000.0,9700.0,9700.0,8653135
2021-01-01,,9750.0,9750.0,9700.0,9750.0,7185641
2021-01-04,,9750.0,9800.0,9700.0,9800.0,7444422
2021-01-05,,9800.0,9950.0,9750.0,9900.0,7813979
2021-01-06,,9850.0,10050.0,9850.0,10000.0,8064353
2021-01-07,,10050.0,10100.0,9700.0,9700.0,9497754
2021-01-08,,9700.0,9700.0,9650.0,9700.0,5902984
2021-01-11,,9700.0,9750.0,9550.0,9550.0,7997363
2021-01-12,,9600.0,9600.0,9500.0,9550.0,7445119
2021-01-13,,9550.0,9600.0,9250.0,9400.0,7129229
2021-01-14,,9450.0,9700.0,9450.0,9650.0,8365818
2021-01-15,,9650.0,9650.0,9450.0,9500.0,5275829
2021-01-18,,9550.0,9550.0,9250.0,9300.0,6875864
2021-01-19,,9350.0,9350.0,9350.0,9350.0,3758959
2021-01-20,,9350.0,9350.0,9100.0,9150.0,7588368
2021-01-21,,9150.0,9150.0,9000.0,9050.0,6120700
2021-01-22,,9000.0,9050.0,8850.0,8900.0,8369645
2021-01-25,,8950.0,9250.0,8900.0,9150.0,7491611
2021-01-26,,9100.0,9300.0,9050.0,9300.0,9043691
2021-01-27,,9300.0,9350.0,9300.0,9300.0,5644982
2021-01-28,,9350.0,9350.0,9200.0,9250.0,4843064
2021-01-29,,9200.0,9450.0,9150.0,9400.0,7355689
2021-02-01,,9400.0,9550.0,9400.0,9500.0,7505477
2021-02-02,,9500.0,9650.0,9500.0,9600.0,7046588
2021-02-03,,9550.0,9600.0,9550.0,9550.0,6262181
2021-02-04,,9550.0,9600.0,9250.0,9250.0,8479367
2021-02-05,,9250.0,9300.0,9150.0,9250.0,6303439
2021-02-08,,9300.0,9350.0,9150.0,9150.0,7833293
2021-02-09,,9150.0,9350.0,9050.0,9250.0,8370249
2021-02-10,,9250.0,9550.0,9200.0,9450.0,7238183
2021-02-11,,9400.0,9450.0,9300.0,9300.0,7974598
2021-02-12,,9300.0,9400.0,9300.0,9400.0,5169392
2021-02-15,,9450.0,9800.0,9400.0,9750.0,8725634
2021-02-16,,9750.0,9800.0,9550.0,9600.0,5988378
2021-02-17,,9600.0,10050.0,9600.0,9950.0,9342714
2021-02-18,,9850.0,10000.0,9750.0,9750.0,7398971
2021-02-19,,9750.0,9850.0,9750.0,9800.0,5274942
2021-02-22,,9800.0,9850.0,9800.0,9800.0,4780298
2021-02-23,,9800.0,9850.0,9700.0,9800.0,6052944
2021-02-24,,9800.0,9800.0,9600.0,9600.0,6959155
2021-02-25,,9600.0,9600.0,9450.0,9500.0,5500180
2021-02-26,,9500.0,9500.0,9350.0,9400.0,6549582
2021-03-01,,9400.0,9450.0,9300.0,9450.0,7830831
2021-03-02,,9500.0,9650.0,9500.0,9500.0,7244080
2021-03-03,,9550.0,9950.0,9500.0,9950.0,8147757
2021-03-04,,9900.0,10200.0,9850.0,10200.0,6237973
2021-03-05,,10150.0,10200.0,10050.0,10100.0,6439733
2021-03-08,,10100.0,10200.0,10100.0,10150.0,6878212
2021-03-09,,10150.0,10400.0,10050.0,10400.0,9773900
2021-03-10,,10400.0,10450.0,10400.0,10400.0,6713601
2021-03-11,,10450.0,10500.0,10250.0,10350.0,8783267
2021-03-12,,10250.0,10400.0,10200.0,10400.0,7672103
2021-03-15,,10400.0,10550.0,10350.0,10550.0,7555718
2021-03-16,,10500.0,10550.0,10400.0,10400.0,6882227
2021-03-17,,10400.0,10450.0,10250.0,10300.0,8875636
2021-03-18,,10300.0,10550.0,10300.0,10400.0,8206390
2021-03-19,,10500.0,10550.0,10450.0,10500.0,4787917
2021-03-22,,10450.0,10550.0,10400.0,10550.0,4748915
2021-03-23,,10550.0,10550.0,10450.0,10450.0,7588739
2021-03-24,,10400.0,10700.0,10350.0,10650.0,7539894
2021-03-25,,10550.0,11200.0,10500.0,11150.0,10971303
2021-03-26,,11150.0,11250.0,11000.0,11200.0,7116660
2021-03-29,,11150.0,11250.0,11050.0,11200.0,7203148
2021-03-30,,11200.0,11450.0,11100.0,11350.0,7040655
2021-03-31,,11350.0,11500.0,11150.0,11250.0,8697311
2021-04-01,,11250.0,11350.0,11050.0,11050.0,9115910
2021-04-02,,11050.0,11150.0,10850.0,11050.0,8079832
2021-04-05,,11100.0,11100.0,10500.0,10500.0,8839652
2021-04-06,,10500.0,10600.0,10250.0,10250.0,9391360
2021-04-07,,10200.0,10200.0,10100.0,10200.0,6141964
2021-04-08,,10200.0,10250.0,9850.0,9900.0,9846762
2021-04-09,,10000.0,10050.0,9600.0,9700.0,10527694
2021-04-12,,9700.0,9750.0,9500.0,9600.0,6923857
2021-04-13,,9600.0,9650.0,9300.0,9300.0,6333487
2021-04-14,,9250.0,9300.0,9200.0,9250.0,4642877
2021-04-15,,9200.0,9250.0,9100.0,9150.0,7889941
2021-04-16,,9150.0,9150.0,9100.0,9150.0,4115479
2021-04-19,,9050.0,9500.0,9050.0,9350.0,10139594
2021-04-20,,9400.0,9400.0,9300.0,9400.0,6455307
2021-04-21,,9400.0,9450.0,9350.0,9400.0,8071835
2021-04-22,,9350.0,9400.0,9300.0,9400.0,4886287
2021-04-23,,9350.0,9550.0,9250.0,9450.0,6799818
2021-04-26,,9500.0,9500.0,9200.0,9250.0,6801786
2021-04-27,,9250.0,9250.0,9200.0,9250.0,4397956
2021-04-28,,9200.0,9350.0,9200.0,9300.0,8187153
2021-04-29,,9300.0,9350.0,9050.0,9050.0,9451733
2021-04-30,,9050.0,9200.0,8950.0,9200.0,9118499
2021-05-03,,9250.0,9450.0,9150.0,9400.0,8346516
2021-05-04,,9400.0,9500.0,9200.0,9300.0,8311950
2021-05-05,,9300.0,9350.0,9250.0,9250.0,5225030
2021-05-06,,9250.0,9300.0,9100.0,9100.0,6231020
2021-05-07,,9150.0,9250.0,9100.0,9200.0,5937010
2021-05-10,,9200.0,9250.0,8950.0,9000.0,7705604
2021-05-11,,9100.0,9100.0,8950.0,9000.0,5010858
2021-05-12,,8950.0,9000.0,8750.0,8850.0,6190458
2021-05-13,,8850.0,8850.0,8850.0,8850.0,4757286
2021-05-14,,8850.0,8900.0,8450.0,8500.0,9747554
2021-05-17,,8450.0,8800.0,8450.0,8750.0,8058491
2021-05-18,,8700.0,8700.0,8550.0,8600.0,6240756
2021-05-19,,8600.0,8700.0,8600.0,8600.0,7689661
2021-05-20,,8600.0,8650.0,8550.0,8550.0,6006028
2021-05-21,,8550.0,8650.0,8350.0,8450.0,9615812
2021-05-24,,8400.0,8450.0,8200.0,8300.0,8975011
2021-05-25,,8300.0,8500.0,8250.0,8450.0,7567223
2021-05-26,,8400.0,8400.0,8350.0,8350.0,6133140
2021-05-27,,8350.0,8450.0,8300.0,8400.0,8074471
2021-05-28,,8400.0,8450.0,8200.0,8250.0,9474476
2021-05-31,,8250.0,8300.0,8100.0,8150.0,8978290
2021-06-01,,8100.0,8300.0,8100.0,8250.0,5604868
2021-06-02,,8250.0,8400.0,8100.0,8400.0,9934982
2021-06-03,,8400.0,8400.0,8300.0,8350.0,6409053
2021-06-04,,8350.0,8400.0,8050.0,8100.0,8571929
2021-06-07,,8100.0,8500.0,8100.0,8450.0,8985447
2021-06-08,,8400.0,8400.0,8250.0,8300.0,5038074
2021-06-09,,8250.0,8300.0,8050.0,8050.0,8910443
2021-06-10,,8050.0,8550.0,8000.0,8450.0,9795576
2021-06-11,,8450.0,8500.0,8350.0,8400.0,5662102
2021-06-14,,8400.0,8500.0,8150.0,8150.0,10290659
2021-06-15,,8100.0,8150.0,8000.0,8050.0,8339287
2021-06-16,,8100.0,8200.0,8050.0,8100.0,7260629
2021-06-17,,8100.0,8200.0,8000.0,8150.0,5836750
2021-06-18,,8150.0,8200.0,8000.0,8000.0,9127336
2021-06-21,,8000.0,8350.0,8000.0,8300.0,7917521
2021-06-22,,8300.0,8300.0,8150.0,8200.0,6317089
2021-06-23,,8200.0,8250.0,8000.0,8000.0,8632388
2021-06-24,,7900.0,8150.0,7900.0,8150.0,7310258
2021-06-25,,8150.0,8400.0,8100.0,8400.0,8148174
2021-06-28,,8400.0,8450.0,8150.0,8250.0,8089588
2021-06-29,,8250.0,8300.0,7950.0,8000.0,8850502
2021-06-30,,8000.0,8200.0,8000.0,8200.0,5618411
2021-07-01,,8200.0,8200.0,7800.0,7850.0,8793600
2021-07-02,,7900.0,7900.0,7650.0,7650.0,8412433
2021-07-05,,7650.0,7900.0,7600.0,7800.0,10212309
2021-07-06,,7850.0,7900.0,7750.0,7800.0,6166478
2021-07-07,,7850.0,7850.0,7700.0,7750.0,6505395
2021-07-08,,7750.0,7850.0,7650.0,7850.0,7100691
2021-07-09,,7850.0,7950.0,7800.0,7800.0,7220724
2021-07-12,,7800.0,7850.0,7600.0,7600.0,7344079
2021-07-13,,7650.0,7850.0,7550.0,7800.0,8017327
2021-07-14,,7800.0,8050.0,7800.0,8000.0,7412978
2021-07-15,,8000.0,8150.0,8000.0,8050.0,6756338
2021-07-16,,8050.0,8150.0,8000.0,8050.0,5582773
2021-07-19,,8050.0,8450.0,8050.0,8450.0,7355137
2021-07-20,,8450.0,8500.0,8350.0,8400.0,8165190
2021-07-21,,8400.0,8400.0,8350.0,8350.0,5991915
2021-07-22,,8350.0,8400.0,8250.0,8400.0,8381983
2021-07-23,,8400.0,8700.0,8400.0,8650.0,8644132
2021-07-26,,8650.0,9000.0,8600.0,8950.0,10838407
2021-07-27,,8950.0,9000.0,8850.0,8900.0,5712208
2021-07-28,,8900.0,9000.0,8900.0,8950.0,7367349
2021-07-29,,8950.0,9050.0,8650.0,8700.0,9218543
2021-07-30,,8750.0,8800.0,8600.0,8650.0,9208338
2021-08-02,,8650.0,8700.0,8500.0,8500.0,8315277
2021-08-03,,8550.0,8650.0,8300.0,8350.0,7335920
2021-08-04,,8350.0,8650.0,8300.0,8600.0,9368898
2021-08-05,,8600.0,8650.0,8450.0,8500.0,8885195
2021-08-06,,8500.0,8500.0,8350.0,8400.0,6517850
2021-08-09,,8400.0,8450.0,8400.0,8450.0,4367930
2021-08-10,,8450.0,8800.0,8350.0,8700.0,9095712
2021-08-11,,8750.0,8800.0,8700.0,8750.0,4515888
2021-08-12,,8800.0,9300.0,8800.0,9250.0,10545203
2021-08-13,,9250.0,9350.0,9200.0,9250.0,7612454
2021-08-16,,9150.0,9350.0,9150.0,9300.0,7881361
2021-08-17,,9350.0,9450.0,9250.0,9350.0,5134076
2021-08-18,,9350.0,9600.0,9350.0,9600.0,9370462
2021-08-19,,9550.0,9700.0,9500.0,9700.0,7582708
2021-08-20,,9650.0,9750.0,9600.0,9700.0,7723810
2021-08-23,,9750.0,9800.0,9500.0,9500.0,6698576
2021-08-24,,9500.0,9600.0,9450.0,9550.0,6231158
2021-08-25,,9500.0,9800.0,9500.0,9800.0,6518433
2021-08-26,,9800.0,9850.0,9700.0,9750.0,5653760
2021-08-27,,9750.0,9900.0,9750.0,9850.0,6226001
2021-08-30,,9850.0,9950.0,9800.0,9900.0,5914968
2021-08-31,,9950.0,10200.0,9950.0,10050.0,5565273
2021-09-01,,10100.0,10100.0,9850.0,9900.0,7300997
2021-09-02,,9850.0,10550.0,9850.0,10400.0,8792065
2021-09-03,,10400.0,10400.0,10100.0,10100.0,7563738
2021-09-06,,10100.0,10100.0,10000.0,10050.0,4277736
2021-09-07,,10000.0,10300.0,10000.0,10250.0,8554441
2021-09-08,,10250.0,10350.0,10250.0,10300.0,6690447
2021-09-09,,10300.0,10500.0,10300.0,10450.0,6117627
2021-09-10,,10400.0,10400.0,10350.0,10350.0,6055625
2021-09-13,,10350.0,10400.0,10350.0,10350.0,5510909
2021-09-14,,10350.0,10450.0,10300.0,10350.0,7684018
2021-09-15,,10250.0,10750.0,10250.0,10700.0,9129659
2021-09-16,,10700.0,10850.0,10650.0,10850.0,6362873
2021-09-17,,10850.0,11050.0,10800.0,11000.0,7700866
2021-09-20,,11050.0,11100.0,10800.0,10850.0,9207275
2021-09-21,,11000.0,11100.0,10950.0,11050.0,5177970
2021-09-22,,11050.0,11150.0,11050.0,11100.0,5839701
2021-09-23,,11100.0,11500.0,11050.0,11450.0,6560252
2021-09-24,,11450.0,11900.0,11400.0,11900.0,8725222
2021-09-27,,12000.0,12100.0,11750.0,11800.0,7327030
2021-09-28,,11850.0,11950.0,11700.0,11750.0,5530647
2021-09-29,,11700.0,11900.0,11400.0,11550.0,10030801
2021-09-30,,11500.0,11500.0,11450.0,11500.0,5788787
2021-10-01,,11500.0,11600.0,11400.0,11400.0,6687178
2021-10-04,,11350.0,11500.0,11300.0,11500.0,7258118
2021-10-05,,11500.0,11600.0,11400.0,11450.0,8554326
2021-10-06,,11450.0,11500.0,11400.0,11400.0,7068473
2021-10-07,,11400.0,11700.0,11350.0,11650.0,6244897
2021-10-08,,11700.0,11750.0,11400.0,11400.0,8322877
2021-10-11,,11450.0,11500.0,11450.0,11500.0,5593964
2021-10-12,,11500.0,11550.0,11300.0,11400.0,7183866
2021-10-13,,11400.0,11600.0,11350.0,11600.0,5384234
2021-10-14,,11500.0,12000.0,11350.0,11900.0,7832256
2021-10-15,,11950.0,12000.0,11850.0,11850.0,6176619
2021-10-18,,11850.0,12050.0,11800.0,11950.0,5378914
2021-10-19,,11950.0,12200.0,11900.0,12000.0,8372129
2021-10-20,,12000.0,12050.0,11750.0,11800.0,7308034
2021-10-21,,11800.0,11850.0,11750.0,11850.0,5633317
2021-10-22,,11850.0,11950.0,11650.0,11900.0,8428611
2021-10-25,,11950.0,12000.0,11950.0,12000.0,6676517
2021-10-26,,12000.0,12150.0,11900.0,12000.0,5381138
2021-10-27,,12050.0,12050.0,11950.0,12000.0,5963142
2021-10-28,,12000.0,12000.0,11700.0,11750.0,5465848
2021-10-29,,11750.0,11800.0,11650.0,11650.0,5059223
2021-11-01,,11650.0,11800.0,11550.0,11800.0,6214289
2021-11-02,,11850.0,12100.0,11750.0,12000.0,6118080
2021-11-03,,12000.0,12000.0,11850.0,11900.0,8164122
2021-11-04,,11950.0,12000.0,11850.0,11900.0,4575276
2021-11-05,,11900.0,12000.0,11900.0,11950.0,6339828
2021-11-08,,11950.0,12000.0,11850.0,12000.0,4459446
2021-11-09,,12050.0,12200.0,12000.0,12150.0,8224603
2021-11-10,,12050.0,12050.0,11650.0,11700.0,9104740
2021-11-11,,11650.0,11750.0,11650.0,11700.0,6770175
2021-11-12,,11700.0,11800.0,11650.0,11750.0,6275939
2021-11-15,,11750.0,11800.0,11500.0,11500.0,6278708
2021-11-16,,11500.0,11900.0,11450.0,11900.0,6459945
2021-11-17,,11850.0,12050.0,11800.0,11950.0,6823094
2021-11-18,,12050.0,12400.0,12000.0,12350.0,7784031
2021-11-19,,12150.0,12250.0,12050.0,12150.0,6340738
2021-11-22,,12100.0,12100.0,11850.0,11900.0,7034556
2021-11-23,,11850.0,12000.0,11750.0,11950.0,7116937
2021-11-24,,12000.0,12050.0,11500.0,11550.0,8350085
2021-11-25,,11600.0,11600.0,11550.0,11600.0,6084792
2021-11-26,,11600.0,11650.0,11550.0,11650.0,5722386
2021-11-29,,11700.0,11950.0,11650.0,11900.0,7786432
2021-11-30,,11900.0,12100.0,11850.0,12050.0,5373441
2021-12-01,,12050.0,12150.0,11850.0,11950.0,7503879
2021-12-02,,12050.0,12050.0,11550.0,11700.0,10395014
2021-12-03,,11750.0,12100.0,11700.0,12100.0,9568488
2021-12-06,,12100.0,12150.0,11800.0,11900.0,9303378
2021-12-07,,11900.0,12000.0,11550.0,11650.0,8091764
2021-12-08,,11700.0,11850.0,11400.0,11400.0,8457844
2021-12-09,,11350.0,11700.0,11200.0,11650.0,9980665
2021-12-10,,11600.0,11600.0,11550.0,11550.0,6298512
2021-12-13,,11450.0,11500.0,11300.0,11350.0,7246522
2021-12-14,,11400.0,11500.0,11300.0,11400.0,8727522
2021-12-15,,11350.0,11400.0,11300.0,11350.0,4310232
2021-12-16,,11350.0,11350.0,11200.0,11200.0,5026725
2021-12-17,,11100.0,11450.0,11100.0,11400.0,8401520
2021-12-20,,11350.0,11700.0,11350.0,11650.0,5780313
2021-12-21,,11650.0,11900.0,11650.0,11850.0,6512422
2021-12-22,,11850.0,12150.0,11800.0,12050.0,8170791
2021-12-23,,11950.0,12200.0,11900.0,12150.0,5353078
2021-12-24,,12200.0,12250.0,11600.0,11700.0,11428653
2021-12-27,,11700.0,12100.0,11600.0,12100.0,6915631
2021-12-28,,12100.0,12350.0,12100.0,12200.0,8562155
2021-12-29,,12250.0,12400.0,12250.0,12350.0,7066292
2021-12-30,,12350.0,12650.0,12250.0,12600.0,7394066
2021-12-31,,12650.0,13000.0,12550.0,12950.0,10034175
2022-01-03,,12950.0,13250.0,12950.0,13100.0,7626095
2022-01-04,,13100.0,13350.0,13000.0,13200.0,8984898
2022-01-05,,13200.0,13300.0,13000.0,13050.0,5679078
2022-01-06,,13150.0,13150.0,13000.0,13050.0,4604705
2022-01-07,,13050.0,13150.0,12800.0,12850.0,9529317
2022-01-10,,12750.0,12800.0,12600.0,12650.0,6341253
2022-01-11,,12650.0,12650.0,12350.0,12450.0,5514163
2022-01-12,,12450.0,12550.0,12350.0,12400.0,7950243
2022-01-13,,12450.0,12700.0,12300.0,12650.0,7102364
2022-01-14,,12600.0,13550.0,12600.0,13450.0,11358478
2022-01-17,,13550.0,13550.0,13450.0,13500.0,6258135
2022-01-18,,13550.0,13600.0,13100.0,13150.0,10044444
2022-01-19,,13100.0,13600.0,13100.0,13500.0,8108816
2022-01-20,,13600.0,13650.0,13300.0,13400.0,5941051
2022-01-21,,13350.0,13350.0,13200.0,13250.0,4452221
2022-01-24,,13200.0,13300.0,13050.0,13300.0,6561988
2022-01-25,,13300.0,13400.0,12800.0,12950.0,9285326
2022-01-26,,12900.0,13050.0,12850.0,13050.0,7602251
2022-01-27,,13050.0,13050.0,13000.0,13000.0,5545976
2022-01-28,,13050.0,13200.0,13000.0,13050.0,4882675
2022-01-31,,13000.0,13350.0,12900.0,13150.0,6873933
2022-02-01,,13150.0,13200.0,13100.0,13150.0,4272363
2022-02-02,,13150.0,13150.0,13000.0,13150.0,7316301
2022-02-03,,13100.0,13350.0,13100.0,13250.0,6932478
2022-02-04,,13200.0,13350.0,13150.0,13350.0,7484975
2022-02-07,,13250.0,13300.0,13100.0,13100.0,5423787
2022-02-08,,13100.0,13150.0,12650.0,12700.0,8174942
2022-02-09,,12600.0,12800.0,12600.0,12700.0,5335717
2022-02-10,,12700.0,12750.0,12250.0,12350.0,8031308
2022-02-11,,12450.0,12500.0,12350.0,12350.0,5719894
2022-02-14,,12400.0,12650.0,12300.0,12600.0,6111350
2022-02-15,,12600.0,12800.0,12450.0,12750.0,8695490
2022-02-16,,12750.0,12750.0,12300.0,12500.0,6318290
2022-02-17,,12450.0,12500.0,12200.0,12300.0,5968227
2022-02-18,,12250.0,12350.0,12200.0,12350.0,6962142
2022-02-21,,12350.0,12400.0,12250.0,12250.0,7517023
2022-02-22,,12250.0,12300.0,12050.0,12200.0,6736429
2022-02-23,,12250.0,12400.0,12200.0,12350.0,6537136
2022-02-24,,12400.0,12550.0,12100.0,12100.0,7352154
2022-02-25,,12150.0,12150.0,11950.0,12000.0,7739344
2022-02-28,,11950.0,11950.0,11750.0,11800.0,7469901
2022-03-01,,11850.0,11900.0,11500.0,11600.0,9655563
2022-03-02,,11600.0,11800.0,11400.0,11400.0,8322591
2022-03-03,,11350.0,11650.0,11350.0,11550.0,8497167
2022-03-04,,11650.0,11700.0,11500.0,11550.0,5375455
2022-03-07,,11550.0,11700.0,11300.0,11350.0,6389998
2022-03-08,,11350.0,11550.0,11300.0,11300.0,5338254
2022-03-09,,11250.0,11350.0,10850.0,10950.0,10924569
2022-03-10,,10950.0,11000.0,10800.0,10800.0,6998692
2022-03-11,,10750.0,11250.0,10650.0,11250.0,8596193
2022-03-14,,11250.0,11400.0,11150.0,11200.0,7643426
2022-03-15,,11200.0,11500.0,11150.0,11400.0,9312663
2022-03-16,,11450.0,11500.0,11250.0,11400.0,6459064
2022-03-17,,11400.0,11500.0,11350.0,11450.0,7729990
2022-03-18,,11450.0,11700.0,11300.0,11600.0,8075609
2022-03-21,,11600.0,11650.0,11350.0,11350.0,8386601
2022-03-22,,11350.0,11350.0,11350.0,11350.0,4538262
2022-03-23,,11400.0,11850.0,11400.0,11700.0,9660766
2022-03-24,,11650.0,11650.0,11500.0,11550.0,4484078
2022-03-25,,11550.0,11700.0,11350.0,11400.0,8198686
2022-03-28,,11450.0,11500.0,11350.0,11350.0,6346859
2022-03-29,,11400.0,11450.0,11300.0,11400.0,8291199
2022-03-30,,11450.0,11550.0,11400.0,11500.0,8096602
2022-03-31,,11500.0,11900.0,11450.0,11800.0,8110263
2022-04-01,,11900.0,12000.0,11850.0,11950.0,6099210
2022-04-04,,11950.0,12000.0,11800.0,11900.0,6547361
2022-04-05,,11950.0,12300.0,11750.0,12200.0,10329226
2022-04-06,,12250.0,12400.0,12200.0,12400.0,7726661
2022-04-07,,12350.0,12450.0,12000.0,12050.0,7209771
2022-04-08,,12100.0,12700.0,12000.0,12650.0,9136341
2022-04-11,,12650.0,13150.0,12650.0,13100.0,9655761
2022-04-12,,13100.0,13200.0,12950.0,13050.0,8680125
2022-04-13,,13100.0,13250.0,13100.0,13150.0,6256241
2022-04-14,,13150.0,13500.0,13150.0,13500.0,6483041
2022-04-15,,13500.0,13550.0,13400.0,13450.0,5013713
2022-04-18,,13500.0,13650.0,13400.0,13650.0,8250750
2022-04-19,,13600.0,14050.0,13500.0,13950.0,7929947
2022-04-20,,13850.0,14050.0,13550.0,13700.0,9905424
2022-04-21,,13650.0,13800.0,13400.0,13500.0,7167289
2022-04-22,,13550.0,13800.0,13500.0,13750.0,8261729
2022-04-25,,13650.0,13900.0,13650.0,13900.0,6457794
2022-04-26,,13800.0,14250.0,13750.0,14150.0,7638513
2022-04-27,,14250.0,14450.0,14000.0,14100.0,8908164
2022-04-28,,14150.0,14200.0,14050.0,14050.0,7580982
2022-04-29,,14150.0,14150.0,13500.0,13500.0,8719256
2022-05-02,,13450.0,13450.0,13100.0,13150.0,7930733
2022-05-03,,13250.0,13250.0,13200.0,13200.0,6268355
2022-05-04,,13250.0,13450.0,13200.0,13400.0,6351739
2022-05-05,,13500.0,13600.0,13450.0,13550.0,6136194
2022-05-06,,13500.0,13550.0,13450.0,13500.0,7263892
2022-05-09,,13500.0,13600.0,13450.0,13450.0,4982157
2022-05-10,,13450.0,13600.0,13200.0,13500.0,8700231
2022-05-11,,13500.0,13650.0,13500.0,13550.0,4608088
2022-05-12,,13550.0,13950.0,13500.0,13900.0,5983383
2022-05-13,,13850.0,14000.0,13800.0,13950.0,6491568
2022-05-16,,13800.0,13950.0,13400.0,13550.0,9323987
2022-05-17,,13550.0,13600.0,13050.0,13200.0,10063033
2022-05-18,,13200.0,13750.0,13150.0,13600.0,7112833
2022-05-19,,13650.0,13700.0,13250.0,13300.0,6229898
2022-05-20,,13300.0,13600.0,13200.0,13500.0,8353208
2022-05-23,,13550.0,13750.0,13450.0,13450.0,6828205
2022-05-24,,13450.0,13550.0,13250.0,13400.0,6317159
2022-05-25,,13400.0,13500.0,13300.0,13350.0,7683230
2022-05-26,,13300.0,13750.0,13250.0,13700.0,10113723
2022-05-27,,13700.0,13800.0,13650.0,13650.0,6927947
2022-05-30,,13700.0,13700.0,13600.0,13650.0,5480489
2022-05-31,,13700.0,13700.0,13150.0,13200.0,8243823
2022-06-01,,13100.0,13500.0,13100.0,13250.0,9217039
2022-06-02,,13350.0,13450.0,13300.0,13400.0,5387636
2022-06-03,,13400.0,13500.0,13350.0,13500.0,5959719
2022-06-06,,13500.0,13900.0,13400.0,13850.0,6397303
2022-06-07,,13800.0,13950.0,13600.0,13900.0,9346112
2022-06-08,,13950.0,14050.0,13950.0,13950.0,5457305
2022-06-09,,13950.0,14550.0,13900.0,14450.0,6896647
2022-06-10,,14450.0,14500.0,13900.0,14000.0,10472863
2022-06-13,,13950.0,14050.0,13750.0,13850.0,8810810
2022-06-14,,13950.0,14250.0,13900.0,14250.0,7371430
2022-06-15,,14250.0,14650.0,14150.0,14550.0,9089834
2022-06-16,,14500.0,14800.0,14350.0,14750.0,6553693
2022-06-17,,14750.0,15100.0,14650.0,14950.0,8636470
2022-06-20,,15000.0,15150.0,14900.0,15100.0,5202164
2022-06-21,,15100.0,15600.0,15000.0,15550.0,8343606
2022-06-22,,15600.0,15800.0,15450.0,15700.0,7442012
2022-06-23,,15650.0,15800.0,15650.0,15750.0,4804551
2022-06-24,,15800.0,15900.0,15600.0,15850.0,6085692
2022-06-27,,15950.0,16000.0,15850.0,15900.0,6248767
2022-06-28,,15900.0,15950.0,15450.0,15550.0,7887451
2022-06-29,,15500.0,15750.0,15450.0,15750.0,6544585
2022-06-30,,15800.0,15800.0,15650.0,15750.0,7573910
2022-07-01,,15800.0,16400.0,15700.0,16300.0,7178049
2022-07-04,,16400.0,16400.0,16150.0,16300.0,6529232
2022-07-05,,16300.0,16550.0,16200.0,16450.0,6175133
2022-07-06,,16400.0,16600.0,16350.0,16500.0,5049912
2022-07-07,,16550.0,16650.0,16150.0,16300.0,9645596
2022-07-08,,16250.0,16750.0,15950.0,16650.0,9219846
2022-07-11,,16600.0,17400.0,16550.0,17300.0,8342098
2022-07-12,,17050.0,17450.0,17000.0,17300.0,8209181
2022-07-13,,17350.0,17450.0,17050.0,17200.0,8764561
2022-07-14,,17200.0,17300.0,16950.0,17050.0,8766044
2022-07-15,,16950.0,16950.0,16300.0,16400.0,7737173
2022-07-18,,16250.0,16400.0,16200.0,16350.0,7145878
2022-07-19,,16400.0,16500.0,16350.0,16450.0,6745906
2022-07-20,,16500.0,16800.0,16400.0,16800.0,7905044
2022-07-21,,16800.0,17400.0,16800.0,17150.0,6823946
2022-07-22,,17150.0,17200.0,16900.0,17000.0,6808955
2022-07-25,,17000.0,17150.0,16850.0,16900.0,6366796
2022-07-26,,17050.0,17350.0,16850.0,17300.0,7639300
2022-07-27,,17350.0,17450.0,17200.0,17250.0,5976269
2022-07-28,,17400.0,17500.0,17050.0,17050.0,6417782
2022-07-29,,17050.0,17800.0,16900.0,17550.0,9806672
2022-08-01,,17550.0,17900.0,17500.0,17900.0,7001051
2022-08-02,,17950.0,18050.0,17850.0,17950.0,5267420
2022-08-03,,17850.0,17900.0,17600.0,17700.0,7739671
2022-08-04,,17750.0,17800.0,17000.0,17000.0,10364092
2022-08-05,,16900.0,17300.0,16800.0,17200.0,8126588
2022-08-08,,17150.0,17200.0,16850.0,16900.0,6988558
2022-08-09,,16900.0,16900.0,16250.0,16250.0,9298076
2022-08-10,,16200.0,16950.0,16200.0,16800.0,7052651
2022-08-11,,16750.0,17000.0,16700.0,17000.0,7231648
2022-08-12,,17000.0,17100.0,16500.0,16600.0,8042950
2022-08-15,,16600.0,16600.0,16100.0,16200.0,6558628
2022-08-16,,16300.0,16550.0,16100.0,16500.0,9302864
2022-08-17,,16550.0,16550.0,16100.0,16200.0,7868187
2022-08-18,,16200.0,16650.0,16150.0,16650.0,6201426
2022-08-19,,16600.0,16950.0,16600.0,16850.0,8428605
2022-08-22,,16850.0,17050.0,16800.0,17050.0,4671315
2022-08-23,,17150.0,17250.0,17100.0,17200.0,7389843
2022-08-24,,17150.0,17300.0,17000.0,17250.0,6677602
2022-08-25,,17300.0,17600.0,17200.0,17550.0,6874315
2022-08-26,,17450.0,17450.0,17350.0,17400.0,6466678
2022-08-29,,17400.0,17450.0,17300.0,17450.0,6712626
2022-08-30,,17500.0,17800.0,17450.0,17700.0,6260214
2022-08-31,,17600.0,18000.0,17550.0,17900.0,8695281
2022-09-01,,17800.0,17800.0,17450.0,17500.0,6545109
2022-09-02,,17550.0,17600.0,17200.0,17300.0,7727941
2022-09-05,,17300.0,17500.0,17250.0,17400.0,4815378
2022-09-06,,17350.0,17350.0,17100.0,17250.0,7059284
2022-09-07,,17350.0,17950.0,17300.0,17900.0,9145951
2022-09-08,,17850.0,17850.0,17750.0,17750.0,6488889
2022-09-09,,17700.0,17800.0,17700.0,17700.0,4049021
2022-09-12,,17800.0,18050.0,17750.0,18000.0,6580206
2022-09-13,,18050.0,18100.0,17900.0,18100.0,7451393
2022-09-14,,18100.0,18150.0,17900.0,18050.0,6411688
2022-09-15,,18000.0,18100.0,17700.0,17800.0,8082578
2022-09-16,,17900.0,18050.0,17750.0,17900.0,5427456
2022-09-19,,17800.0,18400.0,17750.0,18250.0,9635692
2022-09-20,,18250.0,18500.0,18250.0,18450.0,5522083
2022-09-21,,18450.0,18600.0,17950.0,18150.0,9225058
2022-09-22,,18200.0,18800.0,18200.0,18800.0,9655394
2022-09-23,,18850.0,18850.0,18200.0,18250.0,6363578
2022-09-26,,18200.0,18350.0,17600.0,17700.0,8454012
2022-09-27,,17600.0,18100.0,17400.0,18050.0,7951067
2022-09-28,,18100.0,18150.0,18050.0,18100.0,7672241
2022-09-29,,18000.0,18050.0,17850.0,17950.0,6864218
2022-09-30,,17950.0,18000.0,17450.0,17550.0,7596424
2022-10-03,,17550.0,18500.0,17500.0,18350.0,10138089
2022-10-04,,18300.0,18400.0,18250.0,18400.0,5218292
2022-10-05,,18500.0,18750.0,18450.0,18600.0,7863880
2022-10-06,,18600.0,18850.0,18600.0,18750.0,7250994
2022-10-07,,18800.0,19000.0,18700.0,18900.0,7111709
2022-10-10,,18850.0,19200.0,18750.0,19100.0,8396124
2022-10-11,,19100.0,19550.0,18950.0,19400.0,7577237
2022-10-12,,19350.0,19400.0,19250.0,19250.0,6027693
2022-10-13,,19300.0,19450.0,19100.0,19150.0,7417035
2022-10-14,,19050.0,19150.0,18400.0,18450.0,6789680
2022-10-17,,18400.0,18550.0,18150.0,18200.0,7463849
2022-10-18,,18200.0,18300.0,18150.0,18300.0,4802706
2022-10-19,,18350.0,18750.0,18100.0,18700.0,7193020
2022-10-20,,18650.0,19050.0,18600.0,18900.0,7952870
2022-10-21,,18900.0,18950.0,18750.0,18800.0,7850948
2022-10-24,,18750.0,18800.0,18150.0,18300.0,7541368
2022-10-25,,18200.0,18450.0,17300.0,17300.0,11458400
2022-10-26,,17250.0,17850.0,17250.0,17700.0,8731730
2022-10-27,,17700.0,17750.0,17400.0,17500.0,8684422
2022-10-28,,17500.0,17650.0,17250.0,17350.0,8536724
2022-10-31,,17400.0,17500.0,17250.0,17400.0,7088408
2022-11-01,,17400.0,17500.0,16750.0,16900.0,7895923
2022-11-02,,16900.0,16950.0,16700.0,16800.0,4892676
2022-11-03,,16800.0,17550.0,16750.0,17450.0,10034206
2022-11-04,,17350.0,17700.0,17100.0,17650.0,8924492
2022-11-07,,17850.0,17900.0,17650.0,17800.0,6057404
2022-11-08,,17850.0,17900.0,17150.0,17250.0,10521260
2022-11-09,,17200.0,18050.0,17150.0,18000.0,8351681
2022-11-10,,18050.0,18100.0,17450.0,17500.0,8292882
2022-11-11,,17500.0,18150.0,17400.0,18150.0,7487874
2022-11-14,,18100.0,18150.0,17400.0,17400.0,8683900
2022-11-15,,17450.0,18000.0,17300.0,17900.0,10201124
2022-11-16,,18000.0,18550.0,17950.0,18500.0,9179917
2022-11-17,,18600.0,18800.0,18050.0,18200.0,7153368
2022-11-18,,18050.0,18350.0,17950.0,18350.0,7326044
2022-11-21,,18300.0,18550.0,18200.0,18550.0,6354687
2022-11-22,,18650.0,18700.0,18250.0,18250.0,6195417
2022-11-23,,18200.0,18200.0,17700.0,17700.0,7094938
2022-11-24,,17700.0,17700.0,17100.0,17250.0,8605602
2022-11-25,,17150.0,17450.0,17100.0,17450.0,6592739
2022-11-28,,17400.0,17450.0,17150.0,17400.0,7593932
2022-11-29,,17350.0,17350.0,17050.0,17250.0,6354946
2022-11-30,,17300.0,17600.0,17150.0,17550.0,5702594
2022-12-01,,17600.0,17950.0,17550.0,17750.0,5855249
2022-12-02,,17750.0,17800.0,17500.0,17500.0,5076679
2022-12-05,,17450.0,17500.0,16950.0,17050.0,6746946
2022-12-06,,16950.0,17400.0,16900.0,17250.0,9585572
2022-12-07,,17350.0,17400.0,16850.0,17050.0,8592148
2022-12-08,,16950.0,17150.0,16900.0,17100.0,4615091
2022-12-09,,17150.0,17650.0,17100.0,17650.0,9469478
2022-12-12,,17550.0,17900.0,17450.0,17850.0,8728325
2022-12-13,,17800.0,18000.0,17500.0,17550.0,8916682
2022-12-14,,17550.0,17600.0,17500.0,17600.0,4236581
2022-12-15,,17500.0,17650.0,17200.0,17250.0,7832965
2022-12-16,,17200.0,17850.0,17200.0,17800.0,10073028
2022-12-19,,17850.0,17900.0,17600.0,17600.0,5501689
2022-12-20,,17700.0,17750.0,17700.0,17700.0,6644457
2022-12-21,,17700.0,17850.0,17650.0,17800.0,7892544
2022-12-22,,17800.0,17900.0,17650.0,17900.0,5843600
2022-12-23,,17900.0,18000.0,17150.0,17200.0,7978277
2022-12-26,,17150.0,17300.0,16550.0,16700.0,8151964
2022-12-27,,16800.0,16950.0,16350.0,16550.0,6302900
2022-12-28,,16550.0,16850.0,16500.0,16650.0,7353731
2022-12-29,,16550.0,16650.0,16500.0,16600.0,5204224
2022-12-30,,16650.0,16700.0,16250.0,16300.0,7743363
2023-01-02,,16250.0,16350.0,15650.0,15850.0,6822447
2023-01-03,,15850.0,15900.0,15700.0,15750.0,7526244
2023-01-04,,15750.0,15800.0,15550.0,15600.0,8377698
2023-01-05,,15600.0,15800.0,15600.0,15750.0,6660950
2023-01-06,,15850.0,15850.0,15650.0,15650.0,8075620
2023-01-09,,15700.0,16050.0,15550.0,15850.0,6270718
2023-01-10,,15800.0,15900.0,15650.0,15650.0,5280784
2023-01-11,,15650.0,15650.0,15550.0,15600.0,5558023
2023-01-12,,15600.0,15650.0,15400.0,15500.0,5555002
2023-01-13,,15550.0,15550.0,15100.0,15250.0,7132669
2023-01-16,,15250.0,15500.0,15200.0,15450.0,8835906
2023-01-17,,15500.0,15550.0,15050.0,15200.0,7796171
2023-01-18,,15250.0,15300.0,14850.0,15050.0,8808045
2023-01-19,,15050.0,15150.0,14900.0,15050.0,8583232
2023-01-20,,15050.0,15150.0,14600.0,14650.0,7932172
2023-01-23,,14700.0,14750.0,14500.0,14550.0,5103554
2023-01-24,,14550.0,14750.0,14250.0,14350.0,9562657
2023-01-25,,14300.0,14350.0,14200.0,14250.0,7953684
2023-01-26,,14250.0,14250.0,14200.0,14250.0,5143700
2023-01-27,,14200.0,14250.0,13950.0,14000.0,5551176
2023-01-30,,14100.0,14100.0,13800.0,13950.0,7554420
2023-01-31,,14000.0,14350.0,13900.0,14300.0,9611724
2023-02-01,,14350.0,14450.0,14250.0,14300.0,8427265
2023-02-02,,14350.0,14700.0,14300.0,14650.0,7258511
2023-02-03,,14600.0,14900.0,14550.0,14750.0,5698621
2023-02-06,,14750.0,15000.0,14750.0,15000.0,7850241
2023-02-07,,15000.0,15050.0,14700.0,14750.0,7933141
2023-02-08,,14750.0,14950.0,14650.0,14800.0,8570265
2023-02-09,,14800.0,15000.0,14650.0,14850.0,7981565
2023-02-10,,14850.0,14900.0,14500.0,14650.0,6661204
2023-02-13,,14500.0,14550.0,14400.0,14450.0,8068340
2023-02-14,,14500.0,14550.0,14000.0,14000.0,7045711
2023-02-15,,14000.0,14400.0,13900.0,14400.0,9369805
2023-02-16,,14350.0,14400.0,14000.0,14150.0,9197688
2023-02-17,,14100.0,14550.0,14050.0,14550.0,7742124
2023-02-20,,14650.0,14750.0,14400.0,14400.0,7473373
2023-02-21,,14450.0,14600.0,14100.0,14150.0,7491122
2023-02-22,,14150.0,14400.0,14050.0,14350.0,6016325
2023-02-23,,14300.0,14350.0,14100.0,14150.0,6331467
2023-02-24,,14150.0,14300.0,14100.0,14300.0,6581378
2023-02-27,,14300.0,14300.0,14150.0,14250.0,5602419
2023-02-28,,14200.0,14400.0,14100.0,14350.0,8057101
2023-03-01,,14300.0,14300.0,14000.0,14100.0,7342453
2023-03-02,,14100.0,14350.0,14050.0,14350.0,5359817
2023-03-03,,14400.0,14550.0,14300.0,14500.0,6988651
2023-03-06,,14450.0,14450.0,14150.0,14200.0,7698067
2023-03-07,,14200.0,15050.0,14100.0,15000.0,10378991
2023-03-08,,15000.0,15250.0,15000.0,15150.0,8375386
2023-03-09,,15150.0,16050.0,15100.0,15850.0,9854622
2023-03-10,,15850.0,16450.0,15750.0,16350.0,8879900
2023-03-13,,16300.0,16400.0,16250.0,16300.0,6247936
2023-03-14,,16450.0,16500.0,16000.0,16150.0,6503948
2023-03-15,,16050.0,16100.0,16050.0,16050.0,5582217
2023-03-16,,15900.0,16200.0,15400.0,15450.0,8571352
2023-03-17,,15500.0,15550.0,15250.0,15250.0,8331505
2023-03-20,,15200.0,15350.0,15200.0,15300.0,6065439
2023-03-21,,15250.0,15900.0,15200.0,15800.0,7102699
2023-03-22,,15850.0,16050.0,15500.0,15550.0,7050033
2023-03-23,,15450.0,15950.0,15300.0,15850.0,7532410
2023-03-24,,15900.0,15950.0,15300.0,15450.0,10144512
2023-03-27,,15450.0,15550.0,15050.0,15250.0,6726988
2023-03-28,,15250.0,15350.0,15050.0,15150.0,5062658
2023-03-29,,15250.0,15250.0,15150.0,15250.0,7346681
2023-03-30,,15150.0,15450.0,15050.0,15400.0,5627617
2023-03-31,,15400.0,15850.0,15400.0,15700.0,5890758
2023-04-03,,15800.0,16150.0,15650.0,15950.0,8295815
2023-04-04,,15950.0,16100.0,15800.0,16000.0,5032123
2023-04-05,,15900.0,16200.0,15900.0,16150.0,6910154
2023-04-06,,16150.0,16800.0,16100.0,16650.0,8535909
2023-04-07,,16550.0,16700.0,16500.0,16500.0,8019135
2023-04-10,,16550.0,16750.0,16550.0,16750.0,6587727
2023-04-11,,16650.0,16750.0,16100.0,16150.0,8136853
2023-04-12,,16150.0,16350.0,16150.0,16300.0,5912066
2023-04-13,,16250.0,16350.0,16150.0,16150.0,5473367
2023-04-14,,16250.0,16400.0,16100.0,16150.0,6952743
2023-04-17,,16250.0,16650.0,16200.0,16450.0,6434229
2023-04-18,,16550.0,16650.0,16350.0,16550.0,7937465
2023-04-19,,16550.0,16850.0,16550.0,16850.0,6669444
2023-04-20,,16800.0,17350.0,16700.0,17350.0,10036082
2023-04-21,,17250.0,17450.0,17100.0,17450.0,8665062
2023-04-24,,17500.0,18050.0,17500.0,17900.0,6001019
2023-04-25,,17850.0,17900.0,17700.0,17750.0,4840770
2023-04-26,,17700.0,17850.0,17550.0,17750.0,8407647
2023-04-27,,17750.0,17900.0,17550.0,17600.0,6771717
2023-04-28,,17550.0,18100.0,17500.0,17950.0,8389051
2023-05-01,,17850.0,18300.0,17800.0,18100.0,5963969
2023-05-02,,18000.0,18100.0,17900.0,17900.0,5088066
2023-05-03,,17800.0,18000.0,17700.0,18000.0,7019408
2023-05-04,,17950.0,18400.0,17900.0,18350.0,6540575
2023-05-05,,18400.0,18400.0,18300.0,18350.0,4685033
2023-05-08,,18350.0,18500.0,17850.0,18000.0,7527761
2023-05-09,,18050.0,18100.0,17900.0,18050.0,5376256
2023-05-10,,18200.0,18250.0,17250.0,17350.0,9468015
2023-05-11,,17300.0,17600.0,17200.0,17600.0,7433514
2023-05-12,,17550.0,17850.0,17400.0,17450.0,6895813
2023-05-15,,17350.0,17400.0,17000.0,17300.0,8994439
2023-05-16,,17300.0,17650.0,17200.0,17600.0,9283717
2023-05-17,,17600.0,17650.0,17100.0,17150.0,8182701
2023-05-18,,17200.0,17850.0,17150.0,17800.0,7444763
2023-05-19,,17750.0,17800.0,17350.0,17650.0,9137199
2023-05-22,,17600.0,17800.0,17300.0,17450.0,7794021
2023-05-23,,17350.0,17900.0,17350.0,17800.0,9372560
2023-05-24,,17800.0,18100.0,17650.0,18100.0,7305411
2023-05-25,,18150.0,19050.0,18050.0,18950.0,8317809
2023-05-26,,18950.0,19000.0,18850.0,18900.0,7456378
2023-05-29,,18900.0,18950.0,18800.0,18850.0,5008319
2023-05-30,,18850.0,18850.0,18150.0,18300.0,10179139
2023-05-31,,18350.0,18450.0,18100.0,18200.0,7678730
2023-06-01,,18150.0,18250.0,17650.0,17900.0,7569995
2023-06-02,,17850.0,18000.0,17500.0,17750.0,7404882
2023-06-05,,17850.0,18000.0,17150.0,17150.0,10431036
2023-06-06,,17150.0,17900.0,17100.0,17700.0,10216578
2023-06-07,,17650.0,17700.0,17150.0,17200.0,9446070
2023-06-08,,17200.0,17350.0,16200.0,16250.0,12586843
2023-06-09,,16200.0,16200.0,15850.0,15900.0,8802978
2023-06-12,,15950.0,16000.0,15700.0,15700.0,5294923
2023-06-13,,15800.0,15800.0,15350.0,15350.0,7176192
2023-06-14,,15250.0,15700.0,15050.0,15650.0,10464006
2023-06-15,,15750.0,15850.0,15500.0,15650.0,6936189
2023-06-16,,15700.0,15700.0,15550.0,15650.0,4435365
2023-06-19,,15800.0,15850.0,15700.0,15850.0,8188252
2023-06-20,,16000.0,16050.0,15850.0,15950.0,8325650
2023-06-21,,15900.0,16350.0,15900.0,16250.0,6770947
2023-06-22,,16150.0,16350.0,15900.0,15900.0,7917359
2023-06-23,,15900.0,16000.0,15650.0,15700.0,6250766
2023-06-26,,15750.0,16000.0,15700.0,15950.0,4945543
2023-06-27,,15900.0,15950.0,15150.0,15150.0,9065757
2023-06-28,,15200.0,15200.0,14700.0,14700.0,6108296
2023-06-29,,14700.0,14900.0,14650.0,14850.0,4861350
2023-06-30,,14900.0,15000.0,14750.0,14750.0,6966690
2023-07-03,,14700.0,15000.0,14600.0,15000.0,7736630
2023-07-04,,15050.0,15500.0,15050.0,15250.0,5764360
2023-07-05,,15300.0,15400.0,14900.0,14900.0,8014011
2023-07-06,,14950.0,15050.0,14850.0,15000.0,4728520
2023-07-07,,14950.0,15550.0,14850.0,15400.0,9104099
2023-07-10,,15350.0,15500.0,15300.0,15450.0,7888181
2023-07-11,,15500.0,15650.0,15100.0,15150.0,8055538
2023-07-12,,15150.0,15450.0,15100.0,15400.0,8159818
2023-07-13,,15450.0,15700.0,15400.0,15600.0,7573471
2023-07-14,,15600.0,15900.0,15600.0,15750.0,7029155
2023-07-17,,15700.0,16050.0,15600.0,16000.0,5873072
2023-07-18,,16100.0,16200.0,15050.0,15050.0,11085913
2023-07-19,,15050.0,15450.0,14900.0,15300.0,7910224
2023-07-20,,15300.0,15900.0,15200.0,15900.0,8827080
2023-07-21,,15900.0,16000.0,15900.0,16000.0,6243203
2023-07-24,,16000.0,16150.0,15950.0,16100.0,7145960
2023-07-25,,16050.0,16350.0,15900.0,16300.0,6696255
2023-07-26,,16350.0,16550.0,16300.0,16450.0,5164382
2023-07-27,,16400.0,16750.0,16300.0,16650.0,9236925
2023-07-28,,16700.0,16850.0,16600.0,16650.0,8445655
2023-07-31,,16650.0,16950.0,16350.0,16400.0,10023209
2023-08-01,,16300.0,16350.0,15800.0,16050.0,8279260
2023-08-02,,16100.0,16200.0,15700.0,15750.0,9353177
2023-08-03,,15750.0,15850.0,15250.0,15350.0,9889166
2023-08-04,,15350.0,15350.0,14950.0,15000.0,6166263
2023-08-07,,14950.0,15600.0,14950.0,15550.0,7236833
2023-08-08,,15650.0,15900.0,15500.0,15800.0,7220727
2023-08-09,,15750.0,15850.0,15500.0,15600.0,8667706
2023-08-10,,15550.0,15650.0,15400.0,15450.0,4759789
2023-08-11,,15450.0,15650.0,15400.0,15500.0,6216649
2023-08-14,,15550.0,15600.0,15250.0,15300.0,7128952
2023-08-15,,15300.0,15450.0,15250.0,15350.0,7538565
2023-08-16,,15350.0,15550.0,15350.0,15550.0,7244563
2023-08-17,,15550.0,15550.0,15450.0,15550.0,6184102
2023-08-18,,15500.0,15800.0,15450.0,15650.0,5272466
2023-08-21,,15700.0,16000.0,15650.0,15950.0,5296168
2023-08-22,,15850.0,16100.0,15850.0,15850.0,5467653
2023-08-23,,15900.0,16050.0,15850.0,15950.0,4460362
2023-08-24,,15800.0,15900.0,15750.0,15850.0,6435566
2023-08-25,,15850.0,15950.0,15750.0,15850.0,4567162
2023-08-28,,15850.0,15850.0,15650.0,15750.0,7107160
2023-08-29,,15750.0,15800.0,15500.0,15600.0,8355188
2023-08-30,,15550.0,15650.0,15550.0,15650.0,7100175
2023-08-31,,15650.0,15900.0,15600.0,15850.0,6467328
2023-09-01,,15900.0,15950.0,15700.0,15900.0,8303241
2023-09-04,,15950.0,16050.0,15900.0,16050.0,5473290
2023-09-05,,16100.0,16250.0,15650.0,15800.0,9044351
2023-09-06,,15750.0,15800.0,15250.0,15450.0,8349017
2023-09-07,,15500.0,15600.0,15500.0,15600.0,4269265
2023-09-08,,15450.0,15850.0,15350.0,15800.0,9489498
2023-09-11,,15750.0,15850.0,15700.0,15800.0,6102939
2023-09-12,,15800.0,16350.0,15750.0,16250.0,7063367
2023-09-13,,16250.0,16650.0,16150.0,16550.0,8268494
2023-09-14,,16450.0,17700.0,16400.0,17450.0,10996513
2023-09-15,,17500.0,17700.0,17300.0,17350.0,5724330
2023-09-18,,17350.0,17500.0,16900.0,17050.0,6877168
2023-09-19,,17200.0,17300.0,16800.0,16800.0,8462710
2023-09-20,,16750.0,16850.0,16550.0,16600.0,5151253
2023-09-21,,16650.0,16900.0,16600.0,16750.0,5783373
2023-09-22,,16700.0,16800.0,16000.0,16050.0,10406279
2023-09-25,,16050.0,16500.0,16000.0,16450.0,8620007
2023-09-26,,16450.0,16550.0,16350.0,16400.0,5507004
2023-09-27,,16450.0,16550.0,16250.0,16300.0,8111217
2023-09-28,,16350.0,16400.0,15900.0,15950.0,9234939
2023-09-29,,15800.0,16000.0,15700.0,15900.0,6056100
2023-10-02,,15850.0,15950.0,15750.0,15950.0,5988497
2023-10-03,,15900.0,16000.0,15800.0,15900.0,5159056
2023-10-04,,15800.0,16050.0,15750.0,16000.0,8116021
2023-10-05,,15900.0,16100.0,15650.0,15800.0,9548705
2023-10-06,,15800.0,15850.0,15300.0,15550.0,6824494
2023-10-09,,15500.0,15750.0,15350.0,15700.0,7835697
2023-10-10,,15700.0,15950.0,15500.0,15750.0,8410082
2023-10-11,,15600.0,15900.0,15550.0,15800.0,6765366
2023-10-12,,15800.0,16200.0,15800.0,16150.0,8841153
2023-10-13,,16150.0,16250.0,15650.0,15800.0,8075265
2023-10-16,,15750.0,15850.0,15500.0,15550.0,5761423
2023-10-17,,15400.0,16000.0,15350.0,15950.0,8054171
2023-10-18,,15850.0,15950.0,15450.0,15500.0,7289438
2023-10-19,,15500.0,15550.0,14900.0,15050.0,9619856
2023-10-20,,15050.0,15450.0,15000.0,15300.0,8680527
2023-10-23,,15350.0,15450.0,15250.0,15400.0,5569163
2023-10-24,,15350.0,15550.0,15300.0,15450.0,5630638
2023-10-25,,15300.0,15450.0,15300.0,15400.0,4769027
2023-10-26,,15400.0,15600.0,15350.0,15400.0,8562903
2023-10-27,,15400.0,15450.0,15350.0,15400.0,7487882
2023-10-30,,15350.0,15850.0,15250.0,15800.0,6352545
2023-10-31,,15850.0,16100.0,15650.0,15700.0,9625606
2023-11-01,,15800.0,15850.0,15550.0,15650.0,8495453
2023-11-02,,15550.0,16200.0,15550.0,16200.0,8293560
2023-11-03,,16150.0,16250.0,15950.0,16200.0,5515434
2023-11-06,,16250.0,17000.0,16200.0,16950.0,10199186
2023-11-07,,17050.0,17100.0,16900.0,16900.0,5996132
2023-11-08,,17000.0,17400.0,16950.0,17350.0,5504507
2023-11-09,,17300.0,17450.0,16750.0,16800.0,8052939
2023-11-10,,16950.0,17050.0,16700.0,16850.0,8604080
2023-11-13,,16850.0,16850.0,16250.0,16300.0,6926144
2023-11-14,,16250.0,16600.0,16050.0,16600.0,6175412
2023-11-15,,16550.0,16650.0,16100.0,16200.0,7643137
2023-11-16,,16150.0,16300.0,16000.0,16300.0,7534964
2023-11-17,,16250.0,16300.0,16150.0,16200.0,7369198
2023-11-20,,16300.0,16450.0,15800.0,15850.0,10019873
2023-11-21,,15800.0,16050.0,15250.0,15300.0,9057177
2023-11-22,,15350.0,15400.0,15100.0,15150.0,7268732
2023-11-23,,15150.0,15750.0,15100.0,15700.0,9405579
2023-11-24,,15750.0,15850.0,15550.0,15600.0,5438297
2023-11-27,,15600.0,16000.0,15550.0,15900.0,8353361
2023-11-28,,15900.0,15900.0,15900.0,15900.0,6343066
2023-11-29,,15900.0,16200.0,15800.0,16150.0,5564078
2023-11-30,,16100.0,16150.0,15400.0,15550.0,7410534
2023-12-01,,15650.0,15900.0,15450.0,15450.0,6285134
2023-12-04,,15450.0,15850.0,15400.0,15750.0,7988785
2023-12-05,,15900.0,15950.0,15700.0,15700.0,6441607
2023-12-06,,15650.0,15700.0,15600.0,15650.0,4916537
2023-12-07,,15650.0,15750.0,15450.0,15550.0,5908376
2023-12-08,,15650.0,16000.0,15550.0,15900.0,8474248
2023-12-11,,15800.0,16050.0,15650.0,16000.0,5841368
2023-12-12,,16000.0,16200.0,15900.0,16000.0,4942824
2023-12-13,,15900.0,16250.0,15800.0,16200.0,7423432
2023-12-14,,16100.0,16500.0,16050.0,16400.0,6194501
2023-12-15,,16250.0,16500.0,16100.0,16500.0,5518165
2023-12-18,,16650.0,17050.0,16450.0,17000.0,8210659
2023-12-19,,17050.0,17100.0,16950.0,17000.0,6800430
2023-12-20,,16950.0,17100.0,16750.0,17050.0,5217098
2023-12-21,,17100.0,17100.0,16750.0,16850.0,7567962
2023-12-22,,16900.0,16950.0,16900.0,16900.0,5680749
2023-12-25,,16850.0,17500.0,16800.0,17450.0,10066144
2023-12-26,,17300.0,17500.0,17150.0,17250.0,6561535
2023-12-27,,17200.0,17350.0,16750.0,16850.0,7402249
2023-12-28,,17000.0,17300.0,17000.0,17200.0,6620361
2023-12-29,,17200.0,17300.0,17100.0,17150.0,5772252
2024-01-01,,17150.0,17300.0,17150.0,17150.0,5481315
2024-01-02,,17100.0,17150.0,17000.0,17150.0,4829803
2024-01-03,,17250.0,17250.0,17150.0,17200.0,7909095
2024-01-04,,17300.0,17550.0,17200.0,17500.0,5195735
2024-01-05,,17650.0,17650.0,17200.0,17200.0,9271175
2024-01-08,,17300.0,17500.0,16850.0,16850.0,7082490
2024-01-09,,16900.0,16950.0,16800.0,16900.0,5905083
2024-01-10,,16900.0,16950.0,16300.0,16350.0,8090556
2024-01-11,,16400.0,16500.0,15850.0,15900.0,10165507
2024-01-12,,15950.0,16550.0,15800.0,16500.0,9107913
2024-01-15,,16550.0,16800.0,16500.0,16750.0,4969106
2024-01-16,,16700.0,16850.0,16650.0,16750.0,6655313
2024-01-17,,16800.0,17200.0,16800.0,17150.0,6154324
2024-01-18,,17300.0,17400.0,16750.0,16800.0,9182931
2024-01-19,,16800.0,16800.0,16600.0,16700.0,6719854
2024-01-22,,16700.0,16950.0,16700.0,16900.0,7886546
2024-01-23,,16800.0,17250.0,16750.0,17200.0,6198005
2024-01-24,,17300.0,17450.0,17300.0,17400.0,6994313
2024-01-25,,17400.0,17550.0,16400.0,16500.0,9943707
2024-01-26,,16500.0,16550.0,16150.0,16200.0,8186834
2024-01-29,,16100.0,16350.0,15950.0,16350.0,8506275
2024-01-30,,16400.0,16450.0,16200.0,16250.0,6722606
2024-01-31,,16200.0,17200.0,16200.0,17100.0,8281446
2024-02-01,,16950.0,17450.0,16950.0,17400.0,6737294
2024-02-02,,17450.0,17650.0,17400.0,17600.0,5564093
2024-02-05,,17700.0,17800.0,17150.0,17200.0,6804899
2024-02-06,,17150.0,17250.0,17050.0,17200.0,6681983
2024-02-07,,17250.0,17400.0,17150.0,17300.0,7699633
2024-02-08,,17250.0,17650.0,17000.0,17650.0,8769515
2024-02-09,,17700.0,18050.0,17600.0,18000.0,5613085
2024-02-12,,17950.0,18500.0,17900.0,18350.0,9358618
2024-02-13,,18300.0,18350.0,18000.0,18050.0,8271217
2024-02-14,,18050.0,18600.0,18000.0,18550.0,8827789
2024-02-15,,18600.0,18700.0,18000.0,18050.0,8988204
2024-02-16,,18000.0,18100.0,17700.0,17850.0,8824196
2024-02-19,,17750.0,18050.0,17650.0,18000.0,6411344
2024-02-20,,17900.0,18000.0,17900.0,17950.0,5933467
2024-02-21,,17900.0,17950.0,17500.0,17600.0,6630619
2024-02-22,,17650.0,17750.0,17200.0,17300.0,6510013
2024-02-23,,17300.0,17300.0,16650.0,16800.0,10197797
2024-02-26,,16800.0,17050.0,16700.0,16950.0,6816000
2024-02-27,,16750.0,17550.0,16650.0,17400.0,7596456
2024-02-28,,17350.0,17450.0,17300.0,17350.0,4819740
2024-02-29,,17300.0,17400.0,17150.0,17200.0,6634580
2024-03-01,,17100.0,17250.0,16550.0,16700.0,10064335
2024-03-04,,16700.0,17050.0,16600.0,17000.0,6399513
2024-03-05,,16950.0,17950.0,16900.0,17800.0,8862842
2024-03-06,,17750.0,17800.0,17100.0,17150.0,6629164
2024-03-07,,17150.0,17250.0,16600.0,16800.0,10023361
2024-03-08,,16750.0,16900.0,16450.0,16550.0,6187875
2024-03-11,,16550.0,16550.0,16200.0,16350.0,6172801
2024-03-12,,16350.0,16550.0,16300.0,16450.0,7555628
2024-03-13,,16450.0,17000.0,16400.0,17000.0,6410621
2024-03-14,,16950.0,17400.0,16800.0,17350.0,10079186
2024-03-15,,17350.0,17700.0,17200.0,17500.0,5899513
2024-03-18,,17450.0,17450.0,17150.0,17250.0,5196811
2024-03-19,,17200.0,17350.0,16900.0,16900.0,6443219
2024-03-20,,16950.0,17050.0,16550.0,16600.0,7033149
2024-03-21,,16700.0,17250.0,16600.0,17150.0,9824408
2024-03-22,,17150.0,17150.0,16900.0,17100.0,6460306
2024-03-25,,17100.0,17100.0,16900.0,16950.0,8011196
2024-03-26,,17000.0,17100.0,16850.0,16900.0,7495354
2024-03-27,,17000.0,17200.0,16950.0,17200.0,5429723
2024-03-28,,17100.0,17150.0,16650.0,16750.0,9512203
2024-03-29,,16700.0,17250.0,16400.0,17200.0,8704704
2024-04-01,,17100.0,17250.0,17050.0,17250.0,7893189
2024-04-02,,17200.0,17300.0,17150.0,17200.0,5875707
2024-04-03,,17150.0,17500.0,17050.0,17350.0,7398402
2024-04-04,,17300.0,17450.0,17150.0,17450.0,5790971
2024-04-05,,17400.0,17600.0,17200.0,17300.0,6348722
2024-04-08,,17300.0,17450.0,17100.0,17250.0,9001120
2024-04-09,,17200.0,17250.0,16900.0,16950.0,6364719
2024-04-10,,17000.0,17150.0,16950.0,17150.0,6548570
2024-04-11,,17200.0,17300.0,16850.0,16950.0,8590637
2024-04-12,,17000.0,17100.0,16650.0,16650.0,8784369
2024-04-15,,16600.0,16700.0,16550.0,16700.0,5430104
2024-04-16,,16800.0,17350.0,16750.0,17150.0,9823292
2024-04-17,,17100.0,17250.0,17000.0,17150.0,7233816
2024-04-18,,17250.0,17300.0,16900.0,16950.0,7671750
2024-04-19,,16800.0,17050.0,16750.0,17050.0,6699920
2024-04-22,,17150.0,17800.0,17100.0,17750.0,6500148
2024-04-23,,18000.0,18000.0,17100.0,17200.0,8816263
2024-04-24,,17150.0,17400.0,17100.0,17350.0,7121362
2024-04-25,,17400.0,17450.0,17300.0,17450.0,7161290
2024-04-26,,17500.0,17850.0,17400.0,17850.0,9025844
2024-04-29,,17900.0,18200.0,17850.0,18200.0,7220289
2024-04-30,,18050.0,18150.0,18000.0,18100.0,5013774
2024-05-01,,18100.0,18200.0,17200.0,17500.0,7950950
2024-05-02,,17350.0,17850.0,17250.0,17800.0,6138696
2024-05-03,,17800.0,17900.0,17450.0,17500.0,8587187
2024-05-06,,17650.0,17650.0,17100.0,17150.0,6372924
2024-05-07,,17100.0,17550.0,17050.0,17550.0,6779593
2024-05-08,,17550.0,17550.0,17250.0,17250.0,7934387
2024-05-09,,17150.0,17900.0,17100.0,17750.0,10809909
2024-05-10,,17850.0,17900.0,17800.0,17850.0,5004516
2024-05-13,,17800.0,17950.0,17750.0,17950.0,5052788
2024-05-14,,17900.0,18300.0,17900.0,18100.0,5312953
2024-05-15,,18050.0,18150.0,17200.0,17500.0,11420322
2024-05-16,,17450.0,17450.0,16850.0,16850.0,9011442
2024-05-17,,16700.0,17100.0,16700.0,16950.0,7035693
2024-05-20,,16900.0,17300.0,16800.0,17150.0,7296629
2024-05-21,,17100.0,17200.0,16950.0,17150.0,4731023
2024-05-22,,17150.0,17300.0,16900.0,16900.0,7811365
2024-05-23,,16850.0,17000.0,16850.0,16900.0,6728219
2024-05-24,,16900.0,17050.0,16700.0,16850.0,8566978
2024-05-27,,16750.0,16800.0,16450.0,16550.0,6144674
2024-05-28,,16500.0,17000.0,16350.0,16900.0,7431202
2024-05-29,,17000.0,17000.0,16300.0,16300.0,6802908
2024-05-30,,16300.0,16500.0,16300.0,16500.0,7234325
2024-05-31,,16500.0,16700.0,16500.0,16650.0,7533182
2024-06-03,,16600.0,17000.0,16500.0,16950.0,8382687
2024-06-04,,17050.0,17100.0,16600.0,16650.0,7957321
2024-06-05,,16700.0,16850.0,16500.0,16650.0,5821660
2024-06-06,,16700.0,17450.0,16650.0,17400.0,8817900
2024-06-07,,17500.0,17750.0,17250.0,17600.0,6541846
2024-06-10,,17650.0,17700.0,17600.0,17650.0,6537936
2024-06-11,,17750.0,17850.0,17650.0,17850.0,6929865
2024-06-12,,17850.0,17950.0,17850.0,17900.0,4092707
2024-06-13,,17900.0,18750.0,17800.0,18650.0,10992077
2024-06-14,,18600.0,19200.0,18600.0,19050.0,6622219
2024-06-17,,19000.0,19200.0,18950.0,19000.0,5606201
2024-06-18,,19050.0,19150.0,18900.0,19100.0,5616224
2024-06-19,,19100.0,19200.0,18900.0,18950.0,6845448
2024-06-20,,19050.0,19450.0,18950.0,19400.0,6063014
2024-06-21,,19450.0,19600.0,18850.0,18850.0,10185442
2024-06-24,,18900.0,18950.0,18050.0,18250.0,8460798
2024-06-25,,18200.0,18850.0,18100.0,18800.0,7724298
2024-06-26,,18750.0,19600.0,18700.0,19600.0,8149277
2024-06-27,,19650.0,19900.0,19600.0,19800.0,6184687
2024-06-28,,19750.0,19950.0,19500.0,19850.0,6535646
2024-07-01,,19900.0,20200.0,19850.0,20100.0,5490027
2024-07-02,,20100.0,20200.0,19750.0,19850.0,7808690
2024-07-03,,20000.0,20000.0,19700.0,19950.0,4933614
2024-07-04,,19900.0,20100.0,19900.0,19950.0,4964978
2024-07-05,,19950.0,20450.0,19700.0,20200.0,8772898
2024-07-08,,20200.0,20250.0,19450.0,19550.0,7358784
2024-07-09,,19500.0,19500.0,19200.0,19400.0,5114181
2024-07-10,,19400.0,19800.0,19350.0,19700.0,7547605
2024-07-11,,19700.0,19800.0,19450.0,19450.0,8431504
2024-07-12,,19600.0,19650.0,18900.0,19050.0,7105896
2024-07-15,,19150.0,19900.0,19100.0,19850.0,9814247
2024-07-16,,19900.0,20050.0,19600.0,19850.0,9098553
2024-07-17,,19800.0,19850.0,19550.0,19650.0,6403004
2024-07-18,,19650.0,19700.0,18900.0,18950.0,6922164
2024-07-19,,18950.0,19450.0,18950.0,19250.0,5852396
2024-07-22,,19250.0,19500.0,19200.0,19500.0,6038520
2024-07-23,,19400.0,19450.0,19300.0,19400.0,5368430
2024-07-24,,19300.0,19500.0,18850.0,19000.0,9208744
2024-07-25,,19050.0,19250.0,19000.0,19000.0,5494277
2024-07-26,,19000.0,19250.0,18500.0,18650.0,7124255
2024-07-29,,18650.0,18700.0,18250.0,18300.0,8381864
2024-07-30,,18400.0,18450.0,18100.0,18300.0,7968158
2024-07-31,,18300.0,18500.0,17900.0,17900.0,6886290
2024-08-01,,18000.0,18100.0,17950.0,18000.0,4297105
2024-08-02,,17950.0,18250.0,17950.0,18200.0,7525721
2024-08-05,,18150.0,18300.0,17750.0,17900.0,9219991
2024-08-06,,17850.0,18000.0,17400.0,17400.0,8565629
2024-08-07,,17400.0,18000.0,17300.0,17950.0,7720551
2024-08-08,,17900.0,17950.0,17550.0,17650.0,8032964
2024-08-09,,17800.0,17850.0,17350.0,17400.0,8210359
2024-08-12,,17400.0,17650.0,17400.0,17500.0,7171164
2024-08-13,,17500.0,17800.0,17200.0,17700.0,7033665
2024-08-14,,17500.0,17600.0,17450.0,17600.0,5946199
2024-08-15,,17600.0,17850.0,17500.0,17750.0,8337792
2024-08-16,,17850.0,17900.0,17600.0,17650.0,6524572
2024-08-19,,17750.0,17900.0,17200.0,17300.0,9109436
2024-08-20,,17400.0,17800.0,17350.0,17800.0,6533653
2024-08-21,,17850.0,18700.0,17750.0,18700.0,10626234
2024-08-22,,18650.0,19450.0,18550.0,19300.0,10473895
2024-08-23,,19300.0,19500.0,19300.0,19400.0,7705771
2024-08-26,,19400.0,20150.0,19400.0,20100.0,7747093
2024-08-27,,20200.0,20350.0,20200.0,20250.0,7192383
2024-08-28,,20200.0,20500.0,19950.0,20050.0,6265127
2024-08-29,,20000.0,20350.0,19900.0,20250.0,5471397
2024-08-30,,20150.0,20200.0,19950.0,20200.0,8394670
2024-09-02,,20050.0,20250.0,19750.0,19800.0,8833418
2024-09-03,,19650.0,19850.0,19350.0,19450.0,9337837
2024-09-04,,19400.0,19900.0,19150.0,19750.0,9806600
2024-09-05,,19800.0,19800.0,19050.0,19050.0,10096766
2024-09-06,,19200.0,19350.0,18900.0,19300.0,9172684
2024-09-09,,19300.0,19500.0,18600.0,18650.0,10557019
2024-09-10,,18650.0,18750.0,17850.0,17850.0,11029406
2024-09-11,,17850.0,17900.0,17200.0,17200.0,8540179
2024-09-12,,17250.0,17950.0,17200.0,17900.0,8188804
2024-09-13,,17950.0,17950.0,17650.0,17800.0,5366290
2024-09-16,,17650.0,17950.0,17600.0,17850.0,8807470
2024-09-17,,17800.0,18450.0,17800.0,18350.0,7064629
2024-09-18,,18300.0,18750.0,18300.0,18700.0,6820674
2024-09-19,,18700.0,18850.0,18150.0,18200.0,10306230
2024-09-20,,18300.0,18750.0,18300.0,18500.0,6373660
2024-09-23,,18450.0,18700.0,18400.0,18600.0,5334636
2024-09-24,,18500.0,18600.0,18350.0,18450.0,6971003
2024-09-25,,18500.0,18550.0,18350.0,18450.0,4365639
2024-09-26,,18450.0,19000.0,18400.0,18950.0,9796492
2024-09-27,,18900.0,18950.0,18500.0,18600.0,6616897
2024-09-30,,18650.0,18800.0,18600.0,18750.0,6316791
2024-10-01,,18750.0,18750.0,18700.0,18750.0,4211208
2024-10-02,,18700.0,18850.0,18000.0,18100.0,8932659
2024-10-03,,18200.0,18250.0,17800.0,17800.0,7989508
2024-10-04,,17900.0,17950.0,17800.0,17900.0,5787976
2024-10-07,,18050.0,18450.0,17900.0,18350.0,7570080
2024-10-08,,18250.0,18750.0,18150.0,18700.0,6713234
2024-10-09,,18700.0,19000.0,18700.0,18950.0,6606402
2024-10-10,,18950.0,18950.0,18600.0,18650.0,6569294
2024-10-11,,18650.0,19550.0,18550.0,19300.0,10343886
2024-10-14,,19300.0,19700.0,19300.0,19400.0,7183677
2024-10-15,,19400.0,19500.0,18850.0,19000.0,8706902
2024-10-16,,19150.0,19350.0,18750.0,18950.0,6752153
2024-10-17,,19000.0,19450.0,18950.0,19300.0,6585036
2024-10-18,,19450.0,19450.0,19200.0,19300.0,6370765
2024-10-21,,19100.0,19650.0,19050.0,19650.0,6121730
2024-10-22,,19650.0,20250.0,19450.0,20050.0,9120995
2024-10-23,,20000.0,20350.0,20000.0,20200.0,6729893
2024-10-24,,20150.0,20350.0,19850.0,19900.0,7119255
2024-10-25,,19950.0,20000.0,19850.0,19950.0,7949613
2024-10-28,,19900.0,20000.0,19750.0,19950.0,5108650
2024-10-29,,19750.0,20800.0,19650.0,20700.0,9263329
2024-10-30,,20600.0,20750.0,19850.0,20050.0,8927265
2024-10-31,,19900.0,20050.0,19900.0,20000.0,4434587
2024-11-01,,20050.0,20100.0,19650.0,19750.0,5895477
2024-11-04,,19800.0,20050.0,19600.0,19900.0,6264129
2024-11-05,,19850.0,20050.0,18800.0,18900.0,11170283
2024-11-06,,18900.0,19500.0,18800.0,19350.0,7983805
2024-11-07,,19500.0,19600.0,19350.0,19350.0,4873246
2024-11-08,,19200.0,19200.0,18650.0,18650.0,6234472
2024-11-11,,18650.0,18650.0,18450.0,18500.0,8181404
2024-11-12,,18550.0,18750.0,18200.0,18750.0,7424430
2024-11-13,,18850.0,18850.0,18050.0,18150.0,9253267
2024-11-14,,18250.0,18350.0,18050.0,18150.0,5169296
2024-11-15,,18200.0,18250.0,17750.0,17750.0,8560418
2024-11-18,,17850.0,17850.0,17500.0,17550.0,5619238
2024-11-19,,17500.0,17600.0,17350.0,17550.0,6329958
2024-11-20,,17650.0,17700.0,17550.0,17650.0,5480055
2024-11-21,,17650.0,17700.0,17350.0,17450.0,6447274
2024-11-22,,17500.0,17850.0,17350.0,17550.0,8134850
2024-11-25,,17600.0,17900.0,17500.0,17850.0,9152327
2024-11-26,,17850.0,18050.0,17700.0,17750.0,7548926
2024-11-27,,17800.0,18400.0,17750.0,18250.0,9927662
2024-11-28,,18200.0,18950.0,18100.0,18800.0,7553209
2024-11-29,,18700.0,18800.0,18600.0,18650.0,4717500
2024-12-02,,18800.0,18950.0,18300.0,18400.0,9114896
2024-12-03,,18300.0,18300.0,17800.0,17800.0,6744675
2024-12-04,,17700.0,17900.0,17650.0,17750.0,6780278
2024-12-05,,17800.0,17850.0,17600.0,17650.0,7499510
2024-12-06,,17800.0,17950.0,17800.0,17900.0,8055059
2024-12-09,,17950.0,18050.0,17300.0,17350.0,8423430
2024-12-10,,17400.0,17400.0,17200.0,17250.0,7222862
2024-12-11,,17150.0,17750.0,17050.0,17600.0,10092281
2024-12-12,,17500.0,17600.0,17350.0,17350.0,5703122
2024-12-13,,17250.0,17400.0,17000.0,17100.0,5704811
2024-12-16,,17100.0,17150.0,16550.0,16600.0,6913880
2024-12-17,,16600.0,17450.0,16500.0,17450.0,8420980
2024-12-18,,17450.0,17450.0,17200.0,17200.0,8091377
2024-12-19,,17150.0,17150.0,16700.0,16750.0,7018917
2024-12-20,,16750.0,16800.0,16450.0,16500.0,5973770
2024-12-23,,16500.0,16600.0,16100.0,16250.0,9427334
2024-12-24,,16200.0,16400.0,16050.0,16150.0,5916095
2024-12-25,,16150.0,16500.0,16100.0,16450.0,7744072
2024-12-26,,16400.0,16550.0,16350.0,16350.0,6715256
2024-12-27,,16450.0,16550.0,16050.0,16050.0,7186504
2024-12-30,,15950.0,15950.0,15500.0,15550.0,7952630
2024-12-31,,15550.0,15600.0,15550.0,15600.0,5551612
2025-01-01,,15500.0,15700.0,15400.0,15600.0,6615731
2025-01-02,,15450.0,16300.0,15450.0,16100.0,10171767
2025-01-03,,16200.0,16250.0,16000.0,16100.0,6121282
2025-01-06,,15950.0,16250.0,15900.0,16100.0,8784769
2025-01-07,,16150.0,16150.0,15700.0,15750.0,6451054
2025-01-08,,15850.0,15950.0,15600.0,15650.0,7106290
2025-01-09,,15600.0,15800.0,15400.0,15500.0,7881620
2025-01-10,,15450.0,15550.0,15300.0,15400.0,5545260
2025-01-13,,15350.0,15450.0,15100.0,15100.0,5678286
2025-01-14,,15050.0,15300.0,14950.0,15300.0,9112714
2025-01-15,,15250.0,15400.0,15250.0,15250.0,6749522
2025-01-16,,15200.0,15250.0,15150.0,15200.0,7968229
2025-01-17,,15150.0,15200.0,14550.0,14650.0,8267126
2025-01-20,,14550.0,14800.0,14450.0,14800.0,6875092
2025-01-21,,14800.0,15000.0,14800.0,14950.0,6702328
2025-01-22,,14900.0,15000.0,14600.0,14700.0,5676145
2025-01-23,,14700.0,15100.0,14600.0,15000.0,7881484
2025-01-24,,15000.0,15100.0,14550.0,14600.0,6801227
2025-01-27,,14650.0,14650.0,14550.0,14600.0,4043510
2025-01-28,,14600.0,14750.0,14500.0,14500.0,4852680
2025-01-29,,14600.0,14750.0,14100.0,14150.0,7187912
2025-01-30,,14100.0,14200.0,14000.0,14200.0,7922059
2025-01-31,,14150.0,14750.0,14150.0,14700.0,7530023
2025-02-03,,14750.0,14750.0,14650.0,14700.0,4709974
2025-02-04,,14650.0,14750.0,14500.0,14550.0,7876607
2025-02-05,,14600.0,14700.0,14550.0,14700.0,4543210
2025-02-06,,14750.0,14850.0,14700.0,14750.0,4739487
2025-02-07,,14600.0,14750.0,14550.0,14750.0,6178901
2025-02-10,,14700.0,14800.0,14500.0,14650.0,8339286
2025-02-11,,14750.0,15100.0,14600.0,15050.0,7542692
2025-02-12,,15150.0,15250.0,15050.0,15200.0,7460529
2025-02-13,,15250.0,15300.0,14950.0,15050.0,6428265
2025-02-14,,15050.0,15100.0,14900.0,15000.0,8351982
2025-02-17,,15000.0,15050.0,14550.0,14800.0,6933287
2025-02-18,,14900.0,15050.0,14550.0,14600.0,9178823
2025-02-19,,14550.0,14600.0,14300.0,14400.0,7356502
2025-02-20,,14500.0,14550.0,14000.0,14100.0,10036037
2025-02-21,,14050.0,14300.0,14050.0,14300.0,8138304
2025-02-24,,14350.0,14400.0,14250.0,14250.0,6040472
2025-02-25,,14300.0,14450.0,14200.0,14400.0,8242473
2025-02-26,,14450.0,14500.0,14050.0,14200.0,6397750
2025-02-27,,14150.0,14250.0,14050.0,14200.0,7589478
2025-02-28,,14250.0,14400.0,14000.0,14000.0,7725288
2025-03-03,,14100.0,14300.0,14100.0,14200.0,5611695
2025-03-04,,14100.0,14150.0,13950.0,14150.0,5473093
2025-03-05,,14050.0,14150.0,13900.0,13950.0,6502966
2025-03-06,,13950.0,14000.0,13350.0,13450.0,10510043
2025-03-07,,13350.0,13600.0,13350.0,13550.0,6198604
2025-03-10,,13600.0,13650.0,13250.0,13350.0,9538974
2025-03-11,,13300.0,13400.0,13250.0,13350.0,5289556
2025-03-12,,13350.0,13450.0,13200.0,13250.0,6581509
2025-03-13,,13200.0,13650.0,13150.0,13500.0,6948230
2025-03-14,,13450.0,13650.0,13450.0,13650.0,7031453
2025-03-17,,13700.0,13750.0,13700.0,13750.0,7174426
2025-03-18,,13750.0,13800.0,13450.0,13600.0,7231606
2025-03-19,,13700.0,13900.0,13600.0,13750.0,6865650
2025-03-20,,13800.0,14200.0,13800.0,14200.0,6699316
2025-03-21,,14100.0,14150.0,13900.0,13950.0,7735492
2025-03-24,,13950.0,14050.0,13900.0,14000.0,7972626
2025-03-25,,13950.0,14000.0,13500.0,13550.0,9593681
2025-03-26,,13600.0,14000.0,13400.0,13950.0,9041739
2025-03-27,,13850.0,13900.0,13750.0,13850.0,6790827
2025-03-28,,13850.0,14200.0,13800.0,14050.0,8188297
2025-03-31,,14050.0,14100.0,13500.0,13550.0,7610729
2025-04-01,,13500.0,14250.0,13400.0,14050.0,8743806
2025-04-02,,14050.0,14050.0,13850.0,13950.0,7949192
2025-04-03,,13950.0,14200.0,13950.0,14100.0,6337321
2025-04-04,,14050.0,14150.0,14000.0,14150.0,7708862
2025-04-07,,14150.0,14200.0,14100.0,14100.0,5739625
2025-04-08,,14050.0,14550.0,14050.0,14550.0,7242492
2025-04-09,,14600.0,14650.0,14050.0,14100.0,9767754
2025-04-10,,14150.0,14250.0,14100.0,14200.0,7330696
2025-04-11,,14250.0,14550.0,14200.0,14450.0,6100232
2025-04-14,,14450.0,14500.0,14400.0,14450.0,7987205
2025-04-15,,14500.0,14600.0,14300.0,14400.0,6707784
2025-04-16,,14400.0,14450.0,14300.0,14350.0,4774037
2025-04-17,,14400.0,14600.0,13950.0,14000.0,7455397
2025-04-18,,14000.0,14200.0,13950.0,14050.0,5697680
2025-04-21,,14050.0,14250.0,14050.0,14150.0,7479585
2025-04-22,,14100.0,14300.0,14100.0,14200.0,7484858
2025-04-23,,14250.0,14300.0,14050.0,14100.0,7165093
2025-04-24,,14050.0,14100.0,14000.0,14000.0,4388436
2025-04-25,,14000.0,14050.0,13850.0,13900.0,4868234
2025-04-28,,13900.0,14350.0,13800.0,14250.0,6892609
2025-04-29,,14250.0,14350.0,13650.0,13650.0,9957518
2025-04-30,,13650.0,13800.0,13650.0,13700.0,5280505
2025-05-01,,13650.0,13750.0,13550.0,13600.0,7164848
2025-05-02,,13600.0,14000.0,13600.0,14000.0,7866156
2025-05-05,,14100.0,14250.0,13950.0,14000.0,6691232
2025-05-06,,13900.0,14550.0,13800.0,14450.0,10778199
2025-05-07,,14350.0,14350.0,13650.0,13800.0,8331142
2025-05-08,,13650.0,14000.0,13550.0,13950.0,6007246
2025-05-09,,13900.0,14050.0,13800.0,14050.0,5873562
2025-05-12,,14050.0,14450.0,14000.0,14400.0,6893440
2025-05-13,,14450.0,14500.0,13900.0,13950.0,9913146
2025-05-14,,14050.0,14100.0,13800.0,13900.0,5611700
2025-05-15,,13900.0,14000.0,13850.0,13950.0,7157651
2025-05-16,,13800.0,13800.0,13750.0,13800.0,6520376
2025-05-19,,13850.0,14300.0,13850.0,14150.0,9652150
2025-05-20,,14100.0,14100.0,14050.0,14050.0,6068104
2025-05-21,,14000.0,14600.0,13850.0,14600.0,7859778
2025-05-22,,14600.0,15000.0,14600.0,14900.0,5903638
2025-05-23,,14900.0,15250.0,14800.0,15200.0,7165359
2025-05-26,,15200.0,15500.0,15100.0,15400.0,8954182
2025-05-27,,15450.0,15450.0,15000.0,15050.0,6783721
2025-05-28,,15000.0,15100.0,14900.0,14950.0,5758208
2025-05-29,,15050.0,15150.0,14800.0,15100.0,6721927
2025-05-30,,15100.0,15400.0,15050.0,15300.0,7991691
2025-06-02,,15300.0,15750.0,15250.0,15700.0,8124734
2025-06-03,,15700.0,15850.0,15550.0,15550.0,7851559
2025-06-04,,15550.0,15600.0,15300.0,15300.0,6552203
2025-06-05,,15250.0,15650.0,15100.0,15550.0,7081283
2025-06-06,,15700.0,15800.0,15200.0,15300.0,6775235
2025-06-09,,15300.0,15600.0,15100.0,15600.0,8999184
2025-06-10,,15550.0,16100.0,15500.0,15950.0,9096398
2025-06-11,,16050.0,16250.0,15850.0,16100.0,6922843
2025-06-12,,16000.0,16000.0,15950.0,16000.0,7033971
2025-06-13,,16000.0,16050.0,15900.0,16000.0,4720225
2025-06-16,,16050.0,16250.0,15900.0,16200.0,6815966
2025-06-17,,16150.0,16300.0,16150.0,16200.0,6726468
2025-06-18,,16200.0,17000.0,16200.0,16950.0,8199015
2025-06-19,,16950.0,17000.0,16550.0,16600.0,7268590
2025-06-20,,16500.0,16500.0,16150.0,16250.0,5323727
2025-06-23,,16250.0,16300.0,15900.0,15950.0,6529385
2025-06-24,,16000.0,16150.0,15700.0,15750.0,6956549
2025-06-25,,15700.0,15750.0,15100.0,15100.0,7928025
2025-06-26,,15000.0,15000.0,14750.0,14900.0,4925479
2025-06-27,,14900.0,15000.0,14600.0,14700.0,9010688
2025-06-30,,14650.0,14750.0,14500.0,14750.0,8283504
2025-07-01,,14700.0,14850.0,14650.0,14850.0,5803315
2025-07-02,,14900.0,14900.0,14450.0,14500.0,8882830
2025-07-03,,14650.0,14850.0,14550.0,14750.0,5158914
2025-07-04,,14700.0,15350.0,14650.0,15300.0,7879962
2025-07-07,,15250.0,15300.0,15250.0,15250.0,4653651
2025-07-08,,15200.0,15750.0,15200.0,15700.0,7312452
2025-07-09,,15750.0,15950.0,15650.0,15800.0,4944112
2025-07-10,,15800.0,16500.0,15750.0,16400.0,10056958
2025-07-11,,16450.0,16850.0,16400.0,16800.0,7278952
2025-07-14,,16800.0,16950.0,16150.0,16250.0,7925625
2025-07-15,,16200.0,16250.0,16150.0,16250.0,4489685
2025-07-16,,16300.0,16650.0,16300.0,16600.0,7661803
2025-07-17,,16700.0,16750.0,16600.0,16650.0,7509744
2025-07-18,,16600.0,16650.0,16500.0,16650.0,7717590
2025-07-21,,16700.0,17150.0,16650.0,17050.0,8006351
2025-07-22,,16950.0,17050.0,16650.0,16800.0,6724264
2025-07-23,,16700.0,16850.0,16700.0,16800.0,6009956
2025-07-24,,16750.0,17000.0,16600.0,16950.0,5649526
2025-07-25,,17050.0,17200.0,16850.0,16850.0,6040070
2025-07-28,,16900.0,17050.0,16800.0,16850.0,8244848
2025-07-29,,16800.0,17250.0,16800.0,17100.0,6723703
2025-07-30,,17200.0,17400.0,17100.0,17250.0,5263224
2025-07-31,,17350.0,17450.0,16950.0,16950.0,9273757
2025-08-01,,16950.0,17050.0,16600.0,16600.0,8378022
2025-08-04,,16450.0,16500.0,16150.0,16350.0,6058765
2025-08-05,,16400.0,16500.0,16250.0,16350.0,7670001
2025-08-06,,16350.0,16450.0,16300.0,16300.0,5473324
2025-08-07,,16250.0,16300.0,16000.0,16050.0,5914917
2025-08-08,,16050.0,16100.0,15750.0,15850.0,8685476
2025-08-11,,15900.0,15900.0,15300.0,15350.0,6432959
2025-08-12,,15400.0,15650.0,15250.0,15500.0,8101066
2025-08-13,,15400.0,15600.0,15400.0,15500.0,5699307
2025-08-14,,15500.0,15500.0,15050.0,15100.0,7643541
2025-08-15,,15050.0,15250.0,14950.0,15100.0,6803443
2025-08-18,,15100.0,15700.0,15050.0,15550.0,8733351
2025-08-19,,15550.0,15600.0,15250.0,15300.0,8151497
2025-08-20,,15250.0,15750.0,15150.0,15700.0,8519738
2025-08-21,,15700.0,15850.0,15550.0,15600.0,8742414
2025-08-22,,15650.0,15800.0,15550.0,15700.0,7294018
2025-08-25,,15750.0,15900.0,15650.0,15700.0,8520967
2025-08-26,,15650.0,16150.0,15650.0,16150.0,7978410
2025-08-27,,16200.0,16250.0,16050.0,16200.0,7033455
2025-08-28,,16200.0,16350.0,15800.0,15850.0,8169558
2025-08-29,,15900.0,15900.0,15350.0,15450.0,8725952
2025-09-01,,15400.0,15550.0,14700.0,14950.0,10285921
2025-09-02,,15050.0,15250.0,14300.0,14450.0,9396985
2025-09-03,,14300.0,14550.0,14300.0,14500.0,5003647
2025-09-04,,14500.0,14500.0,14100.0,14200.0,9346252
2025-09-05,,14150.0,14250.0,14150.0,14200.0,6402346
2025-09-08,,14200.0,14200.0,13900.0,14000.0,5586075
2025-09-09,,14000.0,14100.0,13700.0,13800.0,8074198
2025-09-10,,13750.0,13800.0,13600.0,13650.0,8101840
2025-09-11,,13650.0,14000.0,13600.0,13850.0,8106149
2025-09-12,,13800.0,14150.0,13750.0,14100.0,9270224
2025-09-15,,14050.0,14250.0,14000.0,14200.0,6669502
2025-09-16,,14200.0,14200.0,13850.0,13950.0,9284761
2025-09-17,,14050.0,14100.0,13950.0,14100.0,5378990
2025-09-18,,14000.0,14350.0,13850.0,14300.0,8807205
2025-09-19,,14300.0,14450.0,14200.0,14400.0,6738105
2025-09-22,,14550.0,14700.0,14200.0,14250.0,9789117
2025-09-23,,14250.0,14550.0,14100.0,14450.0,6799009
2025-09-24,,14550.0,14600.0,14500.0,14550.0,6789180
2025-09-25,,14500.0,14550.0,13650.0,13650.0,8678978
2025-09-26,,13650.0,13850.0,13600.0,13850.0,7640123
2025-09-29,,13800.0,13850.0,13200.0,13300.0,8650274
2025-09-30,,13250.0,13600.0,13250.0,13500.0,8543681
2025-10-01,,13550.0,13550.0,13400.0,13450.0,7427182
2025-10-02,,13350.0,13850.0,13250.0,13800.0,7263216
2025-10-03,,13850.0,13850.0,13750.0,13750.0,4104524
2025-10-06,,13750.0,13800.0,13500.0,13500.0,8867101
2025-10-07,,13500.0,13500.0,13400.0,13500.0,4384119
2025-10-08,,13500.0,13950.0,13400.0,13750.0,9607502
2025-10-09,,13700.0,13900.0,13650.0,13800.0,4879759
2025-10-10,,13650.0,13750.0,13550.0,13750.0,6907385
2025-10-13,,13800.0,14000.0,13650.0,13950.0,7444972
2025-10-14,,13900.0,14050.0,13800.0,14050.0,8208981
2025-10-15,,14000.0,14150.0,13900.0,14050.0,5279293
2025-10-16,,14100.0,14450.0,14100.0,14400.0,6255975
2025-10-17,,14400.0,14850.0,14350.0,14850.0,6330849
2025-10-20,,14750.0,15200.0,14650.0,15050.0,7704761
2025-10-21,,15050.0,15150.0,14950.0,14950.0,5447100
2025-10-22,,14900.0,15450.0,14750.0,15400.0,10750821
2025-10-23,,15450.0,15850.0,15350.0,15800.0,6810359
2025-10-24,,15850.0,16050.0,15850.0,16000.0,4685198
2025-10-27,,15950.0,16000.0,15550.0,15650.0,5933097
2025-10-28,,15650.0,15750.0,15450.0,15700.0,8460937
2025-10-29,,15650.0,15750.0,15400.0,15450.0,8768041
2025-10-30,,15450.0,15450.0,15350.0,15400.0,7298657
2025-10-31,,15350.0,15500.0,15300.0,15500.0,7397070
2025-11-03,,15350.0,15500.0,15250.0,15500.0,7492285
2025-11-04,,15450.0,15500.0,15300.0,15350.0,5075667
2025-11-05,,15350.0,15800.0,15200.0,15750.0,8360505
2025-11-06,,15800.0,15850.0,15050.0,15250.0,7965970
2025-11-07,,15250.0,15450.0,15150.0,15450.0,7430186
2025-11-10,,15500.0,15600.0,14900.0,14900.0,8756482
2025-11-11,,15000.0,15050.0,14850.0,15000.0,4718347
2025-11-12,,15050.0,15150.0,14700.0,14750.0,8492923
2025-11-13,,14750.0,15050.0,14650.0,15000.0,7639978
2025-11-14,,15050.0,15100.0,14950.0,15050.0,5747348
2025-11-17,,15050.0,15150.0,15050.0,15100.0,4610840
2025-11-18,,15050.0,15050.0,14800.0,14800.0,8390526
2025-11-19,,14800.0,14850.0,14500.0,14600.0,8262301
2025-11-20,,14650.0,14800.0,14550.0,14700.0,7648381
2025-11-21,,14700.0,14900.0,14650.0,14850.0,5365307
2025-11-24,,14800.0,15800.0,14800.0,15750.0,9646103
2025-11-25,,15850.0,15900.0,15750.0,15800.0,5661647
2025-11-26,,15850.0,16300.0,15800.0,16100.0,5901507
2025-11-27,,16100.0,16250.0,15550.0,15600.0,7355454
2025-11-28,,15550.0,15600.0,15100.0,15200.0,6460610
2025-12-01,,15200.0,15300.0,14950.0,15100.0,8589575
2025-12-02,,15000.0,15000.0,14450.0,14750.0,9041104
2025-12-03,,14800.0,15200.0,14750.0,15200.0,8003613
2025-12-04,,15250.0,15450.0,15050.0,15050.0,9222883
2025-12-05,,15100.0,15550.0,15000.0,15500.0,9384312
2025-12-08,,15400.0,15950.0,15400.0,15950.0,7731048
2025-12-09,,15850.0,15950.0,15750.0,15950.0,5798934
2025-12-10,,16050.0,16200.0,15900.0,16150.0,7919094
2025-12-11,,16200.0,16250.0,15950.0,16100.0,8269136
2025-12-12,,16050.0,16300.0,16050.0,16300.0,5640626
2025-12-15,,16300.0,16500.0,16200.0,16450.0,8627951
2025-12-16,,16550.0,16750.0,16250.0,16400.0,7270485
2025-12-17,,16450.0,16650.0,16350.0,16600.0,8312281
2025-12-18,,16550.0,17150.0,16550.0,17150.0,8100914
2025-12-19,,17100.0,17450.0,17000.0,17400.0,8552321
2025-12-22,,17450.0,17650.0,17300.0,17550.0,8534840
2025-12-23,,17600.0,17650.0,17550.0,17600.0,6165925
2025-12-24,,17600.0,17800.0,17050.0,17200.0,10763707
2025-12-25,,17200.0,17250.0,16850.0,16900.0,6912667
2025-12-26,,16900.0,17000.0,16850.0,17000.0,7147806
2025-12-29,,17000.0,17050.0,16500.0,16550.0,7116301
2025-12-30,,16600.0,16650.0,16300.0,16300.0,8479583
2025-12-31,,16400.0,16750.0,16300.0,16700.0,5524888
2026-01-01,,16700.0,17400.0,16650.0,17350.0,8631173
2026-01-02,,17500.0,17550.0,16700.0,16750.0,8866678
2026-01-05,,16700.0,17550.0,16700.0,17300.0,10447384
2026-01-06,,17300.0,17500.0,17150.0,17250.0,6668921
2026-01-07,,17350.0,17400.0,17150.0,17250.0,7682504
2026-01-08,,17250.0,17500.0,17150.0,17200.0,6521726
2026-01-09,,17150.0,17700.0,17150.0,17600.0,7955400
2026-01-12,,17500.0,17750.0,17000.0,17050.0,7435147
2026-01-13,,17100.0,17450.0,17000.0,17200.0,8639233
2026-01-14,,17300.0,17350.0,16850.0,16850.0,5801211
2026-01-15,,16950.0,17250.0,16900.0,17050.0,8884024
2026-01-16,,17000.0,17700.0,16900.0,17600.0,8574198
2026-01-19,,17500.0,17750.0,17450.0,17600.0,8061609
2026-01-20,,17600.0,17900.0,17600.0,17750.0,5351635
2026-01-21,,17700.0,17950.0,17450.0,17900.0,6641374
2026-01-22,,17950.0,18050.0,17500.0,17600.0,6155241
2026-01-23,,17600.0,18250.0,17500.0,18150.0,9754534
2026-01-26,,18200.0,18800.0,18050.0,18750.0,9185825
2026-01-27,,18650.0,19100.0,18650.0,19050.0,5943975
2026-01-28,,19100.0,19250.0,19000.0,19100.0,6607664
2026-01-29,,19300.0,19300.0,18800.0,18900.0,7485728
2026-01-30,,18850.0,19050.0,18500.0,18700.0,7391996
2026-02-02,,18650.0,19500.0,18650.0,19300.0,10585864
2026-02-03,,19150.0,20000.0,19150.0,19850.0,10005392
2026-02-04,,19850.0,19900.0,19750.0,19850.0,7205301
2026-02-05,,19700.0,19900.0,19250.0,19250.0,9458974
2026-02-06,,19250.0,19300.0,18000.0,18150.0,9437642
2026-02-09,,18200.0,18250.0,17650.0,17750.0,7504517
2026-02-10,,17700.0,17750.0,17700.0,17700.0,7531474
2026-02-11,,17750.0,18250.0,17650.0,18200.0,8636255
2026-02-12,,18100.0,18250.0,17800.0,18000.0,5634291
2026-02-13,,18200.0,18200.0,18050.0,18200.0,4292144
2026-02-16,,18150.0,18800.0,17900.0,18650.0,10972932
2026-02-17,,18600.0,18900.0,18550.0,18700.0,6305336
2026-02-18,,18750.0,18850.0,18400.0,18650.0,8528272
2026-02-19,,18550.0,18550.0,17950.0,18200.0,7999942
2026-02-20,,18200.0,18250.0,17500.0,17750.0,10216837
2026-02-23,,17650.0,18000.0,17550.0,17900.0,7615794
2026-02-24,,17950.0,17950.0,17800.0,17850.0,5499367
2026-02-25,,17850.0,17950.0,17700.0,17900.0,6849540
2026-02-26,,17750.0,18050.0,17700.0,17900.0,5067191
2026-02-27,,17850.0,18350.0,17800.0,18100.0,7487481
2026-03-02,,18050.0,18050.0,17750.0,17850.0,8305817
2026-03-03,,17800.0,17900.0,17700.0,17750.0,7698468
2026-03-04,,17850.0,18400.0,17750.0,18400.0,8556489
2026-03-05,,18500.0,18600.0,18100.0,18100.0,5956491
2026-03-06,,18050.0,18200.0,17950.0,18000.0,5238771
2026-03-09,,17950.0,17950.0,17750.0,17800.0,6121683
2026-03-10,,17900.0,18050.0,17850.0,18000.0,5662803
2026-03-11,,18050.0,18400.0,17950.0,18350.0,6639129
2026-03-12,,18500.0,18550.0,18050.0,18150.0,8170882
2026-03-13,,18200.0,18200.0,17900.0,18000.0,4873455
2026-03-16,,18000.0,18050.0,17850.0,17950.0,7702114
2026-03-17,,18050.0,18250.0,17950.0,18100.0,5289263
2026-03-18,,18150.0,18200.0,17750.0,17850.0,5604387
2026-03-19,,17850.0,17950.0,17650.0,17750.0,6373151
2026-03-20,,17800.0,17900.0,16850.0,16900.0,8417940
2026-03-23,,17050.0,17150.0,16450.0,16450.0,10018144
2026-03-24,,16400.0,16550.0,16400.0,16400.0,6765444
2026-03-25,,16350.0,16850.0,16350.0,16700.0,7335653
2026-03-26,,16650.0,16850.0,16600.0,16800.0,5338192
2026-03-27,,16700.0,16750.0,16450.0,16450.0,5567438
2026-03-30,,16450.0,16550.0,16000.0,16000.0,9449598
2026-03-31,,15900.0,16100.0,15900.0,16050.0,6757301
2026-04-01,,16000.0,16100.0,15350.0,15500.0,8371570
2026-04-02,,15550.0,15950.0,15450.0,15850.0,8337620
2026-04-03,,15950.0,16100.0,15700.0,15900.0,7084708
2026-04-06,,15950.0,15950.0,15300.0,15350.0,7266133
2026-04-07,,15350.0,15350.0,15050.0,15100.0,7633684
2026-04-08,,15100.0,15250.0,14800.0,14850.0,9174293
2026-04-09,,14950.0,15050.0,14550.0,14650.0,6202093
2026-04-10,,14750.0,14950.0,14150.0,14200.0,11367727
2026-04-13,,14250.0,14250.0,13900.0,13950.0,6147882
2026-04-14,,13900.0,14050.0,13750.0,13800.0,8224566
2026-04-15,,13800.0,13800.0,13500.0,13600.0,7853867
2026-04-16,,13650.0,13950.0,13650.0,13900.0,6366614
2026-04-17,,14000.0,14100.0,13700.0,13950.0,9228859
2026-04-20,,13950.0,13950.0,13550.0,13650.0,6962685
2026-04-21,,13700.0,13750.0,13500.0,13550.0,6577631
2026-04-22,,13550.0,13600.0,13200.0,13350.0,6311498
2026-04-23,,13350.0,13450.0,13200.0,13250.0,6097960
2026-04-24,,13250.0,13550.0,13250.0,13500.0,8242401
2026-04-27,,13500.0,13600.0,13400.0,13550.0,6114817
2026-04-28,,13550.0,14300.0,13500.0,14200.0,10136325
2026-04-29,,14150.0,14450.0,14100.0,14300.0,7165379
2026-04-30,,14350.0,14350.0,14050.0,14050.0,5647050
2026-05-01,,14100.0,14350.0,14050.0,14250.0,6973309
2026-05-04,,14100.0,14700.0,14100.0,14600.0,6913158
2026-05-05,,14600.0,14900.0,14600.0,14900.0,7747924
2026-05-06,,15000.0,15000.0,14600.0,14600.0,8930223
2026-05-07,,14600.0,14750.0,14550.0,14550.0,5615194
2026-05-08,,14500.0,15050.0,14400.0,14850.0,8365962
2026-05-11,,14800.0,14900.0,14300.0,14350.0,7012845
2026-05-12,,14300.0,14350.0,14100.0,14250.0,5118345
2026-05-13,,14250.0,14350.0,13800.0,13850.0,10034262
2026-05-14,,13850.0,14000.0,13500.0,13600.0,6706632
2026-05-15,,13600.0,13600.0,13250.0,13300.0,6782270
2026-05-18,,13300.0,13700.0,13200.0,13650.0,8877487
2026-05-19,,13600.0,13700.0,13550.0,13600.0,5344768
2026-05-20,,13700.0,13750.0,13300.0,13350.0,6201878
2026-05-21,,13350.0,13350.0,13050.0,13050.0,6189612
2026-05-22,,13100.0,13100.0,13100.0,13100.0,6194305
2026-05-25,,13150.0,13200.0,13050.0,13100.0,6451771
2026-05-26,,13200.0,13500.0,13150.0,13450.0,7637155
2026-05-27,,13500.0,13750.0,13450.0,13600.0,5275911
2026-05-28,,13750.0,13750.0,13200.0,13200.0,7789257
2026-05-29,,13200.0,13200.0,13000.0,13050.0,5638835
2026-06-01,,13150.0,13400.0,13150.0,13350.0,7105198
2026-06-02,,13350.0,13500.0,13150.0,13200.0,6397393
2026-06-03,,13200.0,13750.0,13200.0,13650.0,7236108
2026-06-04,,13650.0,13700.0,13250.0,13350.0,6656404
2026-06-05,,13300.0,13600.0,13300.0,13500.0,7153164
2026-06-08,,13500.0,13600.0,13200.0,13250.0,5815299
2026-06-09,,13250.0,13300.0,13100.0,13150.0,6024623
2026-06-10,,13200.0,13500.0,13150.0,13400.0,8297043
2026-06-11,,13400.0,13500.0,13200.0,13400.0,9083619
2026-06-12,,13350.0,13700.0,13250.0,13600.0,6601158
2026-06-15,,13500.0,13950.0,13400.0,13750.0,9136306
2026-06-16,,13750.0,14050.0,13750.0,13950.0,8475995
2026-06-17,,13950.0,13950.0,13600.0,13700.0,5845316
2026-06-18,,13750.0,13900.0,13450.0,13650.0,9547294
2026-06-19,,13750.0,13800.0,13700.0,13750.0,4862352
2026-06-22,,13600.0,13650.0,13450.0,13550.0,5737855
2026-06-23,,13500.0,14100.0,13300.0,14000.0,8031916
2026-06-24,,13950.0,14050.0,13750.0,13750.0,7996538
2026-06-25,,13700.0,13750.0,13650.0,13700.0,5997950
2026-06-26,,13750.0,13800.0,13200.0,13400.0,9677332
2026-06-29,,13400.0,13450.0,12750.0,12850.0,8596961
2026-06-30,,12900.0,13350.0,12850.0,13300.0,8764129
2026-07-01,,13400.0,13600.0,13200.0,13250.0,5857440
2026-07-02,,13300.0,13500.0,13050.0,13150.0,7892977
2026-07-03,,13200.0,13250.0,13050.0,13100.0,6740244
2026-07-06,,13000.0,13500.0,13000.0,13450.0,6859968
2026-07-07,,13300.0,13300.0,13100.0,13200.0,5111292
2026-07-08,,13250.0,13600.0,13250.0,13400.0,9142151
2026-07-09,,13400.0,13400.0,13250.0,13300.0,6566637
2026-07-10,,13250.0,13300.0,13150.0,13150.0,6526536
2026-07-13,,13150.0,13300.0,13100.0,13300.0,5936640
2026-07-14,,13250.0,13650.0,13200.0,13550.0,9758663
2026-07-15,,13700.0,13850.0,13300.0,13400.0,8282332
2026-07-16,,13400.0,13500.0,13200.0,13200.0,7622742
2026-07-17,,13300.0,13450.0,12850.0,12900.0,10867579
2026-07-20,,12900.0,13250.0,12900.0,13200.0,8042610
2026-07-21,,13100.0,13150.0,12950.0,13050.0,8632789
2026-07-22,,13050.0,13150.0,12400.0,12550.0,9320193
2026-07-23,,12550.0,12950.0,12500.0,12900.0,8100875
2026-07-24,,12950.0,12950.0,12450.0,12550.0,7954061
2026-07-27,,12600.0,12750.0,12450.0,12750.0,5403996
2026-07-28,,12700.0,12800.0,12600.0,12800.0,8128242
2026-07-29,,12800.0,13000.0,12800.0,12900.0,6368649
2026-07-30,,12900.0,13000.0,12550.0,12750.0,6632384
2026-07-31,,12800.0,12900.0,12800.0,12850.0,4928662
2026-08-03,,12850.0,12950.0,12400.0,12450.0,6841865
2026-08-04,,12450.0,12700.0,12400.0,12600.0,5354079
2026-08-05,,12600.0,13100.0,12500.0,12950.0,8258493
2026-08-06,,12950.0,13200.0,12900.0,13200.0,8839019
2026-08-07,,13100.0,13150.0,12600.0,12650.0,10244736
2026-08-10,,12600.0,12600.0,12400.0,12450.0,7396244
2026-08-11,,12450.0,12500.0,12300.0,12400.0,5847774
2026-08-12,,12400.0,12550.0,12350.0,12500.0,4987564
2026-08-13,,12500.0,12500.0,12400.0,12500.0,7693966
2026-08-14,,12550.0,12550.0,12350.0,12350.0,6362166
2026-08-17,,12250.0,12600.0,12250.0,12500.0,9144258
2026-08-18,,12400.0,12850.0,12350.0,12800.0,7840348
2026-08-19,,12850.0,12900.0,12700.0,12750.0,6986516
2026-08-20,,12650.0,13050.0,12600.0,12950.0,7964341
2026-08-21,,12950.0,13000.0,12200.0,12300.0,10596699
2026-08-24,,12200.0,12350.0,11950.0,12050.0,8362896
2026-08-25,,12050.0,12100.0,11950.0,12000.0,7363255
2026-08-26,,12050.0,12150.0,11800.0,11850.0,6941816
2026-08-27,,11850.0,11950.0,11750.0,11950.0,5478132
2026-08-28,,11900.0,12200.0,11900.0,12200.0,6390771
2026-08-31,,12150.0,12350.0,12000.0,12300.0,9371414
