Date,Symbol,Open,High,Low,Close,Volume
2018-01-01,CTG,22050.0,22250.0,21950.0,22000.0,14357455
2018-01-02,CTG,22000.0,22850.0,21900.0,22700.0,19748768
2018-01-03,CTG,22800.0,22900.0,22000.0,22150.0,18191395
2018-01-04,CTG,22150.0,22250.0,21200.0,21250.0,20731157
2018-01-05,CTG,21200.0,21750.0,21150.0,21550.0,15010317
2018-01-08,CTG,21750.0,22500.0,21600.0,22500.0,16778503
2018-01-09,CTG,22500.0,23100.0,22450.0,22950.0,16295882
2018-01-10,CTG,22900.0,23550.0,22900.0,23400.0,22310375
2018-01-11,CTG,23350.0,23450.0,23000.0,23150.0,12373730
2018-01-12,CTG,23250.0,23250.0,22250.0,22350.0,20065746
2018-01-15,CTG,22200.0,22200.0,21450.0,21500.0,17485027
2018-01-16,CTG,21350.0,22500.0,21100.0,22250.0,27433434
2018-01-17,CTG,22250.0,22450.0,21500.0,21550.0,23483467
2018-01-18,CTG,21400.0,21450.0,21250.0,21350.0,17138326
2018-01-19,CTG,21250.0,21850.0,21150.0,21750.0,19254022
2018-01-22,CTG,21800.0,21900.0,21150.0,21250.0,21371247
2018-01-23,CTG,21250.0,21800.0,21150.0,21800.0,23305591
2018-01-24,CTG,21600.0,22050.0,21600.0,22000.0,17977110
2018-01-25,CTG,21900.0,22250.0,21850.0,22050.0,12779440
2018-01-26,CTG,22200.0,22700.0,22200.0,22500.0,15059455
2018-01-29,CTG,22700.0,22800.0,22300.0,22400.0,18619783
2018-01-30,CTG,22300.0,22450.0,22000.0,22100.0,21290228
2018-01-31,CTG,22000.0,22300.0,21900.0,22150.0,16764116
2018-02-01,CTG,22300.0,22450.0,21800.0,21850.0,20740415
2018-02-02,CTG,21900.0,21900.0,21850.0,21900.0,8945219
2018-02-05,CTG,21800.0,22300.0,21750.0,22150.0,16867549
2018-02-06,CTG,22050.0,22150.0,21700.0,21800.0,21251409
2018-02-07,CTG,21700.0,21800.0,21500.0,21650.0,15141456
2018-02-08,CTG,21700.0,21800.0,21400.0,21550.0,19997936
2018-02-09,CTG,21500.0,21950.0,21300.0,21600.0,16427755
2018-02-12,CTG,21700.0,21800.0,21650.0,21750.0,17433576
2018-02-13,CTG,21700.0,22650.0,21650.0,22550.0,25605444
2018-02-14,CTG,22550.0,22550.0,22100.0,22200.0,17304124
2018-02-15,CTG,22200.0,22350.0,22000.0,22200.0,17511638
2018-02-16,CTG,22100.0,22950.0,22050.0,22650.0,15762772
2018-02-19,CTG,22650.0,22750.0,22350.0,22350.0,17219996
2018-02-20,CTG,22250.0,22450.0,21500.0,21500.0,17721856
2018-02-21,CTG,21650.0,21700.0,21200.0,21350.0,18297400
2018-02-22,CTG,21400.0,22000.0,21300.0,21750.0,17491878
2018-02-23,CTG,21700.0,21950.0,21600.0,21900.0,15473509
2018-02-26,CTG,21800.0,22050.0,21300.0,21400.0,18689831
2018-02-27,CTG,21350.0,21600.0,21250.0,21550.0,13461213
2018-02-28,CTG,21600.0,21600.0,21600.0,21600.0,13549075
2018-03-01,CTG,21650.0,21950.0,21500.0,21950.0,14850439
2018-03-02,CTG,21900.0,21950.0,21700.0,21750.0,17727523
2018-03-05,CTG,21750.0,21950.0,21600.0,21850.0,11749023
2018-03-06,CTG,21950.0,22100.0,21400.0,21550.0,21742292
2018-03-07,CTG,21600.0,21800.0,21400.0,21400.0,20212435
2018-03-08,CTG,21450.0,21600.0,21200.0,21300.0,17018707
2018-03-09,CTG,21350.0,21550.0,20900.0,21050.0,21934498
2018-03-12,CTG,21050.0,21500.0,21000.0,21500.0,17172801
2018-03-13,CTG,21450.0,21850.0,21450.0,21600.0,16225840
2018-03-14,CTG,21550.0,21950.0,21500.0,21750.0,21096716
2018-03-15,CTG,21650.0,22350.0,21600.0,22250.0,20851887
2018-03-16,CTG,22450.0,22600.0,22450.0,22550.0,18861753
2018-03-19,CTG,22450.0,22750.0,22300.0,22700.0,19977326
2018-03-20,CTG,22750.0,23150.0,22750.0,23150.0,19485355
2018-03-21,CTG,23050.0,23450.0,23000.0,23400.0,12214643
2018-03-22,CTG,23500.0,23950.0,23350.0,23900.0,18846114
2018-03-23,CTG,23800.0,24100.0,23350.0,23550.0,21150988
2018-03-26,CTG,23500.0,23650.0,23500.0,23600.0,14107683
2018-03-27,CTG,23550.0,23700.0,23500.0,23500.0,17106307
2018-03-28,CTG,23650.0,23900.0,23450.0,23800.0,14739493
2018-03-29,CTG,23950.0,24000.0,23650.0,23750.0,15259486
2018-03-30,CTG,23700.0,24050.0,23650.0,24050.0,18420830
2018-04-02,CTG,24150.0,24300.0,23800.0,23850.0,12311133
2018-04-03,CTG,23950.0,24000.0,23500.0,23550.0,18713863
2018-04-04,CTG,23550.0,23650.0,23200.0,23250.0,13250501
2018-04-05,CTG,23250.0,23300.0,23000.0,23150.0,15648047
2018-04-06,CTG,22950.0,23450.0,22800.0,23250.0,16732089
2018-04-09,CTG,23400.0,23650.0,22850.0,22950.0,16527227
2018-04-10,CTG,22950.0,23050.0,21850.0,21950.0,26696136
2018-04-11,CTG,22000.0,22300.0,21650.0,21800.0,18076805
2018-04-12,CTG,21750.0,21950.0,21450.0,21500.0,17365846
2018-04-13,CTG,21400.0,21450.0,20850.0,20850.0,16656678
2018-04-16,CTG,20750.0,21550.0,20650.0,21300.0,17572525
2018-04-17,CTG,21300.0,21550.0,21000.0,21050.0,20850190
2018-04-18,CTG,21000.0,21050.0,19900.0,20050.0,25188479
2018-04-19,CTG,20050.0,20050.0,19800.0,19950.0,19081920
2018-04-20,CTG,19900.0,20100.0,19850.0,20000.0,12041996
2018-04-23,CTG,19900.0,20000.0,19600.0,19800.0,19522333
2018-04-24,CTG,19750.0,20650.0,19600.0,20550.0,26481598
2018-04-25,CTG,20500.0,20500.0,20450.0,20500.0,14641059
2018-04-26,CTG,20450.0,20650.0,20250.0,20550.0,13841153
2018-04-27,CTG,20400.0,20800.0,20400.0,20750.0,18588871
2018-04-30,CTG,20800.0,21200.0,20700.0,21000.0,21724157
2018-05-01,CTG,21050.0,21200.0,20550.0,20700.0,23598445
2018-05-02,CTG,20650.0,20700.0,20550.0,20600.0,11822168
2018-05-03,CTG,20600.0,20800.0,20400.0,20750.0,16043878
2018-05-04,CTG,20800.0,21650.0,20700.0,21450.0,25325644
2018-05-07,CTG,21400.0,21650.0,20950.0,21200.0,18284178
2018-05-08,CTG,21400.0,21850.0,21200.0,21800.0,19971856
2018-05-09,CTG,21800.0,21850.0,21650.0,21650.0,12704616
2018-05-10,CTG,21750.0,21950.0,21550.0,21900.0,16729918
2018-05-11,CTG,21900.0,22300.0,21850.0,22300.0,16974409
2018-05-14,CTG,22400.0,22850.0,22350.0,22650.0,14057991
2018-05-15,CTG,22900.0,23100.0,22800.0,22850.0,19615712
2018-05-16,CTG,22800.0,23050.0,22600.0,23000.0,17959326
2018-05-17,CTG,23000.0,23850.0,22800.0,23700.0,22274803
2018-05-18,CTG,23600.0,23850.0,23100.0,23150.0,20597593
2018-05-21,CTG,23150.0,23300.0,22700.0,22950.0,15111309
2018-05-22,CTG,22950.0,23050.0,21750.0,22000.0,21640689
2018-05-23,CTG,22000.0,22100.0,21650.0,21800.0,13788281
2018-05-24,CTG,21800.0,21850.0,21650.0,21700.0,11203311
2018-05-25,CTG,21850.0,22050.0,21050.0,21100.0,25829055
2018-05-28,CTG,21100.0,21150.0,20750.0,20800.0,15701213
2018-05-29,CTG,20800.0,21150.0,20800.0,21000.0,16120637
2018-05-30,CTG,20950.0,21000.0,20300.0,20300.0,14607693
2018-05-31,CTG,20200.0,20300.0,20050.0,20250.0,11461148
2018-06-01,CTG,20250.0,20350.0,19950.0,20100.0,18955497
2018-06-04,CTG,20100.0,21000.0,20100.0,20850.0,21057123
2018-06-05,CTG,20750.0,21050.0,20650.0,20900.0,15356633
2018-06-06,CTG,20800.0,20950.0,20750.0,20850.0,15188983
2018-06-07,CTG,20850.0,21150.0,20850.0,21100.0,18609566
2018-06-08,CTG,21050.0,21550.0,21000.0,21450.0,19503617
2018-06-11,CTG,21400.0,22050.0,21350.0,22000.0,17835246
2018-06-12,CTG,21850.0,21950.0,21200.0,21250.0,15320679
2018-06-13,CTG,21200.0,21250.0,20950.0,21000.0,12339082
2018-06-14,CTG,20950.0,21300.0,20950.0,21250.0,19391317
2018-06-15,CTG,21300.0,21550.0,20850.0,21100.0,19347492
2018-06-18,CTG,21000.0,21300.0,20950.0,21200.0,14381736
2018-06-19,CTG,21200.0,21200.0,21100.0,21150.0,17031158
2018-06-20,CTG,21200.0,21500.0,21100.0,21350.0,17367434
2018-06-21,CTG,21400.0,21500.0,20600.0,20700.0,21668246
2018-06-22,CTG,20650.0,21400.0,20550.0,21150.0,19587155
2018-06-25,CTG,21200.0,21250.0,20850.0,21050.0,19892499
2018-06-26,CTG,21000.0,21350.0,20900.0,21300.0,15286169
2018-06-27,CTG,21300.0,21450.0,21150.0,21200.0,17183459
2018-06-28,CTG,21300.0,22150.0,21300.0,22000.0,22454577
2018-06-29,CTG,22050.0,22850.0,22050.0,22650.0,17267383
2018-07-02,CTG,22650.0,22800.0,22300.0,22450.0,14593580
2018-07-03,CTG,22350.0,22500.0,21750.0,21900.0,23729573
2018-07-04,CTG,21900.0,22000.0,21750.0,21850.0,15107326
2018-07-05,CTG,22000.0,22200.0,21900.0,21900.0,17727728
2018-07-06,CTG,21750.0,22000.0,21650.0,21950.0,16589719
2018-07-09,CTG,22000.0,22100.0,21350.0,21400.0,24196918
2018-07-10,CTG,21500.0,21600.0,21250.0,21400.0,18028474
2018-07-11,CTG,21400.0,21550.0,20750.0,20950.0,24103116
2018-07-12,CTG,20800.0,21000.0,20550.0,20750.0,14879433
2018-07-13,CTG,20750.0,20900.0,20550.0,20650.0,19410038
2018-07-16,CTG,20550.0,20650.0,20200.0,20250.0,12966839
2018-07-17,CTG,20150.0,20300.0,19600.0,19750.0,18920330
2018-07-18,CTG,19850.0,20050.0,19750.0,19850.0,11965920
2018-07-19,CTG,19900.0,20000.0,18950.0,19000.0,21460408
2018-07-20,CTG,19000.0,19100.0,18950.0,19000.0,17601304
2018-07-23,CTG,19150.0,19250.0,18800.0,18950.0,13237989
2018-07-24,CTG,18850.0,19100.0,18700.0,19050.0,16972890
2018-07-25,CTG,19000.0,19050.0,18500.0,18650.0,21448645
2018-07-26,CTG,18600.0,19000.0,18500.0,19000.0,17376001
2018-07-27,CTG,19100.0,19100.0,18850.0,19100.0,14962171
2018-07-30,CTG,19200.0,19900.0,18950.0,19800.0,18899784
2018-07-31,CTG,19700.0,20400.0,19700.0,20350.0,19459710
2018-08-01,CTG,20250.0,20650.0,20100.0,20550.0,16504739
2018-08-02,CTG,20500.0,21000.0,20400.0,20900.0,21045732
2018-08-03,CTG,20950.0,21050.0,20850.0,21000.0,10158079
2018-08-06,CTG,20950.0,21050.0,20750.0,20900.0,15417812
2018-08-07,CTG,20900.0,21250.0,20850.0,21050.0,19190887
2018-08-08,CTG,21050.0,21300.0,20300.0,20500.0,19806537
2018-08-09,CTG,20500.0,20650.0,20050.0,20150.0,22336852
2018-08-10,CTG,20150.0,20700.0,20000.0,20550.0,15659227
2018-08-13,CTG,20650.0,21550.0,20600.0,21500.0,17201261
2018-08-14,CTG,21500.0,21600.0,21200.0,21250.0,18334541
2018-08-15,CTG,21300.0,21850.0,21250.0,21750.0,21286455
2018-08-16,CTG,21700.0,22200.0,21600.0,22050.0,16012882
2018-08-17,CTG,22050.0,22150.0,21950.0,22050.0,10509927
2018-08-20,CTG,22050.0,22050.0,21150.0,21450.0,23562497
2018-08-21,CTG,21600.0,21800.0,21200.0,21450.0,22174975
2018-08-22,CTG,21350.0,21350.0,21100.0,21150.0,18475442
2018-08-23,CTG,21150.0,21250.0,20850.0,21000.0,12832242
2018-08-24,CTG,21000.0,21250.0,21000.0,21050.0,15442430
2018-08-27,CTG,21100.0,22100.0,21000.0,22050.0,25569524
2018-08-28,CTG,22150.0,22200.0,21650.0,21750.0,16684824
2018-08-29,CTG,21850.0,22350.0,21750.0,22250.0,18067421
2018-08-30,CTG,22350.0,22350.0,22000.0,22100.0,13019725
2018-08-31,CTG,22200.0,22400.0,21800.0,21850.0,16680410
2018-09-03,CTG,21950.0,22650.0,21850.0,22450.0,24379151
2018-09-04,CTG,22600.0,23100.0,22600.0,23100.0,20611992
2018-09-05,CTG,23200.0,23300.0,23050.0,23050.0,12453551
2018-09-06,CTG,22950.0,22950.0,22000.0,22250.0,24972760
2018-09-07,CTG,22250.0,22350.0,21800.0,21950.0,14018940
2018-09-10,CTG,21900.0,22350.0,21900.0,22150.0,20616082
2018-09-11,CTG,22150.0,22500.0,22100.0,22450.0,16204458
2018-09-12,CTG,22500.0,22500.0,22250.0,22250.0,19297883
2018-09-13,CTG,22300.0,22450.0,22150.0,22300.0,15404033
2018-09-14,CTG,22250.0,22500.0,22000.0,22300.0,21337710
2018-09-17,CTG,22350.0,22750.0,22050.0,22700.0,18366711
2018-09-18,CTG,22700.0,23350.0,22600.0,23200.0,16820536
2018-09-19,CTG,23200.0,23350.0,22700.0,22750.0,21860168
2018-09-20,CTG,22800.0,23450.0,22750.0,23300.0,22597652
2018-09-21,CTG,23200.0,23600.0,23100.0,23500.0,18587404
2018-09-24,CTG,23350.0,23650.0,23300.0,23550.0,12770061
2018-09-25,CTG,23600.0,23600.0,23200.0,23250.0,19040988
2018-09-26,CTG,23200.0,23250.0,22650.0,22900.0,18422444
2018-09-27,CTG,22900.0,22950.0,22700.0,22950.0,17473853
2018-09-28,CTG,22800.0,22900.0,22150.0,22200.0,15670710
2018-10-01,CTG,22200.0,22250.0,22150.0,22150.0,9333378
2018-10-02,CTG,22100.0,22600.0,21800.0,22400.0,23669899
2018-10-03,CTG,22450.0,22900.0,22250.0,22800.0,13546991
2018-10-04,CTG,22900.0,23850.0,22800.0,23600.0,20409787
2018-10-05,CTG,23750.0,23850.0,23000.0,23200.0,22590117
2018-10-08,CTG,23200.0,23550.0,23100.0,23550.0,18181355
2018-10-09,CTG,23500.0,24150.0,23450.0,24100.0,20999461
2018-10-10,CTG,23900.0,24600.0,23850.0,24400.0,22471022
2018-10-11,CTG,24350.0,25450.0,24300.0,25350.0,24870252
2018-10-12,CTG,25300.0,25600.0,25000.0,25150.0,17311001
2018-10-15,CTG,25250.0,25500.0,24700.0,24950.0,14520457
2018-10-16,CTG,25150.0,25200.0,24900.0,25050.0,11921511
2018-10-17,CTG,25150.0,25850.0,25050.0,25800.0,22686303
2018-10-18,CTG,25650.0,26500.0,25500.0,26450.0,19084951
2018-10-19,CTG,26400.0,26450.0,25900.0,26000.0,14778620
2018-10-22,CTG,26000.0,26100.0,24700.0,24850.0,22024448
2018-10-23,CTG,24950.0,25550.0,24750.0,25450.0,15820470
2018-10-24,CTG,25550.0,25650.0,24900.0,25000.0,21873754
2018-10-25,CTG,25000.0,25200.0,24700.0,25200.0,20590781
2018-10-26,CTG,25200.0,25400.0,24400.0,24500.0,19213436
2018-10-29,CTG,24500.0,25550.0,24450.0,25400.0,18389668
2018-10-30,CTG,25350.0,25550.0,24950.0,25050.0,20282118
2018-10-31,CTG,25100.0,25400.0,25050.0,25300.0,11610581
2018-11-01,CTG,25350.0,26050.0,25300.0,25850.0,21449282
2018-11-02,CTG,25850.0,25950.0,25850.0,25950.0,12459032
2018-11-05,CTG,25850.0,26150.0,25850.0,26050.0,14709228
2018-11-06,CTG,26150.0,26300.0,25900.0,26100.0,16245475
2018-11-07,CTG,26150.0,26400.0,25900.0,25950.0,14124937
2018-11-08,CTG,25950.0,26800.0,25900.0,26700.0,14859446
2018-11-09,CTG,26800.0,27000.0,26750.0,26850.0,11375257
2018-11-12,CTG,26700.0,26800.0,26100.0,26200.0,16373548
2018-11-13,CTG,26300.0,26400.0,25450.0,25500.0,19928090
2018-11-14,CTG,25450.0,26250.0,25150.0,26200.0,18897458
2018-11-15,CTG,26250.0,26700.0,26200.0,26700.0,16279876
2018-11-16,CTG,26650.0,26950.0,26350.0,26850.0,18747221
2018-11-19,CTG,26800.0,27050.0,26750.0,26850.0,14972876
2018-11-20,CTG,26750.0,27550.0,26650.0,27500.0,18770969
2018-11-21,CTG,27450.0,27700.0,27100.0,27300.0,15509888
2018-11-22,CTG,27400.0,27500.0,27250.0,27500.0,12098907
2018-11-23,CTG,27450.0,27600.0,26600.0,26800.0,20208469
2018-11-26,CTG,26800.0,26800.0,26700.0,26800.0,16013996
2018-11-27,CTG,26650.0,26750.0,25700.0,25950.0,19905691
2018-11-28,CTG,26000.0,26250.0,25450.0,25450.0,21203964
2018-11-29,CTG,25450.0,25850.0,25150.0,25650.0,18183614
2018-11-30,CTG,25600.0,25900.0,25400.0,25900.0,14238959
2018-12-03,CTG,25900.0,25900.0,24900.0,25100.0,22679218
2018-12-04,CTG,25100.0,25350.0,24750.0,24900.0,17968719
2018-12-05,CTG,24950.0,25300.0,24750.0,25200.0,13456548
2018-12-06,CTG,25250.0,25300.0,24850.0,24900.0,17676057
2018-12-07,CTG,24900.0,25450.0,24750.0,25400.0,13705140
2018-12-10,CTG,25400.0,25850.0,25200.0,25700.0,19494782
2018-12-11,CTG,25650.0,25750.0,25600.0,25650.0,11355851
2018-12-12,CTG,25600.0,26600.0,25550.0,26500.0,23446911
2018-12-13,CTG,26550.0,26650.0,25900.0,26050.0,15795264
2018-12-14,CTG,26200.0,26350.0,25500.0,25650.0,22839393
2018-12-17,CTG,25750.0,26350.0,25700.0,26300.0,15263811
2018-12-18,CTG,26200.0,26600.0,26100.0,26300.0,19372807
2018-12-19,CTG,26250.0,26350.0,25500.0,25550.0,18641014
2018-12-20,CTG,25450.0,26050.0,25450.0,25750.0,17841589
2018-12-21,CTG,25800.0,26350.0,25550.0,26200.0,17583709
2018-12-24,CTG,26200.0,26250.0,25850.0,26000.0,19774958
2018-12-25,CTG,25950.0,26550.0,25900.0,26300.0,16254541
2018-12-26,CTG,26100.0,26300.0,25900.0,26250.0,11223647
2018-12-27,CTG,26300.0,26850.0,26100.0,26750.0,21367736
2018-12-28,CTG,26900.0,27050.0,25400.0,25650.0,22668524
2018-12-31,CTG,25450.0,26250.0,25300.0,26150.0,19146092
2019-01-01,CTG,26050.0,26250.0,25800.0,26150.0,14885238
2019-01-02,CTG,26150.0,26850.0,26050.0,26650.0,14817902
2019-01-03,CTG,26700.0,26700.0,26200.0,26300.0,18291059
2019-01-04,CTG,26250.0,26550.0,26200.0,26550.0,19901258
2019-01-07,CTG,26500.0,26550.0,26450.0,26450.0,10030936
2019-01-08,CTG,26550.0,26550.0,25500.0,25750.0,22274780
2019-01-09,CTG,25800.0,26450.0,25750.0,26450.0,20864067
2019-01-10,CTG,26450.0,26500.0,26200.0,26250.0,13612154
2019-01-11,CTG,26250.0,26500.0,25500.0,25500.0,18362831
2019-01-14,CTG,25250.0,25350.0,25000.0,25050.0,15776553
2019-01-15,CTG,25000.0,25550.0,24750.0,25400.0,17371120
2019-01-16,CTG,25450.0,25550.0,24900.0,25000.0,18459172
2019-01-17,CTG,25000.0,25050.0,24850.0,25000.0,12953531
2019-01-18,CTG,24950.0,25500.0,24850.0,25450.0,14654544
2019-01-21,CTG,25400.0,25750.0,25150.0,25500.0,21373939
2019-01-22,CTG,25550.0,25750.0,25100.0,25150.0,14062191
2019-01-23,CTG,25200.0,25400.0,24900.0,25000.0,15012027
2019-01-24,CTG,25000.0,25200.0,24850.0,24850.0,14838435
2019-01-25,CTG,24700.0,25750.0,24550.0,25600.0,20195717
2019-01-28,CTG,25700.0,26250.0,25700.0,26150.0,14644872
2019-01-29,CTG,26100.0,26350.0,25850.0,26350.0,15162958
2019-01-30,CTG,26500.0,26600.0,26150.0,26250.0,18811159
2019-01-31,CTG,26200.0,26200.0,26050.0,26200.0,14791489
2019-02-01,CTG,26250.0,26550.0,25300.0,25350.0,26140316
2019-02-04,CTG,25250.0,25650.0,25000.0,25450.0,16807985
2019-02-05,CTG,25550.0,25650.0,25400.0,25600.0,16425090
2019-02-06,CTG,25600.0,26450.0,25350.0,26350.0,17138617
2019-02-07,CTG,26300.0,26400.0,26100.0,26400.0,11989273
2019-02-08,CTG,26350.0,27400.0,26150.0,27350.0,22423201
2019-02-11,CTG,27300.0,27350.0,26650.0,27100.0,14624236
2019-02-12,CTG,26950.0,26950.0,26450.0,26500.0,20034616
2019-02-13,CTG,26500.0,27250.0,26300.0,27150.0,22328161
2019-02-14,CTG,27100.0,27250.0,26950.0,27150.0,17313786
2019-02-15,CTG,27250.0,27350.0,26750.0,26950.0,19115065
2019-02-18,CTG,27200.0,27250.0,26350.0,26400.0,18233455
2019-02-19,CTG,26400.0,26450.0,26150.0,26150.0,13064240
2019-02-20,CTG,26250.0,26250.0,25050.0,25300.0,21640306
2019-02-21,CTG,25300.0,25400.0,25000.0,25200.0,13309709
2019-02-22,CTG,25250.0,25450.0,24700.0,25250.0,22707322
2019-02-25,CTG,25300.0,25500.0,25150.0,25400.0,19699160
2019-02-26,CTG,25300.0,25700.0,25250.0,25650.0,12142839
2019-02-27,CTG,25500.0,26500.0,25150.0,26400.0,19105506
2019-02-28,CTG,26450.0,26550.0,25950.0,26050.0,21802339
2019-03-01,CTG,25900.0,26300.0,25850.0,26200.0,19308565
2019-03-04,CTG,26150.0,26250.0,25600.0,25600.0,16024883
2019-03-05,CTG,25550.0,26050.0,25200.0,26000.0,15547837
2019-03-06,CTG,25900.0,26200.0,25900.0,26000.0,19196306
2019-03-07,CTG,26000.0,26050.0,25750.0,25850.0,13758036
2019-03-08,CTG,25900.0,26000.0,25250.0,25350.0,18874332
2019-03-11,CTG,25300.0,25600.0,25250.0,25600.0,16732177
2019-03-12,CTG,25600.0,25950.0,25600.0,25800.0,14189120
2019-03-13,CTG,25700.0,25900.0,25700.0,25750.0,15040088
2019-03-14,CTG,25800.0,25900.0,25350.0,25450.0,17173761
2019-03-15,CTG,25450.0,25650.0,25450.0,25500.0,15814306
2019-03-18,CTG,25450.0,25650.0,24800.0,24950.0,21745347
2019-03-19,CTG,25050.0,25100.0,24950.0,25100.0,15621764
2019-03-20,CTG,25100.0,25100.0,24750.0,24900.0,16644997
2019-03-21,CTG,24850.0,25050.0,24400.0,24800.0,20126359
2019-03-22,CTG,24850.0,25150.0,24750.0,25000.0,14561904
2019-03-25,CTG,25000.0,25700.0,24800.0,25650.0,14757364
2019-03-26,CTG,25600.0,25650.0,25100.0,25150.0,12507485
2019-03-27,CTG,25200.0,25300.0,24650.0,24800.0,13622452
2019-03-28,CTG,24700.0,24900.0,23850.0,24050.0,25560241
2019-03-29,CTG,23800.0,24550.0,23650.0,24500.0,15554333
2019-04-01,CTG,24350.0,24500.0,24350.0,24350.0,14357451
2019-04-02,CTG,24350.0,24400.0,23800.0,23900.0,13972124
2019-04-03,CTG,23800.0,24100.0,23750.0,23900.0,14382810
2019-04-04,CTG,23900.0,24300.0,23800.0,24250.0,20548926
2019-04-05,CTG,24250.0,24400.0,23500.0,23700.0,20599290
2019-04-08,CTG,23650.0,23750.0,23000.0,23050.0,21832212
2019-04-09,CTG,23100.0,23600.0,22950.0,23450.0,20314722
2019-04-10,CTG,23300.0,23450.0,23000.0,23250.0,12199752
2019-04-11,CTG,23300.0,23900.0,23250.0,23650.0,14278351
2019-04-12,CTG,23700.0,24050.0,23650.0,23700.0,16645368
2019-04-15,CTG,23800.0,24000.0,23600.0,23900.0,15335359
2019-04-16,CTG,24050.0,24150.0,23500.0,23700.0,19813718
2019-04-17,CTG,23750.0,24150.0,23650.0,24050.0,17317595
2019-04-18,CTG,24300.0,24350.0,24200.0,24300.0,15146008
2019-04-19,CTG,24550.0,24700.0,23500.0,23650.0,26412159
2019-04-22,CTG,23600.0,23800.0,22950.0,23050.0,15722956
2019-04-23,CTG,22850.0,23400.0,22800.0,23300.0,17117911
2019-04-24,CTG,23300.0,23800.0,23250.0,23600.0,18269136
2019-04-25,CTG,23550.0,24600.0,23500.0,24300.0,21413844
2019-04-26,CTG,24450.0,24650.0,23950.0,24050.0,22998275
2019-04-29,CTG,24000.0,24100.0,23650.0,23700.0,20226403
2019-04-30,CTG,23800.0,24000.0,23650.0,23900.0,15752911
2019-05-01,CTG,23800.0,24100.0,23650.0,23950.0,17603114
2019-05-02,CTG,24050.0,24150.0,23750.0,23800.0,18804777
2019-05-03,CTG,23900.0,24550.0,23850.0,24500.0,16714847
2019-05-06,CTG,24600.0,24650.0,23750.0,23900.0,24017411
2019-05-07,CTG,24150.0,24350.0,23200.0,23400.0,23108127
2019-05-08,CTG,23450.0,23550.0,23400.0,23550.0,12663901
2019-05-09,CTG,23600.0,23850.0,23200.0,23300.0,13742034
2019-05-10,CTG,23300.0,23450.0,22850.0,22900.0,14737850
2019-05-13,CTG,22800.0,22900.0,22500.0,22700.0,19274724
2019-05-14,CTG,22800.0,23000.0,22650.0,22700.0,19738522
2019-05-15,CTG,22750.0,22750.0,22550.0,22600.0,12149682
2019-05-16,CTG,22500.0,22600.0,22450.0,22450.0,15139589
2019-05-17,CTG,22400.0,22600.0,21700.0,22000.0,25353016
2019-05-20,CTG,22000.0,22250.0,21950.0,22250.0,17148651
2019-05-21,CTG,22250.0,22400.0,22000.0,22200.0,18782708
2019-05-22,CTG,22150.0,22150.0,21850.0,21950.0,15234143
2019-05-23,CTG,21950.0,22400.0,21850.0,22300.0,14036712
2019-05-24,CTG,22250.0,22800.0,22150.0,22600.0,17461567
2019-05-27,CTG,22550.0,22650.0,21900.0,22150.0,19205253
2019-05-28,CTG,22050.0,22100.0,22000.0,22000.0,11510165
2019-05-29,CTG,22000.0,23000.0,21750.0,22950.0,25651147
2019-05-30,CTG,23000.0,23800.0,22850.0,23550.0,19186424
2019-05-31,CTG,23450.0,23600.0,23400.0,23600.0,14042283
2019-06-03,CTG,23550.0,23650.0,22850.0,22950.0,17318787
2019-06-04,CTG,22950.0,23350.0,22750.0,23150.0,20451129
2019-06-05,CTG,23100.0,23300.0,23050.0,23200.0,13076471
2019-06-06,CTG,23300.0,23400.0,22900.0,23050.0,19547121
2019-06-07,CTG,23100.0,24000.0,22750.0,23900.0,21457333
2019-06-10,CTG,23750.0,24700.0,23650.0,24500.0,24183112
2019-06-11,CTG,24450.0,24850.0,24200.0,24700.0,20115283
2019-06-12,CTG,24850.0,25000.0,24200.0,24350.0,21447764
2019-06-13,CTG,24400.0,24550.0,24200.0,24500.0,12351601
2019-06-14,CTG,24500.0,24500.0,23600.0,23700.0,19257797
2019-06-17,CTG,23750.0,23850.0,23350.0,23750.0,14914562
2019-06-18,CTG,23750.0,23800.0,23500.0,23550.0,15544948
2019-06-19,CTG,23600.0,23950.0,23350.0,23850.0,21308511
2019-06-20,CTG,23700.0,24100.0,23550.0,23950.0,12577900
2019-06-21,CTG,23850.0,24100.0,23850.0,24050.0,12452676
2019-06-24,CTG,24150.0,24300.0,24050.0,24200.0,13690037
2019-06-25,CTG,24150.0,24200.0,23950.0,23950.0,11878216
2019-06-26,CTG,24050.0,24200.0,23500.0,23550.0,21678150
2019-06-27,CTG,23500.0,23750.0,23450.0,23650.0,12280451
2019-06-28,CTG,23700.0,23800.0,23400.0,23550.0,13070432
2019-07-01,CTG,23300.0,23400.0,21850.0,22200.0,21190114
2019-07-02,CTG,22100.0,23000.0,22100.0,22750.0,16619918
2019-07-03,CTG,22750.0,22950.0,22650.0,22900.0,15681804
2019-07-04,CTG,22850.0,23250.0,22700.0,23000.0,13502571
2019-07-05,CTG,22950.0,23100.0,22800.0,22900.0,13112489
2019-07-08,CTG,23000.0,23050.0,22800.0,22800.0,18663771
2019-07-09,CTG,22850.0,23200.0,22700.0,23000.0,16858152
2019-07-10,CTG,22900.0,23050.0,22600.0,22700.0,18856712
2019-07-11,CTG,22700.0,23450.0,22700.0,23400.0,23724788
2019-07-12,CTG,23400.0,23400.0,22450.0,22600.0,24963970
2019-07-15,CTG,22800.0,22950.0,22450.0,22450.0,18990190
2019-07-16,CTG,22600.0,22850.0,22150.0,22200.0,14943600
2019-07-17,CTG,22150.0,22650.0,22150.0,22650.0,20183271
2019-07-18,CTG,22600.0,22750.0,22400.0,22500.0,15991373
2019-07-19,CTG,22600.0,22900.0,22600.0,22800.0,12101372
2019-07-22,CTG,22650.0,22700.0,22050.0,22050.0,19451952
2019-07-23,CTG,22100.0,22200.0,21100.0,21100.0,25641750
2019-07-24,CTG,21050.0,21400.0,20950.0,21350.0,21061350
2019-07-25,CTG,21400.0,21550.0,20750.0,20850.0,18941082
2019-07-26,CTG,21000.0,21250.0,20800.0,21200.0,14921765
2019-07-29,CTG,21200.0,21400.0,20950.0,21400.0,18207334
2019-07-30,CTG,21500.0,21550.0,21150.0,21200.0,20473027
2019-07-31,CTG,21250.0,21450.0,20850.0,20900.0,20585381
2019-08-01,CTG,20750.0,21700.0,20550.0,21600.0,23320451
2019-08-02,CTG,21600.0,21750.0,21000.0,21050.0,17285112
2019-08-05,CTG,21050.0,21250.0,20850.0,21150.0,15434937
2019-08-06,CTG,21000.0,21200.0,20850.0,21000.0,20998170
2019-08-07,CTG,21150.0,21700.0,21050.0,21600.0,17396860
2019-08-08,CTG,21550.0,21750.0,21400.0,21450.0,18049620
2019-08-09,CTG,21450.0,22000.0,21400.0,21950.0,20466004
2019-08-12,CTG,21950.0,22050.0,21550.0,21700.0,17490047
2019-08-13,CTG,21800.0,21850.0,21650.0,21850.0,15881122
2019-08-14,CTG,21850.0,22000.0,20900.0,21150.0,21166152
2019-08-15,CTG,21100.0,21150.0,20950.0,20950.0,18503078
2019-08-16,CTG,21050.0,21400.0,20850.0,21300.0,18070931
2019-08-19,CTG,21250.0,21300.0,21050.0,21100.0,11125756
2019-08-20,CTG,21150.0,21250.0,21000.0,21100.0,18876035
2019-08-21,CTG,21100.0,21150.0,20250.0,20300.0,16958389
2019-08-22,CTG,20350.0,20400.0,19700.0,19800.0,17235790
2019-08-23,CTG,19700.0,19850.0,19650.0,19850.0,19521651
2019-08-26,CTG,19950.0,20650.0,19950.0,20600.0,17830968
2019-08-27,CTG,20650.0,20700.0,20600.0,20700.0,18189528
2019-08-28,CTG,20750.0,20800.0,20650.0,20700.0,16251356
2019-08-29,CTG,20600.0,20650.0,20400.0,20500.0,14868984
2019-08-30,CTG,20500.0,20550.0,19850.0,20000.0,15354947
2019-09-02,CTG,19950.0,20800.0,19900.0,20650.0,22556479
2019-09-03,CTG,20600.0,20700.0,20400.0,20450.0,12712701
2019-09-04,CTG,20500.0,20600.0,20300.0,20350.0,15467132
2019-09-05,CTG,20450.0,20650.0,20100.0,20300.0,13736089
2019-09-06,CTG,20300.0,20400.0,19350.0,19500.0,21465930
2019-09-09,CTG,19650.0,19750.0,19550.0,19600.0,14660979
2019-09-10,CTG,19550.0,19600.0,19350.0,19450.0,17792990
2019-09-11,CTG,19600.0,19700.0,19150.0,19300.0,16383042
2019-09-12,CTG,19350.0,19450.0,19200.0,19350.0,19322545
2019-09-13,CTG,19250.0,19350.0,19150.0,19350.0,14135640
2019-09-16,CTG,19400.0,19550.0,19350.0,19550.0,14869354
2019-09-17,CTG,19600.0,19700.0,19450.0,19650.0,16417180
2019-09-18,CTG,19600.0,20050.0,19600.0,19950.0,19038033
2019-09-19,CTG,20000.0,20200.0,19900.0,20150.0,12819979
2019-09-20,CTG,20100.0,20150.0,19900.0,20100.0,16952378
2019-09-23,CTG,20000.0,20100.0,19950.0,20050.0,13331955
2019-09-24,CTG,20150.0,20250.0,19350.0,19550.0,26265521
2019-09-25,CTG,19500.0,20500.0,19400.0,20300.0,24718138
2019-09-26,CTG,20150.0,20750.0,19900.0,20450.0,18683238
2019-09-27,CTG,20500.0,20550.0,19900.0,20000.0,22747800
2019-09-30,CTG,19950.0,20000.0,19600.0,19650.0,14593498
2019-10-01,CTG,19700.0,19750.0,19050.0,19050.0,23143866
2019-10-02,CTG,19100.0,19500.0,18900.0,19450.0,16921033
2019-10-03,CTG,19400.0,19600.0,19300.0,19450.0,20496793
2019-10-04,CTG,19350.0,19650.0,19350.0,19600.0,14144282
2019-10-07,CTG,19450.0,19500.0,18750.0,18800.0,17990363
2019-10-08,CTG,18900.0,19800.0,18750.0,19600.0,24029029
2019-10-09,CTG,19650.0,19800.0,19450.0,19600.0,19477073
2019-10-10,CTG,19600.0,20150.0,19400.0,20050.0,18083715
2019-10-11,CTG,20000.0,20050.0,19500.0,19650.0,14855186
2019-10-14,CTG,19700.0,19850.0,19250.0,19300.0,19723063
2019-10-15,CTG,19450.0,19500.0,19400.0,19400.0,18435879
2019-10-16,CTG,19450.0,19500.0,19300.0,19350.0,13868994
2019-10-17,CTG,19350.0,19450.0,19050.0,19350.0,13400386
2019-10-18,CTG,19450.0,19500.0,18900.0,19300.0,19710272
2019-10-21,CTG,19400.0,19900.0,19300.0,19850.0,18712022
2019-10-22,CTG,19800.0,19850.0,19800.0,19800.0,9916141
2019-10-23,CTG,19800.0,19950.0,19250.0,19350.0,15201909
2019-10-24,CTG,19350.0,19700.0,19200.0,19650.0,21532609
2019-10-25,CTG,19700.0,19850.0,19650.0,19750.0,13451719
2019-10-28,CTG,19650.0,19650.0,19550.0,19600.0,14501875
2019-10-29,CTG,19550.0,19600.0,19350.0,19550.0,14693787
2019-10-30,CTG,19350.0,19600.0,19350.0,19550.0,14521789
2019-10-31,CTG,19550.0,19600.0,19450.0,19600.0,14725899
2019-11-01,CTG,19750.0,19950.0,19650.0,19900.0,11350984
2019-11-04,CTG,19950.0,20250.0,19850.0,20100.0,13626054
2019-11-05,CTG,20150.0,20450.0,20100.0,20250.0,17314500
2019-11-06,CTG,20250.0,20350.0,20000.0,20350.0,16885474
2019-11-07,CTG,20350.0,20550.0,20250.0,20500.0,17897396
2019-11-08,CTG,20500.0,20900.0,20250.0,20900.0,18851487
2019-11-11,CTG,20800.0,20900.0,20350.0,20350.0,14931678
2019-11-12,CTG,20250.0,20250.0,20100.0,20100.0,17501839
2019-11-13,CTG,20000.0,20650.0,20000.0,20600.0,20866522
2019-11-14,CTG,20650.0,20800.0,20400.0,20550.0,14210756
2019-11-15,CTG,20700.0,20950.0,20650.0,20650.0,14216420
2019-11-18,CTG,20650.0,21250.0,20550.0,21050.0,19225225
2019-11-19,CTG,20850.0,21050.0,20750.0,20800.0,16975608
2019-11-20,CTG,20850.0,21100.0,20600.0,20650.0,21920962
2019-11-21,CTG,20750.0,20850.0,20250.0,20500.0,18944909
2019-11-22,CTG,20450.0,20900.0,20450.0,20800.0,18353727
2019-11-25,CTG,20850.0,20850.0,20650.0,20700.0,10854410
2019-11-26,CTG,20850.0,21100.0,20800.0,21050.0,11952035
2019-11-27,CTG,21100.0,21200.0,21050.0,21100.0,11462576
2019-11-28,CTG,21200.0,21350.0,20900.0,21150.0,16174110
2019-11-29,CTG,21050.0,21150.0,19900.0,19950.0,27085433
2019-12-02,CTG,19850.0,20550.0,19850.0,20500.0,21590546
2019-12-03,CTG,20650.0,20800.0,20600.0,20700.0,17471325
2019-12-04,CTG,20650.0,20650.0,20550.0,20600.0,16048248
2019-12-05,CTG,20600.0,21050.0,20500.0,20950.0,22485737
2019-12-06,CTG,20950.0,21700.0,20550.0,21650.0,17967041
2019-12-09,CTG,21800.0,22200.0,21750.0,22200.0,15235561
2019-12-10,CTG,22300.0,22400.0,21700.0,21850.0,18724946
2019-12-11,CTG,21850.0,22350.0,21650.0,22250.0,22315283
2019-12-12,CTG,22150.0,22400.0,21900.0,22300.0,18854752
2019-12-13,CTG,22450.0,22550.0,22000.0,22100.0,22377167
2019-12-16,CTG,22100.0,22200.0,21350.0,21500.0,19855310
2019-12-17,CTG,21450.0,21750.0,21350.0,21700.0,15417467
2019-12-18,CTG,21700.0,22150.0,21600.0,22100.0,18659277
2019-12-19,CTG,22050.0,22100.0,21700.0,21900.0,17377295
2019-12-20,CTG,22050.0,22150.0,21450.0,21500.0,22580874
2019-12-23,CTG,21450.0,21600.0,21450.0,21550.0,12636557
2019-12-24,CTG,21600.0,22500.0,21600.0,22350.0,20042355
2019-12-25,CTG,22400.0,22450.0,21600.0,21650.0,23424065
2019-12-26,CTG,21600.0,21900.0,21550.0,21850.0,17154137
2019-12-27,CTG,21750.0,21900.0,21600.0,21650.0,16056194
2019-12-30,CTG,21550.0,21700.0,21050.0,21200.0,14688894
2019-12-31,CTG,21250.0,21900.0,21150.0,21900.0,16706783
2020-01-01,CTG,21850.0,22700.0,21800.0,22600.0,17801950
2020-01-02,CTG,22550.0,22550.0,22450.0,22500.0,12372200
2020-01-03,CTG,22600.0,22700.0,22300.0,22400.0,11987668
2020-01-06,CTG,22350.0,22450.0,22000.0,22150.0,20705580
2020-01-07,CTG,22000.0,22200.0,21900.0,22200.0,18558199
2020-01-08,CTG,22200.0,22200.0,21750.0,21850.0,13077755
2020-01-09,CTG,21950.0,22100.0,21250.0,21600.0,20213702
2020-01-10,CTG,21450.0,22200.0,21450.0,22100.0,23638465
2020-01-13,CTG,22100.0,22350.0,21900.0,22250.0,15621737
2020-01-14,CTG,22300.0,22450.0,22100.0,22150.0,14872616
2020-01-15,CTG,22000.0,22500.0,21750.0,22300.0,17729559
2020-01-16,CTG,22350.0,22550.0,22200.0,22300.0,13007711
2020-01-17,CTG,22350.0,22550.0,22100.0,22300.0,17234590
2020-01-20,CTG,22450.0,22950.0,22250.0,22850.0,15799659
2020-01-21,CTG,22800.0,22850.0,22300.0,22350.0,13290873
2020-01-22,CTG,22400.0,22800.0,22300.0,22500.0,19457496
2020-01-23,CTG,22500.0,22600.0,22300.0,22350.0,20110774
2020-01-24,CTG,22350.0,22450.0,22050.0,22150.0,16608563
2020-01-27,CTG,22250.0,22600.0,22200.0,22400.0,13937788
2020-01-28,CTG,22450.0,22500.0,22250.0,22350.0,17962271
2020-01-29,CTG,22250.0,22400.0,21900.0,22000.0,15230797
2020-01-30,CTG,21900.0,22150.0,21750.0,22000.0,17817833
2020-01-31,CTG,22100.0,22150.0,21950.0,21950.0,16457889
2020-02-03,CTG,22000.0,22150.0,21750.0,21900.0,12741025
2020-02-04,CTG,21700.0,22600.0,21650.0,22550.0,23334042
2020-02-05,CTG,22550.0,23000.0,22400.0,22400.0,14379161
2020-02-06,CTG,22350.0,23250.0,22100.0,23000.0,18158832
2020-02-07,CTG,23050.0,23600.0,22850.0,23500.0,19197332
2020-02-10,CTG,23550.0,24450.0,23500.0,24250.0,20784971
2020-02-11,CTG,24150.0,24300.0,23900.0,23950.0,11414296
2020-02-12,CTG,23950.0,24150.0,23350.0,23400.0,20615833
2020-02-13,CTG,23200.0,23400.0,23050.0,23100.0,17857498
2020-02-14,CTG,23050.0,23950.0,23000.0,23800.0,25137941
2020-02-17,CTG,23750.0,24300.0,23600.0,24150.0,21808923
2020-02-18,CTG,24150.0,24350.0,24000.0,24250.0,13527417
2020-02-19,CTG,24400.0,24650.0,23450.0,23500.0,23358625
2020-02-20,CTG,23300.0,23650.0,23150.0,23600.0,14999047
2020-02-21,CTG,23650.0,23750.0,23350.0,23400.0,19739156
2020-02-24,CTG,23300.0,23400.0,22950.0,23100.0,20048825
2020-02-25,CTG,23150.0,23850.0,22900.0,23650.0,23472561
2020-02-26,CTG,23650.0,23850.0,23000.0,23200.0,19094500
2020-02-27,CTG,23300.0,23550.0,23050.0,23100.0,14035620
2020-02-28,CTG,23050.0,23750.0,22950.0,23300.0,22428055
2020-03-02,CTG,23250.0,24000.0,23050.0,23750.0,17572690
2020-03-03,CTG,23750.0,24650.0,23650.0,24650.0,21971674
2020-03-04,CTG,24700.0,25700.0,24700.0,25350.0,18885161
2020-03-05,CTG,25300.0,25500.0,25050.0,25200.0,14082715
2020-03-06,CTG,25350.0,25750.0,25300.0,25650.0,19241148
2020-03-09,CTG,25550.0,26100.0,25100.0,25950.0,16019305
2020-03-10,CTG,25950.0,26050.0,24950.0,25250.0,19927370
2020-03-11,CTG,25300.0,25750.0,25050.0,25700.0,14270499
2020-03-12,CTG,25650.0,25750.0,25200.0,25600.0,20865835
2020-03-13,CTG,25900.0,26000.0,25650.0,25750.0,13350877
2020-03-16,CTG,25850.0,26200.0,25800.0,26000.0,13340926
2020-03-17,CTG,26000.0,26400.0,25750.0,26350.0,15566741
2020-03-18,CTG,26250.0,26350.0,25250.0,25600.0,20545456
2020-03-19,CTG,25550.0,26500.0,25550.0,26400.0,19333700
2020-03-20,CTG,26400.0,26800.0,26350.0,26750.0,15909068
2020-03-23,CTG,26950.0,27550.0,26900.0,27550.0,19633530
2020-03-24,CTG,27550.0,28100.0,27450.0,27800.0,20325669
2020-03-25,CTG,27850.0,27850.0,27000.0,27100.0,22183781
2020-03-26,CTG,27250.0,28400.0,26900.0,28400.0,22749800
2020-03-27,CTG,28350.0,28550.0,28150.0,28450.0,11528576
2020-03-30,CTG,28150.0,28550.0,28050.0,28050.0,12742823
2020-03-31,CTG,28200.0,28900.0,28100.0,28650.0,17923090
2020-04-01,CTG,28550.0,29650.0,28500.0,29450.0,17905002
2020-04-02,CTG,29450.0,29600.0,28800.0,28850.0,13956259
2020-04-03,CTG,28900.0,29550.0,28850.0,29300.0,14672336
2020-04-06,CTG,29450.0,29650.0,28500.0,28700.0,16890566
2020-04-07,CTG,28700.0,28750.0,28450.0,28550.0,17418466
2020-04-08,CTG,28500.0,29250.0,28400.0,28900.0,13920708
2020-04-09,CTG,28750.0,29350.0,28650.0,29250.0,16146700
2020-04-10,CTG,29200.0,29950.0,29000.0,29950.0,17971789
2020-04-13,CTG,29950.0,30250.0,28500.0,28700.0,23141887
2020-04-14,CTG,28600.0,29350.0,28500.0,29300.0,15538836
2020-04-15,CTG,29350.0,29600.0,29050.0,29100.0,15639458
2020-04-16,CTG,29100.0,31250.0,29100.0,31100.0,28556555
2020-04-17,CTG,31100.0,31300.0,30600.0,30650.0,13924713
2020-04-20,CTG,30650.0,30900.0,30550.0,30850.0,14083418
2020-04-21,CTG,30750.0,30900.0,30550.0,30800.0,12080384
2020-04-22,CTG,30750.0,31250.0,29700.0,29800.0,19884788
2020-04-23,CTG,29850.0,30500.0,29750.0,30300.0,18578312
2020-04-24,CTG,30350.0,30600.0,29900.0,30000.0,13359527
2020-04-27,CTG,29900.0,30700.0,29850.0,30450.0,18335943
2020-04-28,CTG,30400.0,30450.0,29400.0,29600.0,15418470
2020-04-29,CTG,29800.0,29850.0,28750.0,29050.0,22388940
2020-04-30,CTG,29000.0,29700.0,28800.0,29450.0,14642405
2020-05-01,CTG,29550.0,29750.0,29550.0,29650.0,9721880
2020-05-04,CTG,29800.0,29950.0,29200.0,29250.0,19194989
2020-05-05,CTG,29350.0,30350.0,29300.0,29950.0,19436074
2020-05-06,CTG,29900.0,31000.0,29800.0,30600.0,21126999
2020-05-07,CTG,30500.0,31700.0,30450.0,31700.0,17066501
2020-05-08,CTG,31600.0,31900.0,30600.0,30900.0,19069524
2020-05-11,CTG,30900.0,31100.0,30500.0,30600.0,14077619
2020-05-12,CTG,30650.0,30750.0,30250.0,30450.0,13421025
2020-05-13,CTG,30450.0,30500.0,29800.0,29900.0,13039823
2020-05-14,CTG,29950.0,30400.0,29950.0,30300.0,14148637
2020-05-15,CTG,30200.0,30250.0,29550.0,29550.0,12857559
2020-05-18,CTG,29600.0,30850.0,29100.0,30700.0,27427481
2020-05-19,CTG,30850.0,30850.0,30300.0,30450.0,17088756
2020-05-20,CTG,30350.0,31000.0,30300.0,31000.0,21715961
2020-05-21,CTG,31050.0,31350.0,30750.0,31300.0,14319547
2020-05-22,CTG,31150.0,32050.0,31050.0,31950.0,15267805
2020-05-25,CTG,32050.0,32250.0,31850.0,31950.0,12075669
2020-05-26,CTG,31850.0,32400.0,31700.0,32300.0,16745713
2020-05-27,CTG,32350.0,32650.0,32000.0,32550.0,16284553
2020-05-28,CTG,32600.0,32700.0,32200.0,32300.0,20262543
2020-05-29,CTG,32350.0,32600.0,32250.0,32500.0,14721467
2020-06-01,CTG,32550.0,32550.0,32250.0,32300.0,16251060
2020-06-02,CTG,32300.0,33300.0,32200.0,33050.0,14832662
2020-06-03,CTG,33200.0,34750.0,33100.0,34700.0,22334443
2020-06-04,CTG,34600.0,34750.0,34400.0,34700.0,13468793
2020-06-05,CTG,34550.0,34650.0,33350.0,33600.0,23723603
2020-06-08,CTG,33650.0,33950.0,33200.0,33450.0,19879684
2020-06-09,CTG,33500.0,33650.0,32400.0,32550.0,15842831
2020-06-10,CTG,32550.0,33900.0,32200.0,33800.0,21495494
2020-06-11,CTG,33750.0,34550.0,33700.0,34300.0,16243638
2020-06-12,CTG,34200.0,34350.0,34050.0,34350.0,19304751
2020-06-15,CTG,34400.0,34850.0,34300.0,34750.0,13146425
2020-06-16,CTG,34850.0,35050.0,34450.0,34550.0,12378399
2020-06-17,CTG,34650.0,35050.0,33750.0,33900.0,22498039
2020-06-18,CTG,34000.0,34450.0,32850.0,33100.0,22037865
2020-06-19,CTG,33200.0,33400.0,32650.0,32950.0,14614337
2020-06-22,CTG,33000.0,33050.0,31450.0,31750.0,22058539
2020-06-23,CTG,31650.0,32750.0,31550.0,32150.0,18095053
2020-06-24,CTG,32100.0,32650.0,31450.0,31550.0,21616380
2020-06-25,CTG,31700.0,32300.0,31400.0,32100.0,14636623
2020-06-26,CTG,32300.0,32650.0,32200.0,32500.0,15865040
2020-06-29,CTG,32450.0,33600.0,32350.0,33500.0,21717561
2020-06-30,CTG,33300.0,33650.0,33200.0,33350.0,14734159
2020-07-01,CTG,33500.0,34250.0,33300.0,34150.0,15489425
2020-07-02,CTG,34150.0,34150.0,32300.0,32600.0,25419011
2020-07-03,CTG,32550.0,33100.0,32100.0,32900.0,20166443
2020-07-06,CTG,32900.0,33200.0,32800.0,33050.0,13525212
2020-07-07,CTG,33050.0,34550.0,32900.0,34500.0,21350195
2020-07-08,CTG,34400.0,34400.0,34200.0,34400.0,9692861
2020-07-09,CTG,34550.0,34700.0,33750.0,34050.0,18666653
2020-07-10,CTG,34000.0,34900.0,33700.0,34700.0,21619474
2020-07-13,CTG,34850.0,35200.0,33900.0,33900.0,17770890
2020-07-14,CTG,33850.0,34300.0,33600.0,33950.0,20595614
2020-07-15,CTG,33850.0,34200.0,33850.0,34000.0,18207161
2020-07-16,CTG,34000.0,35050.0,33600.0,34900.0,23815213
2020-07-17,CTG,34950.0,35000.0,33600.0,34150.0,22829185
2020-07-20,CTG,34500.0,34550.0,34050.0,34300.0,20137970
2020-07-21,CTG,34600.0,34700.0,34050.0,34450.0,21200909
2020-07-22,CTG,34450.0,35300.0,34400.0,35250.0,13170078
2020-07-23,CTG,35250.0,35900.0,34900.0,35850.0,20711731
2020-07-24,CTG,35800.0,36500.0,35650.0,36150.0,17532970
2020-07-27,CTG,36100.0,36600.0,35250.0,35500.0,19303926
2020-07-28,CTG,35300.0,36250.0,34850.0,36050.0,17660916
2020-07-29,CTG,35850.0,36600.0,35700.0,36450.0,16459999
2020-07-30,CTG,36500.0,36750.0,36250.0,36500.0,18896759
2020-07-31,CTG,36550.0,36700.0,36250.0,36350.0,13177491
2020-08-03,CTG,36400.0,38100.0,36150.0,37950.0,23902691
2020-08-04,CTG,38150.0,39000.0,38050.0,38850.0,21085667
2020-08-05,CTG,38900.0,39450.0,38100.0,38100.0,19814404
2020-08-06,CTG,37950.0,39800.0,37900.0,39300.0,20457496
2020-08-07,CTG,39150.0,39400.0,38200.0,38300.0,17129418
2020-08-10,CTG,38300.0,38700.0,38150.0,38700.0,11603317
2020-08-11,CTG,38600.0,39100.0,38150.0,39000.0,14321369
2020-08-12,CTG,39100.0,39150.0,37100.0,37400.0,18497421
2020-08-13,CTG,37700.0,37950.0,37200.0,37200.0,19083389
2020-08-14,CTG,37250.0,37850.0,37250.0,37750.0,19850154
2020-08-17,CTG,37850.0,39350.0,37200.0,39250.0,20533932
2020-08-18,CTG,39150.0,40100.0,38950.0,40100.0,14124226
2020-08-19,CTG,40200.0,40300.0,39250.0,39450.0,18889966
2020-08-20,CTG,39400.0,39450.0,38800.0,39100.0,16744210
2020-08-21,CTG,39150.0,39150.0,38500.0,38600.0,13194692
2020-08-24,CTG,38600.0,38650.0,38300.0,38450.0,18213516
2020-08-25,CTG,38600.0,39550.0,38450.0,39400.0,21674604
2020-08-26,CTG,39200.0,39250.0,38700.0,38700.0,11632936
2020-08-27,CTG,38600.0,40450.0,38500.0,39800.0,19898095
2020-08-28,CTG,39850.0,39850.0,39000.0,39050.0,19986641
2020-08-31,CTG,38800.0,39000.0,37500.0,37750.0,23451015
2020-09-01,CTG,37650.0,37700.0,36550.0,36700.0,19411942
2020-09-02,CTG,36850.0,37650.0,36850.0,37650.0,19035730
2020-09-03,CTG,37700.0,38350.0,37600.0,38350.0,20531329
2020-09-04,CTG,38250.0,39500.0,38050.0,38950.0,19619102
2020-09-07,CTG,38800.0,39050.0,38450.0,38750.0,16187745
2020-09-08,CTG,38650.0,38750.0,37150.0,37300.0,16706241
2020-09-09,CTG,37200.0,38350.0,36550.0,37950.0,24670799
2020-09-10,CTG,37850.0,37900.0,37050.0,37100.0,13409153
2020-09-11,CTG,37000.0,37000.0,36750.0,37000.0,11456589
2020-09-14,CTG,37000.0,37400.0,36350.0,36750.0,16987824
2020-09-15,CTG,36900.0,37000.0,36800.0,37000.0,17898606
2020-09-16,CTG,36900.0,38150.0,36800.0,38100.0,15755441
2020-09-17,CTG,38150.0,38350.0,37000.0,37450.0,22928267
2020-09-18,CTG,37550.0,38400.0,37450.0,38100.0,14616314
2020-09-21,CTG,38350.0,38500.0,37350.0,37350.0,20284280
2020-09-22,CTG,37350.0,37350.0,36650.0,36850.0,14314713
2020-09-23,CTG,36750.0,37200.0,36650.0,37000.0,19654938
2020-09-24,CTG,36800.0,37800.0,36600.0,37500.0,14421236
2020-09-25,CTG,37150.0,37550.0,36300.0,36450.0,15029244
2020-09-28,CTG,36400.0,36950.0,36250.0,36900.0,19878189
2020-09-29,CTG,36950.0,37200.0,36850.0,37150.0,11799367
2020-09-30,CTG,37050.0,37250.0,36650.0,37150.0,14793714
2020-10-01,CTG,37000.0,37250.0,36650.0,36900.0,18769841
2020-10-02,CTG,36950.0,37250.0,36300.0,36450.0,19114592
2020-10-05,CTG,36500.0,36650.0,35900.0,36050.0,12270936
2020-10-06,CTG,35900.0,36750.0,35650.0,36500.0,15555308
2020-10-07,CTG,36300.0,36750.0,36100.0,36400.0,15573904
2020-10-08,CTG,36400.0,36600.0,35450.0,35450.0,16896879
2020-10-09,CTG,36000.0,36250.0,35750.0,36250.0,15077670
2020-10-12,CTG,36400.0,36900.0,34950.0,35100.0,22089589
2020-10-13,CTG,35050.0,35600.0,34800.0,35100.0,16198248
2020-10-14,CTG,35100.0,35200.0,35000.0,35050.0,16616562
2020-10-15,CTG,34700.0,36200.0,34550.0,36000.0,18084013
2020-10-16,CTG,35800.0,36750.0,35750.0,36650.0,14501400
2020-10-19,CTG,36850.0,38050.0,36600.0,37900.0,18336790
2020-10-20,CTG,38150.0,38700.0,36450.0,36700.0,26828789
2020-10-21,CTG,36800.0,37750.0,36650.0,37700.0,20957701
2020-10-22,CTG,37550.0,38000.0,37250.0,37900.0,15409261
2020-10-23,CTG,37800.0,38550.0,37700.0,38150.0,15798520
2020-10-26,CTG,38200.0,38400.0,37850.0,38050.0,19411987
2020-10-27,CTG,38000.0,38100.0,37650.0,37650.0,18516852
2020-10-28,CTG,37800.0,38250.0,37450.0,38250.0,16448574
2020-10-29,CTG,38150.0,38250.0,37750.0,38100.0,14701817
2020-10-30,CTG,38050.0,38950.0,37800.0,38550.0,15208766
2020-11-02,CTG,38700.0,38750.0,38050.0,38100.0,14775903
2020-11-03,CTG,38100.0,38500.0,37600.0,37650.0,16096979
2020-11-04,CTG,37400.0,38000.0,37350.0,37750.0,12581368
2020-11-05,CTG,37700.0,38600.0,37650.0,38500.0,22191750
2020-11-06,CTG,38250.0,38450.0,37650.0,37750.0,14973443
2020-11-09,CTG,37700.0,39000.0,37600.0,38750.0,18508736
2020-11-10,CTG,38400.0,38600.0,38300.0,38450.0,18460966
2020-11-11,CTG,38850.0,39100.0,38650.0,38900.0,12844691
2020-11-12,CTG,38850.0,39550.0,38600.0,39450.0,16120225
2020-11-13,CTG,39400.0,40500.0,39400.0,40400.0,19949123
2020-11-16,CTG,40750.0,41000.0,40250.0,40400.0,20726290
2020-11-17,CTG,40450.0,40650.0,39800.0,40050.0,19584877
2020-11-18,CTG,39700.0,41100.0,39400.0,40600.0,19699339
2020-11-19,CTG,40800.0,41100.0,40450.0,40650.0,16422353
2020-11-20,CTG,40650.0,41150.0,40500.0,40850.0,20587842
2020-11-23,CTG,41200.0,41250.0,39500.0,40000.0,16845615
2020-11-24,CTG,39650.0,39850.0,39400.0,39550.0,16133511
2020-11-25,CTG,39600.0,40500.0,39250.0,40350.0,14246100
2020-11-26,CTG,40600.0,40900.0,40100.0,40250.0,19771144
2020-11-27,CTG,40350.0,40600.0,40100.0,40550.0,17201396
2020-11-30,CTG,40400.0,40900.0,39950.0,39950.0,19496119
2020-12-01,CTG,39800.0,39850.0,39100.0,39400.0,16997785
2020-12-02,CTG,39000.0,39900.0,38900.0,39750.0,14501465
2020-12-03,CTG,39650.0,42400.0,39550.0,41800.0,24111194
2020-12-04,CTG,41700.0,42000.0,41100.0,41100.0,15452131
2020-12-07,CTG,40850.0,41150.0,40200.0,40300.0,16544466
2020-12-08,CTG,40200.0,40750.0,40150.0,40700.0,15960552
2020-12-09,CTG,40700.0,41350.0,40700.0,41300.0,20724728
2020-12-10,CTG,41350.0,42350.0,41250.0,42250.0,13790831
2020-12-11,CTG,42050.0,42600.0,41900.0,42500.0,15351696
2020-12-14,CTG,42450.0,42600.0,41800.0,42350.0,12397762
2020-12-15,CTG,42450.0,42550.0,42000.0,42200.0,18839447
2020-12-16,CTG,42250.0,42450.0,42150.0,42150.0,9769073
2020-12-17,CTG,41900.0,41900.0,40900.0,41300.0,15047675
2020-12-18,CTG,40850.0,42550.0,40650.0,42100.0,23770812
2020-12-21,CTG,42200.0,42250.0,40800.0,40900.0,15180277
2020-12-22,CTG,40800.0,40950.0,39250.0,39650.0,19814985
2020-12-23,CTG,39550.0,39600.0,39250.0,39350.0,13959224
2020-12-24,CTG,39350.0,41050.0,39200.0,41050.0,21479100
2020-12-25,CTG,40950.0,41500.0,40850.0,41300.0,19571530
2020-12-28,CTG,41400.0,41500.0,40600.0,40650.0,13343908
2020-12-29,CTG,40250.0,41800.0,40050.0,41300.0,17022270
2020-12-30,CTG,41200.0,41600.0,39600.0,39800.0,20550140
2020-12-31,CTG,39400.0,39800.0,39150.0,39450.0,14972737
2021-01-01,CTG,39700.0,40700.0,39350.0,40200.0,14833581
2021-01-04,CTG,40200.0,41200.0,39750.0,41100.0,19884677
2021-01-05,CTG,41350.0,42250.0,41250.0,41700.0,19106659
2021-01-06,CTG,41700.0,43400.0,41450.0,43250.0,16797475
2021-01-07,CTG,43250.0,43600.0,41950.0,42050.0,24661271
2021-01-08,CTG,41800.0,43450.0,41600.0,43250.0,25533799
2021-01-11,CTG,43100.0,44650.0,43000.0,44250.0,23005686
2021-01-12,CTG,43950.0,44150.0,43500.0,43800.0,12074835
2021-01-13,CTG,43950.0,44200.0,42800.0,43400.0,21296800
2021-01-14,CTG,43500.0,43750.0,43350.0,43700.0,19374466
2021-01-15,CTG,43950.0,44600.0,43800.0,44400.0,19958218
2021-01-18,CTG,44700.0,46850.0,44500.0,46750.0,23621208
2021-01-19,CTG,46650.0,47000.0,45650.0,46550.0,15057141
2021-01-20,CTG,46950.0,47300.0,45700.0,45750.0,15198985
2021-01-21,CTG,45600.0,45900.0,45000.0,45350.0,12367811
2021-01-22,CTG,45600.0,46150.0,45500.0,46150.0,14372637
2021-01-25,CTG,46000.0,47350.0,45850.0,47200.0,20735134
2021-01-26,CTG,46800.0,46900.0,45650.0,45800.0,21044615
2021-01-27,CTG,45900.0,46050.0,43750.0,44000.0,20130146
2021-01-28,CTG,44050.0,44150.0,44050.0,44050.0,16797455
2021-01-29,CTG,44000.0,44100.0,43800.0,44050.0,10688078
2021-02-01,CTG,43900.0,44100.0,43050.0,43350.0,14457481
2021-02-02,CTG,43500.0,43650.0,42600.0,42700.0,22006794
2021-02-03,CTG,42850.0,43350.0,42600.0,43300.0,18549535
2021-02-04,CTG,43300.0,43800.0,43200.0,43750.0,11812058
2021-02-05,CTG,43600.0,44300.0,43150.0,44200.0,19593963
2021-02-08,CTG,44000.0,45950.0,43850.0,45450.0,22166481
2021-02-09,CTG,45400.0,45500.0,44400.0,44600.0,13934236
2021-02-10,CTG,44450.0,44600.0,43850.0,44100.0,12225424
2021-02-11,CTG,43700.0,44050.0,43600.0,43850.0,10388503
2021-02-12,CTG,43700.0,44750.0,43500.0,44650.0,20286585
2021-02-15,CTG,44800.0,46250.0,44750.0,45900.0,20458794
2021-02-16,CTG,45750.0,45950.0,44250.0,44700.0,16767374
2021-02-17,CTG,44800.0,44950.0,44500.0,44800.0,14841441
2021-02-18,CTG,44550.0,44750.0,43550.0,43750.0,21778690
2021-02-19,CTG,43450.0,44300.0,43300.0,44200.0,19294974
2021-02-22,CTG,44350.0,44450.0,43250.0,43750.0,13425453
2021-02-23,CTG,43750.0,43750.0,42800.0,43150.0,21742096
2021-02-24,CTG,43200.0,44850.0,43050.0,44250.0,21359431
2021-02-25,CTG,44250.0,44400.0,44050.0,44050.0,13111265
2021-02-26,CTG,44050.0,44150.0,43450.0,43500.0,16940802
2021-03-01,CTG,43200.0,44900.0,43100.0,44650.0,24744534
2021-03-02,CTG,44550.0,45300.0,44500.0,44950.0,15203514
2021-03-03,CTG,44900.0,45000.0,44850.0,44950.0,11410904
2021-03-04,CTG,45050.0,46750.0,45000.0,46700.0,20237018
2021-03-05,CTG,46800.0,47050.0,46100.0,46150.0,13999228
2021-03-08,CTG,46550.0,47000.0,45250.0,45500.0,22045643
2021-03-09,CTG,45550.0,45900.0,45450.0,45750.0,19444602
2021-03-10,CTG,45700.0,45700.0,43850.0,44000.0,22259700
2021-03-11,CTG,44250.0,44750.0,43750.0,44400.0,16003237
2021-03-12,CTG,44500.0,44500.0,44200.0,44250.0,15083485
2021-03-15,CTG,44400.0,45750.0,43900.0,45700.0,23068932
2021-03-16,CTG,45850.0,45850.0,45100.0,45250.0,19884292
2021-03-17,CTG,45250.0,45400.0,43900.0,44000.0,20447631
2021-03-18,CTG,43650.0,44400.0,43400.0,44250.0,13336495
2021-03-19,CTG,44100.0,44250.0,43800.0,44050.0,10906294
2021-03-22,CTG,43950.0,44250.0,43850.0,44250.0,17947010
2021-03-23,CTG,44650.0,44700.0,43400.0,43650.0,14916828
2021-03-24,CTG,43700.0,43700.0,42500.0,42700.0,19551094
2021-03-25,CTG,42750.0,42950.0,42050.0,42500.0,17412321
2021-03-26,CTG,42550.0,43150.0,42350.0,42950.0,20998020
2021-03-29,CTG,42800.0,43900.0,42550.0,43500.0,20357480
2021-03-30,CTG,43600.0,43900.0,42500.0,42900.0,14724665
2021-03-31,CTG,42800.0,42900.0,42300.0,42700.0,15472468
2021-04-01,CTG,42400.0,42950.0,42400.0,42800.0,15841976
2021-04-02,CTG,42550.0,42650.0,41500.0,41650.0,17407287
2021-04-05,CTG,41650.0,42550.0,41250.0,42250.0,17055514
2021-04-06,CTG,42200.0,42900.0,41950.0,42900.0,13010694
2021-04-07,CTG,43000.0,43350.0,42100.0,42250.0,19350836
2021-04-08,CTG,42600.0,43200.0,42500.0,43100.0,16803344
2021-04-09,CTG,43250.0,43300.0,42150.0,42400.0,20383611
2021-04-12,CTG,42450.0,42550.0,42250.0,42350.0,18649097
2021-04-13,CTG,42600.0,42750.0,41950.0,42150.0,15720732
2021-04-14,CTG,41950.0,42150.0,41250.0,41250.0,21274270
2021-04-15,CTG,41200.0,42250.0,40800.0,42000.0,22092753
2021-04-16,CTG,41850.0,42250.0,41550.0,42000.0,19007487
2021-04-19,CTG,41750.0,42700.0,41700.0,42450.0,13407631
2021-04-20,CTG,42450.0,42450.0,42200.0,42250.0,17581353
2021-04-21,CTG,42250.0,44850.0,41850.0,44600.0,25990621
2021-04-22,CTG,44500.0,44700.0,44250.0,44550.0,16012158
2021-04-23,CTG,44300.0,45250.0,44200.0,44900.0,12844213
2021-04-26,CTG,44900.0,45150.0,44150.0,44250.0,13017258
2021-04-27,CTG,44200.0,45250.0,43750.0,45200.0,21912240
2021-04-28,CTG,44800.0,45200.0,44550.0,45000.0,13653479
2021-04-29,CTG,45250.0,45300.0,44350.0,44550.0,21542083
2021-04-30,CTG,44550.0,44700.0,44300.0,44700.0,12713148
2021-05-03,CTG,44650.0,45050.0,44450.0,44950.0,12347734
2021-05-04,CTG,44750.0,46550.0,44650.0,46050.0,22335207
2021-05-05,CTG,46300.0,46450.0,45850.0,45850.0,19345069
2021-05-06,CTG,45700.0,47050.0,45650.0,46750.0,16758620
2021-05-07,CTG,46700.0,47350.0,46650.0,47350.0,11272698
2021-05-10,CTG,47600.0,48750.0,47250.0,48200.0,22903948
2021-05-11,CTG,48050.0,48200.0,47050.0,47100.0,19753424
2021-05-12,CTG,47100.0,47150.0,45500.0,45600.0,15989580
2021-05-13,CTG,45550.0,45750.0,44850.0,44900.0,13208214
2021-05-14,CTG,45200.0,45300.0,44550.0,44550.0,13849761
2021-05-17,CTG,44450.0,44650.0,44300.0,44500.0,17169090
2021-05-18,CTG,44300.0,44600.0,44100.0,44550.0,15142271
2021-05-19,CTG,44900.0,45000.0,43150.0,43650.0,25310334
2021-05-20,CTG,43650.0,44000.0,43300.0,43300.0,18032058
2021-05-21,CTG,43600.0,44350.0,43600.0,44300.0,17792376
2021-05-24,CTG,44400.0,44700.0,44300.0,44500.0,13432210
2021-05-25,CTG,44500.0,44550.0,44300.0,44400.0,13039146
2021-05-26,CTG,44500.0,44650.0,44400.0,44500.0,13158707
2021-05-27,CTG,44350.0,44600.0,43000.0,43350.0,24381778
2021-05-28,CTG,43350.0,43550.0,42750.0,43050.0,13662125
2021-05-31,CTG,42800.0,43800.0,42650.0,43350.0,16204919
2021-06-01,CTG,43300.0,43350.0,42250.0,42350.0,18312448
2021-06-02,CTG,42050.0,43050.0,41850.0,42600.0,16055333
2021-06-03,CTG,42650.0,42650.0,41100.0,41400.0,23937900
2021-06-04,CTG,41450.0,41550.0,40900.0,41250.0,19390573
2021-06-07,CTG,41100.0,41150.0,39700.0,39750.0,18095973
2021-06-08,CTG,39750.0,39800.0,39200.0,39500.0,20059314
2021-06-09,CTG,39300.0,40550.0,38950.0,40100.0,21788114
2021-06-10,CTG,40050.0,40200.0,39950.0,40150.0,14847561
2021-06-11,CTG,40200.0,40450.0,39650.0,39900.0,19917825
2021-06-14,CTG,40000.0,40550.0,38800.0,39050.0,22854671
2021-06-15,CTG,39050.0,39100.0,38550.0,38750.0,19569669
2021-06-16,CTG,38550.0,38550.0,38250.0,38450.0,10364333
2021-06-17,CTG,38550.0,38650.0,37900.0,38000.0,21494806
2021-06-18,CTG,37850.0,38050.0,37350.0,37450.0,20183511
2021-06-21,CTG,37550.0,38100.0,36250.0,36650.0,18759723
2021-06-22,CTG,36550.0,36750.0,36400.0,36650.0,12668964
2021-06-23,CTG,36550.0,37000.0,36400.0,36950.0,16685093
2021-06-24,CTG,37000.0,37450.0,36850.0,36900.0,17399320
2021-06-25,CTG,36800.0,37250.0,36750.0,37250.0,14964450
2021-06-28,CTG,37350.0,39100.0,37100.0,39100.0,20882355
2021-06-29,CTG,39100.0,39700.0,38650.0,39500.0,18702858
2021-06-30,CTG,39500.0,40250.0,39350.0,40100.0,13660184
2021-07-01,CTG,40200.0,40400.0,38900.0,39150.0,22471257
2021-07-02,CTG,39400.0,40250.0,39300.0,39900.0,20811624
2021-07-05,CTG,40000.0,41200.0,39850.0,41000.0,16185488
2021-07-06,CTG,40950.0,41400.0,40250.0,40650.0,19896165
2021-07-07,CTG,40900.0,41300.0,40850.0,41200.0,12806917
2021-07-08,CTG,41250.0,41300.0,41050.0,41100.0,12409160
2021-07-09,CTG,41000.0,41400.0,40000.0,40000.0,18159230
2021-07-12,CTG,39900.0,40450.0,39550.0,40250.0,20246523
2021-07-13,CTG,40300.0,40600.0,39950.0,40050.0,12553322
2021-07-14,CTG,40000.0,41000.0,39900.0,40650.0,22181430
2021-07-15,CTG,40600.0,40950.0,40150.0,40400.0,16111321
2021-07-16,CTG,40450.0,40950.0,40250.0,40600.0,11828675
2021-07-19,CTG,40650.0,41250.0,40100.0,40250.0,18757744
2021-07-20,CTG,40200.0,40400.0,40000.0,40200.0,19275264
2021-07-21,CTG,39950.0,40250.0,39750.0,40050.0,18925468
2021-07-22,CTG,40350.0,40450.0,39600.0,39850.0,17806164
2021-07-23,CTG,40050.0,41000.0,39800.0,40950.0,15377448
2021-07-26,CTG,41000.0,41050.0,40450.0,40900.0,13011001
2021-07-27,CTG,40950.0,41100.0,40650.0,40750.0,10506761
2021-07-28,CTG,40850.0,40950.0,40700.0,40850.0,15782768
2021-07-29,CTG,40900.0,41450.0,40500.0,40650.0,14327061
2021-07-30,CTG,40700.0,42050.0,40650.0,41800.0,21558659
2021-08-02,CTG,41900.0,42350.0,41650.0,42300.0,13831089
2021-08-03,CTG,42150.0,43650.0,41900.0,43350.0,17223050
2021-08-04,CTG,43300.0,43400.0,43100.0,43350.0,12607738
2021-08-05,CTG,43500.0,44100.0,43450.0,43600.0,17201180
2021-08-06,CTG,43650.0,44450.0,43650.0,44100.0,12412977
2021-08-09,CTG,43950.0,44550.0,43900.0,44400.0,12288568
2021-08-10,CTG,44250.0,44500.0,43300.0,43400.0,19562744
2021-08-11,CTG,43100.0,43550.0,43000.0,43400.0,17084075
2021-08-12,CTG,43300.0,45550.0,43200.0,45250.0,25436535
2021-08-13,CTG,45300.0,45350.0,43650.0,43650.0,16500208
2021-08-16,CTG,43450.0,44650.0,43000.0,44450.0,17388063
2021-08-17,CTG,44300.0,45350.0,44150.0,44850.0,19762897
2021-08-18,CTG,44850.0,46650.0,44700.0,46400.0,17319555
2021-08-19,CTG,46600.0,46850.0,46200.0,46200.0,11631395
2021-08-20,CTG,46450.0,46500.0,45350.0,45750.0,17539727
2021-08-23,CTG,45850.0,45850.0,45150.0,45250.0,19328465
2021-08-24,CTG,45450.0,45800.0,44100.0,44100.0,20983771
2021-08-25,CTG,44400.0,44450.0,43850.0,43950.0,12515632
2021-08-26,CTG,43800.0,45300.0,43500.0,45250.0,20162899
2021-08-27,CTG,45750.0,46250.0,44200.0,44250.0,19216361
2021-08-30,CTG,44150.0,44850.0,44000.0,44500.0,18057392
2021-08-31,CTG,44350.0,44400.0,43550.0,43850.0,18203750
2021-09-01,CTG,43800.0,43900.0,43550.0,43800.0,15513888
2021-09-02,CTG,43700.0,44400.0,43550.0,43850.0,18555966
2021-09-03,CTG,43550.0,43750.0,42800.0,43100.0,16668388
2021-09-06,CTG,43200.0,43950.0,43100.0,43850.0,18244163
2021-09-07,CTG,44000.0,44900.0,43900.0,44800.0,18890718
2021-09-08,CTG,45050.0,45400.0,44300.0,44550.0,16861892
2021-09-09,CTG,44800.0,45050.0,43650.0,44100.0,17158749
2021-09-10,CTG,43800.0,45000.0,43750.0,44500.0,16235146
2021-09-13,CTG,44350.0,44450.0,43650.0,43700.0,21198918
2021-09-14,CTG,43850.0,44000.0,42100.0,42150.0,23271379
2021-09-15,CTG,42050.0,43000.0,41950.0,42700.0,19811520
2021-09-16,CTG,42700.0,43100.0,41100.0,41400.0,25676210
2021-09-17,CTG,41300.0,41800.0,39650.0,40100.0,24327314
2021-09-20,CTG,40200.0,40350.0,39350.0,39500.0,17019252
2021-09-21,CTG,39550.0,40000.0,38200.0,38350.0,23130321
2021-09-22,CTG,38450.0,38850.0,37550.0,38000.0,14947865
2021-09-23,CTG,37950.0,38450.0,37900.0,38250.0,20354455
2021-09-24,CTG,38100.0,38300.0,38000.0,38250.0,10371155
2021-09-27,CTG,38500.0,38850.0,38250.0,38850.0,16159884
2021-09-28,CTG,39000.0,39000.0,38200.0,38500.0,15466733
2021-09-29,CTG,38400.0,38700.0,37600.0,37650.0,22230079
2021-09-30,CTG,37800.0,38950.0,37750.0,38500.0,18993595
2021-10-01,CTG,38550.0,38750.0,37050.0,37100.0,20273828
2021-10-04,CTG,37200.0,37600.0,35850.0,36150.0,20416152
2021-10-05,CTG,36150.0,36500.0,36050.0,36300.0,19447227
2021-10-06,CTG,36100.0,36650.0,35850.0,36650.0,17679744
2021-10-07,CTG,36550.0,36750.0,35250.0,35500.0,23890961
2021-10-08,CTG,35450.0,36050.0,35450.0,35750.0,17354601
2021-10-11,CTG,35850.0,35900.0,34700.0,34900.0,16120112
2021-10-12,CTG,35000.0,35050.0,34700.0,34850.0,18899993
2021-10-13,CTG,34850.0,35400.0,34800.0,35350.0,15671151
2021-10-14,CTG,35500.0,35750.0,34350.0,34450.0,23924419
2021-10-15,CTG,34300.0,35950.0,34100.0,35450.0,21443590
2021-10-18,CTG,35450.0,35500.0,34300.0,34550.0,20125223
2021-10-19,CTG,34750.0,35250.0,34700.0,35050.0,18017531
2021-10-20,CTG,35150.0,35650.0,35050.0,35500.0,12544861
2021-10-21,CTG,35300.0,36100.0,35100.0,35950.0,19914118
2021-10-22,CTG,36100.0,37550.0,36100.0,37200.0,16866216
2021-10-25,CTG,37200.0,37700.0,36800.0,37550.0,21827550
2021-10-26,CTG,37750.0,39300.0,37750.0,39250.0,24952446
2021-10-27,CTG,39000.0,39550.0,38750.0,39350.0,12312814
2021-10-28,CTG,39250.0,39800.0,38900.0,39500.0,13109153
2021-10-29,CTG,39650.0,39750.0,37750.0,37750.0,25442239
2021-11-01,CTG,37850.0,37950.0,37600.0,37650.0,12288671
2021-11-02,CTG,37700.0,37700.0,36550.0,36600.0,16184139
2021-11-03,CTG,36700.0,36950.0,36250.0,36500.0,16656073
2021-11-04,CTG,36450.0,36700.0,35950.0,36000.0,20202090
2021-11-05,CTG,36000.0,36200.0,35050.0,35100.0,21586449
2021-11-08,CTG,35100.0,35650.0,35050.0,35300.0,13361735
2021-11-09,CTG,35400.0,35800.0,34950.0,34950.0,15482853
2021-11-10,CTG,34800.0,35800.0,34700.0,35750.0,18670920
2021-11-11,CTG,35900.0,35900.0,34250.0,34750.0,25121234
2021-11-12,CTG,34950.0,35050.0,34650.0,34800.0,18943610
2021-11-15,CTG,34650.0,35000.0,33900.0,34250.0,21343855
2021-11-16,CTG,34250.0,35400.0,34000.0,35150.0,23052238
2021-11-17,CTG,35100.0,35150.0,34350.0,34600.0,13755711
2021-11-18,CTG,34550.0,35550.0,34350.0,35450.0,15167815
2021-11-19,CTG,35650.0,36000.0,34550.0,34600.0,17141239
2021-11-22,CTG,34450.0,34500.0,33900.0,33950.0,13319242
2021-11-23,CTG,33850.0,34300.0,33700.0,34050.0,17453560
2021-11-24,CTG,34350.0,35050.0,34100.0,34850.0,14921691
2021-11-25,CTG,34950.0,35200.0,34450.0,34500.0,14991253
2021-11-26,CTG,34700.0,34900.0,34600.0,34900.0,12352409
2021-11-29,CTG,35100.0,35450.0,35050.0,35400.0,18893724
2021-11-30,CTG,35350.0,35950.0,35150.0,35850.0,18535807
2021-12-01,CTG,35950.0,36000.0,35500.0,35900.0,11589963
2021-12-02,CTG,35950.0,36450.0,35900.0,36400.0,20234324
2021-12-03,CTG,36350.0,36700.0,36100.0,36400.0,13043451
2021-12-06,CTG,36250.0,36650.0,36100.0,36600.0,15395590
2021-12-07,CTG,36550.0,37000.0,36100.0,36900.0,14353209
2021-12-08,CTG,36600.0,37000.0,36200.0,36500.0,12382561
2021-12-09,CTG,36400.0,36850.0,36250.0,36550.0,20916422
2021-12-10,CTG,36650.0,37450.0,36650.0,37150.0,21495705
2021-12-13,CTG,37150.0,37200.0,36300.0,36700.0,22036685
2021-12-14,CTG,36700.0,36750.0,36000.0,36050.0,12551142
2021-12-15,CTG,36200.0,36300.0,35600.0,35600.0,13344715
2021-12-16,CTG,35500.0,37250.0,35450.0,37100.0,17355796
2021-12-17,CTG,37150.0,38000.0,37050.0,37850.0,18976252
2021-12-20,CTG,37750.0,38150.0,36650.0,36750.0,24123815
2021-12-21,CTG,36650.0,37250.0,36500.0,37200.0,21481801
2021-12-22,CTG,37100.0,37500.0,36950.0,37000.0,18282581
2021-12-23,CTG,37050.0,37250.0,36250.0,36500.0,18846693
2021-12-24,CTG,36400.0,36500.0,36300.0,36400.0,14374769
2021-12-27,CTG,36500.0,36600.0,36400.0,36600.0,17949006
2021-12-28,CTG,36350.0,37550.0,36200.0,37550.0,14989428
2021-12-29,CTG,37550.0,38200.0,37500.0,37950.0,14395138
2021-12-30,CTG,37800.0,37950.0,37600.0,37600.0,10209781
2021-12-31,CTG,37800.0,38450.0,37400.0,38350.0,18222547
2022-01-03,CTG,38350.0,38750.0,38050.0,38650.0,20978367
2022-01-04,CTG,38600.0,39000.0,37850.0,37900.0,14531265
2022-01-05,CTG,38000.0,38350.0,37050.0,37150.0,15143372
2022-01-06,CTG,37100.0,37200.0,36800.0,36950.0,16880788
2022-01-07,CTG,36750.0,37300.0,36750.0,37300.0,12142537
2022-01-10,CTG,37450.0,37550.0,36750.0,36750.0,14856560
2022-01-11,CTG,36600.0,37100.0,35450.0,35700.0,23893203
2022-01-12,CTG,35450.0,36300.0,35300.0,36150.0,20425675
2022-01-13,CTG,36150.0,36800.0,36100.0,36500.0,19181674
2022-01-14,CTG,36300.0,37700.0,35850.0,37600.0,17942225
2022-01-17,CTG,37400.0,37900.0,37250.0,37600.0,18606538
2022-01-18,CTG,37750.0,38300.0,37400.0,38300.0,17344241
2022-01-19,CTG,38250.0,38250.0,36700.0,37200.0,23501596
2022-01-20,CTG,37000.0,37100.0,36150.0,36500.0,22047537
2022-01-21,CTG,36650.0,37300.0,36400.0,37200.0,21847007
2022-01-24,CTG,37100.0,37550.0,37000.0,37350.0,16307478
2022-01-25,CTG,37200.0,37350.0,37050.0,37250.0,11863848
2022-01-26,CTG,37400.0,37800.0,37150.0,37700.0,14513949
2022-01-27,CTG,37500.0,38100.0,37400.0,37950.0,12305756
2022-01-28,CTG,38100.0,38300.0,37800.0,38050.0,16102186
2022-01-31,CTG,38150.0,38700.0,37950.0,38400.0,12872518
2022-02-01,CTG,38500.0,38600.0,37450.0,37600.0,19509100
2022-02-02,CTG,37650.0,37900.0,37300.0,37300.0,20047762
2022-02-03,CTG,37250.0,37800.0,37050.0,37600.0,15131061
2022-02-04,CTG,37600.0,38850.0,37350.0,38700.0,20298088
2022-02-07,CTG,38700.0,38900.0,37800.0,38100.0,17258493
2022-02-08,CTG,38200.0,38200.0,37450.0,38000.0,21043705
2022-02-09,CTG,38000.0,38250.0,37900.0,37900.0,17712505
2022-02-10,CTG,38050.0,38150.0,36750.0,36850.0,19811280
2022-02-11,CTG,36750.0,36950.0,36250.0,36300.0,15400635
2022-02-14,CTG,36450.0,37050.0,35900.0,36800.0,20540736
2022-02-15,CTG,37100.0,37450.0,36400.0,36600.0,14348644
2022-02-16,CTG,36550.0,36950.0,36550.0,36700.0,19492956
2022-02-17,CTG,36850.0,37950.0,36750.0,37850.0,15260888
2022-02-18,CTG,37900.0,39550.0,37750.0,39400.0,25803050
2022-02-21,CTG,39450.0,40350.0,39450.0,40100.0,18598993
2022-02-22,CTG,40200.0,41400.0,39750.0,41300.0,23944204
2022-02-23,CTG,41200.0,42050.0,40900.0,41950.0,21824909
2022-02-24,CTG,41900.0,42550.0,41800.0,42450.0,13111755
2022-02-25,CTG,42500.0,42600.0,41900.0,41950.0,17817298
2022-02-28,CTG,41700.0,43950.0,41400.0,43950.0,23800553
2022-03-01,CTG,44050.0,45450.0,43750.0,45200.0,16085564
2022-03-02,CTG,45000.0,45300.0,44950.0,45200.0,15302964
2022-03-03,CTG,44950.0,45100.0,43200.0,43500.0,21953506
2022-03-04,CTG,43600.0,45150.0,43400.0,44900.0,19497272
2022-03-07,CTG,44550.0,45300.0,44450.0,44950.0,17570547
2022-03-08,CTG,44900.0,44950.0,44750.0,44900.0,15243428
2022-03-09,CTG,44950.0,45400.0,44550.0,44850.0,13800529
2022-03-10,CTG,44700.0,45000.0,43650.0,43950.0,14528410
2022-03-11,CTG,44000.0,44300.0,44000.0,44000.0,14163274
2022-03-14,CTG,44000.0,44050.0,43600.0,43600.0,12841679
2022-03-15,CTG,43650.0,43850.0,42650.0,42950.0,18245285
2022-03-16,CTG,42750.0,43950.0,42150.0,43700.0,19354321
2022-03-17,CTG,43900.0,44050.0,42350.0,42400.0,24877414
2022-03-18,CTG,42550.0,42650.0,40950.0,41150.0,21994687
2022-03-21,CTG,41150.0,41700.0,40850.0,41550.0,14682487
2022-03-22,CTG,41600.0,42600.0,41550.0,42350.0,13133865
2022-03-23,CTG,42050.0,42150.0,41450.0,41500.0,17678797
2022-03-24,CTG,41650.0,42350.0,41650.0,42100.0,16954017
2022-03-25,CTG,42100.0,42400.0,40200.0,40800.0,18589299
2022-03-28,CTG,40600.0,42000.0,40450.0,41550.0,23923589
2022-03-29,CTG,41550.0,43100.0,41500.0,42700.0,17556095
2022-03-30,CTG,42550.0,42750.0,40700.0,40900.0,18510577
2022-03-31,CTG,40800.0,41200.0,40050.0,40450.0,15318040
2022-04-01,CTG,40750.0,41250.0,38750.0,39150.0,21909848
2022-04-04,CTG,39000.0,39800.0,38750.0,39750.0,19071061
2022-04-05,CTG,39700.0,40150.0,39050.0,39300.0,20437052
2022-04-06,CTG,39300.0,40350.0,39300.0,40150.0,14306635
2022-04-07,CTG,40200.0,40750.0,40150.0,40500.0,20059780
2022-04-08,CTG,40650.0,40800.0,39650.0,40000.0,20461229
2022-04-11,CTG,40000.0,40500.0,39950.0,40350.0,15075015
2022-04-12,CTG,40500.0,40950.0,40500.0,40600.0,19840042
2022-04-13,CTG,40500.0,40750.0,40350.0,40750.0,16407697
2022-04-14,CTG,40700.0,41000.0,40500.0,40950.0,11181500
2022-04-15,CTG,41050.0,41100.0,40000.0,40000.0,15123319
2022-04-18,CTG,40300.0,40650.0,40300.0,40550.0,12614591
2022-04-19,CTG,40550.0,40700.0,39500.0,39600.0,14067795
2022-04-20,CTG,39600.0,39850.0,39050.0,39100.0,21317350
2022-04-21,CTG,39000.0,39250.0,38800.0,38950.0,10543449
2022-04-22,CTG,38650.0,38650.0,38000.0,38100.0,15015316
2022-04-25,CTG,38400.0,38850.0,38200.0,38750.0,20279473
2022-04-26,CTG,38650.0,38900.0,37700.0,37900.0,15192369
2022-04-27,CTG,37800.0,37950.0,37500.0,37600.0,14310671
2022-04-28,CTG,37750.0,37750.0,36300.0,36650.0,16504263
2022-04-29,CTG,36800.0,37000.0,36450.0,36450.0,17833867
2022-05-02,CTG,36300.0,36500.0,36150.0,36300.0,11509592
2022-05-03,CTG,36600.0,36650.0,36150.0,36250.0,11110606
2022-05-04,CTG,36100.0,36300.0,35700.0,36200.0,19612723
2022-05-05,CTG,36150.0,36550.0,36000.0,36500.0,17698470
2022-05-06,CTG,36500.0,36600.0,35450.0,36000.0,23264412
2022-05-09,CTG,35950.0,37350.0,35500.0,37300.0,18681946
2022-05-10,CTG,37600.0,38900.0,37400.0,38500.0,17099692
2022-05-11,CTG,38250.0,38650.0,37850.0,37850.0,15491947
2022-05-12,CTG,37850.0,38100.0,37350.0,37500.0,16517782
2022-05-13,CTG,37250.0,38950.0,36950.0,38850.0,27207885
2022-05-16,CTG,38850.0,39800.0,38600.0,39550.0,14182264
2022-05-17,CTG,39650.0,40250.0,39600.0,40050.0,12867854
2022-05-18,CTG,40250.0,40600.0,38950.0,39150.0,21097382
2022-05-19,CTG,39250.0,39850.0,39200.0,39700.0,17711603
2022-05-20,CTG,39800.0,40450.0,39800.0,40300.0,18934518
2022-05-23,CTG,40300.0,41050.0,39950.0,40700.0,21710951
2022-05-24,CTG,40950.0,41150.0,40100.0,40200.0,13558833
2022-05-25,CTG,39950.0,40000.0,39200.0,39400.0,19679152
2022-05-26,CTG,39050.0,39900.0,38600.0,39600.0,22472435
2022-05-27,CTG,39900.0,40000.0,39250.0,39650.0,17559906
2022-05-30,CTG,39650.0,39750.0,37050.0,37150.0,22837604
2022-05-31,CTG,37050.0,37700.0,36950.0,37350.0,15243329
2022-06-01,CTG,37200.0,37450.0,36100.0,36200.0,17003882
2022-06-02,CTG,36350.0,37850.0,35650.0,37500.0,23197692
2022-06-03,CTG,37350.0,38150.0,37100.0,38000.0,13563650
2022-06-06,CTG,37850.0,38200.0,37750.0,38100.0,11748793
2022-06-07,CTG,38100.0,38950.0,37800.0,38900.0,14454747
2022-06-08,CTG,39000.0,39100.0,38550.0,38750.0,15121851
2022-06-09,CTG,38900.0,39150.0,37250.0,37350.0,18121220
2022-06-10,CTG,37450.0,37500.0,36700.0,36750.0,20382080
2022-06-13,CTG,36700.0,36750.0,35600.0,35700.0,15721007
2022-06-14,CTG,35750.0,36050.0,34900.0,35100.0,18101297
2022-06-15,CTG,35050.0,36700.0,34750.0,36300.0,18727018
2022-06-16,CTG,36300.0,36500.0,36050.0,36400.0,12685326
2022-06-17,CTG,36350.0,36450.0,35250.0,35300.0,19904267
2022-06-20,CTG,35250.0,35350.0,33750.0,34200.0,19162004
2022-06-21,CTG,34200.0,34800.0,33800.0,34500.0,20122307
2022-06-22,CTG,34450.0,35200.0,34250.0,35100.0,20260803
2022-06-23,CTG,35150.0,35750.0,35000.0,35550.0,19362885
2022-06-24,CTG,35700.0,35850.0,34850.0,34900.0,17410631
2022-06-27,CTG,35050.0,35800.0,35050.0,35450.0,14558211
2022-06-28,CTG,35550.0,36150.0,35250.0,35850.0,15513066
2022-06-29,CTG,35800.0,36900.0,35750.0,36850.0,17334023
2022-06-30,CTG,36900.0,37050.0,36350.0,36500.0,12788890
2022-07-01,CTG,36450.0,36700.0,36050.0,36150.0,14932175
2022-07-04,CTG,36250.0,37750.0,35850.0,37700.0,17921367
2022-07-05,CTG,37450.0,38200.0,37200.0,38050.0,13337341
2022-07-06,CTG,38250.0,38400.0,37350.0,37450.0,19310743
2022-07-07,CTG,37600.0,37900.0,37100.0,37250.0,18714019
2022-07-08,CTG,37300.0,37450.0,36400.0,36500.0,15142192
2022-07-11,CTG,36700.0,36800.0,36550.0,36750.0,18514347
2022-07-12,CTG,36800.0,37250.0,35750.0,36000.0,17044794
2022-07-13,CTG,36100.0,36250.0,35550.0,35600.0,13246936
2022-07-14,CTG,35650.0,36150.0,35600.0,35850.0,11673904
2022-07-15,CTG,35850.0,36150.0,34750.0,34850.0,17251449
2022-07-18,CTG,34700.0,35550.0,34500.0,35500.0,17367406
2022-07-19,CTG,35600.0,35700.0,35200.0,35550.0,16281821
2022-07-20,CTG,35650.0,36800.0,35600.0,36450.0,21779202
2022-07-21,CTG,36250.0,36900.0,35300.0,35300.0,18655260
2022-07-22,CTG,35400.0,35700.0,34750.0,35200.0,20814922
2022-07-25,CTG,35250.0,35550.0,34900.0,35150.0,18527074
2022-07-26,CTG,35000.0,35300.0,34500.0,34650.0,20623097
2022-07-27,CTG,34700.0,34850.0,33950.0,34150.0,16742344
2022-07-28,CTG,34200.0,34250.0,34000.0,34050.0,18031770
2022-07-29,CTG,33900.0,34600.0,33850.0,34450.0,13219955
2022-08-01,CTG,34700.0,34850.0,34100.0,34200.0,20427928
2022-08-02,CTG,34250.0,35400.0,34050.0,35100.0,15939611
2022-08-03,CTG,34900.0,35200.0,34350.0,34850.0,14116761
2022-08-04,CTG,35100.0,35100.0,34800.0,34950.0,10559635
2022-08-05,CTG,34750.0,36600.0,34750.0,36250.0,22085687
2022-08-08,CTG,36200.0,36300.0,36050.0,36150.0,17137270
2022-08-09,CTG,36450.0,36650.0,36200.0,36250.0,11635486
2022-08-10,CTG,36200.0,37400.0,36100.0,37300.0,18453090
2022-08-11,CTG,37500.0,38250.0,37150.0,38050.0,15584541
2022-08-12,CTG,37950.0,38200.0,37750.0,38150.0,18700429
2022-08-15,CTG,37900.0,38950.0,37400.0,38800.0,20219615
2022-08-16,CTG,38850.0,38850.0,37350.0,37700.0,19181222
2022-08-17,CTG,37750.0,38300.0,37650.0,38050.0,16024934
2022-08-18,CTG,38300.0,39250.0,38200.0,39100.0,16680165
2022-08-19,CTG,39200.0,39450.0,39100.0,39400.0,14214873
2022-08-22,CTG,39550.0,40700.0,39450.0,40600.0,18922027
2022-08-23,CTG,40750.0,41000.0,40200.0,40250.0,17572145
2022-08-24,CTG,40400.0,40550.0,40250.0,40500.0,12394436
2022-08-25,CTG,40700.0,41450.0,40300.0,41300.0,15382770
2022-08-26,CTG,41100.0,41800.0,41000.0,41300.0,15131776
2022-08-29,CTG,41300.0,41450.0,41150.0,41350.0,15919673
2022-08-30,CTG,41450.0,43300.0,41200.0,42750.0,23763017
2022-08-31,CTG,42850.0,44500.0,42200.0,44200.0,21704849
2022-09-01,CTG,44000.0,44050.0,43050.0,43250.0,18435705
2022-09-02,CTG,43250.0,43400.0,40850.0,41300.0,25802768
2022-09-05,CTG,41200.0,41200.0,40400.0,40450.0,18435445
2022-09-06,CTG,40750.0,40900.0,40400.0,40550.0,10851341
2022-09-07,CTG,40800.0,40900.0,40650.0,40750.0,14194191
2022-09-08,CTG,40900.0,42150.0,40600.0,41800.0,23127964
2022-09-09,CTG,41550.0,44150.0,41100.0,44050.0,24920749
2022-09-12,CTG,43800.0,43900.0,42700.0,42850.0,18123889
2022-09-13,CTG,43200.0,43600.0,42800.0,42950.0,20543759
2022-09-14,CTG,42950.0,43100.0,42550.0,42550.0,15679146
2022-09-15,CTG,42500.0,43900.0,42150.0,43750.0,19856095
2022-09-16,CTG,43800.0,45950.0,43750.0,45600.0,19153928
2022-09-19,CTG,45750.0,46350.0,45300.0,45950.0,13778389
2022-09-20,CTG,46100.0,47350.0,45550.0,47250.0,18171011
2022-09-21,CTG,47200.0,49050.0,47000.0,48950.0,19732440
2022-09-22,CTG,48900.0,49050.0,48350.0,48700.0,12972917
2022-09-23,CTG,48700.0,49350.0,48550.0,49000.0,13218604
2022-09-26,CTG,48950.0,49150.0,47500.0,47850.0,22493684
2022-09-27,CTG,47850.0,49200.0,47350.0,49150.0,16386240
2022-09-28,CTG,49350.0,49500.0,49100.0,49400.0,16529598
2022-09-29,CTG,49300.0,49600.0,48900.0,48950.0,19173225
2022-09-30,CTG,49100.0,49750.0,48750.0,49750.0,15779481
2022-10-03,CTG,49800.0,50350.0,48350.0,48650.0,22037501
2022-10-04,CTG,48700.0,49550.0,48350.0,49400.0,13931919
2022-10-05,CTG,49700.0,49950.0,49600.0,49850.0,18749506
2022-10-06,CTG,49950.0,51250.0,49650.0,51150.0,22635643
2022-10-07,CTG,51050.0,51500.0,50500.0,51150.0,18348806
2022-10-10,CTG,51150.0,51850.0,49400.0,49850.0,22105806
2022-10-11,CTG,49700.0,49850.0,49200.0,49450.0,12361436
2022-10-12,CTG,49650.0,50300.0,49450.0,49900.0,16938859
2022-10-13,CTG,50000.0,50850.0,49500.0,50400.0,19945837
2022-10-14,CTG,50050.0,50550.0,49450.0,50300.0,18689161
2022-10-17,CTG,50250.0,50650.0,48950.0,49100.0,18168500
2022-10-18,CTG,49300.0,50050.0,48850.0,49850.0,14377700
2022-10-19,CTG,50100.0,50500.0,49700.0,50200.0,17952276
2022-10-20,CTG,50050.0,50850.0,49900.0,50650.0,14384552
2022-10-21,CTG,50700.0,51450.0,50200.0,50650.0,17996918
2022-10-24,CTG,50450.0,52300.0,50100.0,52300.0,16937296
2022-10-25,CTG,52400.0,53200.0,51950.0,52900.0,15253160
2022-10-26,CTG,52900.0,52950.0,51700.0,52200.0,13483295
2022-10-27,CTG,52400.0,52450.0,51650.0,51750.0,15624808
2022-10-28,CTG,51750.0,51850.0,50150.0,50450.0,23182383
2022-10-31,CTG,50300.0,50350.0,49450.0,50100.0,18220061
2022-11-01,CTG,50000.0,51650.0,49850.0,51350.0,21428089
2022-11-02,CTG,51400.0,51550.0,51000.0,51150.0,12572163
2022-11-03,CTG,51250.0,52200.0,51050.0,52100.0,16997554
2022-11-04,CTG,52100.0,52750.0,52000.0,52550.0,14221076
2022-11-07,CTG,52700.0,53050.0,51000.0,51100.0,23287302
2022-11-08,CTG,51300.0,51650.0,50250.0,50600.0,21531459
2022-11-09,CTG,50700.0,51250.0,50350.0,51050.0,18463309
2022-11-10,CTG,50800.0,52400.0,50650.0,52350.0,19414997
2022-11-11,CTG,52350.0,53000.0,52350.0,52500.0,15066683
2022-11-14,CTG,52100.0,53950.0,52000.0,53600.0,21429107
2022-11-15,CTG,53800.0,54050.0,52850.0,52900.0,13178963
2022-11-16,CTG,52650.0,53700.0,52500.0,53500.0,15395992
2022-11-17,CTG,53550.0,55000.0,53050.0,54900.0,16350520
2022-11-18,CTG,55150.0,55900.0,54850.0,55350.0,13819107
2022-11-21,CTG,55050.0,55100.0,53700.0,54000.0,16650396
2022-11-22,CTG,53900.0,55450.0,53700.0,54900.0,20136360
2022-11-23,CTG,55250.0,55800.0,54600.0,55500.0,16476714
2022-11-24,CTG,55250.0,55300.0,55000.0,55300.0,16725128
2022-11-25,CTG,55100.0,56150.0,55050.0,55900.0,15875959
2022-11-28,CTG,55800.0,56000.0,55200.0,55350.0,13433121
2022-11-29,CTG,55550.0,56900.0,55350.0,56050.0,16739057
2022-11-30,CTG,55850.0,55950.0,54900.0,55050.0,16073814
2022-12-01,CTG,55150.0,55200.0,54950.0,55050.0,15851084
2022-12-02,CTG,54950.0,56050.0,54600.0,55900.0,19288169
2022-12-05,CTG,55700.0,57250.0,55600.0,57000.0,15180839
2022-12-06,CTG,57150.0,58050.0,56950.0,57750.0,20686840
2022-12-07,CTG,57850.0,57950.0,55950.0,56500.0,18658671
2022-12-08,CTG,56600.0,56650.0,55200.0,55300.0,20808512
2022-12-09,CTG,55600.0,55600.0,53600.0,53800.0,24617359
2022-12-12,CTG,53450.0,53500.0,51200.0,51550.0,25630212
2022-12-13,CTG,51550.0,52000.0,50300.0,50550.0,16740718
2022-12-14,CTG,50300.0,50600.0,50300.0,50400.0,17157981
2022-12-15,CTG,50500.0,52100.0,50400.0,51700.0,21764559
2022-12-16,CTG,51950.0,52100.0,51800.0,51900.0,15191420
2022-12-19,CTG,52000.0,52000.0,49700.0,49800.0,25509579
2022-12-20,CTG,49650.0,49850.0,49300.0,49600.0,11108468
2022-12-21,CTG,49650.0,49800.0,49400.0,49500.0,18441324
2022-12-22,CTG,49500.0,49700.0,49100.0,49350.0,15565469
2022-12-23,CTG,49150.0,49350.0,48900.0,49250.0,16969560
2022-12-26,CTG,48800.0,49950.0,48600.0,49350.0,19483961
2022-12-27,CTG,49550.0,51200.0,49500.0,51100.0,20540544
2022-12-28,CTG,51200.0,51800.0,50800.0,51500.0,14927838
2022-12-29,CTG,51900.0,52150.0,51300.0,51400.0,13055952
2022-12-30,CTG,51650.0,52200.0,51250.0,52050.0,14750987
2023-01-02,CTG,51850.0,51950.0,50100.0,50500.0,20509043
2023-01-03,CTG,50400.0,50700.0,49300.0,49350.0,18725543
2023-01-04,CTG,49250.0,49650.0,49000.0,49200.0,19445350
2023-01-05,CTG,49250.0,49700.0,49250.0,49450.0,15599264
2023-01-06,CTG,49300.0,49450.0,48350.0,48450.0,14261593
2023-01-09,CTG,48650.0,49250.0,48500.0,49200.0,19249444
2023-01-10,CTG,49250.0,49400.0,49050.0,49100.0,13815869
2023-01-11,CTG,49350.0,49500.0,49300.0,49500.0,16404102
2023-01-12,CTG,49300.0,50500.0,49000.0,50300.0,21064908
2023-01-13,CTG,50250.0,50550.0,48900.0,49350.0,18978923
2023-01-16,CTG,49050.0,49500.0,49000.0,49000.0,10269530
2023-01-17,CTG,49200.0,49650.0,49000.0,49500.0,14269336
2023-01-18,CTG,49650.0,50200.0,48550.0,48750.0,18275132
2023-01-19,CTG,48500.0,49900.0,48350.0,49650.0,23465993
2023-01-20,CTG,49350.0,50450.0,48800.0,50350.0,18314657
2023-01-23,CTG,50400.0,50600.0,49500.0,49500.0,19005936
2023-01-24,CTG,49550.0,49650.0,48350.0,48450.0,21501284
2023-01-25,CTG,48550.0,49050.0,48500.0,48650.0,16488524
2023-01-26,CTG,48750.0,49200.0,46200.0,46450.0,26015259
2023-01-27,CTG,46250.0,47750.0,46200.0,47450.0,18668640
2023-01-30,CTG,47450.0,47450.0,46800.0,46900.0,14332281
2023-01-31,CTG,46900.0,47000.0,45950.0,46350.0,21346874
2023-02-01,CTG,46400.0,46500.0,44000.0,44200.0,23586039
2023-02-02,CTG,44450.0,44850.0,42600.0,42800.0,19240393
2023-02-03,CTG,43000.0,43250.0,41950.0,41950.0,18109989
2023-02-06,CTG,41850.0,42300.0,41750.0,41950.0,17340795
2023-02-07,CTG,41900.0,43450.0,41600.0,43150.0,16891738
2023-02-08,CTG,43150.0,44000.0,43000.0,43600.0,14423107
2023-02-09,CTG,43600.0,43750.0,42350.0,42700.0,20780698
2023-02-10,CTG,42650.0,42750.0,41050.0,41100.0,16806361
2023-02-13,CTG,41200.0,41750.0,41150.0,41400.0,13515087
2023-02-14,CTG,41450.0,41450.0,41100.0,41350.0,13940250
2023-02-15,CTG,41100.0,42050.0,41000.0,41650.0,14180241
2023-02-16,CTG,41450.0,41800.0,40450.0,41050.0,22249223
2023-02-17,CTG,40900.0,41000.0,40550.0,41000.0,15524663
2023-02-20,CTG,41000.0,41100.0,40800.0,40850.0,13378192
2023-02-21,CTG,40950.0,41650.0,40800.0,41450.0,20363802
2023-02-22,CTG,41350.0,41700.0,40850.0,40950.0,16110530
2023-02-23,CTG,40800.0,40950.0,40550.0,40700.0,11059127
2023-02-24,CTG,40700.0,41000.0,40150.0,40350.0,18440554
2023-02-27,CTG,40400.0,40500.0,40000.0,40450.0,19006034
2023-02-28,CTG,40450.0,40600.0,39900.0,40000.0,18071582
2023-03-01,CTG,40050.0,40200.0,39300.0,39450.0,15202576
2023-03-02,CTG,39550.0,39750.0,39500.0,39550.0,14237090
2023-03-03,CTG,39600.0,40050.0,38750.0,39050.0,18690934
2023-03-06,CTG,39150.0,39350.0,38350.0,38450.0,21017517
2023-03-07,CTG,38350.0,38650.0,38200.0,38600.0,11381500
2023-03-08,CTG,38400.0,38850.0,38300.0,38600.0,12595491
2023-03-09,CTG,38550.0,38700.0,38200.0,38300.0,18688583
2023-03-10,CTG,37900.0,37900.0,37550.0,37600.0,17506973
2023-03-13,CTG,37500.0,37550.0,37050.0,37100.0,18774800
2023-03-14,CTG,37000.0,38000.0,36900.0,37700.0,19047978
2023-03-15,CTG,37650.0,38100.0,36450.0,36600.0,21661746
2023-03-16,CTG,36500.0,36750.0,36350.0,36600.0,19849867
2023-03-17,CTG,36300.0,37200.0,36050.0,37050.0,21936587
2023-03-20,CTG,37050.0,37250.0,37000.0,37200.0,14484523
2023-03-21,CTG,37300.0,37550.0,36600.0,36700.0,17173459
2023-03-22,CTG,36600.0,36700.0,35100.0,35600.0,17389859
2023-03-23,CTG,35700.0,35750.0,35300.0,35600.0,18156809
2023-03-24,CTG,35700.0,36600.0,35450.0,36300.0,14713343
2023-03-27,CTG,36300.0,36350.0,35700.0,35750.0,18513638
2023-03-28,CTG,35700.0,36200.0,35600.0,35900.0,13558754
2023-03-29,CTG,36050.0,36100.0,35900.0,36000.0,16823236
2023-03-30,CTG,35900.0,37150.0,35750.0,36950.0,20238749
2023-03-31,CTG,37050.0,37450.0,37000.0,37050.0,17103947
2023-04-03,CTG,37250.0,37650.0,35900.0,36350.0,21294113
2023-04-04,CTG,36300.0,36400.0,35350.0,35450.0,20182713
2023-04-05,CTG,35350.0,37000.0,35100.0,36850.0,25251285
2023-04-06,CTG,36700.0,36750.0,36450.0,36600.0,14201660
2023-04-07,CTG,36550.0,37150.0,36200.0,36300.0,16773449
2023-04-10,CTG,36250.0,36450.0,34800.0,35100.0,22252667
2023-04-11,CTG,35050.0,35600.0,35000.0,35500.0,20131384
2023-04-12,CTG,35550.0,35600.0,35250.0,35400.0,10584199
2023-04-13,CTG,35300.0,35550.0,35300.0,35350.0,11438217
2023-04-14,CTG,35100.0,35500.0,34400.0,34900.0,15771991
2023-04-17,CTG,35000.0,35050.0,34700.0,34950.0,17246098
2023-04-18,CTG,35050.0,35400.0,34950.0,35200.0,16351282
2023-04-19,CTG,35150.0,36550.0,35050.0,36350.0,24347620
2023-04-20,CTG,36300.0,36450.0,35650.0,36000.0,14488030
2023-04-21,CTG,35750.0,35850.0,35350.0,35600.0,14031124
2023-04-24,CTG,35450.0,36900.0,35400.0,36550.0,18565905
2023-04-25,CTG,36450.0,36650.0,36300.0,36450.0,17791193
2023-04-26,CTG,36400.0,37350.0,36150.0,37350.0,17763753
2023-04-27,CTG,37200.0,37500.0,36800.0,37300.0,20545258
2023-04-28,CTG,37600.0,37900.0,37500.0,37850.0,18160852
2023-05-01,CTG,37950.0,38400.0,37750.0,38350.0,19561705
2023-05-02,CTG,38100.0,38200.0,37450.0,37700.0,18630770
2023-05-03,CTG,37700.0,38250.0,37200.0,37900.0,19590623
2023-05-04,CTG,37800.0,37900.0,37150.0,37300.0,13021373
2023-05-05,CTG,37150.0,37500.0,37000.0,37300.0,16223315
2023-05-08,CTG,37700.0,37850.0,36300.0,36450.0,22535103
2023-05-09,CTG,36400.0,38000.0,36300.0,37950.0,17996104
2023-05-10,CTG,38000.0,39100.0,37900.0,39000.0,15982519
2023-05-11,CTG,39000.0,39350.0,37600.0,37950.0,17110322
2023-05-12,CTG,37800.0,39050.0,37250.0,38950.0,22498139
2023-05-15,CTG,39150.0,39250.0,37700.0,37900.0,18049317
2023-05-16,CTG,38050.0,38950.0,37950.0,38400.0,21771149
2023-05-17,CTG,38300.0,39350.0,38250.0,39050.0,19157941
2023-05-18,CTG,39350.0,39550.0,38800.0,39200.0,18731373
2023-05-19,CTG,39100.0,39300.0,38150.0,38450.0,15589613
2023-05-22,CTG,38400.0,38900.0,37900.0,38050.0,16737910
2023-05-23,CTG,37900.0,38000.0,37300.0,37700.0,16559691
2023-05-24,CTG,37800.0,38000.0,37400.0,37700.0,17417416
2023-05-25,CTG,37600.0,38600.0,37500.0,38500.0,15502447
2023-05-26,CTG,38750.0,39150.0,38700.0,38950.0,11015392
2023-05-29,CTG,38950.0,39050.0,38800.0,38850.0,17291375
2023-05-30,CTG,38900.0,39150.0,37900.0,38050.0,22868085
2023-05-31,CTG,38350.0,39100.0,38250.0,39000.0,20500244
2023-06-01,CTG,39150.0,40250.0,39100.0,40200.0,14576207
2023-06-02,CTG,40100.0,40900.0,40050.0,40850.0,13861781
2023-06-05,CTG,41100.0,41350.0,40950.0,41150.0,11475026
2023-06-06,CTG,40750.0,42600.0,40600.0,42500.0,24197463
2023-06-07,CTG,42600.0,43600.0,41800.0,43350.0,16740446
2023-06-08,CTG,43300.0,44850.0,43000.0,44800.0,23752663
2023-06-09,CTG,44800.0,45550.0,44000.0,45350.0,23650727
2023-06-12,CTG,45400.0,46250.0,44900.0,45900.0,23210963
2023-06-13,CTG,45850.0,46050.0,45200.0,45450.0,12559118
2023-06-14,CTG,45400.0,45650.0,45350.0,45550.0,17941880
2023-06-15,CTG,45750.0,46050.0,45200.0,45250.0,16590940
2023-06-16,CTG,45050.0,45400.0,44750.0,45350.0,11177289
2023-06-19,CTG,45400.0,46700.0,45050.0,46550.0,20498069
2023-06-20,CTG,46600.0,46800.0,45650.0,45700.0,20789097
2023-06-21,CTG,45550.0,46500.0,45450.0,46400.0,17999796
2023-06-22,CTG,46250.0,47200.0,46200.0,47150.0,14963983
2023-06-23,CTG,47200.0,47600.0,46200.0,46350.0,21540204
2023-06-26,CTG,46450.0,46750.0,46200.0,46700.0,14390476
2023-06-27,CTG,46600.0,47000.0,46350.0,46500.0,15989742
2023-06-28,CTG,46750.0,47950.0,46500.0,47750.0,23088147
2023-06-29,CTG,47550.0,49350.0,47550.0,49300.0,17292553
2023-06-30,CTG,49400.0,49850.0,49250.0,49700.0,17973359
2023-07-03,CTG,49400.0,50050.0,49150.0,49750.0,20687740
2023-07-04,CTG,49800.0,50850.0,49700.0,50850.0,14458627
2023-07-05,CTG,51000.0,52550.0,50750.0,52450.0,19217733
2023-07-06,CTG,52200.0,53000.0,51800.0,52500.0,12679980
2023-07-07,CTG,52500.0,53700.0,52450.0,53550.0,20619311
2023-07-10,CTG,53050.0,54050.0,53000.0,53950.0,19643363
2023-07-11,CTG,54350.0,54550.0,54300.0,54300.0,10271162
2023-07-12,CTG,54550.0,54900.0,53650.0,54050.0,14286013
2023-07-13,CTG,53900.0,54150.0,53700.0,54050.0,14294472
2023-07-14,CTG,53950.0,54100.0,52900.0,53150.0,14526569
2023-07-17,CTG,52950.0,54000.0,52700.0,53550.0,22011323
2023-07-18,CTG,53850.0,54750.0,53700.0,54500.0,12936997
2023-07-19,CTG,54600.0,55350.0,54450.0,55350.0,14368287
2023-07-20,CTG,55600.0,55950.0,55000.0,55150.0,19475594
2023-07-21,CTG,55250.0,55450.0,53700.0,54250.0,16786088
2023-07-24,CTG,54650.0,54650.0,53900.0,54250.0,12401570
2023-07-25,CTG,54300.0,55700.0,53500.0,55350.0,17778359
2023-07-26,CTG,55450.0,55700.0,53200.0,53450.0,26271838
2023-07-27,CTG,53500.0,55900.0,52550.0,55550.0,28351056
2023-07-28,CTG,55450.0,55450.0,54050.0,54350.0,14208909
2023-07-31,CTG,54550.0,54700.0,53650.0,53700.0,20964063
2023-08-01,CTG,53250.0,53750.0,53250.0,53450.0,15895319
2023-08-02,CTG,53550.0,53900.0,52650.0,52750.0,14522725
2023-08-03,CTG,52750.0,52850.0,51950.0,52250.0,12373275
2023-08-04,CTG,52350.0,52850.0,52300.0,52550.0,16319944
2023-08-07,CTG,52300.0,52450.0,52050.0,52300.0,16045338
2023-08-08,CTG,51900.0,52750.0,51900.0,52600.0,13827243
2023-08-09,CTG,53150.0,53800.0,52950.0,53200.0,18483976
2023-08-10,CTG,53400.0,53750.0,52950.0,53100.0,11539577
2023-08-11,CTG,53350.0,54350.0,52950.0,54300.0,15441394
2023-08-14,CTG,53500.0,54000.0,53350.0,53550.0,11019513
2023-08-15,CTG,53750.0,53800.0,51650.0,51750.0,19497273
2023-08-16,CTG,51850.0,51950.0,50000.0,50300.0,16490238
2023-08-17,CTG,50100.0,51000.0,50000.0,50300.0,18227933
2023-08-18,CTG,50000.0,51400.0,49950.0,51200.0,16228588
2023-08-21,CTG,51400.0,52600.0,51350.0,52200.0,19644665
2023-08-22,CTG,52150.0,55050.0,52100.0,55050.0,22211519
2023-08-23,CTG,55050.0,55400.0,53250.0,53300.0,24072135
2023-08-24,CTG,53150.0,54150.0,53000.0,53850.0,13849386
2023-08-25,CTG,53700.0,54150.0,53150.0,53900.0,12699472
2023-08-28,CTG,54050.0,54200.0,53750.0,54100.0,10095942
2023-08-29,CTG,54100.0,54550.0,53850.0,54550.0,14484867
2023-08-30,CTG,54750.0,54800.0,54400.0,54450.0,9750390
2023-08-31,CTG,54750.0,54900.0,54700.0,54850.0,10581119
2023-09-01,CTG,54800.0,56400.0,54450.0,56300.0,17687421
2023-09-04,CTG,56600.0,57100.0,56500.0,57050.0,10536784
2023-09-05,CTG,56600.0,57650.0,56550.0,57600.0,13092700
2023-09-06,CTG,57600.0,58600.0,57550.0,58350.0,18901767
2023-09-07,CTG,58100.0,58700.0,57700.0,58500.0,13597066
2023-09-08,CTG,58500.0,58950.0,58350.0,58700.0,12385011
2023-09-11,CTG,58900.0,58900.0,58800.0,58850.0,16427289
2023-09-12,CTG,58600.0,58900.0,56400.0,56800.0,16945237
2023-09-13,CTG,56850.0,57600.0,56850.0,57550.0,12965786
2023-09-14,CTG,57250.0,57800.0,57250.0,57800.0,12645359
2023-09-15,CTG,57500.0,58350.0,56900.0,57950.0,15953685
2023-09-18,CTG,57700.0,59200.0,57400.0,58800.0,21204084
2023-09-19,CTG,58750.0,58950.0,57850.0,58100.0,20565263
2023-09-20,CTG,58000.0,59300.0,57600.0,59100.0,14655996
2023-09-21,CTG,59050.0,59600.0,56950.0,57450.0,21512600
2023-09-22,CTG,57350.0,59400.0,57250.0,58800.0,23037620
2023-09-25,CTG,58700.0,59100.0,58200.0,58250.0,17995938
2023-09-26,CTG,58200.0,61450.0,57850.0,61350.0,24311591
2023-09-27,CTG,61250.0,61450.0,59950.0,60500.0,22320583
2023-09-28,CTG,60700.0,61250.0,60500.0,61100.0,16657955
2023-09-29,CTG,61100.0,61850.0,61050.0,61400.0,16362533
2023-10-02,CTG,61600.0,62950.0,61500.0,62350.0,13077001
2023-10-03,CTG,62150.0,62900.0,61850.0,62650.0,12560482
2023-10-04,CTG,62850.0,62950.0,62050.0,62200.0,11857394
2023-10-05,CTG,62650.0,62900.0,61950.0,62300.0,19506759
2023-10-06,CTG,62450.0,62700.0,61650.0,61650.0,15631816
2023-10-09,CTG,61850.0,63150.0,61700.0,63050.0,14232067
2023-10-10,CTG,63150.0,63600.0,62150.0,62500.0,18992551
2023-10-11,CTG,62150.0,62550.0,61850.0,62400.0,18884667
2023-10-12,CTG,62450.0,63050.0,62150.0,63000.0,15932531
2023-10-13,CTG,63050.0,65200.0,62900.0,64550.0,22997182
2023-10-16,CTG,64300.0,64900.0,62700.0,63300.0,16202490
2023-10-17,CTG,63800.0,65350.0,63300.0,64650.0,17084342
2023-10-18,CTG,64450.0,66450.0,64300.0,65800.0,16076711
2023-10-19,CTG,65850.0,66150.0,62650.0,62700.0,24852115
2023-10-20,CTG,62900.0,64400.0,62850.0,64300.0,21742544
2023-10-23,CTG,64150.0,65350.0,63500.0,63700.0,22536633
2023-10-24,CTG,63000.0,64400.0,62750.0,64000.0,22604244
2023-10-25,CTG,63850.0,64050.0,63350.0,63850.0,12660539
2023-10-26,CTG,64600.0,65250.0,64300.0,64300.0,15443965
2023-10-27,CTG,64300.0,65050.0,63650.0,63950.0,17366649
2023-10-30,CTG,63900.0,63950.0,62250.0,63050.0,20930820
2023-10-31,CTG,63350.0,65750.0,63300.0,65700.0,21088290
2023-11-01,CTG,65200.0,65600.0,63700.0,63900.0,20669180
2023-11-02,CTG,64050.0,64750.0,62700.0,63250.0,21031098
2023-11-03,CTG,63350.0,64150.0,63250.0,63900.0,19446848
2023-11-06,CTG,64350.0,64750.0,64300.0,64700.0,10701207
2023-11-07,CTG,64750.0,65200.0,62350.0,62750.0,25023294
2023-11-08,CTG,62800.0,63350.0,62500.0,62850.0,18797983
2023-11-09,CTG,62400.0,63800.0,62400.0,63200.0,13878172
2023-11-10,CTG,63400.0,65500.0,62500.0,65450.0,26131387
2023-11-13,CTG,65850.0,65950.0,64750.0,65750.0,17360188
2023-11-14,CTG,66100.0,68000.0,65600.0,67400.0,19618904
2023-11-15,CTG,67150.0,67700.0,66800.0,66850.0,20075563
2023-11-16,CTG,66700.0,69350.0,66450.0,68900.0,17716742
2023-11-17,CTG,68750.0,68800.0,67950.0,68400.0,19751570
2023-11-20,CTG,68400.0,69250.0,68150.0,69000.0,20485698
2023-11-21,CTG,68650.0,71000.0,68450.0,70600.0,21307456
2023-11-22,CTG,70850.0,71050.0,69950.0,70400.0,18721101
2023-11-23,CTG,70550.0,70650.0,69200.0,69400.0,20391842
2023-11-24,CTG,69600.0,70250.0,69500.0,70000.0,17261174
2023-11-27,CTG,69800.0,72550.0,69500.0,72300.0,21993662
2023-11-28,CTG,72700.0,72950.0,72650.0,72900.0,9528785
2023-11-29,CTG,73600.0,73600.0,72850.0,73200.0,11316112
2023-11-30,CTG,72850.0,72900.0,72500.0,72750.0,16944561
2023-12-01,CTG,72550.0,73050.0,72050.0,72100.0,14810682
2023-12-04,CTG,72100.0,75500.0,71850.0,75250.0,19045367
2023-12-05,CTG,75400.0,75500.0,74700.0,75000.0,15891054
2023-12-06,CTG,74700.0,75050.0,74250.0,74500.0,13141605
2023-12-07,CTG,74600.0,75000.0,73750.0,74250.0,20283403
2023-12-08,CTG,74200.0,77300.0,73550.0,77100.0,18244391
2023-12-11,CTG,77300.0,77600.0,75150.0,75300.0,16689690
2023-12-12,CTG,75400.0,76450.0,75400.0,76400.0,19621298
2023-12-13,CTG,76800.0,76850.0,75350.0,75550.0,16670896
2023-12-14,CTG,75650.0,76900.0,75550.0,76850.0,17151332
2023-12-15,CTG,76900.0,77800.0,75750.0,75950.0,18334888
2023-12-18,CTG,76050.0,78550.0,75500.0,78450.0,22192797
2023-12-19,CTG,78150.0,78950.0,75550.0,75800.0,18666365
2023-12-20,CTG,76000.0,76550.0,75550.0,76200.0,18703138
2023-12-21,CTG,76200.0,76450.0,74150.0,74500.0,22753233
2023-12-22,CTG,74100.0,74250.0,73700.0,73950.0,12124840
2023-12-25,CTG,74200.0,74300.0,73800.0,74050.0,15717535
2023-12-26,CTG,73750.0,74450.0,73400.0,74150.0,13101652
2023-12-27,CTG,74500.0,74650.0,72800.0,73400.0,14921478
2023-12-28,CTG,73350.0,73350.0,71850.0,72900.0,15095548
2023-12-29,CTG,73250.0,73800.0,73150.0,73500.0,10144171
2024-01-01,CTG,73200.0,74600.0,72950.0,74150.0,17978187
2024-01-02,CTG,74100.0,74450.0,73950.0,74200.0,15128828
2024-01-03,CTG,74200.0,74650.0,73400.0,73750.0,19538929
2024-01-04,CTG,73650.0,74200.0,73150.0,73850.0,20055591
2024-01-05,CTG,74000.0,75400.0,73750.0,74800.0,21579669
2024-01-08,CTG,74350.0,75500.0,73800.0,74900.0,13409748
2024-01-09,CTG,74850.0,75850.0,74550.0,75750.0,20800733
2024-01-10,CTG,75950.0,76350.0,74250.0,74300.0,23068712
2024-01-11,CTG,74300.0,74500.0,74100.0,74200.0,14548131
2024-01-12,CTG,74300.0,74500.0,70800.0,71400.0,22149580
2024-01-15,CTG,71200.0,71750.0,70050.0,70350.0,15919020
2024-01-16,CTG,70450.0,70950.0,69750.0,70000.0,12873808
2024-01-17,CTG,70200.0,73100.0,69850.0,72550.0,16785149
2024-01-18,CTG,72850.0,74850.0,72700.0,74600.0,16109293
2024-01-19,CTG,75000.0,75800.0,72700.0,72850.0,20230948
2024-01-22,CTG,72400.0,72750.0,72250.0,72550.0,15732039
2024-01-23,CTG,72650.0,72850.0,71700.0,71750.0,11872847
2024-01-24,CTG,71600.0,73200.0,71450.0,73100.0,18818518
2024-01-25,CTG,73300.0,73400.0,71850.0,71950.0,15163306
2024-01-26,CTG,72300.0,73650.0,71650.0,72600.0,14956073
2024-01-29,CTG,73000.0,75200.0,72900.0,75150.0,15125182
2024-01-30,CTG,75450.0,75800.0,74550.0,74700.0,18695683
2024-01-31,CTG,74900.0,75550.0,73500.0,74100.0,15694353
2024-02-01,CTG,74100.0,75750.0,73250.0,74900.0,18678541
2024-02-02,CTG,74300.0,76100.0,74150.0,76100.0,14700133
2024-02-05,CTG,76300.0,78400.0,76100.0,77750.0,18495660
2024-02-06,CTG,78000.0,78450.0,76100.0,76250.0,22586532
2024-02-07,CTG,76900.0,77950.0,76550.0,77900.0,14309536
2024-02-08,CTG,77150.0,78500.0,76200.0,78050.0,19498556
2024-02-09,CTG,78150.0,78700.0,77650.0,77750.0,11481746
2024-02-12,CTG,77650.0,77800.0,76900.0,77150.0,12478362
2024-02-13,CTG,78000.0,78550.0,77150.0,77250.0,13678995
2024-02-14,CTG,76850.0,77200.0,75050.0,75150.0,16647946
2024-02-15,CTG,75250.0,76000.0,73950.0,74350.0,19063578
2024-02-16,CTG,74600.0,75300.0,74400.0,75300.0,16859804
2024-02-19,CTG,75400.0,76100.0,74950.0,76000.0,13250174
2024-02-20,CTG,76150.0,77300.0,75800.0,76650.0,12367168
2024-02-21,CTG,76500.0,76550.0,76400.0,76450.0,9323629
2024-02-22,CTG,76150.0,77000.0,75100.0,75400.0,20590116
2024-02-23,CTG,76150.0,76550.0,75800.0,75900.0,17686269
2024-02-26,CTG,75700.0,77450.0,75600.0,77350.0,20490785
2024-02-27,CTG,77450.0,77600.0,76850.0,77250.0,17221951
2024-02-28,CTG,77050.0,78300.0,76850.0,78050.0,13545632
2024-02-29,CTG,77950.0,80400.0,77550.0,79900.0,19452874
2024-03-01,CTG,79900.0,80150.0,78950.0,79800.0,15403277
2024-03-04,CTG,79850.0,80300.0,79250.0,79950.0,13044338
2024-03-05,CTG,80150.0,81050.0,79500.0,80800.0,18104987
2024-03-06,CTG,81650.0,82200.0,79900.0,80150.0,18780629
2024-03-07,CTG,80500.0,81350.0,79650.0,79650.0,14099840
2024-03-08,CTG,79600.0,79850.0,79450.0,79750.0,10458484
2024-03-11,CTG,79550.0,80050.0,76600.0,76850.0,20651955
2024-03-12,CTG,77150.0,78500.0,76750.0,78350.0,21436319
2024-03-13,CTG,78350.0,78500.0,77000.0,77150.0,15165545
2024-03-14,CTG,77600.0,77750.0,77100.0,77750.0,15222671
2024-03-15,CTG,77850.0,78000.0,77650.0,77950.0,18645108
2024-03-18,CTG,77850.0,78700.0,72450.0,73250.0,24583464
2024-03-19,CTG,73200.0,75000.0,73150.0,73900.0,17231416
2024-03-20,CTG,73300.0,73600.0,73250.0,73400.0,16534229
2024-03-21,CTG,73350.0,73950.0,71400.0,71800.0,22995568
2024-03-22,CTG,71650.0,74450.0,71100.0,73650.0,25313709
2024-03-25,CTG,73250.0,73800.0,73000.0,73450.0,19932367
2024-03-26,CTG,73600.0,74800.0,73200.0,74000.0,18637571
2024-03-27,CTG,73550.0,74050.0,72600.0,73350.0,12876318
2024-03-28,CTG,73300.0,74950.0,73050.0,74900.0,15584894
2024-03-29,CTG,74750.0,75100.0,74000.0,74050.0,18171386
2024-04-01,CTG,74050.0,74300.0,72050.0,72500.0,17005730
2024-04-02,CTG,72200.0,72500.0,70100.0,70550.0,19917242
2024-04-03,CTG,70650.0,71000.0,70250.0,70800.0,14337031
2024-04-04,CTG,70650.0,70850.0,68800.0,69450.0,15150718
2024-04-05,CTG,69950.0,70650.0,67300.0,67600.0,24221450
2024-04-08,CTG,67800.0,67950.0,67700.0,67800.0,12394367
2024-04-09,CTG,67400.0,68200.0,67100.0,67900.0,20460215
2024-04-10,CTG,67250.0,68800.0,66500.0,68500.0,15805028
2024-04-11,CTG,68300.0,68750.0,67650.0,68550.0,18488692
2024-04-12,CTG,68800.0,68850.0,67750.0,68550.0,19434470
2024-04-15,CTG,68350.0,68550.0,67250.0,67850.0,18547866
2024-04-16,CTG,67950.0,70700.0,67850.0,70150.0,19530934
2024-04-17,CTG,70200.0,70400.0,68950.0,69550.0,16079248
2024-04-18,CTG,69700.0,69850.0,68800.0,69450.0,15675492
2024-04-19,CTG,69600.0,70950.0,68600.0,70500.0,21484734
2024-04-22,CTG,70700.0,70850.0,69050.0,69150.0,20594065
2024-04-23,CTG,68800.0,68850.0,66200.0,66450.0,21036956
2024-04-24,CTG,66800.0,67250.0,65300.0,66100.0,14738942
2024-04-25,CTG,65500.0,67050.0,65400.0,66100.0,21474192
2024-04-26,CTG,66050.0,66700.0,66050.0,66500.0,16635983
2024-04-29,CTG,65850.0,68550.0,65350.0,68200.0,17861071
2024-04-30,CTG,68400.0,69200.0,66700.0,66850.0,15940307
2024-05-01,CTG,66850.0,68100.0,65050.0,65500.0,17273028
2024-05-02,CTG,65600.0,67750.0,65400.0,67700.0,20847881
2024-05-03,CTG,67950.0,67950.0,65300.0,65950.0,24483310
2024-05-06,CTG,65700.0,66050.0,64600.0,65350.0,15105426
2024-05-07,CTG,65250.0,65300.0,63700.0,64100.0,12905694
2024-05-08,CTG,64600.0,65450.0,64550.0,64950.0,12205018
2024-05-09,CTG,65600.0,66450.0,65550.0,66350.0,13099104
2024-05-10,CTG,66450.0,67350.0,66250.0,67250.0,13187655
2024-05-13,CTG,67200.0,67900.0,66550.0,67250.0,12076998
2024-05-14,CTG,67800.0,68100.0,66800.0,66900.0,19989658
2024-05-15,CTG,67000.0,67550.0,66450.0,66950.0,17762225
2024-05-16,CTG,66500.0,67100.0,66450.0,66750.0,13014997
2024-05-17,CTG,66900.0,68150.0,66800.0,67950.0,13512158
2024-05-20,CTG,68050.0,69850.0,67600.0,69350.0,22747476
2024-05-21,CTG,70050.0,70200.0,68300.0,68450.0,13424869
2024-05-22,CTG,68450.0,69000.0,66800.0,67300.0,16276195
2024-05-23,CTG,67100.0,67200.0,64800.0,64850.0,15203039
2024-05-24,CTG,65250.0,66050.0,64900.0,65850.0,19452495
2024-05-27,CTG,65600.0,65800.0,65100.0,65500.0,12780630
2024-05-28,CTG,65500.0,67100.0,65100.0,66750.0,19166071
2024-05-29,CTG,67000.0,68200.0,66950.0,68050.0,13526179
2024-05-30,CTG,67850.0,68300.0,67050.0,67400.0,20246738
2024-05-31,CTG,67150.0,67700.0,66500.0,66900.0,11811555
2024-06-03,CTG,66550.0,68450.0,66300.0,68200.0,15478584
2024-06-04,CTG,68750.0,69050.0,67750.0,67800.0,13822707
2024-06-05,CTG,68000.0,68400.0,67900.0,68350.0,16839725
2024-06-06,CTG,68350.0,68450.0,66300.0,66850.0,16791234
2024-06-07,CTG,67200.0,68100.0,67150.0,67900.0,16153129
2024-06-10,CTG,68100.0,68200.0,66050.0,66550.0,19740740
2024-06-11,CTG,66600.0,66850.0,65800.0,66400.0,13598628
2024-06-12,CTG,66400.0,67600.0,66250.0,67550.0,14786951
2024-06-13,CTG,67500.0,67600.0,65850.0,66350.0,14187705
2024-06-14,CTG,65850.0,67250.0,65650.0,67150.0,13165634
2024-06-17,CTG,67300.0,70200.0,66700.0,69900.0,20520431
2024-06-18,CTG,70000.0,70550.0,67950.0,68700.0,16589444
2024-06-19,CTG,68550.0,68700.0,68000.0,68500.0,17152320
2024-06-20,CTG,67750.0,70500.0,67450.0,70300.0,17108967
2024-06-21,CTG,70250.0,73250.0,70150.0,73050.0,22828730
2024-06-24,CTG,73000.0,73350.0,71750.0,72000.0,18955547
2024-06-25,CTG,72400.0,73150.0,71400.0,71850.0,17489528
2024-06-26,CTG,71500.0,72950.0,70900.0,72150.0,22315916
2024-06-27,CTG,72250.0,73250.0,71750.0,72450.0,12758281
2024-06-28,CTG,72400.0,75250.0,72200.0,74000.0,18089113
2024-07-01,CTG,73900.0,74050.0,73100.0,73350.0,19658850
2024-07-02,CTG,72950.0,74750.0,72600.0,74350.0,16263091
2024-07-03,CTG,74500.0,74550.0,73400.0,74250.0,16974896
2024-07-04,CTG,74500.0,75250.0,73150.0,73650.0,19219017
2024-07-05,CTG,74150.0,74800.0,72900.0,73200.0,14170313
2024-07-08,CTG,73200.0,74750.0,72800.0,74200.0,16520997
2024-07-09,CTG,74350.0,74500.0,74100.0,74450.0,12758003
2024-07-10,CTG,74550.0,77200.0,74000.0,76950.0,25109928
2024-07-11,CTG,76700.0,77100.0,74000.0,74650.0,19934869
2024-07-12,CTG,74400.0,74500.0,72900.0,73200.0,14757546
2024-07-15,CTG,73600.0,74250.0,73200.0,73950.0,16043762
2024-07-16,CTG,74150.0,74200.0,72650.0,73050.0,17396698
2024-07-17,CTG,73400.0,73550.0,71750.0,72600.0,13136552
2024-07-18,CTG,73350.0,74250.0,72950.0,74050.0,14338438
2024-07-19,CTG,74000.0,76200.0,73850.0,75900.0,18446782
2024-07-22,CTG,75800.0,78600.0,75450.0,77700.0,17174576
2024-07-23,CTG,77550.0,78900.0,77400.0,78650.0,17496415
2024-07-24,CTG,77950.0,78050.0,74550.0,75350.0,23896650
2024-07-25,CTG,75650.0,76150.0,73100.0,73550.0,21530064
2024-07-26,CTG,73550.0,73600.0,70750.0,70900.0,17328664
2024-07-29,CTG,71000.0,72100.0,70550.0,72050.0,19029808
2024-07-30,CTG,71650.0,73050.0,71150.0,72800.0,22049322
2024-07-31,CTG,72450.0,73400.0,71500.0,72900.0,18862770
2024-08-01,CTG,72700.0,72700.0,71200.0,71650.0,17220187
2024-08-02,CTG,71750.0,73800.0,70900.0,73700.0,23152835
2024-08-05,CTG,73650.0,74350.0,71950.0,73400.0,20360633
2024-08-06,CTG,73650.0,73900.0,72250.0,72250.0,20558405
2024-08-07,CTG,72300.0,75100.0,72150.0,74700.0,17452407
2024-08-08,CTG,74700.0,75000.0,73650.0,74050.0,16968923
2024-08-09,CTG,74400.0,74800.0,72950.0,73850.0,16225360
2024-08-12,CTG,74150.0,74200.0,73300.0,73450.0,14327011
2024-08-13,CTG,73450.0,74900.0,72600.0,74250.0,22517189
2024-08-14,CTG,74100.0,74250.0,73450.0,73750.0,16928407
2024-08-15,CTG,73550.0,74050.0,72400.0,72600.0,21201348
2024-08-16,CTG,72800.0,74100.0,72750.0,73650.0,14151811
2024-08-19,CTG,73750.0,74700.0,73550.0,74000.0,18098370
2024-08-20,CTG,73900.0,74900.0,73900.0,74800.0,10887570
2024-08-21,CTG,74550.0,77000.0,73900.0,76950.0,24715109
2024-08-22,CTG,76750.0,78250.0,76150.0,77100.0,14590727
2024-08-23,CTG,77250.0,77750.0,77000.0,77600.0,12469972
2024-08-26,CTG,77700.0,80200.0,77500.0,79350.0,19934931
2024-08-27,CTG,78950.0,83550.0,78200.0,83450.0,29470517
2024-08-28,CTG,82400.0,85450.0,81700.0,84550.0,24560822
2024-08-29,CTG,84700.0,88550.0,84200.0,87650.0,17661891
2024-08-30,CTG,87950.0,88450.0,84600.0,85650.0,19256923
2024-09-02,CTG,85650.0,86800.0,85100.0,86300.0,14874204
2024-09-03,CTG,86450.0,87600.0,86300.0,87150.0,17685059
2024-09-04,CTG,87100.0,88850.0,86650.0,87800.0,16335099
2024-09-05,CTG,87950.0,87950.0,87250.0,87900.0,19202521
2024-09-06,CTG,87550.0,88500.0,86450.0,87950.0,20038088
2024-09-09,CTG,88050.0,88400.0,87350.0,88050.0,16700825
2024-09-10,CTG,87500.0,88750.0,86800.0,88450.0,13547971
2024-09-11,CTG,88400.0,88450.0,88050.0,88150.0,18343952
2024-09-12,CTG,88050.0,90950.0,87900.0,90350.0,16858649
2024-09-13,CTG,90700.0,92050.0,90200.0,91700.0,14556115
2024-09-16,CTG,91500.0,91650.0,90650.0,91300.0,17350592
2024-09-17,CTG,90650.0,92300.0,89950.0,92250.0,13574959
2024-09-18,CTG,92200.0,93750.0,91500.0,93650.0,18710412
2024-09-19,CTG,93700.0,94550.0,93600.0,93850.0,19721792
2024-09-20,CTG,93800.0,93900.0,91150.0,91750.0,14336644
2024-09-23,CTG,91300.0,94300.0,90900.0,93600.0,19166095
2024-09-24,CTG,93350.0,93600.0,91600.0,91700.0,17518707
2024-09-25,CTG,91250.0,92600.0,90900.0,92300.0,17125956
2024-09-26,CTG,92150.0,92150.0,89500.0,90150.0,19589369
2024-09-27,CTG,90550.0,90800.0,86900.0,87850.0,21660505
2024-09-30,CTG,88100.0,88800.0,86150.0,86600.0,15193042
2024-10-01,CTG,86500.0,86700.0,86100.0,86600.0,15769104
2024-10-02,CTG,87250.0,88400.0,87200.0,88050.0,18142183
2024-10-03,CTG,87550.0,87900.0,87450.0,87750.0,12985957
2024-10-04,CTG,88000.0,89550.0,88000.0,89500.0,16302880
2024-10-07,CTG,89700.0,90100.0,88700.0,88900.0,13834905
2024-10-08,CTG,88150.0,88300.0,84200.0,84850.0,17390992
2024-10-09,CTG,85050.0,85350.0,84450.0,84800.0,11188406
2024-10-10,CTG,84600.0,84750.0,83600.0,83950.0,18861540
2024-10-11,CTG,83600.0,83850.0,82650.0,82900.0,11784875
2024-10-14,CTG,82900.0,83550.0,82150.0,82350.0,19728584
2024-10-15,CTG,82550.0,83200.0,82350.0,83000.0,19609940
2024-10-16,CTG,83400.0,83700.0,82200.0,82350.0,15793069
2024-10-17,CTG,82600.0,83600.0,82100.0,82750.0,17087205
2024-10-18,CTG,83050.0,84900.0,82250.0,84850.0,15367184
2024-10-21,CTG,85200.0,86650.0,83950.0,86000.0,20873514
2024-10-22,CTG,86350.0,87150.0,84900.0,85100.0,20088286
2024-10-23,CTG,84950.0,86250.0,84900.0,86050.0,20303754
2024-10-24,CTG,85500.0,86250.0,84500.0,84500.0,20791015
2024-10-25,CTG,84500.0,85250.0,83650.0,84900.0,18754640
2024-10-28,CTG,85100.0,86600.0,84750.0,86150.0,21528824
2024-10-29,CTG,85550.0,88450.0,85350.0,87450.0,17162303
2024-10-30,CTG,87400.0,87900.0,85800.0,86100.0,21865143
2024-10-31,CTG,86500.0,87750.0,82700.0,83000.0,28871460
2024-11-01,CTG,82800.0,83450.0,81050.0,81700.0,16406680
2024-11-04,CTG,81700.0,81850.0,80850.0,81000.0,17768425
2024-11-05,CTG,80700.0,81650.0,80650.0,80700.0,17192768
2024-11-06,CTG,80400.0,80700.0,80250.0,80650.0,9546608
2024-11-07,CTG,80600.0,81050.0,80450.0,80950.0,12499833
2024-11-08,CTG,81300.0,81700.0,79200.0,79550.0,23482908
2024-11-11,CTG,79700.0,79850.0,78550.0,78950.0,11698238
2024-11-12,CTG,79000.0,79900.0,78750.0,79200.0,14802441
2024-11-13,CTG,78950.0,79400.0,76300.0,76700.0,19214639
2024-11-14,CTG,76850.0,77050.0,74700.0,74750.0,22597673
2024-11-15,CTG,75150.0,75700.0,72050.0,72200.0,26571185
2024-11-18,CTG,72350.0,73100.0,71700.0,72450.0,15403168
2024-11-19,CTG,72100.0,72450.0,71900.0,71950.0,16023432
2024-11-20,CTG,71900.0,74650.0,71750.0,74150.0,16648052
2024-11-21,CTG,73950.0,75700.0,73550.0,75400.0,22790566
2024-11-22,CTG,75350.0,76800.0,74700.0,76500.0,18184708
2024-11-25,CTG,76600.0,76800.0,76150.0,76700.0,10263923
2024-11-26,CTG,76550.0,76750.0,72950.0,73700.0,23794190
2024-11-27,CTG,73500.0,74000.0,73400.0,73800.0,10905485
2024-11-28,CTG,73450.0,73650.0,72400.0,73150.0,16357115
2024-11-29,CTG,73250.0,75150.0,72700.0,74850.0,17314454
2024-12-02,CTG,74000.0,74050.0,72700.0,73200.0,11995215
2024-12-03,CTG,73250.0,73900.0,70700.0,71200.0,17887579
2024-12-04,CTG,71350.0,71650.0,68550.0,68800.0,23591234
2024-12-05,CTG,68500.0,71050.0,68450.0,70850.0,16744156
2024-12-06,CTG,71300.0,73950.0,70950.0,73450.0,16289415
2024-12-09,CTG,73250.0,73950.0,72350.0,73450.0,15206213
2024-12-10,CTG,73600.0,73850.0,72000.0,72350.0,19620949
2024-12-11,CTG,72250.0,72750.0,69250.0,69650.0,22816775
2024-12-12,CTG,68850.0,69850.0,68800.0,69600.0,19487118
2024-12-13,CTG,69450.0,70250.0,68400.0,68550.0,17129090
2024-12-16,CTG,68800.0,69350.0,68750.0,68800.0,17050192
2024-12-17,CTG,68650.0,70250.0,68500.0,69950.0,20699639
2024-12-18,CTG,69350.0,69450.0,67900.0,67950.0,16558492
2024-12-19,CTG,67900.0,68250.0,67850.0,67950.0,13671255
2024-12-20,CTG,67500.0,69100.0,67150.0,68750.0,18315561
2024-12-23,CTG,68850.0,72000.0,68850.0,71200.0,16877655
2024-12-24,CTG,71350.0,71950.0,70050.0,70250.0,17661109
2024-12-25,CTG,70400.0,71750.0,70200.0,71550.0,18968726
2024-12-26,CTG,71450.0,71600.0,70950.0,71050.0,15451551
2024-12-27,CTG,70850.0,72250.0,70700.0,71700.0,17835957
2024-12-30,CTG,71800.0,72250.0,70250.0,70800.0,17977848
2024-12-31,CTG,70600.0,72900.0,70300.0,72550.0,23105175
2025-01-01,CTG,72150.0,72300.0,70050.0,70500.0,19186027
2025-01-02,CTG,70250.0,70400.0,69600.0,70350.0,18770438
2025-01-03,CTG,69950.0,72250.0,69150.0,71500.0,20348626
2025-01-06,CTG,71550.0,72150.0,70150.0,70350.0,21499165
2025-01-07,CTG,70400.0,71700.0,69950.0,71650.0,21074793
2025-01-08,CTG,71700.0,72400.0,69350.0,69950.0,16611511
2025-01-09,CTG,69900.0,70400.0,69500.0,70300.0,12406122
2025-01-10,CTG,70100.0,70200.0,69600.0,70050.0,16079299
2025-01-13,CTG,69850.0,70500.0,69300.0,70300.0,16544146
2025-01-14,CTG,70500.0,71250.0,68850.0,69300.0,23213252
2025-01-15,CTG,69400.0,70250.0,68900.0,68900.0,18331874
2025-01-16,CTG,69150.0,69200.0,67850.0,68300.0,17157545
2025-01-17,CTG,68450.0,68500.0,66600.0,67100.0,20256053
2025-01-20,CTG,67150.0,67150.0,65100.0,65800.0,21344925
2025-01-21,CTG,65300.0,67700.0,65000.0,67300.0,17108808
2025-01-22,CTG,67250.0,69550.0,66400.0,69500.0,21281547
2025-01-23,CTG,69550.0,72150.0,69300.0,71200.0,18547582
2025-01-24,CTG,71400.0,71650.0,70000.0,70550.0,13168391
2025-01-27,CTG,70700.0,71500.0,70200.0,71200.0,19497913
2025-01-28,CTG,71400.0,71750.0,70250.0,70300.0,15554669
2025-01-29,CTG,70750.0,71250.0,70200.0,71100.0,12906222
2025-01-30,CTG,71150.0,74400.0,71150.0,73700.0,23851012
2025-01-31,CTG,73700.0,76200.0,73050.0,75600.0,24636927
2025-02-03,CTG,75950.0,78000.0,75600.0,77300.0,23288833
2025-02-04,CTG,77050.0,77100.0,75850.0,76000.0,13203812
2025-02-05,CTG,75800.0,76000.0,72800.0,73100.0,20717385
2025-02-06,CTG,73150.0,74300.0,72450.0,74150.0,20556356
2025-02-07,CTG,74500.0,78250.0,74300.0,77850.0,20681848
2025-02-10,CTG,77950.0,78050.0,76700.0,77700.0,14714546
2025-02-11,CTG,78250.0,81650.0,77250.0,81150.0,23276730
2025-02-12,CTG,80800.0,83600.0,80700.0,83050.0,15039694
2025-02-13,CTG,82950.0,83100.0,82500.0,82550.0,11490630
2025-02-14,CTG,81850.0,83200.0,80200.0,83050.0,19105186
2025-02-17,CTG,83250.0,84400.0,82300.0,84250.0,14105023
2025-02-18,CTG,84400.0,87750.0,83900.0,87700.0,16780382
2025-02-19,CTG,87000.0,87150.0,86100.0,86250.0,19849586
2025-02-20,CTG,86400.0,87550.0,86100.0,87350.0,13863882
2025-02-21,CTG,87150.0,89350.0,87100.0,88200.0,22004984
2025-02-24,CTG,88000.0,88500.0,85300.0,85700.0,23638188
2025-02-25,CTG,85650.0,85850.0,84000.0,84050.0,13100074
2025-02-26,CTG,84850.0,85850.0,81300.0,81850.0,26335039
2025-02-27,CTG,81250.0,83700.0,81150.0,83100.0,17544469
2025-02-28,CTG,82350.0,84850.0,82100.0,84600.0,18694208
2025-03-03,CTG,84500.0,85500.0,84350.0,85400.0,12084422
2025-03-04,CTG,85800.0,85950.0,84000.0,84300.0,16645104
2025-03-05,CTG,84450.0,84550.0,81100.0,81650.0,20322477
2025-03-06,CTG,81700.0,82000.0,81100.0,81950.0,12850154
2025-03-07,CTG,81650.0,81900.0,79150.0,79200.0,21438748
2025-03-10,CTG,79850.0,79850.0,77950.0,78050.0,14393339
2025-03-11,CTG,77950.0,78550.0,77400.0,78250.0,19625116
2025-03-12,CTG,78300.0,78550.0,74950.0,75400.0,20609644
2025-03-13,CTG,75400.0,75400.0,75000.0,75350.0,10434749
2025-03-14,CTG,75600.0,76050.0,74600.0,74650.0,12319457
2025-03-17,CTG,74350.0,74500.0,73950.0,74400.0,12301145
2025-03-18,CTG,75050.0,75900.0,73750.0,74050.0,16050632
2025-03-19,CTG,73700.0,74650.0,73550.0,74300.0,16358890
2025-03-20,CTG,74150.0,75750.0,73300.0,75400.0,20015847
2025-03-21,CTG,75650.0,75950.0,75150.0,75750.0,14510238
2025-03-24,CTG,75650.0,75950.0,74100.0,74400.0,21485315
2025-03-25,CTG,74050.0,74450.0,73100.0,73200.0,19646876
2025-03-26,CTG,73050.0,73200.0,70750.0,71450.0,15733636
2025-03-27,CTG,71350.0,71600.0,69100.0,69700.0,17445224
2025-03-28,CTG,69750.0,70550.0,68800.0,68850.0,22405429
2025-03-31,CTG,68550.0,70900.0,68050.0,70700.0,18454964
2025-04-01,CTG,71200.0,71700.0,69150.0,69200.0,24045868
2025-04-02,CTG,69200.0,71000.0,68900.0,70750.0,17481840
2025-04-03,CTG,70800.0,71450.0,70750.0,70900.0,17180306
2025-04-04,CTG,71000.0,71300.0,70000.0,70050.0,15677763
2025-04-07,CTG,70000.0,70450.0,69350.0,69500.0,14194234
2025-04-08,CTG,69600.0,69950.0,69350.0,69450.0,14710165
2025-04-09,CTG,69000.0,69550.0,68800.0,68950.0,19475059
2025-04-10,CTG,69450.0,69500.0,67650.0,67850.0,20971050
2025-04-11,CTG,67450.0,68000.0,66950.0,67350.0,13169757
2025-04-14,CTG,67250.0,69200.0,66750.0,69100.0,22354968
2025-04-15,CTG,69150.0,69650.0,68900.0,69500.0,18891587
2025-04-16,CTG,70250.0,71100.0,69650.0,70700.0,12642393
2025-04-17,CTG,70400.0,70550.0,69200.0,69300.0,15864134
2025-04-18,CTG,69600.0,70050.0,68300.0,68450.0,15431717
2025-04-21,CTG,68350.0,68500.0,66950.0,67300.0,15069740
2025-04-22,CTG,67750.0,68750.0,67700.0,68450.0,11494269
2025-04-23,CTG,68200.0,69750.0,68150.0,69450.0,15268618
2025-04-24,CTG,69150.0,71300.0,68800.0,70800.0,15077011
2025-04-25,CTG,71400.0,71750.0,70350.0,70550.0,17010029
2025-04-28,CTG,70950.0,71950.0,70550.0,71100.0,19912157
2025-04-29,CTG,71350.0,71900.0,66600.0,66800.0,29568953
2025-04-30,CTG,66800.0,66950.0,65000.0,65150.0,21494397
2025-05-01,CTG,64900.0,66350.0,63800.0,65850.0,16189757
2025-05-02,CTG,65950.0,66350.0,64000.0,64250.0,23712715
2025-05-05,CTG,64300.0,65050.0,64200.0,64800.0,12068756
2025-05-06,CTG,64300.0,67250.0,64050.0,66200.0,18625031
2025-05-07,CTG,65700.0,67000.0,65500.0,66950.0,17269674
2025-05-08,CTG,66850.0,68350.0,66800.0,68250.0,15720449
2025-05-09,CTG,68250.0,68400.0,67400.0,67600.0,20569829
2025-05-12,CTG,67550.0,69800.0,67200.0,69450.0,18406915
2025-05-13,CTG,69550.0,69700.0,67600.0,67800.0,19465604
2025-05-14,CTG,68100.0,68350.0,66700.0,67150.0,17773067
2025-05-15,CTG,67100.0,69250.0,66950.0,68850.0,15957474
2025-05-16,CTG,68950.0,69450.0,67250.0,67750.0,21238567
2025-05-19,CTG,68300.0,68500.0,66650.0,66950.0,13414763
2025-05-20,CTG,66900.0,67850.0,66850.0,67650.0,14744519
2025-05-21,CTG,67000.0,70350.0,66600.0,69900.0,19134241
2025-05-22,CTG,69750.0,69800.0,68500.0,68850.0,16047221
2025-05-23,CTG,68550.0,69500.0,68000.0,69300.0,15031511
2025-05-26,CTG,69300.0,69750.0,66800.0,67100.0,23009163
2025-05-27,CTG,67200.0,68550.0,67050.0,68000.0,19892594
2025-05-28,CTG,67800.0,68650.0,66500.0,67950.0,15838843
2025-05-29,CTG,68400.0,68400.0,65350.0,65600.0,25141310
2025-05-30,CTG,65750.0,65900.0,65450.0,65750.0,15690198
2025-06-02,CTG,65750.0,65750.0,65350.0,65400.0,17068152
2025-06-03,CTG,65400.0,66400.0,63700.0,64100.0,22795904
2025-06-04,CTG,63950.0,64300.0,63550.0,63650.0,17775680
2025-06-05,CTG,64100.0,64650.0,63500.0,64450.0,11754190
2025-06-06,CTG,64150.0,64950.0,64000.0,64450.0,18109833
2025-06-09,CTG,64200.0,66150.0,63850.0,65600.0,18085144
2025-06-10,CTG,65700.0,65850.0,64950.0,65150.0,14960653
2025-06-11,CTG,65000.0,65200.0,63650.0,63850.0,17515039
2025-06-12,CTG,63850.0,64250.0,62800.0,62900.0,16074936
2025-06-13,CTG,63300.0,64650.0,62800.0,64500.0,15398587
2025-06-16,CTG,64950.0,65000.0,63650.0,63900.0,17899812
2025-06-17,CTG,64100.0,65850.0,63950.0,65700.0,22603172
2025-06-18,CTG,65350.0,65700.0,64600.0,65400.0,15409186
2025-06-19,CTG,65300.0,65400.0,62150.0,62600.0,22743913
2025-06-20,CTG,62450.0,64700.0,62200.0,64300.0,15832519
2025-06-23,CTG,64450.0,64500.0,64350.0,64450.0,8895850
2025-06-24,CTG,64200.0,64450.0,61850.0,61850.0,22927980
2025-06-25,CTG,61800.0,62300.0,60000.0,60800.0,24260467
2025-06-26,CTG,60800.0,60800.0,59700.0,59900.0,12081440
2025-06-27,CTG,59750.0,62150.0,59700.0,61800.0,17630672
2025-06-30,CTG,61600.0,62550.0,61500.0,62250.0,20575691
2025-07-01,CTG,61800.0,62150.0,60600.0,60600.0,15290524
2025-07-02,CTG,60450.0,60650.0,60000.0,60200.0,10344050
2025-07-03,CTG,59850.0,61450.0,59500.0,61450.0,21875035
2025-07-04,CTG,61550.0,61900.0,61250.0,61800.0,15552772
2025-07-07,CTG,61650.0,61750.0,60400.0,61150.0,21951095
2025-07-08,CTG,61400.0,62500.0,61150.0,62350.0,16495004
2025-07-09,CTG,62200.0,62750.0,62150.0,62650.0,10601309
2025-07-10,CTG,62850.0,63350.0,62300.0,63200.0,14619843
2025-07-11,CTG,63250.0,64500.0,62850.0,64350.0,15697182
2025-07-14,CTG,64050.0,65150.0,63800.0,65000.0,12558516
2025-07-15,CTG,64800.0,65200.0,64500.0,64500.0,15794785
2025-07-16,CTG,64200.0,67100.0,64100.0,66400.0,16682351
2025-07-17,CTG,65900.0,66550.0,65400.0,66400.0,19338492
2025-07-18,CTG,66450.0,66650.0,66000.0,66400.0,18113957
2025-07-21,CTG,66900.0,67150.0,64450.0,65000.0,21132420
2025-07-22,CTG,64850.0,65900.0,64250.0,65700.0,17972170
2025-07-23,CTG,65800.0,67100.0,65600.0,66100.0,21926384
2025-07-24,CTG,66100.0,66750.0,64500.0,65100.0,23574303
2025-07-25,CTG,64750.0,65150.0,64600.0,64950.0,17882362
2025-07-28,CTG,64700.0,64850.0,64100.0,64350.0,13239285
2025-07-29,CTG,64250.0,64650.0,62650.0,63150.0,19852735
2025-07-30,CTG,63050.0,63350.0,61950.0,62150.0,17147279
2025-07-31,CTG,62250.0,62500.0,60550.0,61100.0,21906834
2025-08-01,CTG,61050.0,61500.0,60900.0,61400.0,12231640
2025-08-04,CTG,61300.0,61400.0,60700.0,60900.0,18511879
2025-08-05,CTG,61350.0,61550.0,58800.0,59000.0,20852029
2025-08-06,CTG,59050.0,60150.0,59000.0,59700.0,17408748
2025-08-07,CTG,59400.0,59650.0,58400.0,58800.0,15542408
2025-08-08,CTG,58700.0,59150.0,57400.0,57850.0,14605454
2025-08-11,CTG,58050.0,58200.0,57650.0,57700.0,19223570
2025-08-12,CTG,57550.0,58350.0,57500.0,58200.0,18531702
2025-08-13,CTG,58200.0,58750.0,57600.0,57800.0,20559327
2025-08-14,CTG,58050.0,58300.0,57650.0,57650.0,15388512
2025-08-15,CTG,57700.0,58400.0,57500.0,58350.0,12922891
2025-08-18,CTG,58500.0,59000.0,58350.0,58500.0,14366877
2025-08-19,CTG,58350.0,58450.0,57500.0,57500.0,12916721
2025-08-20,CTG,57700.0,57850.0,57450.0,57800.0,14252699
2025-08-21,CTG,57700.0,58850.0,57300.0,58750.0,15956069
2025-08-22,CTG,58900.0,59650.0,58550.0,59450.0,15759913
2025-08-25,CTG,59550.0,62350.0,59450.0,62050.0,20487371
2025-08-26,CTG,62000.0,62600.0,61850.0,62000.0,17241286
2025-08-27,CTG,61800.0,62600.0,61550.0,61600.0,14098306
2025-08-28,CTG,61000.0,61050.0,60900.0,61050.0,11057076
2025-08-29,CTG,61000.0,61000.0,60900.0,60950.0,14669765
2025-09-01,CTG,61150.0,61400.0,60950.0,61250.0,12751730
2025-09-02,CTG,61200.0,61400.0,59350.0,59850.0,14653977
2025-09-03,CTG,59700.0,60800.0,59250.0,60500.0,22385213
2025-09-04,CTG,61100.0,61750.0,59200.0,59850.0,17028960
2025-09-05,CTG,60100.0,61200.0,59900.0,61200.0,14009841
2025-09-08,CTG,61600.0,61850.0,61450.0,61700.0,18169215
2025-09-09,CTG,61700.0,62100.0,61600.0,62050.0,15104143
2025-09-10,CTG,62300.0,62400.0,61850.0,62150.0,11266445
2025-09-11,CTG,61950.0,62300.0,59100.0,59250.0,25804649
2025-09-12,CTG,59400.0,59600.0,59000.0,59000.0,10952415
2025-09-15,CTG,59250.0,59350.0,58600.0,58650.0,17853324
2025-09-16,CTG,58650.0,59150.0,57450.0,57500.0,18385110
2025-09-17,CTG,57400.0,57550.0,56750.0,57150.0,14628072
2025-09-18,CTG,57250.0,57800.0,56200.0,56250.0,16481164
2025-09-19,CTG,56200.0,56550.0,54400.0,54800.0,23437592
2025-09-22,CTG,54900.0,55650.0,54550.0,55200.0,20286785
2025-09-23,CTG,55150.0,56500.0,54800.0,56050.0,22292955
2025-09-24,CTG,56300.0,57350.0,56150.0,56950.0,15577804
2025-09-25,CTG,56800.0,57850.0,56100.0,57800.0,15858187
2025-09-26,CTG,57750.0,58650.0,57250.0,58350.0,17200349
2025-09-29,CTG,58850.0,59400.0,58750.0,59200.0,15196793
2025-09-30,CTG,59100.0,60100.0,58900.0,59900.0,12189683
2025-10-01,CTG,60050.0,60250.0,58450.0,58850.0,17254099
2025-10-02,CTG,58900.0,59150.0,58050.0,58350.0,13411490
2025-10-03,CTG,58550.0,58650.0,58100.0,58250.0,12675673
2025-10-06,CTG,58050.0,58900.0,57950.0,58400.0,20032726
2025-10-07,CTG,58400.0,59800.0,58100.0,59400.0,19027159
2025-10-08,CTG,58950.0,60100.0,58900.0,60000.0,20252717
2025-10-09,CTG,60200.0,62000.0,59750.0,61850.0,23164196
2025-10-10,CTG,61700.0,61750.0,59900.0,60450.0,15992291
2025-10-13,CTG,60350.0,61000.0,60300.0,60750.0,14594714
2025-10-14,CTG,60450.0,61950.0,60450.0,61450.0,19151025
2025-10-15,CTG,61300.0,61800.0,60400.0,60950.0,17923033
2025-10-16,CTG,60750.0,61300.0,60700.0,61100.0,10768962
2025-10-17,CTG,61250.0,61300.0,60600.0,60900.0,11131891
2025-10-20,CTG,60500.0,60750.0,59300.0,59550.0,15977984
2025-10-21,CTG,59650.0,60550.0,58400.0,58800.0,23035653
2025-10-22,CTG,59100.0,59350.0,57500.0,57850.0,18048603
2025-10-23,CTG,58300.0,60450.0,58150.0,59950.0,15945060
2025-10-24,CTG,59450.0,60000.0,58400.0,58500.0,13565229
2025-10-27,CTG,58350.0,59750.0,58200.0,59050.0,13994012
2025-10-28,CTG,58950.0,59300.0,58800.0,59300.0,12693213
2025-10-29,CTG,59400.0,59500.0,59000.0,59400.0,12310091
2025-10-30,CTG,59550.0,60250.0,58550.0,60050.0,16926235
2025-10-31,CTG,59900.0,62400.0,59750.0,62000.0,25394144
2025-11-03,CTG,62450.0,62750.0,60500.0,60750.0,18437930
2025-11-04,CTG,61050.0,62100.0,61000.0,61750.0,17977721
2025-11-05,CTG,61400.0,64850.0,61400.0,64450.0,25065706
2025-11-06,CTG,64250.0,64800.0,63500.0,63800.0,20980203
2025-11-07,CTG,64100.0,64750.0,63750.0,64700.0,13996815
2025-11-10,CTG,65000.0,65350.0,63850.0,64000.0,17396232
2025-11-11,CTG,64100.0,64250.0,63400.0,63400.0,15647952
2025-11-12,CTG,63600.0,63900.0,63100.0,63800.0,12536798
2025-11-13,CTG,63750.0,65350.0,63650.0,65150.0,17598472
2025-11-14,CTG,64700.0,65150.0,61900.0,62100.0,27408283
2025-11-17,CTG,62000.0,63250.0,60850.0,62950.0,15829184
2025-11-18,CTG,63000.0,63650.0,60800.0,61150.0,23980055
2025-11-19,CTG,61050.0,62250.0,60900.0,62150.0,14320839
2025-11-20,CTG,62200.0,62750.0,62100.0,62500.0,14823537
2025-11-21,CTG,62900.0,63200.0,61900.0,62750.0,13829231
2025-11-24,CTG,62900.0,63200.0,61900.0,62250.0,18049096
2025-11-25,CTG,62350.0,63200.0,62250.0,63150.0,16114354
2025-11-26,CTG,62850.0,64300.0,62800.0,64150.0,15458109
2025-11-27,CTG,64400.0,64450.0,63050.0,63150.0,15161094
2025-11-28,CTG,63150.0,63450.0,62600.0,63300.0,15851952
2025-12-01,CTG,63600.0,63700.0,61850.0,61950.0,18989954
2025-12-02,CTG,62150.0,62750.0,61550.0,61600.0,16767645
2025-12-03,CTG,61450.0,61650.0,57500.0,58350.0,24667669
2025-12-04,CTG,58300.0,59000.0,57950.0,58350.0,16649529
2025-12-05,CTG,58350.0,59100.0,57800.0,58950.0,14080400
2025-12-08,CTG,59100.0,59600.0,57750.0,58550.0,19139430
2025-12-09,CTG,58200.0,58650.0,57000.0,57350.0,19632820
2025-12-10,CTG,57200.0,59600.0,57100.0,59000.0,24759932
2025-12-11,CTG,58650.0,58700.0,58500.0,58550.0,15182104
2025-12-12,CTG,58200.0,59350.0,57750.0,59350.0,18511046
2025-12-15,CTG,59050.0,59450.0,58500.0,58700.0,11844684
2025-12-16,CTG,59100.0,59100.0,56100.0,56600.0,24717074
2025-12-17,CTG,56600.0,57550.0,56500.0,56750.0,15097287
2025-12-18,CTG,56550.0,56900.0,56300.0,56450.0,13139729
2025-12-19,CTG,56250.0,57850.0,55800.0,57650.0,20941975
2025-12-22,CTG,57900.0,58400.0,56550.0,56750.0,15413293
2025-12-23,CTG,57100.0,57700.0,56200.0,57650.0,19301063
2025-12-24,CTG,57450.0,57700.0,57450.0,57600.0,12079524
2025-12-25,CTG,57650.0,58050.0,56950.0,57150.0,16766556
2025-12-26,CTG,57350.0,57400.0,56550.0,56650.0,20618411
2025-12-29,CTG,56950.0,56950.0,55550.0,55750.0,17441504
2025-12-30,CTG,55650.0,55750.0,52650.0,53250.0,25247041
2025-12-31,CTG,53550.0,54000.0,53250.0,54000.0,11482617
2026-01-01,CTG,53950.0,54150.0,52950.0,53300.0,15049714
2026-01-02,CTG,53500.0,53800.0,52750.0,53450.0,17314287
2026-01-05,CTG,53500.0,54100.0,53350.0,54000.0,12989990
2026-01-06,CTG,54000.0,54150.0,53100.0,54000.0,14972058
2026-01-07,CTG,54250.0,55350.0,53750.0,55100.0,20553706
2026-01-08,CTG,55100.0,56300.0,54400.0,55950.0,18259344
2026-01-09,CTG,55600.0,57050.0,55000.0,56700.0,19388997
2026-01-12,CTG,56350.0,58350.0,55800.0,58300.0,24512957
2026-01-13,CTG,59100.0,59300.0,57750.0,58150.0,20314019
2026-01-14,CTG,58350.0,58350.0,57650.0,58350.0,14070325
2026-01-15,CTG,58250.0,59450.0,58150.0,59100.0,19245404
2026-01-16,CTG,58700.0,61100.0,58400.0,61000.0,16544619
2026-01-19,CTG,61250.0,62050.0,59900.0,60050.0,22126818
2026-01-20,CTG,60100.0,60200.0,58900.0,59200.0,18527340
2026-01-21,CTG,59250.0,60050.0,59050.0,59600.0,13780147
2026-01-22,CTG,59650.0,59800.0,59350.0,59650.0,17322969
2026-01-23,CTG,59350.0,60200.0,59300.0,60200.0,12217781
2026-01-26,CTG,60450.0,60650.0,58950.0,59600.0,18228524
2026-01-27,CTG,59500.0,59700.0,57050.0,57400.0,23641277
2026-01-28,CTG,57500.0,57550.0,55800.0,56300.0,15334017
2026-01-29,CTG,56650.0,56700.0,53800.0,54150.0,18499719
2026-01-30,CTG,54650.0,55400.0,54550.0,55150.0,18559147
2026-02-02,CTG,55150.0,55800.0,54450.0,55800.0,14503892
2026-02-03,CTG,55450.0,57000.0,55200.0,56800.0,18090774
2026-02-04,CTG,56550.0,57250.0,56150.0,57000.0,20643155
2026-02-05,CTG,57150.0,57250.0,55700.0,55950.0,19350849
2026-02-06,CTG,55950.0,56050.0,54700.0,55000.0,21599528
2026-02-09,CTG,55300.0,55450.0,54750.0,54850.0,16445453
2026-02-10,CTG,54650.0,54800.0,53900.0,54400.0,12646814
2026-02-11,CTG,54300.0,55400.0,54150.0,55000.0,15353020
2026-02-12,CTG,55100.0,55800.0,54800.0,55700.0,18227392
2026-02-13,CTG,55850.0,56400.0,55500.0,55800.0,18520515
2026-02-16,CTG,55650.0,57250.0,55550.0,57050.0,18149281
2026-02-17,CTG,56900.0,58500.0,56600.0,58150.0,23595734
2026-02-18,CTG,58150.0,58250.0,57750.0,57800.0,17635698
2026-02-19,CTG,57900.0,58400.0,55650.0,56350.0,24004839
2026-02-20,CTG,56050.0,56500.0,55200.0,55250.0,17017992
2026-02-23,CTG,55200.0,56150.0,55000.0,56000.0,18025159
2026-02-24,CTG,56050.0,56500.0,55550.0,56150.0,20767883
2026-02-25,CTG,56050.0,56250.0,54300.0,54700.0,23482966
2026-02-26,CTG,54350.0,54550.0,53400.0,53700.0,14145237
2026-02-27,CTG,53550.0,54950.0,53500.0,54500.0,22739365
2026-03-02,CTG,54300.0,54350.0,53900.0,54200.0,17355842
2026-03-03,CTG,54250.0,55050.0,53900.0,55050.0,15930153
2026-03-04,CTG,55150.0,55350.0,53400.0,54200.0,17231942
2026-03-05,CTG,54350.0,55200.0,51950.0,52100.0,21923415
2026-03-06,CTG,52400.0,54450.0,52350.0,54000.0,19857497
2026-03-09,CTG,53900.0,55000.0,53750.0,54550.0,14005397
2026-03-10,CTG,54600.0,54650.0,53600.0,54250.0,13673379
2026-03-11,CTG,54400.0,54550.0,54300.0,54550.0,9696500
2026-03-12,CTG,54400.0,55250.0,53750.0,54750.0,15411954
2026-03-13,CTG,54900.0,57700.0,54450.0,57550.0,23084804
2026-03-16,CTG,57250.0,60750.0,56600.0,60550.0,30228536
2026-03-17,CTG,60350.0,61450.0,59950.0,61300.0,18313983
2026-03-18,CTG,61100.0,61700.0,60650.0,61200.0,15703383
2026-03-19,CTG,60700.0,60900.0,58200.0,58350.0,21618972
2026-03-20,CTG,58350.0,58350.0,56800.0,56950.0,17906552
2026-03-23,CTG,56900.0,56950.0,56800.0,56900.0,15134243
2026-03-24,CTG,57100.0,57350.0,55500.0,56000.0,19452649
2026-03-25,CTG,55950.0,56850.0,55100.0,56350.0,14275862
2026-03-26,CTG,56400.0,56650.0,56100.0,56400.0,14317118
2026-03-27,CTG,56400.0,58150.0,56100.0,58000.0,17851044
2026-03-30,CTG,57950.0,58150.0,57350.0,57400.0,13849811
2026-03-31,CTG,57350.0,58500.0,56900.0,57900.0,19142056
2026-04-01,CTG,57550.0,57800.0,56050.0,56400.0,21161276
2026-04-02,CTG,56650.0,57100.0,56150.0,56900.0,19584770
2026-04-03,CTG,57050.0,57450.0,56900.0,56950.0,18386686
2026-04-06,CTG,56650.0,58700.0,56250.0,58550.0,20450897
2026-04-07,CTG,58150.0,59250.0,57900.0,59250.0,14062742
2026-04-08,CTG,59150.0,59600.0,58850.0,59300.0,18320774
2026-04-09,CTG,59300.0,60050.0,58550.0,58850.0,20138094
2026-04-10,CTG,58800.0,59100.0,57700.0,57850.0,15957425
2026-04-13,CTG,57900.0,58400.0,57100.0,57200.0,18599569
2026-04-14,CTG,57000.0,57000.0,54500.0,54950.0,23017259
2026-04-15,CTG,55300.0,55450.0,52050.0,52250.0,27167408
2026-04-16,CTG,52300.0,52750.0,51700.0,52600.0,14300593
2026-04-17,CTG,52450.0,53150.0,52400.0,52650.0,16890415
2026-04-20,CTG,52750.0,53250.0,52050.0,53100.0,18928891
2026-04-21,CTG,53100.0,53350.0,52750.0,53050.0,11037233
2026-04-22,CTG,53100.0,53700.0,52700.0,52750.0,13484492
2026-04-23,CTG,52700.0,53000.0,52250.0,52950.0,15807575
2026-04-24,CTG,52800.0,54650.0,52600.0,54350.0,20057987
2026-04-27,CTG,54500.0,55250.0,53800.0,54700.0,22572389
2026-04-28,CTG,54900.0,55900.0,54850.0,55300.0,15892298
2026-04-29,CTG,55350.0,55450.0,54800.0,55050.0,16059569
2026-04-30,CTG,54800.0,56650.0,54350.0,56350.0,21052863
2026-05-01,CTG,56450.0,56900.0,55650.0,56650.0,17561379
2026-05-04,CTG,56900.0,57000.0,55850.0,55900.0,16528238
2026-05-05,CTG,55750.0,56200.0,55650.0,56100.0,18159108
2026-05-06,CTG,56000.0,56350.0,54600.0,54850.0,19385096
2026-05-07,CTG,55200.0,55250.0,53000.0,53200.0,20848558
2026-05-08,CTG,53250.0,53400.0,51500.0,51900.0,19450864
2026-05-11,CTG,51850.0,53450.0,51800.0,53200.0,14514153
2026-05-12,CTG,53100.0,53150.0,50900.0,51550.0,22065071
2026-05-13,CTG,51600.0,54000.0,51600.0,53750.0,22415803
2026-05-14,CTG,53300.0,53500.0,52550.0,52850.0,18329512
2026-05-15,CTG,52950.0,54050.0,52500.0,53800.0,18076904
2026-05-18,CTG,53800.0,54150.0,53250.0,54150.0,20075386
2026-05-19,CTG,54450.0,55200.0,54350.0,54700.0,11263471
2026-05-20,CTG,54800.0,55050.0,54200.0,54200.0,12854844
2026-05-21,CTG,53850.0,55450.0,53650.0,55300.0,17340630
2026-05-22,CTG,55300.0,56700.0,55250.0,56350.0,21991518
2026-05-25,CTG,56350.0,56500.0,55400.0,55450.0,19275069
2026-05-26,CTG,55650.0,57550.0,55550.0,57000.0,23652298
2026-05-27,CTG,56850.0,57000.0,55000.0,55200.0,21962067
2026-05-28,CTG,55100.0,55300.0,53800.0,54000.0,19586029
2026-05-29,CTG,54250.0,56500.0,53850.0,55800.0,19605592
2026-06-01,CTG,55800.0,57300.0,55650.0,56900.0,22074616
2026-06-02,CTG,56850.0,57050.0,55850.0,56050.0,15511072
2026-06-03,CTG,56000.0,56150.0,55500.0,56150.0,19016354
2026-06-04,CTG,56000.0,56400.0,55450.0,56200.0,13750571
2026-06-05,CTG,56350.0,56750.0,55700.0,55950.0,13416090
2026-06-08,CTG,56200.0,57050.0,56000.0,56850.0,19945080
2026-06-09,CTG,57450.0,57550.0,55800.0,56250.0,17760266
2026-06-10,CTG,56250.0,57650.0,56150.0,56900.0,17934100
2026-06-11,CTG,57250.0,58700.0,57000.0,58350.0,15557124
2026-06-12,CTG,58400.0,59100.0,57050.0,57350.0,16206334
2026-06-15,CTG,57800.0,58400.0,57700.0,58300.0,14543737
2026-06-16,CTG,58350.0,59050.0,57800.0,58400.0,21606687
2026-06-17,CTG,58900.0,59350.0,57800.0,58300.0,16080734
2026-06-18,CTG,58350.0,58900.0,57650.0,58700.0,17973255
2026-06-19,CTG,58500.0,58800.0,55850.0,56050.0,23475436
2026-06-22,CTG,55950.0,58450.0,55700.0,58400.0,26115995
2026-06-23,CTG,58250.0,59500.0,58150.0,59450.0,18370386
2026-06-24,CTG,59650.0,61250.0,58950.0,60850.0,16013812
2026-06-25,CTG,60650.0,62600.0,60550.0,62250.0,17540484
2026-06-26,CTG,62400.0,62750.0,62000.0,62450.0,12668616
2026-06-29,CTG,62500.0,62700.0,59850.0,60400.0,21460483
2026-06-30,CTG,60350.0,62600.0,59850.0,62300.0,18789237
2026-07-01,CTG,62200.0,63050.0,61950.0,62900.0,16536992
2026-07-02,CTG,62850.0,64900.0,62800.0,64650.0,21838931
2026-07-03,CTG,64850.0,64950.0,62600.0,63100.0,16759068
2026-07-06,CTG,63150.0,63950.0,63000.0,63100.0,12891544
2026-07-07,CTG,63800.0,63900.0,63300.0,63400.0,16659508
2026-07-08,CTG,63400.0,65200.0,62700.0,64850.0,15407547
2026-07-09,CTG,64800.0,65800.0,64600.0,64650.0,19732318
2026-07-10,CTG,64100.0,65500.0,62900.0,65450.0,18773448
2026-07-13,CTG,65800.0,65800.0,65550.0,65600.0,10009312
2026-07-14,CTG,65850.0,65900.0,64600.0,64750.0,21192109
2026-07-15,CTG,64600.0,66150.0,64300.0,66050.0,14113610
2026-07-16,CTG,65750.0,67500.0,65600.0,66900.0,20247109
2026-07-17,CTG,66700.0,66900.0,62100.0,62300.0,29860268
2026-07-20,CTG,62500.0,62950.0,60750.0,61000.0,23519317
2026-07-21,CTG,61000.0,61350.0,60150.0,60650.0,20400222
2026-07-22,CTG,60850.0,62250.0,60500.0,61700.0,15182162
2026-07-23,CTG,61750.0,62250.0,61500.0,62050.0,13662651
2026-07-24,CTG,61850.0,62500.0,61800.0,61950.0,10678529
2026-07-27,CTG,62100.0,64050.0,62050.0,63350.0,19777884
2026-07-28,CTG,63150.0,63800.0,62300.0,62650.0,17844251
2026-07-29,CTG,62750.0,63200.0,62400.0,62800.0,16485878
2026-07-30,CTG,62900.0,63650.0,62700.0,63300.0,15104317
2026-07-31,CTG,63750.0,64250.0,63250.0,64150.0,12698313
2026-08-03,CTG,64400.0,66400.0,64150.0,65600.0,23519777
2026-08-04,CTG,65650.0,67250.0,65350.0,67250.0,21226583
2026-08-05,CTG,67800.0,68000.0,66050.0,66850.0,18450974
2026-08-06,CTG,66850.0,67300.0,65950.0,66100.0,20446648
2026-08-07,CTG,65900.0,66200.0,65500.0,66000.0,10941842
2026-08-10,CTG,66250.0,66600.0,64150.0,64500.0,20581826
2026-08-11,CTG,64550.0,64950.0,63000.0,63450.0,14211090
2026-08-12,CTG,63500.0,64000.0,63150.0,63600.0,16171113
2026-08-13,CTG,63150.0,63250.0,61800.0,62100.0,14170755
2026-08-14,CTG,61850.0,61950.0,60600.0,60900.0,15618834
2026-08-17,CTG,60700.0,60700.0,59950.0,60450.0,17925149
2026-08-18,CTG,60400.0,61600.0,60100.0,61200.0,17186244
2026-08-19,CTG,61650.0,62050.0,61450.0,61950.0,12569984
2026-08-20,CTG,62000.0,63200.0,61600.0,62900.0,22292725
2026-08-21,CTG,63000.0,63150.0,62750.0,63000.0,12235535
2026-08-24,CTG,63000.0,63250.0,62400.0,62900.0,13834003
2026-08-25,CTG,62650.0,63100.0,62100.0,62350.0,17635779
2026-08-26,CTG,62700.0,64650.0,62150.0,64350.0,16858988
2026-08-27,CTG,64400.0,64950.0,62250.0,62350.0,23942131
2026-08-28,CTG,62600.0,62900.0,61800.0,62100.0,20704741
2026-08-31,CTG,62150.0,62600.0,61350.0,61900.0,17650321
