Date,Symbol,Open,High,Low,Close,Volume
2018-01-01,FPT,35100.0,35300.0,34950.0,35000.0,5162128
2018-01-02,FPT,35200.0,35300.0,34200.0,34300.0,5868069
2018-01-03,FPT,34350.0,34400.0,34100.0,34200.0,6259228
2018-01-04,FPT,34250.0,34250.0,33700.0,33950.0,7020498
2018-01-05,FPT,34000.0,34600.0,34000.0,34500.0,5227347
2018-01-08,FPT,34600.0,34900.0,34100.0,34800.0,4768585
2018-01-09,FPT,34900.0,35300.0,34400.0,34500.0,7437550
2018-01-10,FPT,34400.0,34600.0,34250.0,34400.0,4188415
2018-01-11,FPT,34450.0,34500.0,34200.0,34300.0,6069814
2018-01-12,FPT,34350.0,34500.0,34300.0,34450.0,3727094
2018-01-15,FPT,34650.0,34950.0,34350.0,34550.0,7702883
2018-01-16,FPT,34600.0,34700.0,33100.0,33450.0,9576402
2018-01-17,FPT,33550.0,34000.0,33500.0,33850.0,6085435
2018-01-18,FPT,33750.0,34300.0,33550.0,33900.0,7603316
2018-01-19,FPT,33900.0,34100.0,33750.0,34100.0,7092277
2018-01-22,FPT,34150.0,34250.0,33950.0,34150.0,4654014
2018-01-23,FPT,34350.0,34750.0,33300.0,33650.0,6820676
2018-01-24,FPT,33700.0,33850.0,33100.0,33100.0,6658382
2018-01-25,FPT,33050.0,33650.0,32950.0,33650.0,8001171
2018-01-26,FPT,33750.0,33750.0,32700.0,32750.0,6256497
2018-01-29,FPT,32850.0,33050.0,32600.0,32650.0,4891098
2018-01-30,FPT,32650.0,32750.0,31650.0,32150.0,8661488
2018-01-31,FPT,32150.0,32600.0,31950.0,32450.0,5483781
2018-02-01,FPT,32650.0,32900.0,32450.0,32800.0,6088448
2018-02-02,FPT,32700.0,33050.0,32500.0,32800.0,6344477
2018-02-05,FPT,32800.0,34000.0,32450.0,33850.0,7610066
2018-02-06,FPT,33950.0,34150.0,33900.0,34050.0,4609402
2018-02-07,FPT,33900.0,34200.0,33750.0,34050.0,5733745
2018-02-08,FPT,34150.0,34750.0,34050.0,34400.0,6797810
2018-02-09,FPT,34400.0,34500.0,33950.0,33950.0,6993765
2018-02-12,FPT,34200.0,34600.0,34100.0,34450.0,4713277
2018-02-13,FPT,34500.0,35150.0,34450.0,35000.0,4616621
2018-02-14,FPT,35100.0,35200.0,34900.0,35200.0,4416881
2018-02-15,FPT,35100.0,35550.0,35050.0,35150.0,4257406
2018-02-16,FPT,35150.0,35400.0,34450.0,34500.0,5962232
2018-02-19,FPT,34500.0,35450.0,34300.0,35400.0,6498788
2018-02-20,FPT,35700.0,36100.0,34600.0,34700.0,7215064
2018-02-21,FPT,34750.0,34850.0,34400.0,34450.0,6509938
2018-02-22,FPT,34550.0,34600.0,32800.0,32950.0,9233974
2018-02-23,FPT,32900.0,33050.0,31900.0,32300.0,7964729
2018-02-26,FPT,32100.0,32300.0,31100.0,31450.0,8615847
2018-02-27,FPT,31400.0,31450.0,30250.0,30500.0,6960112
2018-02-28,FPT,30700.0,31000.0,30550.0,31000.0,5700449
2018-03-01,FPT,31000.0,31250.0,30800.0,31050.0,7660934
2018-03-02,FPT,31000.0,31000.0,30700.0,30750.0,4778908
2018-03-05,FPT,31050.0,31150.0,30900.0,31000.0,6887626
2018-03-06,FPT,31150.0,31750.0,30850.0,31400.0,5390647
2018-03-07,FPT,31350.0,31900.0,31200.0,31750.0,5137280
2018-03-08,FPT,31750.0,32100.0,31500.0,32050.0,6315501
2018-03-09,FPT,31950.0,32750.0,31900.0,32400.0,6105193
2018-03-12,FPT,32350.0,32600.0,31950.0,32050.0,6884785
2018-03-13,FPT,31900.0,32350.0,31750.0,32250.0,7012157
2018-03-14,FPT,32200.0,32300.0,31850.0,31950.0,4462319
2018-03-15,FPT,31900.0,31950.0,31450.0,31650.0,4638405
2018-03-16,FPT,31600.0,31750.0,31250.0,31250.0,6580059
2018-03-19,FPT,31200.0,31450.0,31100.0,31300.0,6653203
2018-03-20,FPT,31200.0,31900.0,31100.0,31600.0,7455280
2018-03-21,FPT,31700.0,31800.0,31550.0,31750.0,5163014
2018-03-22,FPT,31900.0,32150.0,31600.0,31650.0,6300926
2018-03-23,FPT,31500.0,31900.0,31100.0,31150.0,8075537
2018-03-26,FPT,30800.0,30900.0,30050.0,30150.0,7544134
2018-03-27,FPT,30200.0,30800.0,30100.0,30450.0,5685718
2018-03-28,FPT,30450.0,30800.0,30450.0,30750.0,5826281
2018-03-29,FPT,30700.0,30800.0,30200.0,30350.0,6359953
2018-03-30,FPT,30200.0,30400.0,29600.0,29650.0,5734946
2018-04-02,FPT,29700.0,29950.0,29600.0,29900.0,4475000
2018-04-03,FPT,29800.0,30450.0,29700.0,30250.0,7896255
2018-04-04,FPT,30150.0,30800.0,29800.0,30800.0,7076648
2018-04-05,FPT,30700.0,31500.0,30550.0,31400.0,7932471
2018-04-06,FPT,31450.0,31500.0,30850.0,31050.0,6193960
2018-04-09,FPT,31050.0,31100.0,30700.0,30950.0,7475508
2018-04-10,FPT,30850.0,30950.0,30800.0,30800.0,3596610
2018-04-11,FPT,30700.0,30800.0,30250.0,30450.0,4956198
2018-04-12,FPT,30500.0,31400.0,30450.0,31350.0,7986811
2018-04-13,FPT,31500.0,31750.0,31500.0,31700.0,6347541
2018-04-16,FPT,31650.0,31750.0,31100.0,31100.0,4803788
2018-04-17,FPT,31300.0,31450.0,31100.0,31300.0,4269034
2018-04-18,FPT,31150.0,31800.0,31100.0,31550.0,7971437
2018-04-19,FPT,31700.0,32000.0,31500.0,31600.0,5946084
2018-04-20,FPT,31300.0,31600.0,31200.0,31550.0,4412017
2018-04-23,FPT,31550.0,31850.0,31050.0,31100.0,6463612
2018-04-24,FPT,31100.0,31150.0,30450.0,30600.0,6944786
2018-04-25,FPT,30500.0,31300.0,30500.0,31200.0,6227408
2018-04-26,FPT,31100.0,32600.0,31100.0,32300.0,9747207
2018-04-27,FPT,32200.0,32500.0,32000.0,32150.0,7314665
2018-04-30,FPT,32450.0,32600.0,31950.0,32250.0,4688714
2018-05-01,FPT,32300.0,32450.0,32100.0,32250.0,6227611
2018-05-02,FPT,32300.0,32450.0,32200.0,32300.0,5343854
2018-05-03,FPT,32300.0,32500.0,31900.0,32000.0,5369760
2018-05-04,FPT,32050.0,32050.0,31450.0,31550.0,6545705
2018-05-07,FPT,31750.0,31950.0,31650.0,31850.0,6800270
2018-05-08,FPT,32100.0,32750.0,32000.0,32600.0,6449309
2018-05-09,FPT,32550.0,33050.0,32450.0,32900.0,4772923
2018-05-10,FPT,33200.0,33300.0,32050.0,32750.0,8494253
2018-05-11,FPT,32900.0,33250.0,32400.0,32500.0,5331437
2018-05-14,FPT,32600.0,32800.0,32250.0,32750.0,4923497
2018-05-15,FPT,32850.0,33000.0,32500.0,32550.0,4217679
2018-05-16,FPT,32600.0,33600.0,32250.0,33250.0,6301504
2018-05-17,FPT,33400.0,33650.0,32550.0,32700.0,7108345
2018-05-18,FPT,32650.0,33200.0,32450.0,33200.0,7004242
2018-05-21,FPT,33450.0,33500.0,32700.0,32700.0,7807222
2018-05-22,FPT,32700.0,33200.0,32700.0,33100.0,7765213
2018-05-23,FPT,33450.0,33700.0,33300.0,33350.0,5397394
2018-05-24,FPT,33550.0,33750.0,32800.0,32850.0,8495038
2018-05-25,FPT,33000.0,33150.0,31900.0,32150.0,8060036
2018-05-28,FPT,32100.0,32200.0,31750.0,31800.0,5085289
2018-05-29,FPT,31650.0,31650.0,31450.0,31450.0,6473511
2018-05-30,FPT,31350.0,31750.0,31100.0,31550.0,6199925
2018-05-31,FPT,31750.0,31800.0,30950.0,31150.0,8299818
2018-06-01,FPT,31100.0,31200.0,30500.0,30750.0,7370682
2018-06-04,FPT,31050.0,31150.0,30450.0,30550.0,4849036
2018-06-05,FPT,30450.0,30850.0,30100.0,30850.0,8006284
2018-06-06,FPT,30700.0,31150.0,30650.0,31050.0,6534397
2018-06-07,FPT,31000.0,32150.0,30900.0,32050.0,6509133
2018-06-08,FPT,32050.0,32650.0,31700.0,32350.0,7338753
2018-06-11,FPT,32500.0,32700.0,31450.0,31600.0,6013854
2018-06-12,FPT,31600.0,31700.0,31400.0,31500.0,5143949
2018-06-13,FPT,31600.0,31700.0,31250.0,31400.0,7270823
2018-06-14,FPT,31450.0,31500.0,29950.0,30000.0,8369096
2018-06-15,FPT,30050.0,30600.0,30000.0,30400.0,7049540
2018-06-18,FPT,30200.0,30850.0,29800.0,30650.0,7006627
2018-06-19,FPT,30350.0,30650.0,30050.0,30600.0,7848666
2018-06-20,FPT,30750.0,31300.0,30700.0,31150.0,5268710
2018-06-21,FPT,31000.0,31850.0,30850.0,31750.0,7932854
2018-06-22,FPT,31600.0,31650.0,30900.0,30900.0,5335888
2018-06-25,FPT,30800.0,31350.0,30650.0,31200.0,6606285
2018-06-26,FPT,31200.0,31250.0,30650.0,31150.0,6638096
2018-06-27,FPT,31250.0,31400.0,29500.0,29550.0,8092458
2018-06-28,FPT,29300.0,29550.0,29000.0,29350.0,4593682
2018-06-29,FPT,29200.0,29250.0,28700.0,28900.0,5200780
2018-07-02,FPT,28850.0,29000.0,28300.0,28400.0,7020788
2018-07-03,FPT,28350.0,28400.0,27900.0,27950.0,5148634
2018-07-04,FPT,28050.0,28150.0,27900.0,28050.0,4953445
2018-07-05,FPT,28150.0,28350.0,27250.0,27400.0,8099105
2018-07-06,FPT,27400.0,27450.0,27300.0,27300.0,5058755
2018-07-09,FPT,27300.0,27550.0,27250.0,27500.0,6724268
2018-07-10,FPT,27350.0,27900.0,27300.0,27800.0,5024054
2018-07-11,FPT,27700.0,27800.0,27550.0,27550.0,6459611
2018-07-12,FPT,27400.0,27800.0,27400.0,27500.0,4826183
2018-07-13,FPT,27650.0,27750.0,26950.0,27000.0,7156653
2018-07-16,FPT,27000.0,27100.0,26800.0,26900.0,5963677
2018-07-17,FPT,27000.0,27150.0,25650.0,25850.0,9816050
2018-07-18,FPT,25900.0,26000.0,25700.0,25900.0,6156109
2018-07-19,FPT,25850.0,26100.0,25400.0,25850.0,5706458
2018-07-20,FPT,25750.0,25800.0,25550.0,25650.0,5879905
2018-07-23,FPT,25600.0,26100.0,25500.0,26100.0,6102462
2018-07-24,FPT,26100.0,26400.0,26000.0,26250.0,4265912
2018-07-25,FPT,26400.0,26700.0,26350.0,26600.0,5311812
2018-07-26,FPT,26500.0,26700.0,26350.0,26350.0,4988161
2018-07-27,FPT,26450.0,26600.0,26250.0,26350.0,6237603
2018-07-30,FPT,26350.0,26400.0,26300.0,26400.0,4569811
2018-07-31,FPT,26250.0,26450.0,26250.0,26250.0,5161977
2018-08-01,FPT,26250.0,27250.0,26000.0,27050.0,7428256
2018-08-02,FPT,27050.0,28150.0,27000.0,28050.0,9014698
2018-08-03,FPT,28100.0,28200.0,27750.0,28150.0,5936869
2018-08-06,FPT,28250.0,28500.0,28050.0,28050.0,7805999
2018-08-07,FPT,28000.0,28500.0,27900.0,28100.0,4773551
2018-08-08,FPT,28050.0,28100.0,27650.0,27900.0,6273200
2018-08-09,FPT,27800.0,28050.0,27400.0,27900.0,7296029
2018-08-10,FPT,27850.0,27950.0,27400.0,27450.0,6028953
2018-08-13,FPT,27450.0,27450.0,26800.0,26900.0,5821285
2018-08-14,FPT,26800.0,27000.0,26550.0,26750.0,5299086
2018-08-15,FPT,26900.0,27300.0,26550.0,27100.0,5807328
2018-08-16,FPT,27000.0,28400.0,26900.0,28200.0,9195010
2018-08-17,FPT,28200.0,28850.0,27900.0,28650.0,6831266
2018-08-20,FPT,28600.0,29400.0,28350.0,29100.0,5872026
2018-08-21,FPT,29150.0,29550.0,28900.0,29450.0,7604564
2018-08-22,FPT,29450.0,29600.0,29000.0,29150.0,6336061
2018-08-23,FPT,29250.0,29800.0,29100.0,29550.0,5487082
2018-08-24,FPT,29650.0,29850.0,29450.0,29600.0,5439564
2018-08-27,FPT,29800.0,29950.0,29100.0,29100.0,6694493
2018-08-28,FPT,29150.0,29400.0,29000.0,29300.0,6434110
2018-08-29,FPT,29400.0,29450.0,29050.0,29150.0,6592321
2018-08-30,FPT,29050.0,29150.0,28950.0,29000.0,4300340
2018-08-31,FPT,29200.0,29400.0,28750.0,28950.0,6286090
2018-09-03,FPT,28800.0,30000.0,28550.0,29800.0,8758274
2018-09-04,FPT,29700.0,29750.0,29500.0,29650.0,7290108
2018-09-05,FPT,29800.0,29800.0,29250.0,29400.0,5543176
2018-09-06,FPT,29400.0,29500.0,29300.0,29450.0,4813631
2018-09-07,FPT,29400.0,29650.0,29350.0,29550.0,4741866
2018-09-10,FPT,29650.0,30000.0,29250.0,30000.0,5103268
2018-09-11,FPT,29750.0,29950.0,29300.0,29550.0,5540032
2018-09-12,FPT,29550.0,29750.0,29550.0,29600.0,4719052
2018-09-13,FPT,29600.0,29750.0,28850.0,29000.0,7903862
2018-09-14,FPT,28850.0,28900.0,28450.0,28600.0,7632068
2018-09-17,FPT,28450.0,28750.0,27550.0,27750.0,8584115
2018-09-18,FPT,27750.0,27850.0,27700.0,27750.0,4421728
2018-09-19,FPT,27700.0,28050.0,27650.0,28050.0,6642327
2018-09-20,FPT,28100.0,29200.0,28050.0,29100.0,6039366
2018-09-21,FPT,29050.0,29250.0,28850.0,29100.0,6315350
2018-09-24,FPT,29150.0,29500.0,29100.0,29350.0,5998724
2018-09-25,FPT,29250.0,29350.0,28400.0,28550.0,7717329
2018-09-26,FPT,28250.0,28700.0,28200.0,28650.0,6459154
2018-09-27,FPT,28500.0,29000.0,28050.0,28900.0,6190173
2018-09-28,FPT,28900.0,29050.0,28600.0,28650.0,6700438
2018-10-01,FPT,28700.0,29350.0,28600.0,29100.0,6722603
2018-10-02,FPT,29150.0,29250.0,28600.0,28600.0,6613637
2018-10-03,FPT,28600.0,28850.0,28550.0,28800.0,7191560
2018-10-04,FPT,28700.0,29350.0,28650.0,29100.0,6968057
2018-10-05,FPT,29300.0,29650.0,29050.0,29200.0,5763935
2018-10-08,FPT,29250.0,29650.0,29200.0,29500.0,5498532
2018-10-09,FPT,29700.0,29850.0,29250.0,29450.0,6492305
2018-10-10,FPT,29550.0,29850.0,29300.0,29700.0,5685388
2018-10-11,FPT,29900.0,29900.0,29850.0,29900.0,3795610
2018-10-12,FPT,30100.0,30450.0,29850.0,30000.0,7171738
2018-10-15,FPT,30100.0,30250.0,29600.0,29750.0,7938469
2018-10-16,FPT,29700.0,29750.0,29200.0,29450.0,7910829
2018-10-17,FPT,29550.0,29700.0,29350.0,29600.0,7489256
2018-10-18,FPT,29500.0,29800.0,29400.0,29700.0,5059705
2018-10-19,FPT,29550.0,29800.0,29200.0,29650.0,7760541
2018-10-22,FPT,29550.0,29700.0,28950.0,29000.0,7233485
2018-10-23,FPT,28750.0,29400.0,28350.0,29100.0,6310350
2018-10-24,FPT,29250.0,29400.0,29200.0,29300.0,4678140
2018-10-25,FPT,29300.0,29650.0,29100.0,29200.0,5931616
2018-10-26,FPT,29150.0,29500.0,28600.0,28800.0,7931027
2018-10-29,FPT,28750.0,29000.0,28200.0,28250.0,6814240
2018-10-30,FPT,27950.0,28050.0,27150.0,27200.0,7908637
2018-10-31,FPT,27150.0,27200.0,26700.0,26750.0,7455886
2018-11-01,FPT,26800.0,27000.0,26700.0,26750.0,4495277
2018-11-02,FPT,26850.0,27000.0,26200.0,26400.0,8422618
2018-11-05,FPT,26450.0,26650.0,26250.0,26300.0,7727884
2018-11-06,FPT,26400.0,26700.0,26100.0,26250.0,8131843
2018-11-07,FPT,26000.0,27000.0,26000.0,26950.0,8622035
2018-11-08,FPT,27000.0,27250.0,26500.0,26700.0,5969919
2018-11-09,FPT,26450.0,26800.0,26450.0,26600.0,6814377
2018-11-12,FPT,26600.0,26650.0,26550.0,26650.0,6256920
2018-11-13,FPT,26750.0,26900.0,26500.0,26500.0,6217392
2018-11-14,FPT,26450.0,26850.0,26250.0,26750.0,5055501
2018-11-15,FPT,26750.0,27900.0,26700.0,27700.0,7282751
2018-11-16,FPT,27700.0,27700.0,27150.0,27350.0,5477801
2018-11-19,FPT,27350.0,28150.0,27250.0,28050.0,8296876
2018-11-20,FPT,27950.0,28300.0,27850.0,28100.0,6813862
2018-11-21,FPT,28000.0,28950.0,28000.0,28900.0,6952924
2018-11-22,FPT,28900.0,29350.0,28900.0,29250.0,4778555
2018-11-23,FPT,29300.0,29350.0,28800.0,29100.0,5306628
2018-11-26,FPT,29200.0,29450.0,28600.0,28950.0,5446340
2018-11-27,FPT,28900.0,29050.0,28500.0,28650.0,5414958
2018-11-28,FPT,28450.0,29850.0,28200.0,29700.0,7781334
2018-11-29,FPT,29800.0,30400.0,29750.0,30250.0,5975473
2018-11-30,FPT,30200.0,30550.0,30000.0,30500.0,7424158
2018-12-03,FPT,30600.0,31150.0,30400.0,30900.0,7285850
2018-12-04,FPT,31000.0,31100.0,30750.0,30800.0,4637049
2018-12-05,FPT,30950.0,31200.0,30900.0,31150.0,5386123
2018-12-06,FPT,31150.0,31400.0,31100.0,31300.0,5335344
2018-12-07,FPT,31250.0,31900.0,31150.0,31900.0,8124289
2018-12-10,FPT,31900.0,32050.0,31600.0,31600.0,6374631
2018-12-11,FPT,31700.0,32250.0,31250.0,32050.0,8075256
2018-12-12,FPT,32150.0,32250.0,31550.0,31950.0,4982014
2018-12-13,FPT,32050.0,32250.0,31750.0,31800.0,6194124
2018-12-14,FPT,31900.0,32200.0,31750.0,32050.0,7328249
2018-12-17,FPT,32250.0,32300.0,31400.0,31400.0,6953003
2018-12-18,FPT,31600.0,31650.0,30750.0,30800.0,5811087
2018-12-19,FPT,30750.0,31750.0,30600.0,31650.0,8021570
2018-12-20,FPT,31600.0,32450.0,31400.0,32200.0,7228929
2018-12-21,FPT,32300.0,32650.0,32150.0,32650.0,7605261
2018-12-24,FPT,32600.0,33350.0,32500.0,33300.0,6490522
2018-12-25,FPT,33400.0,33450.0,33250.0,33350.0,5869190
2018-12-26,FPT,33400.0,33650.0,32950.0,33500.0,6262038
2018-12-27,FPT,33350.0,34700.0,33150.0,34400.0,8626748
2018-12-28,FPT,34400.0,35200.0,34300.0,35050.0,5660755
2018-12-31,FPT,34950.0,36000.0,34850.0,35650.0,6395047
2019-01-01,FPT,35600.0,36950.0,35450.0,36850.0,7132759
2019-01-02,FPT,36900.0,38250.0,36850.0,38100.0,8355647
2019-01-03,FPT,37950.0,39400.0,37750.0,38900.0,8541751
2019-01-04,FPT,39200.0,40500.0,39150.0,40400.0,7555216
2019-01-07,FPT,40400.0,40800.0,39750.0,40000.0,8434390
2019-01-08,FPT,40050.0,40650.0,39450.0,40100.0,5520917
2019-01-09,FPT,40400.0,40700.0,39100.0,39300.0,9147431
2019-01-10,FPT,39150.0,39250.0,38600.0,38650.0,7072925
2019-01-11,FPT,38800.0,40000.0,38750.0,39900.0,8629599
2019-01-14,FPT,39800.0,40100.0,39050.0,39200.0,5980789
2019-01-15,FPT,39300.0,39600.0,39200.0,39500.0,6382292
2019-01-16,FPT,39500.0,39850.0,39450.0,39800.0,7344267
2019-01-17,FPT,40050.0,40350.0,38850.0,38850.0,7534344
2019-01-18,FPT,38900.0,40300.0,38500.0,39950.0,8312693
2019-01-21,FPT,40000.0,40050.0,39100.0,39400.0,8158036
2019-01-22,FPT,39250.0,39300.0,39100.0,39150.0,4383213
2019-01-23,FPT,39300.0,39650.0,39200.0,39400.0,4608060
2019-01-24,FPT,39450.0,39750.0,38700.0,38750.0,7255329
2019-01-25,FPT,38600.0,39950.0,38600.0,39650.0,8373097
2019-01-28,FPT,39500.0,39700.0,39100.0,39650.0,7009971
2019-01-29,FPT,39500.0,40050.0,38050.0,38250.0,7894946
2019-01-30,FPT,38500.0,38600.0,37850.0,37850.0,6850183
2019-01-31,FPT,37900.0,38650.0,37550.0,38550.0,6763635
2019-02-01,FPT,38650.0,38650.0,38000.0,38050.0,5967233
2019-02-04,FPT,37900.0,39250.0,37900.0,38850.0,5911541
2019-02-05,FPT,38850.0,39600.0,38650.0,39350.0,6150176
2019-02-06,FPT,39650.0,39800.0,39550.0,39750.0,4637987
2019-02-07,FPT,39650.0,40200.0,39050.0,40150.0,8647045
2019-02-08,FPT,40150.0,40300.0,39300.0,39550.0,6858880
2019-02-11,FPT,39650.0,40600.0,39450.0,40500.0,6637588
2019-02-12,FPT,40450.0,40650.0,40050.0,40450.0,6971804
2019-02-13,FPT,40300.0,41450.0,40150.0,41000.0,5651720
2019-02-14,FPT,40800.0,42100.0,40750.0,42050.0,6386516
2019-02-15,FPT,42050.0,42100.0,41250.0,41550.0,8128942
2019-02-18,FPT,41500.0,42350.0,41150.0,41900.0,5393216
2019-02-19,FPT,42050.0,42200.0,40150.0,40450.0,8505039
2019-02-20,FPT,40750.0,40900.0,40100.0,40750.0,5763189
2019-02-21,FPT,40750.0,40850.0,40500.0,40800.0,4313591
2019-02-22,FPT,40900.0,41600.0,39050.0,39350.0,9559517
2019-02-25,FPT,39250.0,40150.0,39150.0,39900.0,7957982
2019-02-26,FPT,39850.0,40500.0,39650.0,40000.0,7081003
2019-02-27,FPT,40200.0,40500.0,39850.0,40350.0,7053380
2019-02-28,FPT,40250.0,40600.0,40250.0,40250.0,4243125
2019-03-01,FPT,40150.0,40700.0,39750.0,39750.0,5067665
2019-03-04,FPT,39950.0,40000.0,38300.0,38400.0,9655061
2019-03-05,FPT,38600.0,39650.0,38250.0,39400.0,6476699
2019-03-06,FPT,39300.0,39350.0,38900.0,39200.0,4801525
2019-03-07,FPT,39300.0,39400.0,38350.0,38450.0,6149570
2019-03-08,FPT,38350.0,38750.0,37950.0,38550.0,6415960
2019-03-11,FPT,38650.0,38750.0,37400.0,37450.0,7165156
2019-03-12,FPT,37450.0,37550.0,37200.0,37450.0,6432266
2019-03-13,FPT,37550.0,38400.0,37500.0,38400.0,6263022
2019-03-14,FPT,38400.0,38800.0,38200.0,38200.0,6231873
2019-03-15,FPT,38200.0,38350.0,37650.0,37750.0,5695306
2019-03-18,FPT,37800.0,38500.0,37650.0,38350.0,7163664
2019-03-19,FPT,38400.0,38550.0,37550.0,37750.0,7664492
2019-03-20,FPT,37750.0,38150.0,37650.0,37850.0,6519457
2019-03-21,FPT,37600.0,38450.0,37450.0,37950.0,8440288
2019-03-22,FPT,38100.0,38200.0,37700.0,37800.0,5959110
2019-03-25,FPT,37850.0,38200.0,37450.0,38000.0,4526545
2019-03-26,FPT,37800.0,37900.0,37150.0,37400.0,5702076
2019-03-27,FPT,37450.0,37700.0,37000.0,37100.0,6339752
2019-03-28,FPT,37150.0,37450.0,36950.0,37000.0,4916302
2019-03-29,FPT,36950.0,37950.0,36550.0,37950.0,7980635
2019-04-01,FPT,37950.0,38850.0,37650.0,38750.0,8013304
2019-04-02,FPT,38650.0,38800.0,38450.0,38550.0,5169152
2019-04-03,FPT,38550.0,38900.0,38250.0,38800.0,4679414
2019-04-04,FPT,39000.0,39300.0,38650.0,38700.0,4804556
2019-04-05,FPT,38600.0,38800.0,37900.0,38400.0,6918306
2019-04-08,FPT,38500.0,38750.0,38350.0,38700.0,5606967
2019-04-09,FPT,38750.0,38950.0,38050.0,38100.0,5024138
2019-04-10,FPT,37900.0,38550.0,37750.0,38450.0,6952213
2019-04-11,FPT,38400.0,38450.0,37950.0,38150.0,6759174
2019-04-12,FPT,38050.0,38300.0,37550.0,37600.0,7686790
2019-04-15,FPT,37600.0,38250.0,37550.0,38000.0,6723747
2019-04-16,FPT,38350.0,38700.0,38000.0,38000.0,7817070
2019-04-17,FPT,37800.0,39250.0,37750.0,39150.0,5939326
2019-04-18,FPT,39200.0,39400.0,38700.0,38800.0,4449440
2019-04-19,FPT,38950.0,39000.0,38650.0,38800.0,4824034
2019-04-22,FPT,39000.0,39550.0,38800.0,39350.0,5928199
2019-04-23,FPT,39500.0,40550.0,39350.0,40150.0,8068264
2019-04-24,FPT,39950.0,40350.0,39800.0,40300.0,4307515
2019-04-25,FPT,40100.0,40300.0,39850.0,39900.0,5113894
2019-04-26,FPT,39850.0,41100.0,39500.0,41050.0,6558330
2019-04-29,FPT,40850.0,42300.0,40850.0,42100.0,7512252
2019-04-30,FPT,42450.0,42800.0,40950.0,41050.0,7490562
2019-05-01,FPT,41100.0,41350.0,40750.0,41050.0,6127736
2019-05-02,FPT,41100.0,41450.0,40850.0,41250.0,7706911
2019-05-03,FPT,41300.0,41350.0,40850.0,40900.0,4634874
2019-05-06,FPT,40950.0,42000.0,40650.0,41800.0,6905163
2019-05-07,FPT,41350.0,41400.0,41100.0,41300.0,7151715
2019-05-08,FPT,41100.0,41100.0,40500.0,40650.0,4870513
2019-05-09,FPT,40700.0,41900.0,40650.0,41400.0,5607420
2019-05-10,FPT,41500.0,42050.0,41100.0,41750.0,6703559
2019-05-13,FPT,41350.0,41500.0,41100.0,41200.0,5503892
2019-05-14,FPT,41250.0,41300.0,39550.0,39950.0,9544721
2019-05-15,FPT,39850.0,40000.0,39150.0,39150.0,6486397
2019-05-16,FPT,39100.0,39150.0,38150.0,38350.0,7249166
2019-05-17,FPT,38500.0,38900.0,37950.0,38000.0,7560816
2019-05-20,FPT,37850.0,38050.0,37550.0,38000.0,6836812
2019-05-21,FPT,37950.0,38500.0,37800.0,38200.0,6542325
2019-05-22,FPT,38300.0,38550.0,36500.0,36650.0,10481719
2019-05-23,FPT,36950.0,37250.0,36850.0,37100.0,5505590
2019-05-24,FPT,37000.0,37900.0,36750.0,37700.0,8298046
2019-05-27,FPT,37550.0,38700.0,37500.0,38100.0,7821361
2019-05-28,FPT,38150.0,39350.0,37700.0,38600.0,6748318
2019-05-29,FPT,38650.0,38700.0,38300.0,38350.0,6773469
2019-05-30,FPT,38500.0,38650.0,36500.0,37150.0,10601519
2019-05-31,FPT,37250.0,37650.0,36600.0,36900.0,8081207
2019-06-03,FPT,36900.0,37550.0,36450.0,36750.0,5897646
2019-06-04,FPT,36800.0,36800.0,35700.0,35850.0,7467905
2019-06-05,FPT,36000.0,36450.0,35850.0,36200.0,6097155
2019-06-06,FPT,36600.0,37000.0,35900.0,36850.0,8320791
2019-06-07,FPT,36900.0,37900.0,36600.0,37500.0,6759962
2019-06-10,FPT,37400.0,37800.0,36800.0,37050.0,8341321
2019-06-11,FPT,36950.0,37250.0,36500.0,36650.0,6586447
2019-06-12,FPT,36550.0,37100.0,36350.0,36950.0,5991983
2019-06-13,FPT,37050.0,38250.0,36650.0,38100.0,8833749
2019-06-14,FPT,37850.0,38250.0,37750.0,38250.0,5211320
2019-06-17,FPT,38100.0,38950.0,37750.0,38350.0,8636927
2019-06-18,FPT,38500.0,39450.0,38250.0,39250.0,5625297
2019-06-19,FPT,39100.0,39250.0,38050.0,38200.0,7478390
2019-06-20,FPT,38200.0,38300.0,36450.0,36450.0,9825453
2019-06-21,FPT,36350.0,36500.0,35750.0,35950.0,8131251
2019-06-24,FPT,36150.0,36700.0,35900.0,36350.0,7664737
2019-06-25,FPT,36700.0,36900.0,35250.0,35350.0,7983445
2019-06-26,FPT,35150.0,35400.0,34300.0,34500.0,5436563
2019-06-27,FPT,34650.0,35550.0,34600.0,35450.0,8492420
2019-06-28,FPT,35650.0,35950.0,35000.0,35400.0,7694544
2019-07-01,FPT,35500.0,36450.0,35350.0,36400.0,6801628
2019-07-02,FPT,36300.0,36350.0,35750.0,36100.0,4815604
2019-07-03,FPT,36250.0,37400.0,36100.0,36900.0,5982489
2019-07-04,FPT,36800.0,37300.0,36650.0,37000.0,6711758
2019-07-05,FPT,36850.0,37050.0,36750.0,36900.0,5162140
2019-07-08,FPT,37050.0,37050.0,36700.0,36750.0,4987020
2019-07-09,FPT,36950.0,37000.0,35600.0,35750.0,8188633
2019-07-10,FPT,35850.0,36100.0,35550.0,35900.0,5043130
2019-07-11,FPT,36050.0,36150.0,35800.0,35950.0,6895866
2019-07-12,FPT,35700.0,36350.0,35550.0,36300.0,6154365
2019-07-15,FPT,36550.0,36650.0,36550.0,36600.0,4106775
2019-07-16,FPT,36600.0,37400.0,36600.0,36900.0,5802809
2019-07-17,FPT,37100.0,37250.0,36950.0,36950.0,4692325
2019-07-18,FPT,36950.0,37400.0,36850.0,37400.0,6281253
2019-07-19,FPT,37150.0,37850.0,37050.0,37700.0,7016784
2019-07-22,FPT,37550.0,37850.0,36200.0,36550.0,7435394
2019-07-23,FPT,36850.0,37950.0,36850.0,37700.0,8687335
2019-07-24,FPT,37500.0,38400.0,37500.0,38250.0,5455116
2019-07-25,FPT,38350.0,38400.0,37250.0,37450.0,7171962
2019-07-26,FPT,37350.0,37450.0,36950.0,37100.0,4376176
2019-07-29,FPT,36950.0,37500.0,36650.0,37400.0,6720087
2019-07-30,FPT,37300.0,38250.0,37150.0,38050.0,6715738
2019-07-31,FPT,38000.0,38200.0,37400.0,37450.0,8047568
2019-08-01,FPT,37300.0,37650.0,37150.0,37500.0,4367349
2019-08-02,FPT,37550.0,37800.0,37500.0,37750.0,4470658
2019-08-05,FPT,37650.0,38650.0,37500.0,38450.0,6171802
2019-08-06,FPT,38800.0,39100.0,38750.0,38850.0,5031103
2019-08-07,FPT,38800.0,39050.0,38050.0,38600.0,7108417
2019-08-08,FPT,38900.0,39000.0,38650.0,38800.0,3903482
2019-08-09,FPT,38700.0,39850.0,38550.0,39700.0,7623874
2019-08-12,FPT,39700.0,41550.0,39500.0,41550.0,8490165
2019-08-13,FPT,41500.0,41550.0,40600.0,40700.0,6802422
2019-08-14,FPT,40700.0,41800.0,40650.0,41750.0,8179201
2019-08-15,FPT,41550.0,41800.0,41500.0,41600.0,3744023
2019-08-16,FPT,41650.0,42200.0,40200.0,40500.0,8333609
2019-08-19,FPT,40550.0,40750.0,39850.0,39950.0,6856535
2019-08-20,FPT,39750.0,40700.0,39200.0,40550.0,7583562
2019-08-21,FPT,40550.0,40750.0,40500.0,40600.0,4038854
2019-08-22,FPT,40400.0,40550.0,40050.0,40400.0,6062176
2019-08-23,FPT,40750.0,40850.0,40650.0,40750.0,4771383
2019-08-26,FPT,41050.0,41250.0,40950.0,41200.0,4349743
2019-08-27,FPT,41500.0,42100.0,41200.0,41800.0,7678942
2019-08-28,FPT,41700.0,41900.0,40200.0,40350.0,8921290
2019-08-29,FPT,40600.0,40800.0,39350.0,39700.0,6938361
2019-08-30,FPT,39650.0,39750.0,39100.0,39350.0,5833847
2019-09-02,FPT,39100.0,39500.0,39000.0,39200.0,7296085
2019-09-03,FPT,39200.0,39600.0,39050.0,39400.0,7469427
2019-09-04,FPT,39400.0,39650.0,38500.0,38700.0,5524122
2019-09-05,FPT,38800.0,39000.0,37650.0,37800.0,8517743
2019-09-06,FPT,37800.0,38350.0,37400.0,37900.0,6710910
2019-09-09,FPT,37700.0,37850.0,37700.0,37700.0,4478708
2019-09-10,FPT,37500.0,37650.0,37500.0,37650.0,6245032
2019-09-11,FPT,37550.0,38300.0,37350.0,38100.0,7908929
2019-09-12,FPT,38100.0,38250.0,37300.0,37650.0,6407722
2019-09-13,FPT,37800.0,38400.0,37500.0,38050.0,6607588
2019-09-16,FPT,37950.0,38100.0,37750.0,37750.0,6891896
2019-09-17,FPT,37850.0,38950.0,37650.0,38800.0,5449941
2019-09-18,FPT,38600.0,39600.0,38500.0,39300.0,5512953
2019-09-19,FPT,39250.0,40350.0,39250.0,40250.0,5202055
2019-09-20,FPT,40450.0,40650.0,40050.0,40150.0,7281063
2019-09-23,FPT,39900.0,41500.0,39300.0,41400.0,8421863
2019-09-24,FPT,41600.0,41750.0,39950.0,40250.0,9195880
2019-09-25,FPT,40300.0,41050.0,40100.0,40750.0,8057401
2019-09-26,FPT,40800.0,40950.0,39200.0,39400.0,7085206
2019-09-27,FPT,39400.0,39450.0,38950.0,39050.0,4407998
2019-09-30,FPT,39150.0,39350.0,38300.0,38350.0,5143807
2019-10-01,FPT,38450.0,39650.0,38050.0,39350.0,7113025
2019-10-02,FPT,39350.0,40000.0,38800.0,39850.0,8171294
2019-10-03,FPT,40050.0,41100.0,39800.0,40850.0,8455955
2019-10-04,FPT,40650.0,41100.0,40550.0,40950.0,4307251
2019-10-07,FPT,41100.0,41450.0,40300.0,40750.0,6307017
2019-10-08,FPT,40700.0,41050.0,40050.0,40200.0,6985443
2019-10-09,FPT,40150.0,40300.0,38500.0,38600.0,8688502
2019-10-10,FPT,38700.0,38750.0,37450.0,37700.0,7839710
2019-10-11,FPT,37600.0,38050.0,37550.0,37900.0,5105988
2019-10-14,FPT,38050.0,39050.0,38000.0,38800.0,7031426
2019-10-15,FPT,38950.0,39650.0,38750.0,39300.0,6019378
2019-10-16,FPT,39450.0,39500.0,39000.0,39250.0,4037799
2019-10-17,FPT,39150.0,39700.0,39050.0,39650.0,6701256
2019-10-18,FPT,39750.0,39950.0,39450.0,39600.0,6263804
2019-10-21,FPT,39650.0,39900.0,39050.0,39450.0,8181808
2019-10-22,FPT,39550.0,39700.0,39100.0,39300.0,4919479
2019-10-23,FPT,39650.0,39750.0,39350.0,39400.0,4685538
2019-10-24,FPT,39500.0,39550.0,39350.0,39500.0,4862271
2019-10-25,FPT,39400.0,39700.0,39300.0,39350.0,7401209
2019-10-28,FPT,39400.0,39850.0,39250.0,39750.0,5413332
2019-10-29,FPT,39850.0,40350.0,39800.0,40200.0,6693402
2019-10-30,FPT,40200.0,40250.0,39800.0,40050.0,5028108
2019-10-31,FPT,40250.0,40750.0,40050.0,40150.0,4567901
2019-11-01,FPT,40300.0,40600.0,39650.0,40050.0,6519004
2019-11-04,FPT,40200.0,40500.0,40000.0,40200.0,7105688
2019-11-05,FPT,40350.0,40650.0,39300.0,39450.0,7675871
2019-11-06,FPT,39500.0,40150.0,39450.0,40050.0,6728112
2019-11-07,FPT,40100.0,40350.0,39650.0,39800.0,5887353
2019-11-08,FPT,39850.0,40500.0,39550.0,40450.0,6582630
2019-11-11,FPT,40500.0,40550.0,39600.0,39800.0,7631302
2019-11-12,FPT,39600.0,40250.0,39400.0,40200.0,6360943
2019-11-13,FPT,40250.0,40600.0,39950.0,40350.0,5839445
2019-11-14,FPT,40350.0,40550.0,39800.0,40150.0,6122436
2019-11-15,FPT,40150.0,41150.0,39700.0,40850.0,8519594
2019-11-18,FPT,41100.0,41250.0,40400.0,40450.0,5370501
2019-11-19,FPT,40450.0,40750.0,39000.0,39000.0,6423879
2019-11-20,FPT,38700.0,39050.0,38300.0,38900.0,7412570
2019-11-21,FPT,38800.0,38850.0,38650.0,38800.0,4687021
2019-11-22,FPT,38650.0,39500.0,38100.0,39050.0,7591990
2019-11-25,FPT,39150.0,39550.0,37650.0,37750.0,6842257
2019-11-26,FPT,37750.0,38650.0,37600.0,38550.0,5966213
2019-11-27,FPT,38750.0,39450.0,38550.0,39400.0,6527366
2019-11-28,FPT,39000.0,39200.0,38750.0,38950.0,6369650
2019-11-29,FPT,39050.0,39300.0,38850.0,39250.0,7200565
2019-12-02,FPT,39550.0,40400.0,39450.0,40350.0,6780306
2019-12-03,FPT,40250.0,40800.0,39950.0,40000.0,6506570
2019-12-04,FPT,39950.0,40050.0,39350.0,39550.0,7702530
2019-12-05,FPT,39300.0,39600.0,38700.0,39150.0,8144855
2019-12-06,FPT,39000.0,39700.0,38900.0,39300.0,7535894
2019-12-09,FPT,39300.0,39350.0,38750.0,38800.0,6017387
2019-12-10,FPT,39150.0,39850.0,39150.0,39450.0,5976357
2019-12-11,FPT,39250.0,39850.0,38950.0,39100.0,6919469
2019-12-12,FPT,38850.0,38900.0,37800.0,38050.0,5313629
2019-12-13,FPT,38200.0,38600.0,36800.0,37450.0,9947095
2019-12-16,FPT,37600.0,37800.0,37500.0,37750.0,6255415
2019-12-17,FPT,37550.0,38300.0,37400.0,38000.0,7131161
2019-12-18,FPT,38050.0,38800.0,37650.0,38450.0,6033710
2019-12-19,FPT,38400.0,39700.0,38400.0,39400.0,5456524
2019-12-20,FPT,39250.0,40400.0,38950.0,40100.0,8170966
2019-12-23,FPT,39950.0,40050.0,39750.0,39850.0,3679173
2019-12-24,FPT,39650.0,39950.0,39600.0,39800.0,5089119
2019-12-25,FPT,39900.0,40500.0,39800.0,40500.0,5769667
2019-12-26,FPT,40350.0,40750.0,40150.0,40450.0,7109169
2019-12-27,FPT,40800.0,40950.0,39650.0,40150.0,7279330
2019-12-30,FPT,40050.0,40600.0,39800.0,40550.0,4557026
2019-12-31,FPT,40350.0,40350.0,39550.0,39650.0,6584518
2020-01-01,FPT,39550.0,39650.0,39250.0,39350.0,6869177
2020-01-02,FPT,39350.0,39800.0,39100.0,39750.0,4529772
2020-01-03,FPT,39600.0,40000.0,39550.0,39950.0,7222997
2020-01-06,FPT,39800.0,40400.0,39750.0,40400.0,5315200
2020-01-07,FPT,40400.0,40800.0,39700.0,40000.0,6259936
2020-01-08,FPT,39850.0,41350.0,39800.0,40850.0,6357968
2020-01-09,FPT,40900.0,40950.0,40150.0,40200.0,7650762
2020-01-10,FPT,40100.0,40400.0,39450.0,39800.0,6318138
2020-01-13,FPT,39900.0,40000.0,39550.0,39850.0,6867031
2020-01-14,FPT,39700.0,40450.0,39400.0,40250.0,6467158
2020-01-15,FPT,40300.0,40650.0,40250.0,40400.0,5438668
2020-01-16,FPT,40550.0,40900.0,40200.0,40200.0,4643046
2020-01-17,FPT,40000.0,41850.0,39800.0,41600.0,8078591
2020-01-20,FPT,41750.0,41750.0,41200.0,41500.0,6285721
2020-01-21,FPT,41200.0,41550.0,41050.0,41400.0,5281197
2020-01-22,FPT,41450.0,41600.0,40150.0,40300.0,7490836
2020-01-23,FPT,40250.0,40300.0,39400.0,39850.0,7408881
2020-01-24,FPT,39900.0,40600.0,39700.0,40050.0,7616731
2020-01-27,FPT,39950.0,42000.0,39650.0,41800.0,9227061
2020-01-28,FPT,41550.0,43200.0,41550.0,42800.0,5971633
2020-01-29,FPT,43150.0,43600.0,42900.0,42950.0,4908822
2020-01-30,FPT,43200.0,43700.0,42700.0,43350.0,7558034
2020-01-31,FPT,43350.0,44200.0,43000.0,44100.0,5228928
2020-02-03,FPT,44150.0,44200.0,42550.0,42600.0,8308145
2020-02-04,FPT,42700.0,43700.0,42650.0,43000.0,6801785
2020-02-05,FPT,43250.0,44400.0,42950.0,44100.0,7599450
2020-02-06,FPT,44050.0,44600.0,43800.0,44300.0,4369002
2020-02-07,FPT,44150.0,44300.0,43500.0,43550.0,4994784
2020-02-10,FPT,43500.0,43550.0,42700.0,42750.0,4775154
2020-02-11,FPT,42750.0,43300.0,42550.0,43200.0,4514726
2020-02-12,FPT,43350.0,43800.0,42650.0,42700.0,7951418
2020-02-13,FPT,42900.0,43300.0,42550.0,42950.0,5492248
2020-02-14,FPT,42950.0,43150.0,42400.0,43050.0,4496820
2020-02-17,FPT,43250.0,43300.0,42450.0,42750.0,6961928
2020-02-18,FPT,42700.0,42850.0,41650.0,41750.0,5094931
2020-02-19,FPT,41700.0,42150.0,41500.0,42150.0,4275891
2020-02-20,FPT,41750.0,43550.0,41500.0,42850.0,6500318
2020-02-21,FPT,43100.0,43250.0,42400.0,42900.0,7864674
2020-02-24,FPT,42650.0,43450.0,42300.0,43400.0,5420785
2020-02-25,FPT,43150.0,44550.0,42900.0,44400.0,8193241
2020-02-26,FPT,44350.0,44550.0,43250.0,43350.0,7839584
2020-02-27,FPT,43500.0,43550.0,42950.0,43200.0,6623472
2020-02-28,FPT,43050.0,43300.0,42700.0,43250.0,5229941
2020-03-02,FPT,43400.0,43500.0,42850.0,43000.0,5424405
2020-03-03,FPT,43250.0,43750.0,42750.0,43450.0,5360820
2020-03-04,FPT,43350.0,44200.0,43300.0,44100.0,4603649
2020-03-05,FPT,43750.0,44550.0,43300.0,44250.0,7350942
2020-03-06,FPT,44250.0,44600.0,43550.0,43600.0,7274706
2020-03-09,FPT,43500.0,43550.0,43450.0,43500.0,6368904
2020-03-10,FPT,43850.0,44350.0,43250.0,43550.0,8095339
2020-03-11,FPT,43400.0,44900.0,43300.0,44300.0,7862981
2020-03-12,FPT,44400.0,44900.0,44150.0,44750.0,7149850
2020-03-13,FPT,44550.0,44700.0,44050.0,44150.0,4329096
2020-03-16,FPT,44300.0,44550.0,43800.0,44350.0,6952590
2020-03-17,FPT,44650.0,45850.0,44350.0,45700.0,8037443
2020-03-18,FPT,45450.0,45700.0,44200.0,44350.0,8880237
2020-03-19,FPT,44300.0,44300.0,43250.0,43650.0,5147665
2020-03-20,FPT,43350.0,43550.0,43300.0,43450.0,7127247
2020-03-23,FPT,43350.0,43950.0,43200.0,43250.0,7068807
2020-03-24,FPT,43300.0,43750.0,43250.0,43500.0,5279767
2020-03-25,FPT,43900.0,44400.0,43850.0,44100.0,4536495
2020-03-26,FPT,44200.0,44250.0,43200.0,43200.0,6564394
2020-03-27,FPT,43100.0,43600.0,42350.0,42350.0,6557436
2020-03-30,FPT,42300.0,42800.0,42250.0,42350.0,6000354
2020-03-31,FPT,42050.0,42650.0,40850.0,41000.0,8693664
2020-04-01,FPT,41150.0,41500.0,40700.0,41350.0,7782531
2020-04-02,FPT,41450.0,43200.0,41000.0,43050.0,9903301
2020-04-03,FPT,43350.0,43750.0,42950.0,43700.0,5002644
2020-04-06,FPT,43600.0,44850.0,43550.0,44250.0,7179073
2020-04-07,FPT,44250.0,45650.0,44150.0,45300.0,6115299
2020-04-08,FPT,45550.0,45800.0,45150.0,45150.0,5318235
2020-04-09,FPT,45200.0,45400.0,44850.0,45200.0,5660909
2020-04-10,FPT,45100.0,45950.0,44700.0,45700.0,5433444
2020-04-13,FPT,45750.0,46050.0,45350.0,45550.0,5448427
2020-04-14,FPT,45700.0,45900.0,44900.0,45250.0,5573091
2020-04-15,FPT,45300.0,45700.0,44700.0,44700.0,6049566
2020-04-16,FPT,44800.0,44950.0,44650.0,44850.0,4042114
2020-04-17,FPT,44700.0,45200.0,44600.0,44650.0,7166763
2020-04-20,FPT,44650.0,44650.0,44350.0,44500.0,6288709
2020-04-21,FPT,44250.0,44650.0,44150.0,44600.0,4394218
2020-04-22,FPT,44550.0,44900.0,44300.0,44350.0,6299681
2020-04-23,FPT,44350.0,44850.0,43750.0,44800.0,7721254
2020-04-24,FPT,44600.0,44950.0,44550.0,44700.0,5837960
2020-04-27,FPT,44600.0,45100.0,44350.0,45050.0,5162311
2020-04-28,FPT,45250.0,47100.0,45000.0,46900.0,6666792
2020-04-29,FPT,46850.0,47150.0,46550.0,47150.0,6605687
2020-04-30,FPT,46950.0,47500.0,46850.0,47400.0,5956181
2020-05-01,FPT,47000.0,47650.0,46900.0,47200.0,4611702
2020-05-04,FPT,47250.0,47650.0,46450.0,47150.0,7669575
2020-05-05,FPT,47150.0,47550.0,46200.0,46500.0,8165944
2020-05-06,FPT,46400.0,46600.0,45700.0,45850.0,5893271
2020-05-07,FPT,45950.0,46100.0,44850.0,45250.0,6833964
2020-05-08,FPT,44700.0,45050.0,44500.0,44950.0,7262131
2020-05-11,FPT,44950.0,47050.0,44800.0,46900.0,8289176
2020-05-12,FPT,46850.0,47700.0,46800.0,47500.0,5328270
2020-05-13,FPT,47150.0,49800.0,46850.0,49500.0,8064029
2020-05-14,FPT,49700.0,50100.0,48450.0,48850.0,7801946
2020-05-15,FPT,48900.0,49000.0,48350.0,48350.0,5594568
2020-05-18,FPT,48750.0,49050.0,47450.0,47650.0,5506306
2020-05-19,FPT,47550.0,48200.0,47300.0,48100.0,4527662
2020-05-20,FPT,48100.0,48150.0,46700.0,46950.0,8307313
2020-05-21,FPT,46950.0,47150.0,46200.0,46250.0,7963637
2020-05-22,FPT,46400.0,48150.0,46150.0,47800.0,6944201
2020-05-25,FPT,47800.0,48050.0,47750.0,47800.0,3867163
2020-05-26,FPT,47700.0,48450.0,47400.0,48100.0,4901490
2020-05-27,FPT,47650.0,49200.0,47450.0,48800.0,8102028
2020-05-28,FPT,48700.0,48750.0,48250.0,48300.0,3887494
2020-05-29,FPT,47950.0,49800.0,47600.0,49700.0,9714827
2020-06-01,FPT,49650.0,50700.0,49550.0,50400.0,5485450
2020-06-02,FPT,50300.0,50850.0,49000.0,49050.0,6016602
2020-06-03,FPT,48900.0,50350.0,48500.0,50150.0,7668855
2020-06-04,FPT,50250.0,50900.0,49450.0,49550.0,8274251
2020-06-05,FPT,49750.0,49850.0,48900.0,49350.0,7837622
2020-06-08,FPT,49200.0,51600.0,48850.0,51150.0,10294501
2020-06-09,FPT,51200.0,52100.0,51050.0,51800.0,6609717
2020-06-10,FPT,51550.0,52800.0,51300.0,52750.0,7738244
2020-06-11,FPT,52950.0,53150.0,51450.0,51700.0,8960386
2020-06-12,FPT,51700.0,52450.0,51250.0,51800.0,7758580
2020-06-15,FPT,51450.0,52350.0,51350.0,52000.0,4764245
2020-06-16,FPT,52000.0,52600.0,51850.0,51850.0,6818001
2020-06-17,FPT,52150.0,53450.0,52000.0,52900.0,5209495
2020-06-18,FPT,52550.0,52950.0,51400.0,52200.0,6917932
2020-06-19,FPT,52250.0,54700.0,52150.0,54650.0,6588775
2020-06-22,FPT,54850.0,55100.0,54450.0,54450.0,5959413
2020-06-23,FPT,54500.0,54600.0,52300.0,52550.0,7905487
2020-06-24,FPT,52450.0,53750.0,52250.0,53500.0,5721682
2020-06-25,FPT,53600.0,54350.0,53500.0,54100.0,4945453
2020-06-26,FPT,54200.0,54650.0,53950.0,54500.0,5069146
2020-06-29,FPT,54800.0,54800.0,52900.0,53100.0,7406216
2020-06-30,FPT,53150.0,53200.0,52700.0,53050.0,6940015
2020-07-01,FPT,53300.0,53350.0,53000.0,53150.0,5040908
2020-07-02,FPT,52750.0,55150.0,52550.0,54850.0,8444471
2020-07-03,FPT,54800.0,55000.0,54100.0,54300.0,5212157
2020-07-06,FPT,54450.0,55050.0,54250.0,54800.0,7425094
2020-07-07,FPT,54500.0,54900.0,54050.0,54750.0,5446889
2020-07-08,FPT,54700.0,55800.0,54500.0,55750.0,5404394
2020-07-09,FPT,55150.0,55300.0,54000.0,54100.0,5076112
2020-07-10,FPT,53900.0,54100.0,53550.0,53600.0,6316364
2020-07-13,FPT,53500.0,54800.0,53400.0,54250.0,5694559
2020-07-14,FPT,54400.0,54550.0,52050.0,52350.0,7644757
2020-07-15,FPT,52250.0,53950.0,51900.0,53900.0,6839368
2020-07-16,FPT,53650.0,54000.0,53150.0,53300.0,6379350
2020-07-17,FPT,53300.0,53500.0,53050.0,53200.0,4706877
2020-07-20,FPT,53450.0,53650.0,52750.0,53100.0,6305697
2020-07-21,FPT,52900.0,54650.0,52700.0,54350.0,7048753
2020-07-22,FPT,54800.0,55350.0,54700.0,55000.0,4821967
2020-07-23,FPT,54950.0,55800.0,53300.0,53600.0,8029779
2020-07-24,FPT,53450.0,53950.0,51700.0,52150.0,6806458
2020-07-27,FPT,52450.0,52650.0,52350.0,52400.0,4361193
2020-07-28,FPT,52750.0,53600.0,51850.0,52800.0,6317279
2020-07-29,FPT,52750.0,53450.0,52350.0,53150.0,4553529
2020-07-30,FPT,53000.0,54300.0,52650.0,54000.0,6461305
2020-07-31,FPT,54100.0,54150.0,53800.0,53850.0,4643378
2020-08-03,FPT,54050.0,54300.0,53150.0,53600.0,7654733
2020-08-04,FPT,53750.0,55150.0,53600.0,54900.0,5715495
2020-08-05,FPT,54750.0,54850.0,54150.0,54400.0,5827566
2020-08-06,FPT,54600.0,55000.0,52750.0,53000.0,9317701
2020-08-07,FPT,53250.0,53450.0,52300.0,52500.0,6848916
2020-08-10,FPT,52450.0,52700.0,52300.0,52400.0,4839015
2020-08-11,FPT,52950.0,53000.0,52050.0,52250.0,5382792
2020-08-12,FPT,52050.0,52400.0,52000.0,52350.0,4477562
2020-08-13,FPT,52250.0,52400.0,51600.0,51900.0,7286374
2020-08-14,FPT,52150.0,52150.0,51250.0,51400.0,7707549
2020-08-17,FPT,51050.0,51550.0,50850.0,50850.0,6272465
2020-08-18,FPT,50900.0,51000.0,49750.0,50100.0,5607065
2020-08-19,FPT,50150.0,51100.0,49900.0,51000.0,6465429
2020-08-20,FPT,51000.0,51300.0,50150.0,50550.0,7610953
2020-08-21,FPT,50500.0,51800.0,50300.0,51400.0,7500808
2020-08-24,FPT,51350.0,53150.0,51200.0,52900.0,8097618
2020-08-25,FPT,52800.0,53850.0,52650.0,53550.0,6241918
2020-08-26,FPT,53400.0,53600.0,51950.0,51950.0,5831442
2020-08-27,FPT,52050.0,52250.0,51500.0,51650.0,7420230
2020-08-28,FPT,51550.0,52450.0,51200.0,52100.0,4983279
2020-08-31,FPT,52150.0,52600.0,51350.0,51350.0,4886689
2020-09-01,FPT,51550.0,52000.0,50500.0,50850.0,7185502
2020-09-02,FPT,50650.0,50950.0,50150.0,50300.0,5803595
2020-09-03,FPT,49950.0,50050.0,49850.0,49850.0,4383478
2020-09-04,FPT,49550.0,49950.0,49250.0,49400.0,4998260
2020-09-07,FPT,49650.0,49800.0,49300.0,49650.0,5220566
2020-09-08,FPT,49750.0,51250.0,49550.0,51200.0,7675450
2020-09-09,FPT,51350.0,51700.0,51000.0,51000.0,5969602
2020-09-10,FPT,51050.0,51600.0,50600.0,51550.0,5636704
2020-09-11,FPT,51350.0,51850.0,49800.0,50150.0,8877125
2020-09-14,FPT,49950.0,50950.0,49650.0,50850.0,6209913
2020-09-15,FPT,51400.0,51800.0,51150.0,51600.0,7194847
2020-09-16,FPT,51850.0,52250.0,51600.0,51900.0,4084232
2020-09-17,FPT,52400.0,53650.0,52150.0,53550.0,7733867
2020-09-18,FPT,53750.0,54950.0,53550.0,54900.0,6746648
2020-09-21,FPT,55100.0,55400.0,54650.0,55100.0,7524184
2020-09-22,FPT,54850.0,55450.0,54450.0,55100.0,6191374
2020-09-23,FPT,54850.0,55600.0,54450.0,55400.0,5913608
2020-09-24,FPT,55900.0,56150.0,55700.0,56000.0,4475855
2020-09-25,FPT,55600.0,55750.0,55500.0,55700.0,6830940
2020-09-28,FPT,55600.0,57100.0,55150.0,57050.0,8675933
2020-09-29,FPT,56650.0,57300.0,56400.0,57300.0,6913979
2020-09-30,FPT,57450.0,59650.0,57150.0,59100.0,8358901
2020-10-01,FPT,59300.0,59650.0,57950.0,58100.0,7153001
2020-10-02,FPT,58400.0,58900.0,57600.0,57700.0,4940628
2020-10-05,FPT,57300.0,58750.0,57050.0,58550.0,8324886
2020-10-06,FPT,58600.0,58950.0,57150.0,57450.0,8439685
2020-10-07,FPT,57800.0,58100.0,55600.0,55900.0,8550057
2020-10-08,FPT,55900.0,55950.0,55300.0,55700.0,7166711
2020-10-09,FPT,55450.0,56850.0,55050.0,56350.0,6809215
2020-10-12,FPT,56350.0,56450.0,55300.0,55800.0,6298849
2020-10-13,FPT,55750.0,56150.0,54150.0,54350.0,6731895
2020-10-14,FPT,54300.0,54450.0,54200.0,54350.0,6820520
2020-10-15,FPT,54250.0,55650.0,54050.0,55150.0,5413948
2020-10-16,FPT,55350.0,56450.0,54650.0,56300.0,7155270
2020-10-19,FPT,56450.0,56900.0,55650.0,55650.0,5003771
2020-10-20,FPT,55750.0,56600.0,55300.0,55950.0,8106877
2020-10-21,FPT,56100.0,57900.0,56050.0,57550.0,8659844
2020-10-22,FPT,57400.0,57700.0,56750.0,57450.0,6863643
2020-10-23,FPT,57500.0,57650.0,56800.0,56850.0,7292281
2020-10-26,FPT,56550.0,56950.0,55300.0,55600.0,7600264
2020-10-27,FPT,55800.0,55850.0,55050.0,55100.0,6589096
2020-10-28,FPT,54900.0,57450.0,54850.0,56700.0,9505731
2020-10-29,FPT,56800.0,58000.0,56750.0,57350.0,6853037
2020-10-30,FPT,57150.0,57550.0,56100.0,56650.0,7812882
2020-11-02,FPT,56550.0,56550.0,54950.0,55300.0,7286070
2020-11-03,FPT,55450.0,57350.0,54900.0,57050.0,8001426
2020-11-04,FPT,57500.0,58000.0,55750.0,56000.0,9327579
2020-11-05,FPT,55550.0,57500.0,55200.0,57150.0,6197571
2020-11-06,FPT,57100.0,57400.0,56550.0,56700.0,6776372
2020-11-09,FPT,56700.0,57200.0,56250.0,56950.0,5372476
2020-11-10,FPT,57050.0,57250.0,56500.0,56550.0,4893849
2020-11-11,FPT,57050.0,57450.0,55700.0,56000.0,8729278
2020-11-12,FPT,55950.0,56450.0,55300.0,56050.0,7037589
2020-11-13,FPT,56000.0,56000.0,55250.0,55600.0,6923180
2020-11-16,FPT,55950.0,56250.0,55200.0,55500.0,7175612
2020-11-17,FPT,55100.0,57500.0,54900.0,57250.0,8668080
2020-11-18,FPT,57550.0,57650.0,56850.0,57150.0,6221146
2020-11-19,FPT,56700.0,57800.0,56550.0,57550.0,5455141
2020-11-20,FPT,57550.0,57600.0,55800.0,55950.0,8506555
2020-11-23,FPT,56050.0,56150.0,54650.0,54750.0,5118833
2020-11-24,FPT,54600.0,54700.0,54350.0,54600.0,7029876
2020-11-25,FPT,54250.0,54700.0,54000.0,54300.0,7207245
2020-11-26,FPT,54500.0,56400.0,54450.0,56350.0,5538556
2020-11-27,FPT,56300.0,58050.0,55900.0,57600.0,9107606
2020-11-30,FPT,57900.0,58050.0,57250.0,57550.0,5721868
2020-12-01,FPT,57600.0,58150.0,57350.0,57700.0,7186533
2020-12-02,FPT,58000.0,58200.0,57900.0,58050.0,4790487
2020-12-03,FPT,58300.0,58600.0,57550.0,58000.0,6271226
2020-12-04,FPT,58150.0,58350.0,58000.0,58000.0,3966729
2020-12-07,FPT,58150.0,59400.0,57650.0,59350.0,5166219
2020-12-08,FPT,59300.0,59950.0,58700.0,58800.0,6127199
2020-12-09,FPT,58550.0,58550.0,57300.0,57300.0,6774952
2020-12-10,FPT,57400.0,57800.0,57200.0,57500.0,6331140
2020-12-11,FPT,57450.0,57500.0,57200.0,57400.0,4239364
2020-12-14,FPT,57300.0,58150.0,56850.0,57850.0,6755879
2020-12-15,FPT,57500.0,59200.0,57350.0,58950.0,5633180
2020-12-16,FPT,58250.0,59800.0,57750.0,59200.0,6436126
2020-12-17,FPT,59250.0,61000.0,58650.0,60450.0,9235809
2020-12-18,FPT,60200.0,60600.0,59250.0,59450.0,7849055
2020-12-21,FPT,59800.0,60450.0,58500.0,58500.0,7469294
2020-12-22,FPT,58600.0,59200.0,58500.0,58850.0,5776760
2020-12-23,FPT,59000.0,59350.0,58200.0,58450.0,5462277
2020-12-24,FPT,58250.0,60100.0,57850.0,59800.0,8580177
2020-12-25,FPT,60050.0,60800.0,59650.0,60650.0,6344828
2020-12-28,FPT,60600.0,61150.0,60150.0,60150.0,5107174
2020-12-29,FPT,60200.0,60950.0,60150.0,60600.0,4264274
2020-12-30,FPT,60800.0,61450.0,60700.0,61350.0,7442340
2020-12-31,FPT,61100.0,62300.0,60450.0,61650.0,7641684
2021-01-01,FPT,61500.0,61800.0,60800.0,61000.0,7726314
2021-01-04,FPT,61000.0,61300.0,60800.0,61150.0,4672377
2021-01-05,FPT,60800.0,61450.0,60650.0,61400.0,5813804
2021-01-06,FPT,61350.0,61500.0,59850.0,60050.0,6466730
2021-01-07,FPT,59800.0,61650.0,59500.0,61600.0,6497311
2021-01-08,FPT,61350.0,63200.0,60900.0,62850.0,6929786
2021-01-11,FPT,62650.0,64200.0,62600.0,64000.0,8010125
2021-01-12,FPT,64350.0,65800.0,63800.0,65500.0,8291791
2021-01-13,FPT,65550.0,66100.0,63700.0,63900.0,7339535
2021-01-14,FPT,63400.0,65200.0,63050.0,65050.0,8162369
2021-01-15,FPT,65100.0,66600.0,64900.0,66550.0,8355654
2021-01-18,FPT,66900.0,67650.0,65000.0,65200.0,7417851
2021-01-19,FPT,65150.0,66650.0,65050.0,66550.0,7775554
2021-01-20,FPT,66750.0,66950.0,65500.0,65650.0,8017650
2021-01-21,FPT,65800.0,66600.0,65600.0,66450.0,5325796
2021-01-22,FPT,66500.0,66500.0,64900.0,65300.0,7341782
2021-01-25,FPT,65150.0,66600.0,65050.0,66550.0,6245281
2021-01-26,FPT,66750.0,66850.0,64550.0,64850.0,8068555
2021-01-27,FPT,65100.0,65450.0,63900.0,64350.0,5698719
2021-01-28,FPT,64400.0,64900.0,63900.0,64050.0,5322740
2021-01-29,FPT,64200.0,64350.0,63300.0,63800.0,6024735
2021-02-01,FPT,63600.0,64050.0,63550.0,63950.0,7140713
2021-02-02,FPT,63900.0,64350.0,62700.0,62700.0,5872266
2021-02-03,FPT,62700.0,62950.0,62150.0,62350.0,5400591
2021-02-04,FPT,62150.0,62150.0,61450.0,61800.0,5608818
2021-02-05,FPT,61900.0,62200.0,61400.0,61450.0,5416664
2021-02-08,FPT,61500.0,62000.0,60250.0,60650.0,7070470
2021-02-09,FPT,60400.0,62600.0,59950.0,62500.0,7618111
2021-02-10,FPT,62400.0,63700.0,61300.0,63450.0,8683784
2021-02-11,FPT,63650.0,63800.0,63000.0,63600.0,5077804
2021-02-12,FPT,63350.0,63400.0,61800.0,61850.0,5895981
2021-02-15,FPT,62200.0,63000.0,60750.0,61000.0,6463620
2021-02-16,FPT,60900.0,61450.0,60700.0,61400.0,6322079
2021-02-17,FPT,61100.0,61900.0,60450.0,61700.0,6114387
2021-02-18,FPT,61900.0,62600.0,61400.0,61550.0,6820604
2021-02-19,FPT,61850.0,62450.0,61250.0,61450.0,7304518
2021-02-22,FPT,61200.0,62100.0,60650.0,61350.0,5835100
2021-02-23,FPT,61650.0,63150.0,61350.0,62450.0,5470185
2021-02-24,FPT,62300.0,64000.0,62100.0,63200.0,6539983
2021-02-25,FPT,63000.0,63050.0,62600.0,62700.0,6433905
2021-02-26,FPT,63050.0,63550.0,61950.0,62200.0,7537810
2021-03-01,FPT,62100.0,62100.0,61500.0,61650.0,4853471
2021-03-02,FPT,61900.0,62100.0,61600.0,61700.0,3878973
2021-03-03,FPT,62150.0,62650.0,61100.0,61250.0,5389674
2021-03-04,FPT,61150.0,61400.0,58700.0,59000.0,7242787
2021-03-05,FPT,59300.0,59450.0,57700.0,58050.0,7513657
2021-03-08,FPT,57950.0,59400.0,57850.0,58850.0,5134657
2021-03-09,FPT,59000.0,59700.0,58650.0,59500.0,7610424
2021-03-10,FPT,59750.0,61550.0,59750.0,61000.0,6668710
2021-03-11,FPT,60550.0,61050.0,59950.0,60050.0,5669252
2021-03-12,FPT,60200.0,61700.0,59950.0,61600.0,6779909
2021-03-15,FPT,61600.0,62100.0,60800.0,60950.0,5279975
2021-03-16,FPT,61000.0,61250.0,59300.0,59550.0,8822026
2021-03-17,FPT,59300.0,59750.0,58700.0,58700.0,5426013
2021-03-18,FPT,59200.0,59900.0,56950.0,57300.0,7723940
2021-03-19,FPT,57400.0,57900.0,57000.0,57800.0,6994042
2021-03-22,FPT,58100.0,58300.0,57200.0,57750.0,5015289
2021-03-23,FPT,58300.0,58550.0,56150.0,56600.0,9228130
2021-03-24,FPT,56300.0,56750.0,55950.0,56600.0,7634683
2021-03-25,FPT,56550.0,57050.0,56250.0,56900.0,6735033
2021-03-26,FPT,57000.0,57050.0,56550.0,56900.0,3813297
2021-03-29,FPT,57100.0,57750.0,57100.0,57550.0,7443624
2021-03-30,FPT,57300.0,58400.0,57250.0,58000.0,7088446
2021-03-31,FPT,57900.0,58350.0,56450.0,56550.0,5592496
2021-04-01,FPT,56650.0,57250.0,56400.0,57000.0,5934139
2021-04-02,FPT,56850.0,57100.0,55450.0,56050.0,6174151
2021-04-05,FPT,56250.0,56300.0,55600.0,55700.0,6802617
2021-04-06,FPT,55750.0,56600.0,55000.0,56250.0,5818707
2021-04-07,FPT,56000.0,57000.0,55950.0,56550.0,5631623
2021-04-08,FPT,56750.0,58000.0,56700.0,57300.0,6711605
2021-04-09,FPT,57650.0,58000.0,56350.0,56750.0,6215640
2021-04-12,FPT,56750.0,57000.0,56150.0,56450.0,6208692
2021-04-13,FPT,56700.0,56800.0,55500.0,55750.0,6481153
2021-04-14,FPT,55350.0,55350.0,55100.0,55150.0,4227185
2021-04-15,FPT,54700.0,55250.0,53600.0,53750.0,6796062
2021-04-16,FPT,53800.0,54050.0,53600.0,53700.0,4893048
2021-04-19,FPT,53700.0,55550.0,53100.0,55000.0,9304018
2021-04-20,FPT,54850.0,57350.0,54500.0,57100.0,6851354
2021-04-21,FPT,57300.0,58700.0,57000.0,58650.0,6453138
2021-04-22,FPT,58550.0,59500.0,57500.0,58300.0,6078848
2021-04-23,FPT,58350.0,58850.0,57500.0,57950.0,6712259
2021-04-26,FPT,57700.0,57800.0,57100.0,57250.0,5274103
2021-04-27,FPT,56900.0,57250.0,56400.0,57150.0,5824907
2021-04-28,FPT,57000.0,58750.0,56350.0,57900.0,8668264
2021-04-29,FPT,57950.0,59600.0,57700.0,59500.0,7906165
2021-04-30,FPT,59800.0,61000.0,59750.0,60300.0,6069300
2021-05-03,FPT,60050.0,60650.0,59200.0,60350.0,7229327
2021-05-04,FPT,60100.0,60250.0,59900.0,60250.0,3582543
2021-05-05,FPT,60200.0,60350.0,60000.0,60000.0,6828691
2021-05-06,FPT,60050.0,60150.0,58500.0,58700.0,6919441
2021-05-07,FPT,58750.0,58900.0,57300.0,57600.0,7448367
2021-05-10,FPT,57450.0,57850.0,56400.0,56850.0,5495541
2021-05-11,FPT,56400.0,58150.0,56300.0,57700.0,5382334
2021-05-12,FPT,57900.0,58250.0,57200.0,57300.0,7761121
2021-05-13,FPT,57450.0,58000.0,55950.0,56250.0,6264547
2021-05-14,FPT,56250.0,57200.0,55650.0,56600.0,6974575
2021-05-17,FPT,56350.0,56850.0,56250.0,56400.0,4646319
2021-05-18,FPT,56250.0,56750.0,55450.0,56550.0,5721418
2021-05-19,FPT,56600.0,57450.0,56100.0,56350.0,5731682
2021-05-20,FPT,56700.0,57150.0,56650.0,57050.0,4448370
2021-05-21,FPT,57350.0,58450.0,57250.0,57950.0,8067561
2021-05-24,FPT,58000.0,58300.0,57700.0,58100.0,5477649
2021-05-25,FPT,58250.0,58800.0,58200.0,58650.0,4222177
2021-05-26,FPT,58800.0,58800.0,57850.0,58550.0,5466749
2021-05-27,FPT,58800.0,59600.0,58150.0,58400.0,7899573
2021-05-28,FPT,58300.0,59650.0,57750.0,59100.0,5656498
2021-05-31,FPT,59400.0,59550.0,58900.0,59150.0,5469965
2021-06-01,FPT,59000.0,59700.0,58750.0,59400.0,4457392
2021-06-02,FPT,59200.0,61950.0,59200.0,61800.0,8656985
2021-06-03,FPT,61850.0,62750.0,61650.0,62550.0,6608693
2021-06-04,FPT,63100.0,63200.0,62150.0,62850.0,5415280
2021-06-07,FPT,62850.0,63600.0,62050.0,62100.0,5028233
2021-06-08,FPT,62550.0,62850.0,60250.0,60700.0,6678339
2021-06-09,FPT,61150.0,61350.0,60150.0,60450.0,6016162
2021-06-10,FPT,60600.0,61150.0,60550.0,61050.0,5410288
2021-06-11,FPT,61500.0,61550.0,60900.0,61050.0,4271853
2021-06-14,FPT,60450.0,62350.0,60050.0,61800.0,7615260
2021-06-15,FPT,61900.0,63650.0,61700.0,63300.0,8531526
2021-06-16,FPT,63050.0,63400.0,62050.0,63100.0,4677508
2021-06-17,FPT,62750.0,63900.0,62550.0,63800.0,7603903
2021-06-18,FPT,63950.0,63950.0,62450.0,62500.0,8085109
2021-06-21,FPT,62650.0,62700.0,61050.0,62100.0,5714920
2021-06-22,FPT,62250.0,62350.0,60500.0,60850.0,5288041
2021-06-23,FPT,61050.0,61600.0,60700.0,60850.0,6959955
2021-06-24,FPT,60600.0,62950.0,60550.0,62700.0,5946208
2021-06-25,FPT,62750.0,63600.0,62100.0,63350.0,8176491
2021-06-28,FPT,62850.0,62950.0,62650.0,62800.0,4209071
2021-06-29,FPT,63350.0,63650.0,61300.0,61550.0,7498655
2021-06-30,FPT,61100.0,62900.0,60450.0,62800.0,6513679
2021-07-01,FPT,62900.0,63350.0,62150.0,62600.0,7480487
2021-07-02,FPT,62550.0,65800.0,62350.0,64800.0,9246985
2021-07-05,FPT,64850.0,66450.0,64350.0,66050.0,7106164
2021-07-06,FPT,66200.0,66900.0,66050.0,66300.0,6875710
2021-07-07,FPT,66300.0,68050.0,66200.0,67900.0,8339037
2021-07-08,FPT,67750.0,67900.0,66300.0,66700.0,4773632
2021-07-09,FPT,66700.0,67900.0,66600.0,67550.0,6941180
2021-07-12,FPT,67450.0,68250.0,67250.0,68200.0,7280368
2021-07-13,FPT,68150.0,69500.0,67850.0,69000.0,5830956
2021-07-14,FPT,68800.0,70100.0,68750.0,69800.0,6772147
2021-07-15,FPT,69450.0,70150.0,68350.0,68650.0,7829693
2021-07-16,FPT,68550.0,70300.0,68550.0,69950.0,8001044
2021-07-19,FPT,69750.0,70950.0,68850.0,70650.0,6785745
2021-07-20,FPT,70600.0,70800.0,69750.0,69750.0,6516290
2021-07-21,FPT,69750.0,70900.0,69450.0,70700.0,4955026
2021-07-22,FPT,70400.0,72050.0,70150.0,71750.0,8093633
2021-07-23,FPT,71750.0,73900.0,71750.0,73300.0,7150346
2021-07-26,FPT,73550.0,76050.0,73450.0,75750.0,7217479
2021-07-27,FPT,75950.0,76300.0,74300.0,74800.0,8311379
2021-07-28,FPT,74500.0,75050.0,74300.0,75050.0,4146333
2021-07-29,FPT,75350.0,75400.0,74650.0,74800.0,4677692
2021-07-30,FPT,74600.0,77950.0,74150.0,77550.0,6877976
2021-08-02,FPT,77050.0,80150.0,76600.0,79350.0,9625988
2021-08-03,FPT,79250.0,79250.0,78350.0,78500.0,6592188
2021-08-04,FPT,78200.0,79450.0,78100.0,78500.0,5971433
2021-08-05,FPT,79000.0,79150.0,75950.0,76800.0,7497363
2021-08-06,FPT,77050.0,77100.0,75250.0,75600.0,6749149
2021-08-09,FPT,75500.0,76100.0,75400.0,75850.0,4399460
2021-08-10,FPT,75800.0,77450.0,75450.0,76700.0,6779188
2021-08-11,FPT,76350.0,77600.0,76150.0,77400.0,4751763
2021-08-12,FPT,77100.0,77300.0,77000.0,77150.0,4719628
2021-08-13,FPT,77300.0,78250.0,76050.0,76100.0,5777732
2021-08-16,FPT,75750.0,76100.0,74700.0,75000.0,5950405
2021-08-17,FPT,75250.0,75250.0,73850.0,74050.0,7023158
2021-08-18,FPT,73900.0,76500.0,73400.0,76250.0,8580344
2021-08-19,FPT,76400.0,76750.0,74250.0,74450.0,5897430
2021-08-20,FPT,74800.0,75250.0,72850.0,73100.0,7687425
2021-08-23,FPT,72950.0,73350.0,72450.0,73200.0,4365388
2021-08-24,FPT,73100.0,73500.0,72100.0,72400.0,6818588
2021-08-25,FPT,72700.0,75600.0,72550.0,74450.0,7948315
2021-08-26,FPT,74550.0,74850.0,73150.0,73200.0,6689171
2021-08-27,FPT,73300.0,73400.0,72550.0,72650.0,5848870
2021-08-30,FPT,73150.0,73450.0,72350.0,72700.0,5233740
2021-08-31,FPT,72650.0,73150.0,71750.0,71800.0,5445814
2021-09-01,FPT,71700.0,71950.0,70400.0,70750.0,7700539
2021-09-02,FPT,71250.0,71300.0,69950.0,70000.0,7297059
2021-09-03,FPT,70000.0,70350.0,69700.0,70150.0,5100035
2021-09-06,FPT,69850.0,71850.0,69350.0,71150.0,7095160
2021-09-07,FPT,71350.0,74000.0,71000.0,73800.0,6767133
2021-09-08,FPT,74000.0,74050.0,72750.0,73000.0,6424793
2021-09-09,FPT,72750.0,73550.0,70650.0,70950.0,9370549
2021-09-10,FPT,71050.0,71350.0,70500.0,71150.0,6537903
2021-09-13,FPT,70650.0,70950.0,70500.0,70550.0,5786687
2021-09-14,FPT,70500.0,72400.0,70000.0,71950.0,6085208
2021-09-15,FPT,72400.0,72850.0,72200.0,72750.0,5132235
2021-09-16,FPT,72700.0,75450.0,71800.0,75100.0,9263263
2021-09-17,FPT,74700.0,75850.0,74200.0,75600.0,6192481
2021-09-20,FPT,75650.0,77400.0,75150.0,77350.0,5702044
2021-09-21,FPT,77650.0,78100.0,77450.0,77600.0,5173215
2021-09-22,FPT,77600.0,80300.0,77050.0,79750.0,9259383
2021-09-23,FPT,79900.0,80600.0,79450.0,80300.0,5806798
2021-09-24,FPT,80400.0,80550.0,79400.0,80100.0,4185565
2021-09-27,FPT,79600.0,81650.0,79500.0,81200.0,7870618
2021-09-28,FPT,81000.0,81650.0,78400.0,79150.0,8610176
2021-09-29,FPT,79200.0,79500.0,78050.0,78550.0,7891647
2021-09-30,FPT,78900.0,79500.0,76400.0,76600.0,6156625
2021-10-01,FPT,76350.0,77650.0,76000.0,77100.0,5317990
2021-10-04,FPT,76800.0,80450.0,76550.0,79800.0,7818110
2021-10-05,FPT,79150.0,79750.0,78900.0,79600.0,5352830
2021-10-06,FPT,79450.0,80600.0,79150.0,79500.0,6263522
2021-10-07,FPT,79800.0,79950.0,77700.0,77750.0,6515049
2021-10-08,FPT,78150.0,78400.0,75950.0,76650.0,8878408
2021-10-11,FPT,76600.0,78500.0,75800.0,78300.0,8883682
2021-10-12,FPT,78550.0,80400.0,78150.0,79050.0,7029700
2021-10-13,FPT,79250.0,81500.0,78700.0,80450.0,8719781
2021-10-14,FPT,80350.0,80700.0,78500.0,78600.0,7772524
2021-10-15,FPT,78750.0,79400.0,78150.0,78300.0,6874938
2021-10-18,FPT,78250.0,78950.0,77900.0,78700.0,7091008
2021-10-19,FPT,78700.0,79900.0,77750.0,78450.0,8328685
2021-10-20,FPT,78850.0,79600.0,78300.0,78450.0,6405677
2021-10-21,FPT,78550.0,78700.0,77250.0,77400.0,6479500
2021-10-22,FPT,77150.0,77900.0,77000.0,77850.0,6901510
2021-10-25,FPT,78350.0,79000.0,76600.0,76950.0,8787086
2021-10-26,FPT,76900.0,78450.0,76750.0,78350.0,7630825
2021-10-27,FPT,78100.0,78400.0,77400.0,77750.0,4116517
2021-10-28,FPT,77700.0,80800.0,77100.0,79750.0,9720120
2021-10-29,FPT,79900.0,80700.0,78350.0,79250.0,8202656
2021-11-01,FPT,79700.0,80400.0,78200.0,78850.0,8058982
2021-11-02,FPT,79100.0,79900.0,79100.0,79650.0,4335436
2021-11-03,FPT,79450.0,79750.0,78500.0,78950.0,6594130
2021-11-04,FPT,79050.0,80500.0,78050.0,80150.0,5533730
2021-11-05,FPT,80500.0,81750.0,77550.0,78250.0,9485867
2021-11-08,FPT,77850.0,79800.0,77800.0,79200.0,5736922
2021-11-09,FPT,78750.0,79250.0,77750.0,78100.0,6855265
2021-11-10,FPT,78800.0,79500.0,78550.0,79300.0,5247320
2021-11-11,FPT,79200.0,80750.0,78850.0,80250.0,7420095
2021-11-12,FPT,80550.0,80750.0,79150.0,79800.0,5528299
2021-11-15,FPT,79600.0,79800.0,79150.0,79150.0,5091095
2021-11-16,FPT,79250.0,80400.0,78350.0,78600.0,5246865
2021-11-17,FPT,78850.0,79100.0,75750.0,76600.0,6231364
2021-11-18,FPT,76950.0,78100.0,74750.0,75050.0,7463270
2021-11-19,FPT,75000.0,77600.0,74600.0,76950.0,6179538
2021-11-22,FPT,76650.0,76800.0,75850.0,76200.0,4123349
2021-11-23,FPT,76200.0,76900.0,75200.0,75250.0,4783287
2021-11-24,FPT,75250.0,77500.0,74600.0,76950.0,9146318
2021-11-25,FPT,76900.0,78000.0,76850.0,77650.0,4420630
2021-11-26,FPT,77500.0,80050.0,76950.0,79900.0,8476134
2021-11-29,FPT,80200.0,82250.0,79650.0,82100.0,5715657
2021-11-30,FPT,82550.0,83300.0,79900.0,79900.0,8615536
2021-12-01,FPT,80350.0,81100.0,80050.0,80800.0,4129960
2021-12-02,FPT,80500.0,81300.0,78250.0,78400.0,8877010
2021-12-03,FPT,78400.0,78650.0,75150.0,76100.0,9595211
2021-12-06,FPT,75950.0,78450.0,75550.0,78100.0,8114492
2021-12-07,FPT,78000.0,78500.0,74300.0,74700.0,10425492
2021-12-08,FPT,74600.0,75950.0,74250.0,75700.0,5867736
2021-12-09,FPT,75100.0,75350.0,74850.0,75050.0,6882740
2021-12-10,FPT,75600.0,77750.0,75450.0,77300.0,8496165
2021-12-13,FPT,77700.0,77850.0,76100.0,76900.0,6230181
2021-12-14,FPT,77200.0,77600.0,75550.0,75600.0,6920891
2021-12-15,FPT,75600.0,76050.0,74950.0,75300.0,6798534
2021-12-16,FPT,75200.0,78800.0,75100.0,78300.0,8101808
2021-12-17,FPT,77950.0,79100.0,77700.0,78300.0,4650032
2021-12-20,FPT,78450.0,78600.0,77050.0,77200.0,5356255
2021-12-21,FPT,77200.0,77200.0,76600.0,76700.0,6329894
2021-12-22,FPT,76700.0,79300.0,76650.0,78650.0,6733592
2021-12-23,FPT,78600.0,78850.0,77850.0,78450.0,4446356
2021-12-24,FPT,78450.0,78800.0,78350.0,78750.0,6177087
2021-12-27,FPT,79000.0,79100.0,75250.0,75300.0,9218293
2021-12-28,FPT,75350.0,75850.0,75150.0,75150.0,5775165
2021-12-29,FPT,75100.0,76450.0,74500.0,76200.0,6789505
2021-12-30,FPT,76350.0,77000.0,75600.0,76050.0,4464482
2021-12-31,FPT,75950.0,76200.0,75700.0,76100.0,7154435
2022-01-03,FPT,76550.0,77200.0,74600.0,75000.0,6024135
2022-01-04,FPT,75050.0,75200.0,73950.0,74900.0,4416164
2022-01-05,FPT,75400.0,77450.0,75400.0,76700.0,6527939
2022-01-06,FPT,76750.0,78650.0,75850.0,78050.0,5686094
2022-01-07,FPT,77700.0,79150.0,77650.0,79000.0,7112042
2022-01-10,FPT,79000.0,82900.0,78950.0,81800.0,8981326
2022-01-11,FPT,81150.0,81700.0,80400.0,81000.0,7226926
2022-01-12,FPT,81050.0,81550.0,80200.0,81000.0,6427469
2022-01-13,FPT,80400.0,81750.0,80250.0,81500.0,7559603
2022-01-14,FPT,81450.0,82200.0,81300.0,82000.0,4299097
2022-01-17,FPT,81450.0,83150.0,81300.0,83000.0,5839402
2022-01-18,FPT,82900.0,85100.0,82700.0,85100.0,8620617
2022-01-19,FPT,84700.0,87200.0,84500.0,87100.0,5850411
2022-01-20,FPT,87050.0,87500.0,85650.0,86450.0,5145669
2022-01-21,FPT,85700.0,85800.0,85200.0,85400.0,5897704
2022-01-24,FPT,85800.0,87950.0,85400.0,87550.0,8707664
2022-01-25,FPT,87700.0,89500.0,86850.0,89400.0,5740543
2022-01-26,FPT,88950.0,92100.0,88750.0,91850.0,8478663
2022-01-27,FPT,91900.0,92600.0,91450.0,92200.0,5477482
2022-01-28,FPT,92100.0,94700.0,91250.0,94600.0,8644163
2022-01-31,FPT,94800.0,95850.0,94600.0,95200.0,5311713
2022-02-01,FPT,95050.0,96550.0,94600.0,95450.0,5884047
2022-02-02,FPT,95400.0,95650.0,94950.0,95550.0,5092173
2022-02-03,FPT,95350.0,97900.0,95050.0,97500.0,5660173
2022-02-04,FPT,98150.0,99200.0,98150.0,98850.0,6173949
2022-02-07,FPT,99250.0,99300.0,97150.0,97850.0,5633959
2022-02-08,FPT,98050.0,99800.0,97850.0,98600.0,6890513
2022-02-09,FPT,97600.0,98200.0,96850.0,97400.0,7663181
2022-02-10,FPT,97600.0,97650.0,96700.0,96750.0,6682983
2022-02-11,FPT,97150.0,98350.0,96200.0,96250.0,7589545
2022-02-14,FPT,95300.0,99350.0,94950.0,97950.0,8760567
2022-02-15,FPT,97850.0,100950.0,97450.0,99700.0,9029173
2022-02-16,FPT,99350.0,99950.0,98600.0,98850.0,6530368
2022-02-17,FPT,99400.0,99800.0,97150.0,97500.0,6181683
2022-02-18,FPT,98300.0,98800.0,97200.0,97400.0,6068181
2022-02-21,FPT,97150.0,98250.0,96350.0,96750.0,5931930
2022-02-22,FPT,95650.0,98300.0,94900.0,97400.0,8844782
2022-02-23,FPT,97150.0,97400.0,94750.0,95350.0,6861949
2022-02-24,FPT,95150.0,97150.0,94550.0,96100.0,6090811
2022-02-25,FPT,95400.0,96100.0,94050.0,96050.0,6999171
2022-02-28,FPT,96550.0,97100.0,95800.0,96600.0,7356259
2022-03-01,FPT,96700.0,96900.0,95500.0,95550.0,4369727
2022-03-02,FPT,95800.0,97900.0,95700.0,97350.0,8008986
2022-03-03,FPT,98000.0,98600.0,96250.0,96450.0,5769578
2022-03-04,FPT,96600.0,96850.0,95150.0,95750.0,7236053
2022-03-07,FPT,96400.0,97300.0,94650.0,95000.0,6605743
2022-03-08,FPT,95450.0,96000.0,93850.0,94900.0,7580785
2022-03-09,FPT,95200.0,97750.0,94300.0,97400.0,7190134
2022-03-10,FPT,96900.0,98250.0,96350.0,97900.0,7769095
2022-03-11,FPT,98050.0,98600.0,95200.0,95600.0,7368387
2022-03-14,FPT,96200.0,96750.0,94650.0,95300.0,7217450
2022-03-15,FPT,96250.0,96300.0,94600.0,94900.0,6729864
2022-03-16,FPT,94900.0,95250.0,92450.0,93050.0,7315636
2022-03-17,FPT,93500.0,94300.0,90600.0,90700.0,6859670
2022-03-18,FPT,90550.0,90850.0,87300.0,87950.0,8560301
2022-03-21,FPT,88400.0,88700.0,86850.0,88000.0,5301489
2022-03-22,FPT,88350.0,90800.0,88300.0,90300.0,7865435
2022-03-23,FPT,90300.0,90850.0,87900.0,87900.0,7203091
2022-03-24,FPT,87800.0,89400.0,87500.0,88750.0,7511348
2022-03-25,FPT,88350.0,88400.0,86600.0,86800.0,6617066
2022-03-28,FPT,86600.0,86850.0,85450.0,86750.0,6971541
2022-03-29,FPT,86800.0,87500.0,86050.0,86150.0,5041787
2022-03-30,FPT,86200.0,86700.0,85050.0,85750.0,4705757
2022-03-31,FPT,86150.0,86300.0,84950.0,85600.0,5340891
2022-04-01,FPT,85200.0,86200.0,84050.0,86150.0,5581345
2022-04-04,FPT,85400.0,88150.0,85200.0,87650.0,7173509
2022-04-05,FPT,88200.0,88650.0,86900.0,87550.0,6055327
2022-04-06,FPT,87400.0,87850.0,85250.0,85850.0,8717969
2022-04-07,FPT,86050.0,88350.0,84950.0,88300.0,9343944
2022-04-08,FPT,88100.0,89400.0,87750.0,89300.0,5991978
2022-04-11,FPT,90000.0,91700.0,88900.0,91400.0,7420032
2022-04-12,FPT,91100.0,96500.0,90600.0,94300.0,7992810
2022-04-13,FPT,94350.0,95650.0,94100.0,94900.0,7664780
2022-04-14,FPT,94550.0,96350.0,94200.0,95450.0,5423130
2022-04-15,FPT,95050.0,96300.0,94550.0,95450.0,4444117
2022-04-18,FPT,95450.0,95950.0,94900.0,94900.0,5060223
2022-04-19,FPT,94800.0,95250.0,92250.0,93250.0,7532513
2022-04-20,FPT,93500.0,93750.0,92700.0,93350.0,4885887
2022-04-21,FPT,92650.0,95000.0,92600.0,94600.0,7131005
2022-04-22,FPT,95200.0,97200.0,95150.0,96950.0,4822355
2022-04-25,FPT,97450.0,98800.0,96800.0,98400.0,7552758
2022-04-26,FPT,98450.0,99450.0,95150.0,95950.0,8211900
2022-04-27,FPT,95200.0,96350.0,95200.0,95500.0,4950812
2022-04-28,FPT,95050.0,95450.0,92850.0,93350.0,5170085
2022-04-29,FPT,93400.0,93500.0,92750.0,93050.0,5162330
2022-05-02,FPT,93300.0,95200.0,92650.0,95000.0,5424429
2022-05-03,FPT,94850.0,95150.0,94050.0,94250.0,6943607
2022-05-04,FPT,94100.0,95200.0,94000.0,94950.0,5938955
2022-05-05,FPT,95250.0,96150.0,94300.0,95650.0,7434547
2022-05-06,FPT,95500.0,96100.0,90800.0,91100.0,8366089
2022-05-09,FPT,90900.0,93800.0,90800.0,92850.0,6035506
2022-05-10,FPT,93050.0,94500.0,92800.0,94300.0,5550940
2022-05-11,FPT,93850.0,96300.0,93800.0,95950.0,8265411
2022-05-12,FPT,95900.0,97250.0,93650.0,94550.0,8805651
2022-05-13,FPT,94550.0,94550.0,90850.0,91400.0,8218133
2022-05-16,FPT,91800.0,92600.0,91650.0,92350.0,4095489
2022-05-17,FPT,92100.0,92250.0,90850.0,91700.0,5506282
2022-05-18,FPT,91550.0,93050.0,90300.0,92950.0,6632912
2022-05-19,FPT,93000.0,94250.0,92550.0,93850.0,7917071
2022-05-20,FPT,94550.0,94600.0,91900.0,92350.0,5938454
2022-05-23,FPT,92800.0,93950.0,92400.0,93400.0,6853244
2022-05-24,FPT,92550.0,95200.0,92400.0,95050.0,8000273
2022-05-25,FPT,95350.0,98150.0,94800.0,97400.0,7840412
2022-05-26,FPT,97950.0,98600.0,95600.0,96150.0,8048862
2022-05-27,FPT,96000.0,98300.0,95300.0,98050.0,8091306
2022-05-30,FPT,98450.0,98850.0,98100.0,98600.0,5794951
2022-05-31,FPT,98300.0,99300.0,97950.0,99000.0,6510538
2022-06-01,FPT,99050.0,103800.0,98850.0,103650.0,8376080
2022-06-02,FPT,103950.0,104500.0,100550.0,101650.0,9253668
2022-06-03,FPT,101450.0,101900.0,99950.0,100050.0,6571748
2022-06-06,FPT,99600.0,100750.0,99300.0,100200.0,6597880
2022-06-07,FPT,100200.0,101300.0,99550.0,100700.0,6765057
2022-06-08,FPT,100850.0,101450.0,100350.0,101350.0,6833917
2022-06-09,FPT,101750.0,103350.0,101050.0,102750.0,4745315
2022-06-10,FPT,103400.0,105000.0,99650.0,100350.0,7930974
2022-06-13,FPT,100500.0,101000.0,99300.0,100000.0,4643220
2022-06-14,FPT,99150.0,101400.0,97300.0,101050.0,9032662
2022-06-15,FPT,101250.0,102150.0,100700.0,101000.0,6051534
2022-06-16,FPT,100900.0,101250.0,99900.0,101000.0,4684509
2022-06-17,FPT,101200.0,102700.0,100450.0,101700.0,7829611
2022-06-20,FPT,102200.0,103550.0,101250.0,103250.0,7952961
2022-06-21,FPT,102900.0,104700.0,102700.0,103650.0,7671595
2022-06-22,FPT,103450.0,104450.0,103200.0,104100.0,4539576
2022-06-23,FPT,103650.0,106450.0,103500.0,105550.0,6472918
2022-06-24,FPT,105550.0,107100.0,105250.0,106900.0,6541399
2022-06-27,FPT,106000.0,110700.0,105950.0,110500.0,7270654
2022-06-28,FPT,110850.0,112850.0,110650.0,112550.0,7796080
2022-06-29,FPT,112550.0,116000.0,112050.0,115250.0,7114787
2022-06-30,FPT,114900.0,117950.0,114300.0,117700.0,6864169
2022-07-01,FPT,117400.0,117400.0,115000.0,116300.0,6301728
2022-07-04,FPT,116200.0,117150.0,114150.0,115050.0,7505659
2022-07-05,FPT,115300.0,115500.0,114600.0,115150.0,6103102
2022-07-06,FPT,115300.0,115600.0,111400.0,111850.0,7653738
2022-07-07,FPT,112000.0,112300.0,111100.0,111500.0,4701638
2022-07-08,FPT,111000.0,112200.0,110550.0,111950.0,4918566
2022-07-11,FPT,112500.0,113150.0,109950.0,111150.0,6204382
2022-07-12,FPT,111000.0,111250.0,107150.0,108000.0,7849185
2022-07-13,FPT,107450.0,108550.0,106450.0,107900.0,6559677
2022-07-14,FPT,107700.0,108450.0,104800.0,104950.0,6785566
2022-07-15,FPT,105500.0,106250.0,102300.0,102750.0,8750469
2022-07-18,FPT,102950.0,103500.0,101950.0,102450.0,4331507
2022-07-19,FPT,102400.0,104350.0,101850.0,103800.0,7800788
2022-07-20,FPT,103900.0,105150.0,103450.0,104450.0,7345750
2022-07-21,FPT,103850.0,104300.0,100500.0,101400.0,8459219
2022-07-22,FPT,101800.0,102050.0,101100.0,101250.0,6346368
2022-07-25,FPT,101250.0,101750.0,98150.0,98750.0,6072019
2022-07-26,FPT,99200.0,99800.0,98050.0,98050.0,7324407
2022-07-27,FPT,98450.0,99300.0,97500.0,99000.0,4694000
2022-07-28,FPT,99300.0,99650.0,98350.0,98600.0,4706017
2022-07-29,FPT,98600.0,99250.0,97250.0,97300.0,5873006
2022-08-01,FPT,97300.0,100350.0,97050.0,99300.0,5754013
2022-08-02,FPT,99450.0,102050.0,98750.0,101550.0,6665073
2022-08-03,FPT,101200.0,102000.0,100200.0,100350.0,5136854
2022-08-04,FPT,100400.0,100500.0,97950.0,98300.0,5307290
2022-08-05,FPT,97900.0,100400.0,97850.0,99800.0,6881285
2022-08-08,FPT,99900.0,101800.0,99350.0,101550.0,7238182
2022-08-09,FPT,101150.0,103250.0,100600.0,102450.0,5649478
2022-08-10,FPT,102800.0,102950.0,99800.0,100700.0,8620490
2022-08-11,FPT,101550.0,102250.0,99200.0,99550.0,6149673
2022-08-12,FPT,99300.0,101300.0,99250.0,100900.0,5362210
2022-08-15,FPT,100500.0,100800.0,97650.0,98200.0,6570059
2022-08-16,FPT,98050.0,100700.0,97800.0,100350.0,7575635
2022-08-17,FPT,100100.0,100500.0,99850.0,99900.0,6410951
2022-08-18,FPT,100450.0,102450.0,99850.0,101900.0,5767062
2022-08-19,FPT,101250.0,103400.0,100150.0,102300.0,7377162
2022-08-22,FPT,102050.0,102200.0,101250.0,101300.0,5749885
2022-08-23,FPT,101450.0,101850.0,100800.0,101550.0,6197789
2022-08-24,FPT,102350.0,102700.0,102250.0,102600.0,6506039
2022-08-25,FPT,103000.0,103050.0,100200.0,100600.0,5187366
2022-08-26,FPT,99600.0,101650.0,99600.0,100750.0,7830346
2022-08-29,FPT,101050.0,101450.0,97500.0,98700.0,9209501
2022-08-30,FPT,98900.0,100000.0,98150.0,99400.0,5335766
2022-08-31,FPT,99850.0,101950.0,99600.0,101650.0,4901525
2022-09-01,FPT,101500.0,103650.0,100950.0,103000.0,7162354
2022-09-02,FPT,102900.0,103800.0,102500.0,102800.0,4747560
2022-09-05,FPT,102350.0,102550.0,101550.0,102000.0,6368499
2022-09-06,FPT,102400.0,103600.0,101300.0,102150.0,6657800
2022-09-07,FPT,102450.0,104900.0,101500.0,104500.0,7737656
2022-09-08,FPT,104350.0,105850.0,103800.0,105750.0,5286654
2022-09-09,FPT,105950.0,106600.0,105750.0,106500.0,4968016
2022-09-12,FPT,107100.0,107400.0,105300.0,106150.0,5186850
2022-09-13,FPT,106750.0,107450.0,106300.0,106500.0,5276276
2022-09-14,FPT,106250.0,109300.0,105950.0,108500.0,8357318
2022-09-15,FPT,107900.0,108900.0,106800.0,108550.0,7920564
2022-09-16,FPT,108950.0,109500.0,107400.0,107500.0,4727441
2022-09-19,FPT,107450.0,108050.0,105400.0,106650.0,5686852
2022-09-20,FPT,107250.0,108600.0,106350.0,108500.0,7215565
2022-09-21,FPT,108750.0,108850.0,106300.0,107200.0,5489448
2022-09-22,FPT,108050.0,108250.0,106400.0,106650.0,4404591
2022-09-23,FPT,107200.0,107550.0,107100.0,107200.0,5320218
2022-09-26,FPT,106750.0,108250.0,106750.0,107900.0,4801392
2022-09-27,FPT,107500.0,107650.0,102950.0,103150.0,9556142
2022-09-28,FPT,103300.0,105100.0,103050.0,105000.0,6884060
2022-09-29,FPT,104850.0,106950.0,104300.0,106250.0,8226429
2022-09-30,FPT,107250.0,107700.0,106200.0,107050.0,4519519
2022-10-03,FPT,106100.0,106950.0,106050.0,106300.0,6684435
2022-10-04,FPT,106500.0,106650.0,105500.0,106000.0,7036476
2022-10-05,FPT,106000.0,106650.0,104150.0,104800.0,7635109
2022-10-06,FPT,105000.0,105200.0,103250.0,103400.0,5323130
2022-10-07,FPT,104000.0,105250.0,103850.0,104750.0,4417545
2022-10-10,FPT,104550.0,107150.0,104250.0,106600.0,8388968
2022-10-11,FPT,106250.0,107050.0,105150.0,106400.0,7526481
2022-10-12,FPT,106650.0,109850.0,105950.0,107700.0,6633174
2022-10-13,FPT,108100.0,110400.0,107150.0,109250.0,7070861
2022-10-14,FPT,108650.0,110300.0,104150.0,104350.0,9444665
2022-10-17,FPT,104250.0,108350.0,103350.0,108350.0,6676093
2022-10-18,FPT,108050.0,110600.0,107200.0,109800.0,8653826
2022-10-19,FPT,110350.0,110850.0,105750.0,106150.0,7937628
2022-10-20,FPT,107050.0,107950.0,105850.0,106700.0,6115562
2022-10-21,FPT,106450.0,106650.0,106050.0,106100.0,6866543
2022-10-24,FPT,106400.0,106650.0,105600.0,106050.0,6663794
2022-10-25,FPT,106050.0,106650.0,103550.0,104400.0,8145290
2022-10-26,FPT,104100.0,106550.0,103600.0,106400.0,7106569
2022-10-27,FPT,105900.0,107450.0,105450.0,107200.0,7608153
2022-10-28,FPT,106950.0,110950.0,106450.0,110600.0,6968025
2022-10-31,FPT,110000.0,112050.0,109750.0,111450.0,5057944
2022-11-01,FPT,111850.0,112600.0,110350.0,112300.0,6701916
2022-11-02,FPT,112600.0,114400.0,111600.0,112250.0,7720830
2022-11-03,FPT,112350.0,115950.0,112050.0,115200.0,7990894
2022-11-04,FPT,114850.0,115650.0,114100.0,114550.0,5148239
2022-11-07,FPT,114750.0,117850.0,113950.0,117650.0,8769973
2022-11-08,FPT,117250.0,120500.0,116950.0,119000.0,7017808
2022-11-09,FPT,118650.0,120650.0,118500.0,120450.0,7642335
2022-11-10,FPT,120800.0,122100.0,120750.0,121600.0,4953388
2022-11-11,FPT,121500.0,121800.0,118450.0,119050.0,5184086
2022-11-14,FPT,119000.0,119200.0,115000.0,115900.0,6883671
2022-11-15,FPT,115850.0,116450.0,115700.0,116450.0,6195444
2022-11-16,FPT,116050.0,117100.0,115450.0,116200.0,4249872
2022-11-17,FPT,116100.0,118000.0,115800.0,117850.0,6649303
2022-11-18,FPT,117150.0,118000.0,116850.0,117300.0,4962370
2022-11-21,FPT,117500.0,117950.0,117300.0,117350.0,5016629
2022-11-22,FPT,116850.0,119850.0,116750.0,119000.0,5160435
2022-11-23,FPT,118900.0,120300.0,116700.0,119400.0,6962648
2022-11-24,FPT,119500.0,120150.0,116050.0,116150.0,5759046
2022-11-25,FPT,115450.0,115700.0,114850.0,115000.0,5493992
2022-11-28,FPT,114550.0,115500.0,113300.0,115050.0,5117348
2022-11-29,FPT,114400.0,114750.0,113150.0,113200.0,4545120
2022-11-30,FPT,111750.0,114550.0,111650.0,113700.0,5355536
2022-12-01,FPT,113800.0,115100.0,113000.0,115000.0,5167404
2022-12-02,FPT,114800.0,115650.0,113250.0,114400.0,7535034
2022-12-05,FPT,113500.0,116450.0,113050.0,115850.0,5920534
2022-12-06,FPT,116100.0,118200.0,115900.0,118050.0,7461034
2022-12-07,FPT,118050.0,118200.0,116800.0,117050.0,7234493
2022-12-08,FPT,117300.0,118550.0,116900.0,118450.0,4455736
2022-12-09,FPT,118750.0,119950.0,117250.0,119500.0,5340586
2022-12-12,FPT,120600.0,122350.0,120300.0,121950.0,4392967
2022-12-13,FPT,122450.0,123250.0,121900.0,123150.0,6968752
2022-12-14,FPT,122650.0,123350.0,122550.0,123050.0,3820920
2022-12-15,FPT,122500.0,122750.0,121450.0,122150.0,4568594
2022-12-16,FPT,122600.0,123650.0,122350.0,123400.0,7330646
2022-12-19,FPT,122400.0,124650.0,121400.0,124550.0,5982142
2022-12-20,FPT,125300.0,126250.0,120550.0,121250.0,6653523
2022-12-21,FPT,121600.0,122550.0,120300.0,121900.0,6855461
2022-12-22,FPT,122300.0,123350.0,120400.0,120650.0,7436536
2022-12-23,FPT,120000.0,120350.0,118050.0,118500.0,4735563
2022-12-26,FPT,118650.0,120700.0,118550.0,120700.0,5730243
2022-12-27,FPT,120800.0,124900.0,120200.0,123850.0,8686204
2022-12-28,FPT,123150.0,127400.0,122150.0,127250.0,6158166
2022-12-29,FPT,127600.0,128100.0,125150.0,125650.0,4869577
2022-12-30,FPT,125950.0,126650.0,125100.0,126550.0,6807825
2023-01-02,FPT,126900.0,126900.0,125800.0,126700.0,6045011
2023-01-03,FPT,126900.0,127300.0,126050.0,126600.0,4994123
2023-01-04,FPT,126900.0,130300.0,125700.0,130250.0,6015028
2023-01-05,FPT,130150.0,131100.0,127950.0,128550.0,6227628
2023-01-06,FPT,129250.0,130850.0,129250.0,130100.0,7276532
2023-01-09,FPT,129350.0,129550.0,129100.0,129100.0,6109760
2023-01-10,FPT,128700.0,130900.0,127600.0,130550.0,7145415
2023-01-11,FPT,129850.0,131400.0,128550.0,131100.0,4798611
2023-01-12,FPT,130800.0,132050.0,129450.0,130350.0,5752297
2023-01-13,FPT,129450.0,129750.0,129250.0,129350.0,5758057
2023-01-16,FPT,129700.0,132750.0,129300.0,131300.0,5569033
2023-01-17,FPT,130600.0,131100.0,126050.0,126950.0,9351119
2023-01-18,FPT,126200.0,127050.0,125600.0,126800.0,7410500
2023-01-19,FPT,126600.0,129500.0,126000.0,128800.0,7432622
2023-01-20,FPT,128800.0,129700.0,127650.0,129550.0,5441083
2023-01-23,FPT,129350.0,130700.0,128100.0,130650.0,5526331
2023-01-24,FPT,130100.0,130500.0,126450.0,126750.0,7247047
2023-01-25,FPT,126950.0,127750.0,126100.0,126350.0,4146671
2023-01-26,FPT,127000.0,127350.0,125000.0,125100.0,6928847
2023-01-27,FPT,125150.0,125750.0,121850.0,121950.0,8510596
2023-01-30,FPT,122100.0,122400.0,121450.0,122350.0,6868436
2023-01-31,FPT,122450.0,124600.0,122000.0,124400.0,6104077
2023-02-01,FPT,124450.0,125300.0,121900.0,121950.0,6272351
2023-02-02,FPT,122750.0,123100.0,121400.0,121800.0,5644103
2023-02-03,FPT,121950.0,122700.0,119100.0,119950.0,5436213
2023-02-06,FPT,119200.0,121900.0,118050.0,121200.0,8841881
2023-02-07,FPT,121650.0,124250.0,121000.0,122200.0,7179048
2023-02-08,FPT,122050.0,122850.0,121450.0,122600.0,6899057
2023-02-09,FPT,121850.0,123550.0,120800.0,123200.0,6915999
2023-02-10,FPT,123150.0,125100.0,122950.0,124800.0,7553700
2023-02-13,FPT,125350.0,125650.0,123650.0,124650.0,7101169
2023-02-14,FPT,124850.0,127100.0,124400.0,126850.0,6130939
2023-02-15,FPT,127500.0,127800.0,125450.0,126800.0,4664390
2023-02-16,FPT,126800.0,127450.0,123700.0,124150.0,7090380
2023-02-17,FPT,124150.0,124650.0,121200.0,123250.0,7559992
2023-02-20,FPT,123500.0,125450.0,122800.0,125050.0,5302955
2023-02-21,FPT,124500.0,126400.0,124400.0,125750.0,6510966
2023-02-22,FPT,126100.0,126850.0,123250.0,123550.0,6221968
2023-02-23,FPT,123150.0,125650.0,122150.0,125400.0,7640534
2023-02-24,FPT,124600.0,124700.0,122600.0,123300.0,6875255
2023-02-27,FPT,123250.0,124700.0,122550.0,124150.0,4793259
2023-02-28,FPT,123700.0,126700.0,122900.0,126000.0,7313866
2023-03-01,FPT,126300.0,126750.0,124850.0,125500.0,4965271
2023-03-02,FPT,124900.0,127000.0,123750.0,126600.0,6380274
2023-03-03,FPT,126500.0,127600.0,124450.0,125700.0,7536261
2023-03-06,FPT,126050.0,126300.0,125200.0,125700.0,5686187
2023-03-07,FPT,125850.0,128400.0,125150.0,128200.0,7563713
2023-03-08,FPT,127450.0,129550.0,126900.0,128700.0,4946339
2023-03-09,FPT,129150.0,133950.0,128950.0,133650.0,6284940
2023-03-10,FPT,134100.0,134450.0,131450.0,132400.0,4996281
2023-03-13,FPT,131900.0,133700.0,130750.0,133350.0,6243061
2023-03-14,FPT,133050.0,134950.0,132500.0,134650.0,6802291
2023-03-15,FPT,134450.0,134700.0,130000.0,130650.0,8458984
2023-03-16,FPT,130900.0,135650.0,130400.0,134600.0,8492376
2023-03-17,FPT,134400.0,134650.0,134050.0,134650.0,5654223
2023-03-20,FPT,134000.0,139200.0,133200.0,139200.0,9411873
2023-03-21,FPT,140000.0,140400.0,139550.0,140100.0,5635683
2023-03-22,FPT,139300.0,144600.0,139000.0,143450.0,7989482
2023-03-23,FPT,143350.0,146800.0,141650.0,146100.0,6587388
2023-03-24,FPT,146350.0,147050.0,143700.0,143950.0,6897636
2023-03-27,FPT,144000.0,144450.0,139350.0,141150.0,5763548
2023-03-28,FPT,142150.0,143100.0,140000.0,140200.0,5028070
2023-03-29,FPT,141450.0,142000.0,138600.0,139500.0,5007862
2023-03-30,FPT,139250.0,139400.0,138250.0,139150.0,5325940
2023-03-31,FPT,139000.0,139450.0,136150.0,136750.0,7912976
2023-04-03,FPT,136650.0,137550.0,135000.0,136150.0,7896540
2023-04-04,FPT,135950.0,136500.0,131900.0,132650.0,6149079
2023-04-05,FPT,133400.0,134050.0,130550.0,130800.0,6688962
2023-04-06,FPT,130400.0,134950.0,129950.0,133850.0,8837166
2023-04-07,FPT,134550.0,135550.0,134050.0,135400.0,6766464
2023-04-10,FPT,136000.0,136750.0,133550.0,134550.0,5741542
2023-04-11,FPT,134450.0,139700.0,133400.0,139700.0,9244930
2023-04-12,FPT,139150.0,139700.0,139000.0,139250.0,5475585
2023-04-13,FPT,139600.0,141500.0,139450.0,141450.0,4759106
2023-04-14,FPT,142250.0,145400.0,141600.0,143250.0,7578191
2023-04-17,FPT,142950.0,143550.0,139000.0,139000.0,8303671
2023-04-18,FPT,139500.0,142250.0,138850.0,141900.0,5143419
2023-04-19,FPT,141000.0,142600.0,140100.0,141950.0,5224111
2023-04-20,FPT,141350.0,143000.0,141050.0,141750.0,5711657
2023-04-21,FPT,140400.0,142750.0,139950.0,142250.0,6911233
2023-04-24,FPT,142850.0,143900.0,141950.0,142550.0,5862649
2023-04-25,FPT,143800.0,144800.0,142550.0,144750.0,6412191
2023-04-26,FPT,144100.0,147000.0,143850.0,145900.0,6790270
2023-04-27,FPT,146700.0,149900.0,145300.0,149500.0,8679944
2023-04-28,FPT,149950.0,150150.0,149050.0,149600.0,3670441
2023-05-01,FPT,149700.0,154500.0,149050.0,153350.0,7408917
2023-05-02,FPT,153700.0,155200.0,153700.0,154850.0,5967763
2023-05-03,FPT,155350.0,158750.0,154750.0,158150.0,5563195
2023-05-04,FPT,158050.0,162550.0,157800.0,161950.0,5296788
2023-05-05,FPT,162250.0,162850.0,158400.0,159100.0,7814314
2023-05-08,FPT,158550.0,163350.0,158450.0,162100.0,7111982
2023-05-09,FPT,161600.0,163150.0,160000.0,160700.0,5901347
2023-05-10,FPT,161200.0,161350.0,160700.0,160750.0,4553733
2023-05-11,FPT,161400.0,162700.0,160100.0,161900.0,4295488
2023-05-12,FPT,162050.0,163950.0,161600.0,162450.0,7456559
2023-05-15,FPT,162550.0,163550.0,160850.0,163100.0,7543335
2023-05-16,FPT,162600.0,166000.0,160500.0,165850.0,5734967
2023-05-17,FPT,164950.0,166450.0,162600.0,162950.0,5290471
2023-05-18,FPT,162600.0,163950.0,161800.0,163250.0,6062028
2023-05-19,FPT,162500.0,166250.0,160900.0,165400.0,8765205
2023-05-22,FPT,166550.0,167000.0,162850.0,163800.0,4925991
2023-05-23,FPT,164300.0,165650.0,158050.0,158150.0,8862405
2023-05-24,FPT,159200.0,165050.0,158300.0,162700.0,6238709
2023-05-25,FPT,163000.0,166600.0,162450.0,165700.0,5476529
2023-05-26,FPT,166800.0,167000.0,163150.0,163450.0,4988253
2023-05-29,FPT,163150.0,167450.0,162750.0,167250.0,7272588
2023-05-30,FPT,167350.0,170050.0,167000.0,169700.0,6379485
2023-05-31,FPT,169500.0,170050.0,166400.0,167900.0,5277630
2023-06-01,FPT,168200.0,169600.0,165400.0,165800.0,7515234
2023-06-02,FPT,165500.0,167250.0,164450.0,167200.0,4381169
2023-06-05,FPT,167600.0,168150.0,166150.0,166700.0,5735708
2023-06-06,FPT,166300.0,166500.0,164250.0,165500.0,7522657
2023-06-07,FPT,166100.0,166550.0,165100.0,165550.0,4622013
2023-06-08,FPT,166650.0,167850.0,160550.0,161500.0,7541453
2023-06-09,FPT,161650.0,162050.0,159500.0,160600.0,7018870
2023-06-12,FPT,160500.0,162300.0,158950.0,160150.0,6143192
2023-06-13,FPT,159150.0,162300.0,157600.0,160350.0,8043824
2023-06-14,FPT,160100.0,162550.0,159150.0,160850.0,7800600
2023-06-15,FPT,161050.0,162350.0,158800.0,159150.0,7384579
2023-06-16,FPT,158550.0,159750.0,156400.0,157650.0,7428471
2023-06-19,FPT,156850.0,158400.0,156050.0,157900.0,5595303
2023-06-20,FPT,157600.0,161800.0,156650.0,160650.0,6607308
2023-06-21,FPT,160800.0,161050.0,160550.0,161000.0,4777176
2023-06-22,FPT,161600.0,162050.0,157400.0,158450.0,8625415
2023-06-23,FPT,158100.0,158900.0,155850.0,157750.0,6064166
2023-06-26,FPT,158100.0,159150.0,156250.0,156550.0,5143370
2023-06-27,FPT,157150.0,157700.0,151750.0,152800.0,8356998
2023-06-28,FPT,152400.0,153300.0,151450.0,151750.0,4501080
2023-06-29,FPT,151800.0,157250.0,150300.0,155850.0,7819503
2023-06-30,FPT,154950.0,157600.0,154500.0,157000.0,6829506
2023-07-03,FPT,156800.0,158550.0,155700.0,158050.0,6208923
2023-07-04,FPT,158550.0,159600.0,155050.0,155500.0,7540901
2023-07-05,FPT,155250.0,155500.0,155100.0,155400.0,4264041
2023-07-06,FPT,155000.0,156150.0,154150.0,155200.0,4462679
2023-07-07,FPT,155800.0,158200.0,155200.0,156900.0,7875494
2023-07-10,FPT,156500.0,162950.0,156300.0,161650.0,7548475
2023-07-11,FPT,161400.0,162450.0,160050.0,160450.0,5797991
2023-07-12,FPT,160050.0,160150.0,158950.0,159150.0,6945383
2023-07-13,FPT,158250.0,159400.0,158250.0,158700.0,7206325
2023-07-14,FPT,157850.0,163200.0,157200.0,162500.0,6792042
2023-07-17,FPT,163350.0,164600.0,162650.0,163250.0,4924126
2023-07-18,FPT,163750.0,165950.0,162300.0,165800.0,6741925
2023-07-19,FPT,166650.0,167050.0,165250.0,166500.0,6364267
2023-07-20,FPT,166250.0,166700.0,164250.0,164700.0,4510194
2023-07-21,FPT,164350.0,167600.0,163350.0,167300.0,8016492
2023-07-24,FPT,166850.0,167000.0,163900.0,166000.0,7090572
2023-07-25,FPT,165400.0,165550.0,161650.0,162550.0,6062169
2023-07-26,FPT,162000.0,165350.0,160600.0,163600.0,5329112
2023-07-27,FPT,163850.0,168100.0,163750.0,166550.0,7634498
2023-07-28,FPT,166500.0,170600.0,163900.0,170450.0,6085204
2023-07-31,FPT,171400.0,171650.0,168600.0,170000.0,7390072
2023-08-01,FPT,169600.0,172350.0,167050.0,171200.0,5818808
2023-08-02,FPT,171250.0,172600.0,169850.0,170350.0,4696885
2023-08-03,FPT,170950.0,171750.0,168050.0,168050.0,6127584
2023-08-04,FPT,167950.0,168450.0,166100.0,167400.0,5064073
2023-08-07,FPT,167200.0,167350.0,160700.0,162650.0,8135635
2023-08-08,FPT,163000.0,169650.0,161750.0,169150.0,8203019
2023-08-09,FPT,167950.0,168100.0,167150.0,167200.0,5751647
2023-08-10,FPT,166900.0,167850.0,161400.0,161750.0,6319143
2023-08-11,FPT,161650.0,162450.0,156150.0,157600.0,6738183
2023-08-14,FPT,157300.0,158800.0,154700.0,155200.0,6003038
2023-08-15,FPT,155650.0,156450.0,154900.0,155750.0,4655395
2023-08-16,FPT,155900.0,157450.0,154200.0,154250.0,7266162
2023-08-17,FPT,155050.0,159400.0,153900.0,159050.0,8178476
2023-08-18,FPT,157750.0,158250.0,155100.0,156650.0,4729241
2023-08-21,FPT,156350.0,156850.0,155950.0,155950.0,6208258
2023-08-22,FPT,155550.0,157500.0,153100.0,154050.0,7925897
2023-08-23,FPT,155000.0,156950.0,153900.0,156000.0,7058239
2023-08-24,FPT,156500.0,161050.0,154400.0,160100.0,6787605
2023-08-25,FPT,160350.0,161000.0,158400.0,159650.0,4825223
2023-08-28,FPT,158700.0,160700.0,157850.0,159700.0,4681716
2023-08-29,FPT,159350.0,159950.0,158450.0,158550.0,4946510
2023-08-30,FPT,159100.0,162350.0,158800.0,161250.0,7727903
2023-08-31,FPT,161600.0,163150.0,159700.0,162450.0,7609920
2023-09-01,FPT,162000.0,162950.0,161300.0,162900.0,4741195
2023-09-04,FPT,162000.0,167450.0,161650.0,167050.0,5710555
2023-09-05,FPT,166600.0,166900.0,162600.0,162750.0,5554918
2023-09-06,FPT,162650.0,163400.0,161850.0,162050.0,4189447
2023-09-07,FPT,162600.0,162850.0,161750.0,162500.0,5731843
2023-09-08,FPT,162500.0,163950.0,162200.0,163200.0,5036633
2023-09-11,FPT,163100.0,164300.0,162750.0,163000.0,5752904
2023-09-12,FPT,163300.0,163750.0,159550.0,160300.0,8278943
2023-09-13,FPT,160350.0,162600.0,159850.0,161450.0,5336425
2023-09-14,FPT,160450.0,160950.0,160200.0,160950.0,3635420
2023-09-15,FPT,160450.0,164600.0,158200.0,163650.0,6694221
2023-09-18,FPT,163850.0,163900.0,158450.0,158750.0,6215304
2023-09-19,FPT,158000.0,158950.0,154550.0,155400.0,5482977
2023-09-20,FPT,156200.0,157600.0,154850.0,157450.0,7807547
2023-09-21,FPT,157700.0,159300.0,155150.0,155400.0,5810731
2023-09-22,FPT,155100.0,156650.0,153700.0,154300.0,5762018
2023-09-25,FPT,154200.0,154400.0,153800.0,153950.0,6719447
2023-09-26,FPT,154750.0,156100.0,151350.0,151700.0,7085173
2023-09-27,FPT,150950.0,152050.0,149850.0,151750.0,5873273
2023-09-28,FPT,151550.0,151750.0,149650.0,151650.0,7323197
2023-09-29,FPT,150700.0,152100.0,149850.0,150950.0,4743999
2023-10-02,FPT,150650.0,150850.0,147100.0,148550.0,5432269
2023-10-03,FPT,148150.0,149950.0,144200.0,145250.0,9225982
2023-10-04,FPT,145200.0,149200.0,144050.0,148750.0,5833764
2023-10-05,FPT,149450.0,152150.0,149200.0,152100.0,6258850
2023-10-06,FPT,151750.0,153200.0,151600.0,152100.0,4383848
2023-10-09,FPT,150700.0,153200.0,149300.0,152900.0,4921192
2023-10-10,FPT,152250.0,155100.0,151900.0,154950.0,6799900
2023-10-11,FPT,154950.0,157600.0,154400.0,156550.0,6154799
2023-10-12,FPT,156350.0,163750.0,155250.0,161750.0,6820999
2023-10-13,FPT,162350.0,163550.0,161600.0,163450.0,4391483
2023-10-16,FPT,162700.0,164400.0,157950.0,158100.0,8080000
2023-10-17,FPT,158700.0,159400.0,158200.0,159350.0,6335931
2023-10-18,FPT,159300.0,159300.0,155700.0,156850.0,5367084
2023-10-19,FPT,157100.0,157350.0,156500.0,156900.0,6518193
2023-10-20,FPT,156200.0,159300.0,155800.0,159200.0,6953192
2023-10-23,FPT,158550.0,161200.0,157350.0,160850.0,4849689
2023-10-24,FPT,160350.0,161800.0,156800.0,157450.0,7021627
2023-10-25,FPT,157700.0,161450.0,154750.0,160300.0,9335400
2023-10-26,FPT,159250.0,160800.0,158150.0,160700.0,7841075
2023-10-27,FPT,160100.0,163800.0,159550.0,163550.0,5665821
2023-10-30,FPT,162050.0,162100.0,160250.0,160500.0,7519294
2023-10-31,FPT,159650.0,160350.0,159150.0,160300.0,5165955
2023-11-01,FPT,160050.0,163150.0,158350.0,162450.0,6189213
2023-11-02,FPT,162700.0,163650.0,159850.0,160900.0,4895302
2023-11-03,FPT,160850.0,164300.0,160550.0,164250.0,6649279
2023-11-06,FPT,163050.0,165400.0,161600.0,163500.0,6360390
2023-11-07,FPT,163550.0,165200.0,160950.0,161250.0,6960976
2023-11-08,FPT,161350.0,163500.0,157650.0,158850.0,8630720
2023-11-09,FPT,158300.0,159300.0,156800.0,157100.0,4520187
2023-11-10,FPT,156650.0,156800.0,154100.0,154200.0,4359115
2023-11-13,FPT,155050.0,155600.0,152800.0,154650.0,7046359
2023-11-14,FPT,154800.0,156800.0,152500.0,156600.0,8262388
2023-11-15,FPT,156700.0,157250.0,155150.0,155400.0,7243369
2023-11-16,FPT,155300.0,158250.0,155000.0,157650.0,7937291
2023-11-17,FPT,157800.0,157800.0,153100.0,153500.0,7497778
2023-11-20,FPT,153850.0,159400.0,153800.0,157550.0,5935771
2023-11-21,FPT,157400.0,158950.0,153400.0,154250.0,5664852
2023-11-22,FPT,154500.0,154600.0,151650.0,152350.0,4706925
2023-11-23,FPT,152500.0,152950.0,150850.0,151250.0,4166933
2023-11-24,FPT,150350.0,151950.0,145200.0,145850.0,7513102
2023-11-27,FPT,145900.0,146500.0,145450.0,146350.0,5581396
2023-11-28,FPT,146150.0,147750.0,146050.0,147500.0,5480287
2023-11-29,FPT,148450.0,148900.0,144700.0,145550.0,8496804
2023-11-30,FPT,145150.0,145350.0,144500.0,144850.0,3818499
2023-12-01,FPT,145200.0,145800.0,139300.0,140800.0,8980016
2023-12-04,FPT,140550.0,141550.0,137500.0,137600.0,7758820
2023-12-05,FPT,137650.0,139150.0,136600.0,138200.0,6267977
2023-12-06,FPT,137500.0,139850.0,137400.0,138450.0,7006649
2023-12-07,FPT,138550.0,139000.0,138150.0,138750.0,6843230
2023-12-08,FPT,139000.0,143400.0,138850.0,142650.0,5899092
2023-12-11,FPT,142850.0,144000.0,142850.0,143900.0,4290048
2023-12-12,FPT,144100.0,144350.0,135150.0,136850.0,10363736
2023-12-13,FPT,136400.0,137050.0,136050.0,136900.0,5283424
2023-12-14,FPT,136600.0,139000.0,136600.0,138600.0,7889161
2023-12-15,FPT,138200.0,140200.0,138100.0,139350.0,7721505
2023-12-18,FPT,139150.0,141000.0,138900.0,140350.0,5480254
2023-12-19,FPT,140250.0,140350.0,138950.0,140000.0,3833868
2023-12-20,FPT,139750.0,140900.0,136250.0,137400.0,7106101
2023-12-21,FPT,137800.0,139150.0,137550.0,138600.0,5399716
2023-12-22,FPT,138100.0,138800.0,137650.0,138300.0,5404734
2023-12-25,FPT,138300.0,138450.0,131700.0,133250.0,9755433
2023-12-26,FPT,132550.0,132600.0,128900.0,129150.0,6017581
2023-12-27,FPT,129150.0,129900.0,127350.0,127650.0,4660353
2023-12-28,FPT,127300.0,132700.0,127050.0,132100.0,8523025
2023-12-29,FPT,132850.0,134950.0,132450.0,133900.0,6826664
2024-01-01,FPT,134200.0,134550.0,132200.0,132300.0,5935080
2024-01-02,FPT,132300.0,133350.0,132300.0,132850.0,3794178
2024-01-03,FPT,132450.0,133550.0,129550.0,130650.0,6440855
2024-01-04,FPT,130600.0,130650.0,128550.0,129600.0,6449959
2024-01-05,FPT,129350.0,131050.0,127700.0,130300.0,6081364
2024-01-08,FPT,130800.0,131800.0,130600.0,131150.0,5697664
2024-01-09,FPT,130850.0,131450.0,130300.0,130900.0,5017732
2024-01-10,FPT,131050.0,132750.0,129950.0,132150.0,7238871
2024-01-11,FPT,132800.0,135400.0,132000.0,135100.0,8124649
2024-01-12,FPT,135700.0,139650.0,134400.0,139250.0,9182706
2024-01-15,FPT,139250.0,140200.0,138800.0,138950.0,4849236
2024-01-16,FPT,139100.0,142050.0,138500.0,141550.0,6280953
2024-01-17,FPT,141400.0,143250.0,141000.0,142950.0,4273310
2024-01-18,FPT,143700.0,144300.0,141900.0,143100.0,4528725
2024-01-19,FPT,143600.0,144200.0,141250.0,141400.0,6582909
2024-01-22,FPT,141850.0,144600.0,141200.0,144250.0,7279247
2024-01-23,FPT,143950.0,144400.0,139100.0,140250.0,7770850
2024-01-24,FPT,140250.0,140650.0,137100.0,138000.0,7074445
2024-01-25,FPT,137050.0,140850.0,136450.0,140200.0,6755766
2024-01-26,FPT,140400.0,141500.0,137050.0,137250.0,8487996
2024-01-29,FPT,138250.0,139200.0,137300.0,139000.0,5024040
2024-01-30,FPT,138900.0,140350.0,138650.0,138700.0,6814635
2024-01-31,FPT,139350.0,140550.0,138600.0,139750.0,4633736
2024-02-01,FPT,139750.0,141700.0,138900.0,141000.0,7205454
2024-02-02,FPT,140350.0,142900.0,139450.0,142650.0,6565496
2024-02-05,FPT,143600.0,143800.0,143300.0,143650.0,5934736
2024-02-06,FPT,142450.0,143000.0,141200.0,141500.0,4019742
2024-02-07,FPT,141300.0,142500.0,139700.0,140200.0,6690278
2024-02-08,FPT,140600.0,140900.0,138900.0,139100.0,4200282
2024-02-09,FPT,137700.0,138050.0,136250.0,136750.0,4228644
2024-02-12,FPT,137000.0,138500.0,136400.0,138000.0,7007872
2024-02-13,FPT,137400.0,138950.0,136900.0,137350.0,6853004
2024-02-14,FPT,136350.0,137750.0,136050.0,136750.0,5481519
2024-02-15,FPT,136300.0,140950.0,135550.0,140150.0,8927480
2024-02-16,FPT,139950.0,140550.0,137900.0,138100.0,7471996
2024-02-19,FPT,137300.0,139150.0,136900.0,137900.0,5306811
2024-02-20,FPT,137900.0,139900.0,137300.0,139100.0,5352647
2024-02-21,FPT,137800.0,139350.0,137450.0,138900.0,4715842
2024-02-22,FPT,138100.0,141750.0,137300.0,140450.0,7615088
2024-02-23,FPT,140050.0,143000.0,138500.0,142700.0,5533290
2024-02-26,FPT,142150.0,143300.0,140000.0,140750.0,5141001
2024-02-27,FPT,140600.0,141200.0,139600.0,141100.0,7423724
2024-02-28,FPT,141250.0,141300.0,140250.0,140650.0,4120697
2024-02-29,FPT,141250.0,141350.0,137500.0,137750.0,7731079
2024-03-01,FPT,137400.0,140850.0,136700.0,139700.0,8365487
2024-03-04,FPT,140350.0,143850.0,139350.0,143300.0,5384740
2024-03-05,FPT,143100.0,147500.0,142450.0,147250.0,7062386
2024-03-06,FPT,147300.0,147550.0,142800.0,143500.0,7182766
2024-03-07,FPT,143900.0,144000.0,141750.0,143400.0,4626087
2024-03-08,FPT,141950.0,144250.0,140050.0,140400.0,7224323
2024-03-11,FPT,140450.0,142150.0,139950.0,142000.0,6482717
2024-03-12,FPT,142500.0,144250.0,137900.0,138800.0,6871249
2024-03-13,FPT,138500.0,141400.0,138150.0,140250.0,4720797
2024-03-14,FPT,141300.0,141850.0,136750.0,137650.0,5730811
2024-03-15,FPT,137800.0,138100.0,136850.0,137700.0,6625043
2024-03-18,FPT,137350.0,139050.0,136850.0,138850.0,4520796
2024-03-19,FPT,138600.0,139500.0,134700.0,136350.0,8136871
2024-03-20,FPT,136700.0,138050.0,135450.0,135450.0,7965409
2024-03-21,FPT,135650.0,137050.0,135650.0,136850.0,6679216
2024-03-22,FPT,136100.0,138800.0,135650.0,137750.0,6799167
2024-03-25,FPT,138850.0,139300.0,136000.0,136300.0,6559140
2024-03-26,FPT,137250.0,139900.0,137050.0,139450.0,5178406
2024-03-27,FPT,139500.0,142200.0,138950.0,141700.0,7008233
2024-03-28,FPT,141100.0,142650.0,140100.0,140600.0,7369602
2024-03-29,FPT,140400.0,141300.0,137900.0,138550.0,6891075
2024-04-01,FPT,138650.0,138700.0,137200.0,137950.0,6597164
2024-04-02,FPT,137850.0,138900.0,133300.0,134400.0,7169793
2024-04-03,FPT,134100.0,134650.0,132950.0,133400.0,6383186
2024-04-04,FPT,133600.0,133850.0,131200.0,131950.0,5134425
2024-04-05,FPT,131800.0,132250.0,130850.0,131100.0,4614886
2024-04-08,FPT,131600.0,134300.0,129800.0,133900.0,7573440
2024-04-09,FPT,133650.0,133750.0,132250.0,132700.0,7257529
2024-04-10,FPT,131850.0,134150.0,131700.0,134000.0,4732056
2024-04-11,FPT,134100.0,134350.0,131900.0,132600.0,6915558
2024-04-12,FPT,132900.0,134050.0,130500.0,131050.0,7474135
2024-04-15,FPT,129950.0,135950.0,129850.0,135800.0,8810452
2024-04-16,FPT,135550.0,135600.0,134550.0,134550.0,4125624
2024-04-17,FPT,135000.0,135100.0,132900.0,133500.0,6429138
2024-04-18,FPT,132900.0,134550.0,132900.0,134500.0,7148752
2024-04-19,FPT,134900.0,135800.0,134350.0,134750.0,4632253
2024-04-22,FPT,134150.0,134450.0,133550.0,133650.0,5402367
2024-04-23,FPT,134500.0,136000.0,133750.0,135700.0,6409731
2024-04-24,FPT,135450.0,141650.0,134900.0,140250.0,9950735
2024-04-25,FPT,142000.0,142850.0,141900.0,141900.0,4474477
2024-04-26,FPT,142250.0,142950.0,141500.0,142500.0,7203455
2024-04-29,FPT,142900.0,143050.0,142450.0,143050.0,3604300
2024-04-30,FPT,143200.0,143950.0,143100.0,143400.0,4616165
2024-05-01,FPT,142700.0,146500.0,141900.0,146050.0,8256423
2024-05-02,FPT,146700.0,147750.0,144300.0,145100.0,5110709
2024-05-03,FPT,145400.0,145650.0,142550.0,142600.0,5262981
2024-05-06,FPT,142150.0,142950.0,137950.0,139450.0,5590779
2024-05-07,FPT,139000.0,139450.0,137600.0,138800.0,4785987
2024-05-08,FPT,139200.0,139750.0,136850.0,137450.0,7096985
2024-05-09,FPT,138650.0,138850.0,137450.0,137950.0,6555161
2024-05-10,FPT,138400.0,142350.0,137850.0,142150.0,7739948
2024-05-13,FPT,141800.0,142250.0,141250.0,141300.0,7161464
2024-05-14,FPT,141100.0,143250.0,140700.0,142600.0,6316158
2024-05-15,FPT,142300.0,145700.0,141650.0,144950.0,5819294
2024-05-16,FPT,144550.0,146050.0,144300.0,145900.0,5070700
2024-05-17,FPT,145550.0,146550.0,141750.0,143100.0,8067145
2024-05-20,FPT,143100.0,143500.0,138800.0,139450.0,6674475
2024-05-21,FPT,140150.0,140250.0,137000.0,137200.0,7277961
2024-05-22,FPT,137850.0,138850.0,135950.0,136700.0,6721941
2024-05-23,FPT,136650.0,139650.0,135950.0,138450.0,5566303
2024-05-24,FPT,139000.0,141550.0,136800.0,140500.0,8588127
2024-05-27,FPT,140450.0,140450.0,140300.0,140450.0,5706394
2024-05-28,FPT,140150.0,141400.0,139500.0,140500.0,7647634
2024-05-29,FPT,140600.0,141400.0,137400.0,138850.0,8377716
2024-05-30,FPT,139150.0,139250.0,138200.0,139250.0,4416348
2024-05-31,FPT,138150.0,140450.0,138050.0,139700.0,5193570
2024-06-03,FPT,139450.0,141200.0,139000.0,139550.0,4422905
2024-06-04,FPT,139450.0,139750.0,138350.0,139600.0,3883567
2024-06-05,FPT,138950.0,143700.0,138000.0,143600.0,7555520
2024-06-06,FPT,144000.0,144600.0,143550.0,143650.0,5003730
2024-06-07,FPT,143000.0,143550.0,137950.0,138350.0,7870933
2024-06-10,FPT,138000.0,140600.0,137450.0,140050.0,7888059
2024-06-11,FPT,139900.0,143750.0,138950.0,143050.0,8301880
2024-06-12,FPT,142700.0,146250.0,140650.0,146250.0,8271862
2024-06-13,FPT,145300.0,145400.0,144800.0,145000.0,5329385
2024-06-14,FPT,144000.0,144300.0,141950.0,142650.0,6781281
2024-06-17,FPT,143400.0,143700.0,140500.0,141650.0,7545923
2024-06-18,FPT,142250.0,144300.0,142100.0,143500.0,4999659
2024-06-19,FPT,143900.0,144600.0,141400.0,142050.0,5373437
2024-06-20,FPT,142250.0,144550.0,141000.0,143600.0,8176906
2024-06-21,FPT,142800.0,148000.0,142100.0,147900.0,8990260
2024-06-24,FPT,148600.0,151250.0,148550.0,150800.0,5674905
2024-06-25,FPT,150800.0,152500.0,150300.0,152200.0,7254076
2024-06-26,FPT,151750.0,152750.0,151700.0,152700.0,5503454
2024-06-27,FPT,153450.0,154250.0,152800.0,153050.0,4033436
2024-06-28,FPT,153400.0,156150.0,153150.0,154650.0,4939389
2024-07-01,FPT,153800.0,157250.0,153700.0,156500.0,6136034
2024-07-02,FPT,156550.0,158300.0,156200.0,157850.0,6788090
2024-07-03,FPT,157550.0,157900.0,154450.0,155500.0,7197506
2024-07-04,FPT,155200.0,155800.0,152000.0,152150.0,4971331
2024-07-05,FPT,152000.0,156100.0,150950.0,155450.0,7256679
2024-07-08,FPT,154600.0,160200.0,151900.0,159700.0,7797924
2024-07-09,FPT,159100.0,163750.0,158200.0,161250.0,6117245
2024-07-10,FPT,161300.0,162200.0,156550.0,157150.0,7850903
2024-07-11,FPT,157750.0,159300.0,153350.0,153650.0,9333959
2024-07-12,FPT,153300.0,153700.0,152150.0,152500.0,4117116
2024-07-15,FPT,151500.0,154800.0,151200.0,153550.0,8228907
2024-07-16,FPT,152800.0,155300.0,152700.0,153050.0,5477162
2024-07-17,FPT,152700.0,156900.0,152200.0,154750.0,6777010
2024-07-18,FPT,153950.0,160650.0,153800.0,160100.0,9526659
2024-07-19,FPT,160200.0,160250.0,157850.0,158350.0,4436118
2024-07-22,FPT,158350.0,163500.0,157450.0,162950.0,7040745
2024-07-23,FPT,164100.0,164400.0,162300.0,163850.0,4603285
2024-07-24,FPT,164050.0,166600.0,161300.0,161400.0,8620447
2024-07-25,FPT,160800.0,161100.0,157400.0,158750.0,5429475
2024-07-26,FPT,159750.0,163300.0,158800.0,162100.0,8493296
2024-07-29,FPT,162500.0,167600.0,162000.0,166600.0,7487507
2024-07-30,FPT,166950.0,168250.0,166500.0,167900.0,7081741
2024-07-31,FPT,166150.0,166300.0,163500.0,165000.0,7474777
2024-08-01,FPT,164500.0,169700.0,164200.0,169000.0,6146446
2024-08-02,FPT,168800.0,169400.0,166950.0,167100.0,5894100
2024-08-05,FPT,166900.0,167500.0,162050.0,163250.0,6613292
2024-08-06,FPT,161950.0,162700.0,161550.0,162300.0,6943477
2024-08-07,FPT,163550.0,164400.0,160500.0,161000.0,8066262
2024-08-08,FPT,160700.0,162450.0,157100.0,157800.0,8588589
2024-08-09,FPT,157050.0,158450.0,156050.0,157850.0,6193755
2024-08-12,FPT,157500.0,159100.0,154650.0,154800.0,5617558
2024-08-13,FPT,154500.0,154850.0,152450.0,153300.0,6230377
2024-08-14,FPT,152950.0,155850.0,152900.0,155350.0,7810606
2024-08-15,FPT,156350.0,161750.0,155050.0,159800.0,8918701
2024-08-16,FPT,159300.0,160650.0,158650.0,160250.0,5745392
2024-08-19,FPT,159900.0,161900.0,158550.0,161250.0,7308035
2024-08-20,FPT,160400.0,164050.0,159950.0,163550.0,5307086
2024-08-21,FPT,163650.0,164650.0,162700.0,164400.0,7536530
2024-08-22,FPT,163800.0,164000.0,161750.0,162950.0,6961431
2024-08-23,FPT,162400.0,171600.0,162350.0,170650.0,7446908
2024-08-26,FPT,170600.0,173200.0,168500.0,169150.0,7929741
2024-08-27,FPT,168800.0,169000.0,168600.0,168950.0,4112990
2024-08-28,FPT,169500.0,169500.0,166450.0,168150.0,5657651
2024-08-29,FPT,168850.0,169000.0,164150.0,165050.0,7514398
2024-08-30,FPT,165100.0,165800.0,163700.0,165250.0,4595900
2024-09-02,FPT,165700.0,165850.0,164000.0,164400.0,5779301
2024-09-03,FPT,164850.0,165000.0,163250.0,163850.0,6080711
2024-09-04,FPT,164100.0,167350.0,162750.0,167000.0,5476875
2024-09-05,FPT,167350.0,169800.0,163500.0,164200.0,7043746
2024-09-06,FPT,164650.0,165000.0,163700.0,163800.0,4769095
2024-09-09,FPT,164150.0,164450.0,162150.0,163600.0,4891613
2024-09-10,FPT,163250.0,164000.0,161700.0,162100.0,7502655
2024-09-11,FPT,162350.0,163000.0,158900.0,159200.0,6028285
2024-09-12,FPT,159050.0,159650.0,156600.0,157600.0,7359859
2024-09-13,FPT,158050.0,159300.0,154900.0,158600.0,6516032
2024-09-16,FPT,159000.0,159150.0,156200.0,156400.0,4452018
2024-09-17,FPT,157000.0,159750.0,156300.0,158850.0,5582643
2024-09-18,FPT,159150.0,162200.0,158850.0,161900.0,6342294
2024-09-19,FPT,160950.0,165850.0,160000.0,164200.0,8866199
2024-09-20,FPT,165050.0,167600.0,164700.0,167350.0,4403226
2024-09-23,FPT,167250.0,168850.0,167100.0,168750.0,6342462
2024-09-24,FPT,168300.0,168550.0,166150.0,166900.0,5063573
2024-09-25,FPT,166450.0,170700.0,166200.0,169950.0,6305507
2024-09-26,FPT,169850.0,171000.0,169700.0,170700.0,5773464
2024-09-27,FPT,169000.0,172900.0,168300.0,172100.0,6020435
2024-09-30,FPT,172550.0,172600.0,168950.0,170000.0,7909592
2024-10-01,FPT,170900.0,173650.0,169500.0,172500.0,5761746
2024-10-02,FPT,172750.0,174650.0,172200.0,174600.0,7323461
2024-10-03,FPT,175500.0,178950.0,172350.0,173500.0,7194156
2024-10-04,FPT,173200.0,177350.0,172750.0,176650.0,7115323
2024-10-07,FPT,175800.0,180050.0,174100.0,179250.0,7864992
2024-10-08,FPT,179250.0,179950.0,177550.0,178300.0,6948403
2024-10-09,FPT,178450.0,180450.0,178450.0,179450.0,4166226
2024-10-10,FPT,179450.0,187500.0,179250.0,185850.0,9093583
2024-10-11,FPT,184800.0,189300.0,184350.0,188400.0,7182764
2024-10-14,FPT,188700.0,189000.0,187650.0,188300.0,5560655
2024-10-15,FPT,188350.0,190100.0,187400.0,188700.0,4866353
2024-10-16,FPT,188700.0,190850.0,187050.0,190250.0,7669204
2024-10-17,FPT,188450.0,194900.0,185950.0,194300.0,7267929
2024-10-18,FPT,195550.0,195950.0,186650.0,187850.0,7261400
2024-10-21,FPT,188050.0,188250.0,186750.0,187900.0,4904927
2024-10-22,FPT,189300.0,189650.0,184600.0,185400.0,7558891
2024-10-23,FPT,185050.0,185350.0,181250.0,182500.0,8091395
2024-10-24,FPT,182700.0,183550.0,181650.0,182250.0,5377634
2024-10-25,FPT,182750.0,186600.0,180300.0,185900.0,8180590
2024-10-28,FPT,185250.0,188350.0,185150.0,188350.0,7372414
2024-10-29,FPT,187950.0,188900.0,184350.0,186600.0,4924095
2024-10-30,FPT,186950.0,188450.0,182400.0,182550.0,6071026
2024-10-31,FPT,182450.0,187600.0,181400.0,186350.0,7066187
2024-11-01,FPT,186600.0,188050.0,182400.0,182950.0,5517136
2024-11-04,FPT,183300.0,187000.0,183000.0,185100.0,6379551
2024-11-05,FPT,184950.0,191450.0,182250.0,190850.0,8400054
2024-11-06,FPT,192800.0,192950.0,190850.0,192300.0,6737337
2024-11-07,FPT,191550.0,193600.0,190150.0,191250.0,5105746
2024-11-08,FPT,191250.0,196800.0,190250.0,196550.0,7729145
2024-11-11,FPT,196550.0,197350.0,193950.0,195650.0,6914053
2024-11-12,FPT,195850.0,196150.0,195300.0,195400.0,5679653
2024-11-13,FPT,194300.0,197250.0,193500.0,196400.0,7579228
2024-11-14,FPT,196400.0,203600.0,196050.0,202350.0,5835623
2024-11-15,FPT,203350.0,203550.0,202150.0,203050.0,4359718
2024-11-18,FPT,203100.0,206150.0,200500.0,205600.0,8374828
2024-11-19,FPT,207050.0,207600.0,200700.0,203400.0,5937342
2024-11-20,FPT,202500.0,202700.0,201650.0,202200.0,6319524
2024-11-21,FPT,202700.0,206950.0,201500.0,205450.0,7784661
2024-11-22,FPT,206550.0,206750.0,203300.0,203450.0,5545946
2024-11-25,FPT,204050.0,205950.0,200250.0,200550.0,7426431
2024-11-26,FPT,200950.0,201950.0,198000.0,198850.0,6283523
2024-11-27,FPT,198850.0,198950.0,196500.0,198650.0,4855673
2024-11-28,FPT,199650.0,200350.0,194100.0,196050.0,8797220
2024-11-29,FPT,195150.0,195750.0,191900.0,192900.0,7789951
2024-12-02,FPT,193850.0,195250.0,189050.0,190050.0,7633422
2024-12-03,FPT,189400.0,190750.0,185600.0,186600.0,7706759
2024-12-04,FPT,186800.0,189200.0,185400.0,188550.0,4570872
2024-12-05,FPT,188500.0,189000.0,184450.0,186650.0,7775606
2024-12-06,FPT,186650.0,187700.0,181100.0,181900.0,5894229
2024-12-09,FPT,182350.0,182350.0,177100.0,177300.0,5258706
2024-12-10,FPT,177600.0,178700.0,175450.0,176300.0,7490698
2024-12-11,FPT,176350.0,176700.0,175600.0,176500.0,5095313
2024-12-12,FPT,177050.0,177600.0,175100.0,175450.0,4766911
2024-12-13,FPT,176000.0,177000.0,173100.0,173950.0,5716735
2024-12-16,FPT,173750.0,175200.0,173550.0,175150.0,5750496
2024-12-17,FPT,174650.0,177850.0,171900.0,176950.0,6330933
2024-12-18,FPT,177950.0,178500.0,177350.0,177550.0,6590785
2024-12-19,FPT,177700.0,182950.0,176800.0,182800.0,6677720
2024-12-20,FPT,182250.0,183300.0,179450.0,180850.0,4815981
2024-12-23,FPT,180950.0,181050.0,177100.0,178150.0,6375299
2024-12-24,FPT,177350.0,177800.0,176400.0,176950.0,5206486
2024-12-25,FPT,177500.0,182200.0,175350.0,181100.0,8479264
2024-12-26,FPT,181950.0,188150.0,181050.0,186900.0,8115280
2024-12-27,FPT,187400.0,188800.0,186350.0,186700.0,5655123
2024-12-30,FPT,185850.0,191700.0,185600.0,189500.0,6654156
2024-12-31,FPT,189750.0,190450.0,187950.0,189150.0,6824766
2025-01-01,FPT,189650.0,189950.0,188450.0,189000.0,5658330
2025-01-02,FPT,188550.0,189250.0,185150.0,186150.0,7254310
2025-01-03,FPT,186300.0,186300.0,185250.0,186000.0,4158226
2025-01-06,FPT,186550.0,188450.0,183900.0,184500.0,6791639
2025-01-07,FPT,184600.0,184650.0,181400.0,181750.0,7873967
2025-01-08,FPT,181600.0,183350.0,180500.0,182650.0,5391433
2025-01-09,FPT,181800.0,185900.0,180850.0,184950.0,6338986
2025-01-10,FPT,185300.0,186850.0,183300.0,184550.0,6072624
2025-01-13,FPT,185050.0,185950.0,185050.0,185700.0,5415774
2025-01-14,FPT,185650.0,186500.0,185300.0,185650.0,6676462
2025-01-15,FPT,186450.0,187600.0,183150.0,184850.0,4985084
2025-01-16,FPT,185250.0,186100.0,183050.0,183950.0,7126054
2025-01-17,FPT,183950.0,187950.0,182300.0,187650.0,5346161
2025-01-20,FPT,187950.0,189550.0,184050.0,184850.0,8626622
2025-01-21,FPT,184050.0,187200.0,182750.0,186700.0,5620043
2025-01-22,FPT,186700.0,186900.0,184550.0,186250.0,5336601
2025-01-23,FPT,185950.0,186600.0,178650.0,179300.0,8699797
2025-01-24,FPT,178500.0,185400.0,177050.0,183600.0,6396248
2025-01-27,FPT,183950.0,188150.0,183700.0,187450.0,7183353
2025-01-28,FPT,186200.0,195550.0,183400.0,195200.0,9614116
2025-01-29,FPT,193650.0,201450.0,193300.0,201300.0,6754547
2025-01-30,FPT,200200.0,203250.0,199850.0,203200.0,5419634
2025-01-31,FPT,202900.0,203850.0,202900.0,203750.0,4124183
2025-02-03,FPT,202900.0,204300.0,201600.0,203700.0,7374790
2025-02-04,FPT,204350.0,208450.0,202500.0,208150.0,7217266
2025-02-05,FPT,207350.0,207550.0,204100.0,204400.0,6943183
2025-02-06,FPT,203450.0,206700.0,202500.0,206350.0,5574541
2025-02-07,FPT,206750.0,208450.0,205000.0,206050.0,7282785
2025-02-10,FPT,206850.0,207750.0,202650.0,202650.0,7578567
2025-02-11,FPT,202200.0,204900.0,201600.0,203250.0,5514210
2025-02-12,FPT,202450.0,207800.0,201150.0,206800.0,6202150
2025-02-13,FPT,205950.0,222200.0,205400.0,217800.0,10678533
2025-02-14,FPT,217250.0,218650.0,215950.0,217200.0,6809775
2025-02-17,FPT,217350.0,223950.0,216650.0,222100.0,8680630
2025-02-18,FPT,221050.0,223950.0,219650.0,222600.0,4467000
2025-02-19,FPT,222450.0,229350.0,222100.0,228900.0,7687644
2025-02-20,FPT,229050.0,231000.0,224900.0,226150.0,6782118
2025-02-21,FPT,225050.0,229900.0,225000.0,227250.0,8000198
2025-02-24,FPT,227350.0,231750.0,225850.0,231250.0,5479905
2025-02-25,FPT,230750.0,235550.0,228900.0,235000.0,8054296
2025-02-26,FPT,235500.0,236000.0,234750.0,235950.0,3889220
2025-02-27,FPT,235950.0,237250.0,232300.0,234900.0,7813227
2025-02-28,FPT,234750.0,237050.0,234650.0,234900.0,5664939
2025-03-03,FPT,234550.0,234850.0,231500.0,232450.0,6048219
2025-03-04,FPT,233100.0,234700.0,231750.0,234500.0,5919669
2025-03-05,FPT,236250.0,237000.0,233900.0,234000.0,5730425
2025-03-06,FPT,233750.0,234100.0,233300.0,234050.0,5149582
2025-03-07,FPT,233550.0,234200.0,227800.0,228700.0,5320721
2025-03-10,FPT,228650.0,229250.0,226150.0,227700.0,6163758
2025-03-11,FPT,228550.0,232300.0,223350.0,223800.0,6542659
2025-03-12,FPT,224000.0,224100.0,222000.0,223200.0,4242026
2025-03-13,FPT,223550.0,224100.0,214300.0,215450.0,8632502
2025-03-14,FPT,214200.0,216050.0,213900.0,215450.0,4652653
2025-03-17,FPT,215150.0,217200.0,213850.0,217050.0,6015276
2025-03-18,FPT,216150.0,217350.0,212550.0,212950.0,6015627
2025-03-19,FPT,213600.0,214500.0,210800.0,211800.0,5626238
2025-03-20,FPT,211650.0,214600.0,210450.0,212650.0,6273154
2025-03-21,FPT,212350.0,212450.0,212000.0,212150.0,4294099
2025-03-24,FPT,211250.0,211900.0,210600.0,210850.0,6934279
2025-03-25,FPT,211350.0,212800.0,211200.0,211600.0,5439973
2025-03-26,FPT,210550.0,216750.0,210450.0,214850.0,7709695
2025-03-27,FPT,215550.0,215550.0,211550.0,213500.0,5641810
2025-03-28,FPT,215100.0,217750.0,211300.0,212050.0,8778551
2025-03-31,FPT,211450.0,212650.0,210600.0,211850.0,4076111
2025-04-01,FPT,211100.0,212650.0,210900.0,212000.0,3743073
2025-04-02,FPT,212650.0,215100.0,212200.0,213050.0,7253599
2025-04-03,FPT,213850.0,215650.0,211050.0,211150.0,4884619
2025-04-04,FPT,210500.0,212600.0,209200.0,210200.0,7541405
2025-04-07,FPT,209500.0,212100.0,201950.0,202700.0,9144252
2025-04-08,FPT,202400.0,207100.0,201450.0,205200.0,8215555
2025-04-09,FPT,204450.0,206850.0,204000.0,206150.0,5684365
2025-04-10,FPT,206050.0,208900.0,204850.0,205300.0,7757458
2025-04-11,FPT,205200.0,210000.0,205000.0,209300.0,7149237
2025-04-14,FPT,209750.0,210400.0,207450.0,208600.0,7097609
2025-04-15,FPT,208900.0,209000.0,207950.0,208050.0,4187527
2025-04-16,FPT,208200.0,209150.0,205300.0,205450.0,5098369
2025-04-17,FPT,204800.0,206350.0,204100.0,204750.0,6269776
2025-04-18,FPT,205700.0,207150.0,205150.0,205950.0,4628105
2025-04-21,FPT,205450.0,205900.0,197300.0,197450.0,8862594
2025-04-22,FPT,196450.0,197750.0,196200.0,197050.0,6966278
2025-04-23,FPT,197950.0,198450.0,194050.0,194800.0,7788760
2025-04-24,FPT,193400.0,195050.0,192000.0,193700.0,5430899
2025-04-25,FPT,193500.0,195000.0,184950.0,186250.0,7131656
2025-04-28,FPT,186750.0,188500.0,185650.0,186500.0,5703887
2025-04-29,FPT,188000.0,191050.0,186800.0,190900.0,5101961
2025-04-30,FPT,190450.0,191300.0,187550.0,189450.0,6610279
2025-05-01,FPT,189600.0,192100.0,189300.0,189850.0,5989281
2025-05-02,FPT,190350.0,190400.0,184450.0,185100.0,7457862
2025-05-05,FPT,185100.0,185800.0,181050.0,183000.0,5764495
2025-05-06,FPT,182250.0,182800.0,181400.0,181650.0,5292215
2025-05-07,FPT,181850.0,183600.0,178400.0,181050.0,5505346
2025-05-08,FPT,180850.0,186350.0,180400.0,185450.0,7969246
2025-05-09,FPT,185650.0,185650.0,181000.0,181950.0,8468415
2025-05-12,FPT,181700.0,181850.0,176550.0,178250.0,7300044
2025-05-13,FPT,178900.0,179100.0,172550.0,172750.0,6997429
2025-05-14,FPT,172350.0,174550.0,172050.0,174150.0,7657578
2025-05-15,FPT,175650.0,176050.0,167100.0,167750.0,6961070
2025-05-16,FPT,167800.0,169150.0,162300.0,164500.0,6081834
2025-05-19,FPT,162950.0,166750.0,160500.0,166700.0,7068731
2025-05-20,FPT,166800.0,172650.0,166500.0,172450.0,5998418
2025-05-21,FPT,171900.0,173850.0,171700.0,173600.0,6032079
2025-05-22,FPT,174100.0,175150.0,168450.0,169600.0,8760631
2025-05-23,FPT,168350.0,172100.0,167750.0,169950.0,6109126
2025-05-26,FPT,169600.0,173900.0,169050.0,172950.0,7468027
2025-05-27,FPT,172650.0,176950.0,172300.0,176750.0,7623595
2025-05-28,FPT,177650.0,180350.0,177000.0,179800.0,7308663
2025-05-29,FPT,181300.0,181950.0,180850.0,181100.0,6335655
2025-05-30,FPT,180900.0,185700.0,180400.0,185550.0,5521200
2025-06-02,FPT,186000.0,188250.0,185800.0,187200.0,4308427
2025-06-03,FPT,187400.0,195800.0,186900.0,194500.0,8969582
2025-06-04,FPT,194150.0,194250.0,193500.0,193700.0,4049624
2025-06-05,FPT,192750.0,192800.0,187350.0,188300.0,6437144
2025-06-06,FPT,189450.0,189600.0,185950.0,187300.0,4721667
2025-06-09,FPT,186000.0,192400.0,185800.0,190900.0,7321478
2025-06-10,FPT,192250.0,194050.0,192000.0,193450.0,5214626
2025-06-11,FPT,194800.0,195750.0,192650.0,193550.0,6122899
2025-06-12,FPT,192150.0,193150.0,190250.0,192700.0,6431835
2025-06-13,FPT,192200.0,196400.0,190050.0,194950.0,8706567
2025-06-16,FPT,195350.0,195650.0,192450.0,192900.0,6276899
2025-06-17,FPT,193600.0,193700.0,192150.0,192400.0,6231802
2025-06-18,FPT,192450.0,200450.0,192300.0,197050.0,6667732
2025-06-19,FPT,197100.0,198800.0,197100.0,198350.0,5411184
2025-06-20,FPT,198850.0,199050.0,195450.0,196950.0,6246276
2025-06-23,FPT,195200.0,200950.0,194650.0,199050.0,6966739
2025-06-24,FPT,199300.0,201250.0,198300.0,200900.0,4474795
2025-06-25,FPT,201000.0,204400.0,200150.0,204050.0,7427184
2025-06-26,FPT,203300.0,206250.0,201700.0,202050.0,7550404
2025-06-27,FPT,200350.0,202100.0,199450.0,201200.0,5960703
2025-06-30,FPT,202050.0,208100.0,201700.0,207500.0,6126841
2025-07-01,FPT,206650.0,209850.0,206500.0,207100.0,5806882
2025-07-02,FPT,206800.0,209300.0,205950.0,208650.0,7155928
2025-07-03,FPT,210450.0,216000.0,210100.0,213950.0,6311946
2025-07-04,FPT,214850.0,219250.0,213150.0,218500.0,5771041
2025-07-07,FPT,217650.0,217700.0,212100.0,214950.0,8041216
2025-07-08,FPT,215950.0,217300.0,208650.0,209700.0,8090075
2025-07-09,FPT,209650.0,211800.0,208950.0,209000.0,6899736
2025-07-10,FPT,208250.0,213450.0,206700.0,212050.0,8812397
2025-07-11,FPT,211600.0,212100.0,210700.0,212000.0,4407893
2025-07-14,FPT,211650.0,212800.0,209750.0,210150.0,4954321
2025-07-15,FPT,210000.0,215450.0,209050.0,215400.0,7943995
2025-07-16,FPT,215950.0,220600.0,215150.0,218800.0,8353574
2025-07-17,FPT,218750.0,226450.0,218600.0,223250.0,8573038
2025-07-18,FPT,223150.0,224450.0,221500.0,223200.0,7333197
2025-07-21,FPT,222700.0,225200.0,222100.0,224200.0,4243974
2025-07-22,FPT,224750.0,225650.0,220000.0,221350.0,7633225
2025-07-23,FPT,222100.0,222950.0,217400.0,218150.0,6146144
2025-07-24,FPT,219350.0,223250.0,218550.0,222200.0,6426911
2025-07-25,FPT,223700.0,225050.0,222500.0,222650.0,6403770
2025-07-28,FPT,222750.0,228450.0,221150.0,227950.0,7939439
2025-07-29,FPT,228000.0,231850.0,226650.0,230750.0,5538073
2025-07-30,FPT,230600.0,232250.0,227600.0,228750.0,6666775
2025-07-31,FPT,228900.0,230200.0,228050.0,229200.0,6844606
2025-08-01,FPT,227550.0,228650.0,226450.0,228250.0,5624230
2025-08-04,FPT,227650.0,228700.0,226800.0,228650.0,5518566
2025-08-05,FPT,228950.0,229750.0,228350.0,229200.0,5982108
2025-08-06,FPT,228650.0,232800.0,228150.0,231750.0,6921593
2025-08-07,FPT,233200.0,233450.0,230200.0,230200.0,5489656
2025-08-08,FPT,231450.0,232650.0,227900.0,229700.0,6413286
2025-08-11,FPT,230450.0,232050.0,229400.0,229550.0,7524042
2025-08-12,FPT,228800.0,230500.0,228200.0,230400.0,6417294
2025-08-13,FPT,231000.0,234500.0,228650.0,232900.0,5436377
2025-08-14,FPT,232300.0,245550.0,231250.0,245000.0,8907884
2025-08-15,FPT,245700.0,246750.0,243650.0,244600.0,5868604
2025-08-18,FPT,245400.0,246350.0,238700.0,241300.0,7347945
2025-08-19,FPT,240200.0,240450.0,237200.0,237950.0,6534441
2025-08-20,FPT,237550.0,245100.0,237550.0,241800.0,7377274
2025-08-21,FPT,241800.0,241950.0,238650.0,240750.0,6301157
2025-08-22,FPT,239850.0,242450.0,235450.0,238550.0,8570175
2025-08-25,FPT,237400.0,238000.0,235050.0,235800.0,5207143
2025-08-26,FPT,235350.0,239150.0,235150.0,237650.0,5458155
2025-08-27,FPT,237800.0,238150.0,229750.0,231200.0,8615171
2025-08-28,FPT,231000.0,233850.0,227000.0,227700.0,6843772
2025-08-29,FPT,228350.0,231450.0,225400.0,227400.0,7384812
2025-09-01,FPT,225950.0,230650.0,225500.0,229250.0,6561042
2025-09-02,FPT,226650.0,230950.0,225200.0,230900.0,7699643
2025-09-03,FPT,231450.0,235500.0,230800.0,235050.0,7374704
2025-09-04,FPT,236750.0,238000.0,234750.0,235350.0,4997332
2025-09-05,FPT,236500.0,236600.0,234750.0,235200.0,4787559
2025-09-08,FPT,234600.0,235050.0,228550.0,231050.0,7377756
2025-09-09,FPT,230300.0,236800.0,230000.0,236400.0,7159372
2025-09-10,FPT,234750.0,237800.0,233950.0,236650.0,5691729
2025-09-11,FPT,237450.0,237900.0,235350.0,235750.0,6257856
2025-09-12,FPT,236450.0,237700.0,235000.0,237250.0,5037742
2025-09-15,FPT,236450.0,242500.0,234650.0,242150.0,7090913
2025-09-16,FPT,240600.0,246650.0,239050.0,243950.0,7554701
2025-09-17,FPT,243200.0,243200.0,237250.0,238200.0,7020404
2025-09-18,FPT,237550.0,241200.0,237550.0,239050.0,6133258
2025-09-19,FPT,239150.0,239900.0,237450.0,238350.0,4564021
2025-09-22,FPT,238550.0,242050.0,236500.0,236700.0,8061619
2025-09-23,FPT,235950.0,242100.0,234550.0,240350.0,8608266
2025-09-24,FPT,240800.0,241050.0,236200.0,236850.0,7567731
2025-09-25,FPT,238000.0,238150.0,232600.0,234200.0,8132855
2025-09-26,FPT,234800.0,240950.0,234700.0,238300.0,4985894
2025-09-29,FPT,237350.0,240150.0,236950.0,237850.0,6337830
2025-09-30,FPT,238100.0,244250.0,236450.0,243650.0,7284308
2025-10-01,FPT,243200.0,247250.0,243100.0,246950.0,5151210
2025-10-02,FPT,246100.0,248050.0,242050.0,243350.0,6852783
2025-10-03,FPT,243000.0,248200.0,241900.0,245600.0,7307071
2025-10-06,FPT,246700.0,249750.0,239900.0,242350.0,6396355
2025-10-07,FPT,242650.0,244500.0,233350.0,235350.0,8003018
2025-10-08,FPT,236500.0,240300.0,235950.0,239000.0,6307628
2025-10-09,FPT,239750.0,243900.0,239150.0,242450.0,6692031
2025-10-10,FPT,241800.0,245450.0,241700.0,243950.0,6776142
2025-10-13,FPT,242950.0,244100.0,241900.0,241950.0,7097538
2025-10-14,FPT,243550.0,247800.0,242900.0,245950.0,7554300
2025-10-15,FPT,244200.0,251150.0,241950.0,250650.0,8715644
2025-10-16,FPT,250800.0,251550.0,250450.0,251300.0,4182159
2025-10-17,FPT,252850.0,254150.0,250950.0,252350.0,6943947
2025-10-20,FPT,252900.0,258600.0,252350.0,257450.0,6451115
2025-10-21,FPT,258900.0,264500.0,258050.0,262550.0,5398369
2025-10-22,FPT,262500.0,265300.0,261650.0,263550.0,5266469
2025-10-23,FPT,263650.0,271000.0,260200.0,268600.0,7934049
2025-10-24,FPT,268300.0,269900.0,266550.0,267800.0,4659351
2025-10-27,FPT,269200.0,278450.0,267100.0,276050.0,8922593
2025-10-28,FPT,277550.0,280400.0,269400.0,271550.0,8135145
2025-10-29,FPT,272400.0,272850.0,268300.0,269450.0,4495222
2025-10-30,FPT,269850.0,270550.0,264250.0,266750.0,5294095
2025-10-31,FPT,266050.0,269000.0,261600.0,261750.0,7307301
2025-11-03,FPT,262100.0,264000.0,258750.0,263200.0,6175059
2025-11-04,FPT,263050.0,264350.0,261250.0,261550.0,7158891
2025-11-05,FPT,260750.0,263800.0,259250.0,259450.0,5533515
2025-11-06,FPT,261000.0,265200.0,258800.0,265000.0,5775733
2025-11-07,FPT,265300.0,265550.0,258500.0,260050.0,6476459
2025-11-10,FPT,262750.0,263750.0,255900.0,257650.0,6270186
2025-11-11,FPT,257300.0,258500.0,254550.0,255700.0,5164693
2025-11-12,FPT,255450.0,257750.0,253450.0,256450.0,5641145
2025-11-13,FPT,256450.0,256900.0,249300.0,252600.0,7339474
2025-11-14,FPT,252000.0,252850.0,252000.0,252800.0,3771077
2025-11-17,FPT,252450.0,256950.0,251500.0,256650.0,6959768
2025-11-18,FPT,255900.0,256200.0,251600.0,253500.0,5998903
2025-11-19,FPT,252800.0,254400.0,251300.0,254100.0,5380068
2025-11-20,FPT,253950.0,256600.0,252950.0,254950.0,7631668
2025-11-21,FPT,255700.0,257550.0,251400.0,253000.0,6008471
2025-11-24,FPT,255700.0,258300.0,252900.0,256850.0,6923992
2025-11-25,FPT,256000.0,256500.0,251100.0,251600.0,6890510
2025-11-26,FPT,252300.0,252800.0,249250.0,250450.0,6994250
2025-11-27,FPT,250450.0,251400.0,243400.0,245400.0,8807623
2025-11-28,FPT,245950.0,249150.0,245900.0,246850.0,5186645
2025-12-01,FPT,245600.0,248200.0,236850.0,238250.0,6714241
2025-12-02,FPT,238700.0,246350.0,236050.0,244550.0,6059570
2025-12-03,FPT,244100.0,249950.0,242350.0,248250.0,7328022
2025-12-04,FPT,249150.0,253200.0,245850.0,252900.0,8263090
2025-12-05,FPT,253000.0,254100.0,251800.0,253700.0,3767863
2025-12-08,FPT,253450.0,256050.0,252200.0,255900.0,5962184
2025-12-09,FPT,255050.0,257100.0,255050.0,256750.0,6766886
2025-12-10,FPT,256500.0,258250.0,253450.0,255250.0,6904241
2025-12-11,FPT,255300.0,266750.0,252200.0,264250.0,10329429
2025-12-12,FPT,263100.0,263500.0,259350.0,261450.0,6120202
2025-12-15,FPT,260600.0,264400.0,259750.0,262400.0,4607450
2025-12-16,FPT,260000.0,269250.0,258700.0,268700.0,7349566
2025-12-17,FPT,268250.0,276550.0,266500.0,275000.0,7890217
2025-12-18,FPT,274650.0,283600.0,270300.0,283450.0,7868153
2025-12-19,FPT,284600.0,287100.0,280150.0,282200.0,6970689
2025-12-22,FPT,282850.0,285450.0,281800.0,284650.0,5741029
2025-12-23,FPT,285750.0,286100.0,277150.0,278950.0,5719525
2025-12-24,FPT,279500.0,282650.0,278100.0,281250.0,5788753
2025-12-25,FPT,279300.0,284800.0,276300.0,284100.0,6676491
2025-12-26,FPT,285150.0,292100.0,284450.0,291500.0,5422995
2025-12-29,FPT,291250.0,291600.0,287700.0,288400.0,6811441
2025-12-30,FPT,288950.0,289450.0,288150.0,289000.0,4813533
2025-12-31,FPT,289150.0,293150.0,286650.0,292550.0,5058813
2026-01-01,FPT,291050.0,294000.0,290400.0,292550.0,6971011
2026-01-02,FPT,294150.0,301500.0,293700.0,299100.0,7601658
2026-01-05,FPT,299150.0,302250.0,296550.0,298000.0,5939711
2026-01-06,FPT,298350.0,299200.0,294400.0,297750.0,6986665
2026-01-07,FPT,299550.0,299850.0,294900.0,297950.0,5661999
2026-01-08,FPT,298350.0,299650.0,292000.0,294800.0,6964049
2026-01-09,FPT,295500.0,296000.0,293150.0,293750.0,5968536
2026-01-12,FPT,292500.0,292700.0,291600.0,291750.0,6192082
2026-01-13,FPT,293400.0,301600.0,292550.0,301150.0,8270166
2026-01-14,FPT,301950.0,308500.0,301250.0,306450.0,4853517
2026-01-15,FPT,307250.0,308350.0,301400.0,305150.0,4892820
2026-01-16,FPT,306050.0,306450.0,299100.0,299550.0,6942813
2026-01-19,FPT,299300.0,300550.0,292250.0,293850.0,7033257
2026-01-20,FPT,295050.0,297300.0,290050.0,290650.0,6565305
2026-01-21,FPT,291250.0,295250.0,290300.0,294650.0,6838615
2026-01-22,FPT,295650.0,297200.0,291000.0,291700.0,6913456
2026-01-23,FPT,290850.0,292050.0,289400.0,289900.0,4271394
2026-01-26,FPT,290850.0,292600.0,284350.0,284600.0,6565356
2026-01-27,FPT,285000.0,285150.0,282850.0,284700.0,6406614
2026-01-28,FPT,281350.0,291050.0,278350.0,288750.0,9093277
2026-01-29,FPT,289250.0,290400.0,279050.0,281350.0,7114499
2026-01-30,FPT,280950.0,283350.0,280500.0,281700.0,6559500
2026-02-02,FPT,279800.0,281300.0,278800.0,279900.0,6917378
2026-02-03,FPT,280850.0,282550.0,278950.0,279700.0,5634211
2026-02-04,FPT,279750.0,286000.0,279700.0,284300.0,5436888
2026-02-05,FPT,284050.0,296250.0,280950.0,295100.0,9837987
2026-02-06,FPT,294600.0,297050.0,294500.0,296600.0,6005387
2026-02-09,FPT,296800.0,297650.0,294150.0,295050.0,4052591
2026-02-10,FPT,294000.0,295700.0,290050.0,291650.0,5927649
2026-02-11,FPT,293300.0,300900.0,292850.0,298950.0,5113088
2026-02-12,FPT,299450.0,305100.0,299300.0,304300.0,6801858
2026-02-13,FPT,305900.0,307300.0,295800.0,298250.0,7530012
2026-02-16,FPT,298400.0,306700.0,297050.0,303200.0,7124865
2026-02-17,FPT,304300.0,305100.0,295750.0,299700.0,6126455
2026-02-18,FPT,298700.0,308150.0,298050.0,305500.0,7409953
2026-02-19,FPT,304700.0,312650.0,304000.0,312600.0,7744156
2026-02-20,FPT,312450.0,315200.0,308700.0,309800.0,5889526
2026-02-23,FPT,310750.0,312400.0,305850.0,308300.0,7721725
2026-02-24,FPT,308750.0,311450.0,308500.0,309750.0,5395726
2026-02-25,FPT,309450.0,314800.0,307950.0,312850.0,5200143
2026-02-26,FPT,312850.0,322500.0,312100.0,318500.0,7656104
2026-02-27,FPT,319850.0,323100.0,318300.0,322450.0,7710551
2026-03-02,FPT,323750.0,329600.0,322350.0,328400.0,8074582
2026-03-03,FPT,329350.0,331100.0,328100.0,329400.0,7058157
2026-03-04,FPT,328950.0,330000.0,328100.0,328900.0,4362004
2026-03-05,FPT,327350.0,334650.0,326900.0,332700.0,5625749
2026-03-06,FPT,330050.0,330250.0,320350.0,324150.0,6926760
2026-03-09,FPT,322900.0,335700.0,321650.0,334000.0,7839129
2026-03-10,FPT,333000.0,336000.0,325900.0,325950.0,7026060
2026-03-11,FPT,326350.0,334200.0,326050.0,330500.0,6908589
2026-03-12,FPT,330350.0,339400.0,330050.0,339000.0,8173369
2026-03-13,FPT,340150.0,342450.0,331850.0,332400.0,5974571
2026-03-16,FPT,334000.0,334000.0,332650.0,333800.0,6726796
2026-03-17,FPT,334200.0,343350.0,332300.0,343000.0,7679079
2026-03-18,FPT,343850.0,344750.0,336800.0,337500.0,7185522
2026-03-19,FPT,336450.0,341650.0,335400.0,341000.0,5112672
2026-03-20,FPT,341500.0,351250.0,340500.0,348500.0,8788244
2026-03-23,FPT,347650.0,355350.0,345200.0,351550.0,5919247
2026-03-24,FPT,350350.0,354000.0,350050.0,353200.0,5609118
2026-03-25,FPT,351050.0,351200.0,348700.0,351150.0,7009062
2026-03-26,FPT,352300.0,361350.0,349250.0,360750.0,7794900
2026-03-27,FPT,360350.0,360850.0,357050.0,358050.0,3869602
2026-03-30,FPT,358900.0,367400.0,354950.0,366650.0,7434860
2026-03-31,FPT,366400.0,370500.0,359050.0,359550.0,6037977
2026-04-01,FPT,357750.0,363750.0,357700.0,363450.0,4415615
2026-04-02,FPT,363500.0,368750.0,361250.0,367050.0,5241687
2026-04-03,FPT,367750.0,377600.0,367700.0,377550.0,8216252
2026-04-06,FPT,378250.0,380700.0,375800.0,377400.0,6762492
2026-04-07,FPT,379000.0,379900.0,371350.0,372500.0,6251526
2026-04-08,FPT,371550.0,372350.0,362000.0,362300.0,7641256
2026-04-09,FPT,360650.0,361950.0,359350.0,359550.0,5039015
2026-04-10,FPT,359500.0,366950.0,357250.0,366100.0,7473922
2026-04-13,FPT,367800.0,371500.0,363600.0,365550.0,7960434
2026-04-14,FPT,365600.0,380250.0,363800.0,377500.0,7091585
2026-04-15,FPT,378300.0,378400.0,368050.0,368300.0,7463957
2026-04-16,FPT,368200.0,369900.0,363200.0,365300.0,7468655
2026-04-17,FPT,365400.0,367050.0,359800.0,362150.0,4635819
2026-04-20,FPT,364950.0,370800.0,363850.0,365150.0,5654834
2026-04-21,FPT,363700.0,374900.0,359650.0,372100.0,7766054
2026-04-22,FPT,371250.0,382300.0,369450.0,380000.0,6948229
2026-04-23,FPT,381100.0,384900.0,371700.0,373100.0,6712957
2026-04-24,FPT,373400.0,377200.0,367250.0,369650.0,5621680
2026-04-27,FPT,367600.0,368300.0,361550.0,364700.0,4760758
2026-04-28,FPT,363500.0,364450.0,361200.0,363100.0,4453747
2026-04-29,FPT,363800.0,364350.0,358150.0,361400.0,5877439
2026-04-30,FPT,360900.0,365150.0,357750.0,358700.0,5404044
2026-05-01,FPT,358800.0,359650.0,356700.0,358600.0,5789218
2026-05-04,FPT,356800.0,359000.0,352450.0,354400.0,7732690
2026-05-05,FPT,354300.0,354800.0,350900.0,351600.0,6846943
2026-05-06,FPT,352250.0,363900.0,351850.0,360550.0,5671108
2026-05-07,FPT,359100.0,362250.0,358050.0,358500.0,4769924
2026-05-08,FPT,359000.0,360250.0,352700.0,354650.0,7097436
2026-05-11,FPT,357550.0,360750.0,355550.0,356250.0,4202574
2026-05-12,FPT,356750.0,360400.0,356200.0,358900.0,5272189
2026-05-13,FPT,359750.0,364950.0,359500.0,362400.0,4375537
2026-05-14,FPT,360850.0,366500.0,359700.0,365800.0,7483003
2026-05-15,FPT,366450.0,367450.0,365750.0,366750.0,3958143
2026-05-18,FPT,365750.0,371150.0,364850.0,367850.0,5398557
2026-05-19,FPT,370350.0,378100.0,369000.0,375850.0,5136942
2026-05-20,FPT,376600.0,380500.0,374350.0,378250.0,7756265
2026-05-21,FPT,377950.0,388450.0,377250.0,387200.0,7383077
2026-05-22,FPT,387300.0,390550.0,385750.0,390200.0,4210192
2026-05-25,FPT,390100.0,398450.0,389950.0,396950.0,4925668
2026-05-26,FPT,399800.0,400800.0,387850.0,391400.0,8244977
2026-05-27,FPT,391100.0,399900.0,391000.0,399100.0,6368100
2026-05-28,FPT,398700.0,410050.0,398450.0,409200.0,6680388
2026-05-29,FPT,407200.0,415150.0,407100.0,412700.0,4839572
2026-06-01,FPT,411550.0,419900.0,409850.0,419400.0,7969694
2026-06-02,FPT,418800.0,419550.0,413250.0,414550.0,6281824
2026-06-03,FPT,414400.0,416100.0,408900.0,411900.0,7463868
2026-06-04,FPT,412500.0,414250.0,410950.0,413750.0,3981570
2026-06-05,FPT,413200.0,420100.0,407500.0,407750.0,8384276
2026-06-08,FPT,407500.0,411400.0,403700.0,410700.0,5501562
2026-06-09,FPT,411850.0,415700.0,410200.0,415400.0,5103011
2026-06-10,FPT,415750.0,435500.0,410700.0,430000.0,7975118
2026-06-11,FPT,430250.0,442050.0,429300.0,438000.0,7317615
2026-06-12,FPT,437750.0,438150.0,430700.0,435600.0,4535577
2026-06-15,FPT,437650.0,458750.0,437100.0,457250.0,8388002
2026-06-16,FPT,456800.0,459800.0,444100.0,445900.0,7379798
2026-06-17,FPT,446600.0,452400.0,445700.0,448450.0,7336621
2026-06-18,FPT,449450.0,454500.0,439650.0,440850.0,6985474
2026-06-19,FPT,441450.0,445300.0,440300.0,444350.0,4044396
2026-06-22,FPT,442550.0,447250.0,442250.0,444200.0,5854786
2026-06-23,FPT,444100.0,450300.0,442550.0,449600.0,4597135
2026-06-24,FPT,448200.0,449200.0,439750.0,447350.0,7435939
2026-06-25,FPT,446150.0,460500.0,445850.0,456550.0,6634866
2026-06-26,FPT,457900.0,471750.0,457600.0,467450.0,6414384
2026-06-29,FPT,466250.0,467900.0,452650.0,455300.0,7173195
2026-06-30,FPT,455850.0,463250.0,455850.0,460850.0,4935571
2026-07-01,FPT,460300.0,472000.0,460100.0,469250.0,5111701
2026-07-02,FPT,471000.0,475400.0,465150.0,465350.0,7460692
2026-07-03,FPT,465850.0,469000.0,463400.0,464450.0,5355987
2026-07-06,FPT,466550.0,477200.0,463750.0,473350.0,6825061
2026-07-07,FPT,474150.0,479700.0,459150.0,460750.0,6490430
2026-07-08,FPT,460900.0,464950.0,440300.0,441050.0,7806290
2026-07-09,FPT,441450.0,443700.0,433200.0,433500.0,7661889
2026-07-10,FPT,435400.0,436250.0,417550.0,421650.0,9228688
2026-07-13,FPT,421750.0,424900.0,415150.0,418200.0,6925762
2026-07-14,FPT,421650.0,422950.0,420950.0,421850.0,5078126
2026-07-15,FPT,421850.0,422150.0,421050.0,421800.0,4090638
2026-07-16,FPT,423300.0,429000.0,419950.0,425900.0,6315591
2026-07-17,FPT,426550.0,430150.0,422200.0,423100.0,7535034
2026-07-20,FPT,423300.0,424500.0,419400.0,424250.0,4598337
2026-07-21,FPT,425600.0,430150.0,423800.0,429600.0,7384687
2026-07-22,FPT,429400.0,430900.0,423950.0,424100.0,5199465
2026-07-23,FPT,423850.0,424000.0,420750.0,423450.0,6047177
2026-07-24,FPT,427150.0,431800.0,417100.0,420200.0,6153633
2026-07-27,FPT,419600.0,420550.0,417850.0,418250.0,3734459
2026-07-28,FPT,419450.0,421900.0,413450.0,414950.0,6985829
2026-07-29,FPT,415150.0,415900.0,411550.0,412250.0,5488228
2026-07-30,FPT,415400.0,415600.0,409700.0,411350.0,4923162
2026-07-31,FPT,412550.0,415600.0,388800.0,390600.0,7959652
2026-08-03,FPT,390000.0,392500.0,386950.0,390100.0,4773773
2026-08-04,FPT,391550.0,393050.0,389200.0,392300.0,4784168
2026-08-05,FPT,391200.0,392950.0,389800.0,392100.0,5552005
2026-08-06,FPT,391300.0,404150.0,390300.0,401000.0,7942274
2026-08-07,FPT,400400.0,402550.0,395750.0,399950.0,5223170
2026-08-10,FPT,402200.0,402400.0,400950.0,401750.0,3939755
2026-08-11,FPT,401500.0,402650.0,394250.0,396300.0,4990453
2026-08-12,FPT,395150.0,402950.0,394050.0,402500.0,6203208
2026-08-13,FPT,403000.0,403950.0,401450.0,402750.0,5427074
2026-08-14,FPT,404200.0,407500.0,400750.0,406700.0,6839181
2026-08-17,FPT,407550.0,411950.0,401300.0,411350.0,5162969
2026-08-18,FPT,408800.0,409950.0,402850.0,404350.0,7808195
2026-08-19,FPT,403900.0,405250.0,402100.0,402400.0,3799127
2026-08-20,FPT,404450.0,412650.0,403350.0,412350.0,7266173
2026-08-21,FPT,412650.0,416050.0,408950.0,410100.0,5738686
2026-08-24,FPT,411150.0,421700.0,407900.0,417000.0,8785391
2026-08-25,FPT,419350.0,422850.0,412350.0,416200.0,5064675
2026-08-26,FPT,418000.0,422500.0,415600.0,417600.0,4558973
2026-08-27,FPT,417300.0,417400.0,410600.0,411400.0,6444572
2026-08-28,FPT,410150.0,411550.0,405250.0,405250.0,7591977
2026-08-31,FPT,404400.0,405400.0,401700.0,404100.0,6483513
