Date,Symbol,Open,High,Low,Close,Volume
2018-01-01,HPG,21950.0,22100.0,21900.0,22000.0,23756554
2018-01-02,HPG,21950.0,22400.0,21900.0,22350.0,29597700
2018-01-03,HPG,22400.0,22450.0,22100.0,22350.0,32815280
2018-01-04,HPG,22300.0,23000.0,22200.0,23000.0,49318513
2018-01-05,HPG,23050.0,23550.0,22900.0,23500.0,32692819
2018-01-08,HPG,23500.0,24350.0,23450.0,24300.0,49399522
2018-01-09,HPG,24400.0,24850.0,24350.0,24800.0,32274337
2018-01-10,HPG,24850.0,25200.0,24750.0,24950.0,42104078
2018-01-11,HPG,25000.0,25650.0,24800.0,25600.0,52331502
2018-01-12,HPG,25650.0,25850.0,25350.0,25500.0,46431693
2018-01-15,HPG,25450.0,25600.0,25400.0,25550.0,38832515
2018-01-16,HPG,25450.0,26650.0,25350.0,26450.0,42543152
2018-01-17,HPG,26400.0,26800.0,26400.0,26650.0,27283975
2018-01-18,HPG,26650.0,26750.0,26350.0,26600.0,37262113
2018-01-19,HPG,26350.0,27250.0,26150.0,26800.0,53690471
2018-01-22,HPG,26550.0,27200.0,26350.0,27000.0,52190398
2018-01-23,HPG,27100.0,27200.0,27000.0,27100.0,26241231
2018-01-24,HPG,27050.0,27500.0,27050.0,27400.0,45155161
2018-01-25,HPG,27400.0,27550.0,27200.0,27200.0,45326751
2018-01-26,HPG,27100.0,27900.0,26950.0,27850.0,48718103
2018-01-29,HPG,27950.0,28850.0,27950.0,28750.0,47428356
2018-01-30,HPG,29000.0,29100.0,28050.0,28200.0,41536166
2018-01-31,HPG,28100.0,28550.0,27850.0,28300.0,35156209
2018-02-01,HPG,28350.0,28450.0,28200.0,28350.0,45039431
2018-02-02,HPG,28450.0,28600.0,28100.0,28250.0,29159374
2018-02-05,HPG,28200.0,28450.0,27700.0,27750.0,35739971
2018-02-06,HPG,27850.0,28950.0,27750.0,28600.0,37945796
2018-02-07,HPG,28600.0,29450.0,28600.0,29400.0,31905250
2018-02-08,HPG,29150.0,31000.0,29000.0,30900.0,58063219
2018-02-09,HPG,30800.0,31950.0,30750.0,31550.0,39439901
2018-02-12,HPG,31500.0,31550.0,29950.0,30200.0,47795578
2018-02-13,HPG,30050.0,30650.0,29950.0,30550.0,38599528
2018-02-14,HPG,30350.0,30350.0,29500.0,29700.0,38431420
2018-02-15,HPG,29800.0,29850.0,29000.0,29050.0,45044055
2018-02-16,HPG,29000.0,29500.0,28900.0,29450.0,29602937
2018-02-19,HPG,29450.0,30350.0,29300.0,30300.0,51631026
2018-02-20,HPG,30550.0,30600.0,29350.0,29600.0,44587184
2018-02-21,HPG,29650.0,29950.0,29600.0,29750.0,36710865
2018-02-22,HPG,29600.0,31050.0,29250.0,30700.0,53443354
2018-02-23,HPG,30550.0,30600.0,30000.0,30150.0,35064717
2018-02-26,HPG,30200.0,32100.0,29950.0,31800.0,57639350
2018-02-27,HPG,31800.0,32300.0,31600.0,32050.0,45024648
2018-02-28,HPG,32000.0,32250.0,31750.0,32100.0,32396935
2018-03-01,HPG,32350.0,33450.0,32250.0,33350.0,50900470
2018-03-02,HPG,33400.0,33650.0,32250.0,32600.0,56349239
2018-03-05,HPG,32650.0,32800.0,31650.0,32050.0,46687629
2018-03-06,HPG,32000.0,32300.0,31800.0,31900.0,39837316
2018-03-07,HPG,31800.0,33150.0,31700.0,32700.0,57902007
2018-03-08,HPG,32750.0,32900.0,31050.0,31100.0,51427295
2018-03-09,HPG,31100.0,32100.0,30850.0,32050.0,36597699
2018-03-12,HPG,32050.0,32050.0,31100.0,31400.0,42638857
2018-03-13,HPG,31450.0,31550.0,29450.0,29450.0,58994080
2018-03-14,HPG,29650.0,29850.0,29050.0,29050.0,48930589
2018-03-15,HPG,29000.0,30100.0,28850.0,29900.0,51164047
2018-03-16,HPG,30050.0,30100.0,28950.0,29000.0,38325152
2018-03-19,HPG,28950.0,29500.0,28700.0,29400.0,45350629
2018-03-20,HPG,29350.0,30450.0,29150.0,30350.0,42982300
2018-03-21,HPG,30350.0,30700.0,29700.0,29950.0,45390121
2018-03-22,HPG,30200.0,30850.0,29950.0,30800.0,52033447
2018-03-23,HPG,30850.0,31000.0,29400.0,29600.0,43572018
2018-03-26,HPG,29450.0,29600.0,28100.0,28200.0,50904324
2018-03-27,HPG,28200.0,28200.0,27900.0,28150.0,32177641
2018-03-28,HPG,28150.0,28200.0,26700.0,26850.0,62404941
2018-03-29,HPG,26750.0,27300.0,26700.0,27200.0,33717036
2018-03-30,HPG,27100.0,27750.0,26800.0,27650.0,54261304
2018-04-02,HPG,27650.0,28150.0,27300.0,27950.0,50094360
2018-04-03,HPG,27950.0,28300.0,27850.0,28200.0,34172320
2018-04-04,HPG,28200.0,29100.0,28100.0,29000.0,39314942
2018-04-05,HPG,28850.0,29550.0,28600.0,29350.0,42587365
2018-04-06,HPG,29400.0,29600.0,28950.0,29250.0,50583046
2018-04-09,HPG,29250.0,29450.0,28050.0,28150.0,61464307
2018-04-10,HPG,28350.0,28900.0,28150.0,28700.0,51592541
2018-04-11,HPG,28600.0,28600.0,28300.0,28600.0,31779081
2018-04-12,HPG,28550.0,28650.0,27200.0,27600.0,53659051
2018-04-13,HPG,27400.0,27600.0,27000.0,27200.0,44181158
2018-04-16,HPG,27100.0,27200.0,26900.0,26900.0,37348655
2018-04-17,HPG,26850.0,27200.0,26800.0,27150.0,29539234
2018-04-18,HPG,27150.0,27350.0,26900.0,27300.0,28483753
2018-04-19,HPG,27350.0,27550.0,26150.0,26400.0,54860886
2018-04-20,HPG,26350.0,26350.0,26200.0,26300.0,23989323
2018-04-23,HPG,26450.0,26700.0,26400.0,26650.0,44228692
2018-04-24,HPG,26750.0,27200.0,26200.0,26450.0,52741172
2018-04-25,HPG,26550.0,26700.0,26550.0,26600.0,38972934
2018-04-26,HPG,26500.0,26700.0,26300.0,26400.0,46859187
2018-04-27,HPG,26550.0,26900.0,26300.0,26650.0,33382932
2018-04-30,HPG,26850.0,28100.0,26800.0,27950.0,52686424
2018-05-01,HPG,28100.0,28150.0,26600.0,26800.0,50687590
2018-05-02,HPG,26850.0,27700.0,26650.0,27500.0,48646868
2018-05-03,HPG,27500.0,27650.0,27250.0,27550.0,43879314
2018-05-04,HPG,27500.0,28400.0,27500.0,28100.0,38330319
2018-05-07,HPG,28100.0,28750.0,28100.0,28650.0,35050644
2018-05-08,HPG,28650.0,28750.0,28500.0,28750.0,43331246
2018-05-09,HPG,28850.0,28900.0,28750.0,28750.0,37217440
2018-05-10,HPG,28800.0,29400.0,28750.0,29250.0,48067319
2018-05-11,HPG,29100.0,29350.0,28900.0,29250.0,29275769
2018-05-14,HPG,29100.0,29550.0,28900.0,29350.0,50765739
2018-05-15,HPG,29450.0,29550.0,29150.0,29150.0,43064513
2018-05-16,HPG,29250.0,29600.0,29050.0,29100.0,38061654
2018-05-17,HPG,29000.0,29600.0,28900.0,29450.0,31702360
2018-05-18,HPG,29350.0,31050.0,29300.0,30850.0,63426862
2018-05-21,HPG,30800.0,31300.0,30650.0,31000.0,39510871
2018-05-22,HPG,31100.0,31200.0,29300.0,29350.0,57153083
2018-05-23,HPG,29400.0,29700.0,29150.0,29500.0,47357628
2018-05-24,HPG,29400.0,29500.0,29300.0,29350.0,23756462
2018-05-25,HPG,29400.0,29650.0,29300.0,29550.0,35423420
2018-05-28,HPG,29650.0,29950.0,29550.0,29900.0,38088209
2018-05-29,HPG,29700.0,29700.0,29150.0,29500.0,31546756
2018-05-30,HPG,29650.0,30400.0,29500.0,30150.0,45875751
2018-05-31,HPG,30100.0,31400.0,29850.0,31300.0,60130664
2018-06-01,HPG,31000.0,31150.0,30800.0,30950.0,37833290
2018-06-04,HPG,31050.0,31400.0,31050.0,31250.0,37330352
2018-06-05,HPG,31250.0,32200.0,31150.0,31950.0,37346861
2018-06-06,HPG,32000.0,32200.0,31700.0,31800.0,45618982
2018-06-07,HPG,31950.0,32200.0,31200.0,31200.0,33887567
2018-06-08,HPG,31150.0,31550.0,31000.0,31500.0,41542747
2018-06-11,HPG,31500.0,32900.0,31400.0,32900.0,52586637
2018-06-12,HPG,32950.0,33200.0,31750.0,32000.0,60134640
2018-06-13,HPG,31850.0,31950.0,30550.0,30600.0,53502127
2018-06-14,HPG,30600.0,31700.0,30550.0,31650.0,56143643
2018-06-15,HPG,31800.0,32800.0,31750.0,32650.0,41670349
2018-06-18,HPG,32650.0,32800.0,31250.0,31500.0,54054004
2018-06-19,HPG,31600.0,32450.0,31300.0,32300.0,39050913
2018-06-20,HPG,32250.0,32550.0,32050.0,32450.0,29633816
2018-06-21,HPG,32300.0,32900.0,32200.0,32800.0,31266094
2018-06-22,HPG,32900.0,33850.0,32600.0,33550.0,46296093
2018-06-25,HPG,33600.0,33950.0,32500.0,32650.0,48828272
2018-06-26,HPG,32800.0,32800.0,32450.0,32500.0,26949435
2018-06-27,HPG,32300.0,32400.0,31650.0,31800.0,37031783
2018-06-28,HPG,31900.0,32300.0,31850.0,32300.0,33182845
2018-06-29,HPG,32600.0,32800.0,31550.0,31700.0,44586068
2018-07-02,HPG,31750.0,31800.0,31200.0,31300.0,32717301
2018-07-03,HPG,31350.0,32950.0,31100.0,32850.0,46404997
2018-07-04,HPG,32750.0,33150.0,32750.0,32900.0,38088984
2018-07-05,HPG,33050.0,33450.0,32850.0,33000.0,36296887
2018-07-06,HPG,33100.0,33100.0,32800.0,33000.0,32464672
2018-07-09,HPG,32900.0,34050.0,32750.0,33950.0,42138330
2018-07-10,HPG,33950.0,34250.0,33600.0,33650.0,34376689
2018-07-11,HPG,33700.0,35500.0,33650.0,35450.0,57353621
2018-07-12,HPG,35550.0,36750.0,35450.0,36400.0,53153051
2018-07-13,HPG,36400.0,36450.0,34850.0,35050.0,40179038
2018-07-16,HPG,34900.0,35200.0,34850.0,35150.0,45827147
2018-07-17,HPG,35100.0,35700.0,34850.0,35500.0,43485560
2018-07-18,HPG,35700.0,35900.0,35300.0,35300.0,32873945
2018-07-19,HPG,35400.0,36200.0,35000.0,36100.0,46890705
2018-07-20,HPG,36000.0,37450.0,35550.0,37200.0,60041601
2018-07-23,HPG,37400.0,37600.0,37000.0,37000.0,43382253
2018-07-24,HPG,36900.0,37650.0,36750.0,37600.0,34707203
2018-07-25,HPG,37550.0,37900.0,37350.0,37750.0,34663329
2018-07-26,HPG,37900.0,38200.0,36100.0,36300.0,47151692
2018-07-27,HPG,36350.0,36750.0,36050.0,36450.0,35860971
2018-07-30,HPG,36100.0,36900.0,35950.0,36850.0,49342247
2018-07-31,HPG,36700.0,36750.0,35850.0,35850.0,34020157
2018-08-01,HPG,35700.0,36800.0,35200.0,36650.0,39215662
2018-08-02,HPG,36650.0,36900.0,35150.0,35350.0,61801494
2018-08-03,HPG,35250.0,36200.0,34900.0,36050.0,40968536
2018-08-06,HPG,35700.0,37150.0,35400.0,36900.0,42249805
2018-08-07,HPG,36950.0,37900.0,36800.0,37600.0,38346153
2018-08-08,HPG,37750.0,38150.0,37200.0,37400.0,43659781
2018-08-09,HPG,37550.0,38250.0,37000.0,38150.0,45278723
2018-08-10,HPG,37950.0,38150.0,36950.0,37050.0,47359476
2018-08-13,HPG,37200.0,37600.0,36500.0,36550.0,53708277
2018-08-14,HPG,36750.0,36800.0,35750.0,36000.0,44454398
2018-08-15,HPG,36050.0,37800.0,35950.0,37050.0,61673626
2018-08-16,HPG,37050.0,37100.0,35900.0,36600.0,43368008
2018-08-17,HPG,36550.0,36650.0,35600.0,35650.0,42791667
2018-08-20,HPG,35600.0,35900.0,34950.0,35150.0,52394863
2018-08-21,HPG,35200.0,35300.0,34500.0,34900.0,34201868
2018-08-22,HPG,34850.0,35650.0,34800.0,35550.0,41576028
2018-08-23,HPG,35500.0,35550.0,33150.0,33400.0,60164396
2018-08-24,HPG,33350.0,33600.0,32950.0,32950.0,39197529
2018-08-27,HPG,32850.0,33050.0,32550.0,32650.0,29821515
2018-08-28,HPG,32600.0,32800.0,31900.0,32000.0,47675915
2018-08-29,HPG,32100.0,32850.0,31900.0,32650.0,34951348
2018-08-30,HPG,32700.0,32850.0,32450.0,32650.0,41412258
2018-08-31,HPG,32500.0,33850.0,32450.0,33700.0,47669123
2018-09-03,HPG,33850.0,33900.0,33400.0,33550.0,31990954
2018-09-04,HPG,33600.0,33800.0,33250.0,33400.0,27319469
2018-09-05,HPG,33600.0,33600.0,32900.0,33300.0,32718206
2018-09-06,HPG,33250.0,33350.0,32200.0,32400.0,38380876
2018-09-07,HPG,32500.0,33200.0,32450.0,32800.0,30075446
2018-09-10,HPG,32900.0,33500.0,32400.0,32550.0,37617286
2018-09-11,HPG,32450.0,33050.0,32400.0,32900.0,43023195
2018-09-12,HPG,32850.0,33650.0,32600.0,33600.0,47895146
2018-09-13,HPG,33650.0,33850.0,33600.0,33700.0,32077305
2018-09-14,HPG,33750.0,33800.0,33550.0,33750.0,43339178
2018-09-17,HPG,33800.0,33900.0,33350.0,33500.0,32419281
2018-09-18,HPG,33450.0,33650.0,33450.0,33600.0,36756237
2018-09-19,HPG,33750.0,34350.0,33400.0,34150.0,42890571
2018-09-20,HPG,34050.0,34200.0,33500.0,34000.0,36409881
2018-09-21,HPG,34000.0,34050.0,33050.0,33250.0,48885305
2018-09-24,HPG,33350.0,33550.0,32600.0,32650.0,47888277
2018-09-25,HPG,32650.0,33100.0,32350.0,32950.0,34567020
2018-09-26,HPG,33000.0,33050.0,31600.0,31750.0,46140968
2018-09-27,HPG,31750.0,31850.0,30500.0,30900.0,48900452
2018-09-28,HPG,30750.0,31000.0,30650.0,30950.0,35397435
2018-10-01,HPG,31000.0,31000.0,30800.0,31000.0,30108639
2018-10-02,HPG,31050.0,31150.0,30800.0,31100.0,24694056
2018-10-03,HPG,31150.0,31250.0,29950.0,30050.0,45996122
2018-10-04,HPG,30100.0,30650.0,29850.0,30600.0,45770549
2018-10-05,HPG,30650.0,31050.0,30450.0,31000.0,33927638
2018-10-08,HPG,30950.0,32800.0,30950.0,32400.0,46331791
2018-10-09,HPG,32300.0,32450.0,31400.0,31500.0,48186134
2018-10-10,HPG,31400.0,33600.0,31350.0,33550.0,53109459
2018-10-11,HPG,33650.0,34050.0,33250.0,33250.0,41712691
2018-10-12,HPG,33350.0,33550.0,32850.0,32850.0,40350102
2018-10-15,HPG,32850.0,33250.0,32700.0,33050.0,40694577
2018-10-16,HPG,33150.0,33950.0,33100.0,33700.0,36418443
2018-10-17,HPG,33850.0,34600.0,33700.0,34500.0,51839059
2018-10-18,HPG,34700.0,35450.0,34550.0,35350.0,41044381
2018-10-19,HPG,35250.0,35650.0,34500.0,34650.0,55874618
2018-10-22,HPG,34600.0,34850.0,33350.0,33450.0,42393970
2018-10-23,HPG,33550.0,33850.0,33150.0,33600.0,33107726
2018-10-24,HPG,33650.0,33900.0,33600.0,33850.0,41110414
2018-10-25,HPG,34050.0,36150.0,33700.0,35500.0,60791818
2018-10-26,HPG,35450.0,35900.0,35200.0,35700.0,46893114
2018-10-29,HPG,35700.0,35950.0,35500.0,35900.0,34796882
2018-10-30,HPG,35850.0,35950.0,35500.0,35500.0,46140930
2018-10-31,HPG,35700.0,37300.0,35450.0,37100.0,57411980
2018-11-01,HPG,37200.0,37850.0,37150.0,37400.0,32722485
2018-11-02,HPG,37600.0,37800.0,36800.0,37050.0,34671670
2018-11-05,HPG,37050.0,37200.0,35850.0,36200.0,53047512
2018-11-06,HPG,36350.0,36550.0,35500.0,35650.0,40711607
2018-11-07,HPG,35450.0,36500.0,35300.0,36300.0,50464710
2018-11-08,HPG,36300.0,36750.0,35850.0,36700.0,29927430
2018-11-09,HPG,36650.0,37050.0,36500.0,36650.0,33896998
2018-11-12,HPG,36600.0,36800.0,35600.0,35950.0,36733479
2018-11-13,HPG,36100.0,36600.0,35700.0,36400.0,41761753
2018-11-14,HPG,36350.0,37900.0,36150.0,37850.0,58412051
2018-11-15,HPG,37800.0,38550.0,37550.0,38500.0,44827619
2018-11-16,HPG,38750.0,39200.0,38450.0,39000.0,30566778
2018-11-19,HPG,39000.0,39950.0,38700.0,39900.0,54521760
2018-11-20,HPG,40100.0,40300.0,37750.0,37900.0,59315260
2018-11-21,HPG,37900.0,39000.0,37750.0,38800.0,50118444
2018-11-22,HPG,38850.0,39050.0,38250.0,38450.0,28378902
2018-11-23,HPG,38450.0,38550.0,38150.0,38550.0,37631723
2018-11-26,HPG,38150.0,38350.0,37900.0,38100.0,27752267
2018-11-27,HPG,38250.0,40300.0,38200.0,40250.0,42815552
2018-11-28,HPG,40600.0,41700.0,40350.0,41700.0,51521347
2018-11-29,HPG,42100.0,42350.0,41950.0,42000.0,39165280
2018-11-30,HPG,42000.0,43950.0,41650.0,43600.0,58615194
2018-12-03,HPG,43750.0,43900.0,43400.0,43500.0,46636721
2018-12-04,HPG,43450.0,44000.0,42950.0,43900.0,36410311
2018-12-05,HPG,43900.0,44800.0,43600.0,44500.0,35367799
2018-12-06,HPG,44400.0,45550.0,43900.0,45350.0,56723191
2018-12-07,HPG,45550.0,45700.0,44750.0,44900.0,29249361
2018-12-10,HPG,44650.0,45450.0,44500.0,45000.0,40031091
2018-12-11,HPG,45150.0,45200.0,42600.0,42750.0,50475042
2018-12-12,HPG,42500.0,43950.0,42500.0,43850.0,53653567
2018-12-13,HPG,43900.0,44100.0,43400.0,43500.0,41224468
2018-12-14,HPG,43450.0,43650.0,43350.0,43550.0,40819160
2018-12-17,HPG,43550.0,43750.0,42400.0,42400.0,45787352
2018-12-18,HPG,42350.0,43900.0,41900.0,43500.0,56649336
2018-12-19,HPG,43800.0,45500.0,43250.0,45450.0,53399975
2018-12-20,HPG,45450.0,46900.0,45150.0,46900.0,56379156
2018-12-21,HPG,47000.0,47500.0,46100.0,46350.0,38291753
2018-12-24,HPG,46450.0,47200.0,46150.0,47000.0,29314096
2018-12-25,HPG,46750.0,47850.0,46600.0,47550.0,52078164
2018-12-26,HPG,47600.0,49500.0,47400.0,49150.0,43567157
2018-12-27,HPG,49000.0,50300.0,48950.0,49950.0,33592010
2018-12-28,HPG,50000.0,51700.0,49950.0,51550.0,51627689
2018-12-31,HPG,51850.0,52050.0,51600.0,51800.0,41613147
2019-01-01,HPG,51800.0,52400.0,51700.0,52100.0,39158736
2019-01-02,HPG,51900.0,52300.0,51700.0,52200.0,28668232
2019-01-03,HPG,52150.0,52200.0,49200.0,49300.0,53826804
2019-01-04,HPG,49500.0,50850.0,49100.0,50500.0,51079197
2019-01-07,HPG,50200.0,50800.0,49000.0,49150.0,36707133
2019-01-08,HPG,49350.0,49900.0,48900.0,49500.0,29097100
2019-01-09,HPG,49700.0,49850.0,47550.0,47600.0,61971982
2019-01-10,HPG,47500.0,49400.0,47250.0,49200.0,59880673
2019-01-11,HPG,49350.0,49500.0,46750.0,47250.0,56696974
2019-01-14,HPG,47150.0,48950.0,47100.0,48700.0,45363738
2019-01-15,HPG,48600.0,49050.0,48300.0,48350.0,44378737
2019-01-16,HPG,48250.0,48450.0,47650.0,48000.0,37760794
2019-01-17,HPG,48050.0,48300.0,47700.0,48000.0,29309120
2019-01-18,HPG,48050.0,48300.0,47900.0,48150.0,32409271
2019-01-21,HPG,48350.0,48850.0,46600.0,47100.0,49492410
2019-01-22,HPG,47250.0,48250.0,46600.0,48050.0,45997625
2019-01-23,HPG,47750.0,48700.0,47750.0,48600.0,39295919
2019-01-24,HPG,49000.0,49050.0,47700.0,47750.0,44412497
2019-01-25,HPG,47900.0,49150.0,47600.0,48750.0,41564193
2019-01-28,HPG,48950.0,49250.0,47750.0,48000.0,51255802
2019-01-29,HPG,48300.0,49150.0,48000.0,48950.0,43041235
2019-01-30,HPG,49000.0,49350.0,49000.0,49200.0,23013455
2019-01-31,HPG,49150.0,49950.0,49000.0,49700.0,44035954
2019-02-01,HPG,49750.0,50450.0,49550.0,50400.0,29324031
2019-02-04,HPG,50900.0,52200.0,50600.0,52000.0,47070835
2019-02-05,HPG,52300.0,52500.0,50750.0,50750.0,50422733
2019-02-06,HPG,50900.0,52000.0,50900.0,51950.0,40058968
2019-02-07,HPG,51950.0,53600.0,51950.0,53200.0,36856362
2019-02-08,HPG,53500.0,54050.0,53400.0,53600.0,37816085
2019-02-11,HPG,53450.0,55300.0,53250.0,54750.0,47908583
2019-02-12,HPG,55150.0,55350.0,54200.0,54700.0,46353558
2019-02-13,HPG,54800.0,55350.0,53350.0,53400.0,38572822
2019-02-14,HPG,53100.0,53650.0,52900.0,53500.0,34066787
2019-02-15,HPG,53700.0,53750.0,52700.0,53000.0,45169588
2019-02-18,HPG,53300.0,53400.0,52000.0,52050.0,47954876
2019-02-19,HPG,52100.0,52700.0,52100.0,52550.0,25641522
2019-02-20,HPG,52750.0,55450.0,52700.0,55200.0,40557361
2019-02-21,HPG,55650.0,55750.0,55300.0,55750.0,38169529
2019-02-22,HPG,55700.0,57700.0,55400.0,57200.0,55459730
2019-02-25,HPG,57050.0,57800.0,56750.0,57750.0,41597535
2019-02-26,HPG,57500.0,58450.0,57100.0,58100.0,49527573
2019-02-27,HPG,57800.0,57950.0,57350.0,57850.0,31613607
2019-02-28,HPG,57800.0,58350.0,55850.0,56200.0,40836680
2019-03-01,HPG,56300.0,56950.0,56050.0,56650.0,37124186
2019-03-04,HPG,56800.0,57400.0,56350.0,57350.0,43549408
2019-03-05,HPG,57150.0,57500.0,56850.0,57450.0,28323636
2019-03-06,HPG,57550.0,57750.0,57300.0,57650.0,34025711
2019-03-07,HPG,57700.0,58300.0,56500.0,56950.0,39205247
2019-03-08,HPG,57000.0,57100.0,55000.0,55500.0,42207225
2019-03-11,HPG,55400.0,55800.0,55350.0,55750.0,34788231
2019-03-12,HPG,55850.0,57400.0,55400.0,57000.0,36296557
2019-03-13,HPG,57350.0,59150.0,56900.0,58950.0,48368979
2019-03-14,HPG,58750.0,58800.0,58050.0,58500.0,31785954
2019-03-15,HPG,58250.0,60650.0,58150.0,60500.0,49132707
2019-03-18,HPG,60050.0,61100.0,59750.0,61050.0,32807583
2019-03-19,HPG,61050.0,63300.0,60900.0,63250.0,37268489
2019-03-20,HPG,63250.0,64050.0,63000.0,63600.0,33540275
2019-03-21,HPG,63550.0,63650.0,61950.0,62550.0,44718898
2019-03-22,HPG,62750.0,63150.0,62150.0,62200.0,47636135
2019-03-25,HPG,62300.0,62500.0,60450.0,60650.0,39411251
2019-03-26,HPG,60950.0,61100.0,59100.0,59200.0,37002399
2019-03-27,HPG,59300.0,61150.0,58900.0,60650.0,55758095
2019-03-28,HPG,60400.0,61150.0,60350.0,60850.0,36404844
2019-03-29,HPG,60500.0,61900.0,60350.0,61800.0,40570080
2019-04-01,HPG,61800.0,62600.0,61050.0,62100.0,34620539
2019-04-02,HPG,62050.0,62250.0,61650.0,61850.0,24988308
2019-04-03,HPG,62050.0,63750.0,62000.0,63700.0,36723876
2019-04-04,HPG,64050.0,65700.0,63750.0,65350.0,38475592
2019-04-05,HPG,65500.0,65650.0,64200.0,64350.0,38537226
2019-04-08,HPG,64950.0,65350.0,64000.0,64150.0,30893679
2019-04-09,HPG,64050.0,64550.0,61600.0,61850.0,51631361
2019-04-10,HPG,61850.0,62050.0,60750.0,60950.0,38309340
2019-04-11,HPG,60400.0,62550.0,60050.0,61800.0,46272255
2019-04-12,HPG,62200.0,62600.0,61800.0,62300.0,33619162
2019-04-15,HPG,62500.0,62500.0,61100.0,61150.0,44321811
2019-04-16,HPG,60750.0,61600.0,60600.0,61450.0,37239223
2019-04-17,HPG,61200.0,64750.0,60600.0,64450.0,51753722
2019-04-18,HPG,64350.0,65750.0,64300.0,65600.0,42824948
2019-04-19,HPG,65150.0,65650.0,65100.0,65650.0,26533943
2019-04-22,HPG,65300.0,65400.0,63600.0,63600.0,40000310
2019-04-23,HPG,63400.0,66300.0,62850.0,65550.0,44500252
2019-04-24,HPG,65550.0,65850.0,63950.0,64250.0,43450744
2019-04-25,HPG,63900.0,63950.0,61800.0,62750.0,37868232
2019-04-26,HPG,62450.0,62550.0,60050.0,60450.0,45691270
2019-04-29,HPG,60600.0,61150.0,58300.0,58950.0,60696035
2019-04-30,HPG,58900.0,60000.0,58900.0,59450.0,34625865
2019-05-01,HPG,59450.0,60500.0,59000.0,60350.0,33470119
2019-05-02,HPG,60400.0,60700.0,59150.0,59250.0,32673382
2019-05-03,HPG,59300.0,59850.0,58850.0,59150.0,49096913
2019-05-06,HPG,59550.0,60000.0,59200.0,59600.0,38471217
2019-05-07,HPG,59800.0,61400.0,59650.0,60850.0,50002731
2019-05-08,HPG,60900.0,64000.0,60550.0,63650.0,61915804
2019-05-09,HPG,63250.0,65950.0,62800.0,65900.0,42927532
2019-05-10,HPG,65800.0,65950.0,65300.0,65700.0,34070163
2019-05-13,HPG,65650.0,65900.0,65650.0,65850.0,41500873
2019-05-14,HPG,66300.0,66650.0,64550.0,64550.0,35208347
2019-05-15,HPG,64850.0,64950.0,62850.0,62950.0,52255651
2019-05-16,HPG,62650.0,66300.0,62450.0,65550.0,62758004
2019-05-17,HPG,65550.0,66900.0,65200.0,66000.0,30611901
2019-05-20,HPG,65900.0,68950.0,65850.0,68800.0,59193546
2019-05-21,HPG,68900.0,71450.0,68650.0,71050.0,36943541
2019-05-22,HPG,70950.0,71250.0,69950.0,70750.0,34700885
2019-05-23,HPG,70700.0,71300.0,69750.0,69900.0,31421799
2019-05-24,HPG,69850.0,70300.0,66800.0,67600.0,60232503
2019-05-27,HPG,67350.0,67550.0,65350.0,65500.0,34002151
2019-05-28,HPG,65100.0,65700.0,62150.0,62400.0,61592759
2019-05-29,HPG,62300.0,62550.0,59600.0,60150.0,43303904
2019-05-30,HPG,60300.0,61500.0,60200.0,61100.0,41179367
2019-05-31,HPG,61000.0,61650.0,61000.0,61600.0,27393397
2019-06-03,HPG,61950.0,62350.0,61550.0,61700.0,31288899
2019-06-04,HPG,62150.0,62300.0,60150.0,60400.0,39851769
2019-06-05,HPG,60450.0,60700.0,60050.0,60250.0,42603998
2019-06-06,HPG,60450.0,61700.0,60000.0,61000.0,32793119
2019-06-07,HPG,60500.0,61100.0,60150.0,60200.0,40405942
2019-06-10,HPG,60150.0,60450.0,59600.0,59650.0,30320014
2019-06-11,HPG,60000.0,60350.0,59600.0,59750.0,42215496
2019-06-12,HPG,59650.0,61700.0,59250.0,61100.0,45853895
2019-06-13,HPG,61850.0,63100.0,61650.0,63050.0,38242090
2019-06-14,HPG,63250.0,63250.0,62650.0,63000.0,42445973
2019-06-17,HPG,63000.0,64600.0,62900.0,64500.0,43703183
2019-06-18,HPG,64350.0,64700.0,63050.0,63350.0,35966833
2019-06-19,HPG,63750.0,63850.0,63100.0,63550.0,35783536
2019-06-20,HPG,63150.0,64300.0,62650.0,63550.0,45744090
2019-06-21,HPG,63250.0,63600.0,61350.0,61500.0,44008953
2019-06-24,HPG,61600.0,61950.0,60550.0,60650.0,43635279
2019-06-25,HPG,61100.0,61450.0,58950.0,59050.0,59012490
2019-06-26,HPG,58950.0,59000.0,56000.0,56800.0,50889617
2019-06-27,HPG,56800.0,57300.0,55850.0,56200.0,32789937
2019-06-28,HPG,56050.0,58850.0,55750.0,58650.0,48159670
2019-07-01,HPG,59350.0,59550.0,58750.0,58950.0,45424786
2019-07-02,HPG,59200.0,59400.0,58850.0,58950.0,35757888
2019-07-03,HPG,58900.0,60300.0,58750.0,60200.0,45072481
2019-07-04,HPG,60500.0,61300.0,60450.0,60750.0,28962545
2019-07-05,HPG,60600.0,60650.0,59450.0,59600.0,48927531
2019-07-08,HPG,60200.0,61550.0,60200.0,61150.0,39897316
2019-07-09,HPG,61200.0,62400.0,61100.0,62350.0,50054106
2019-07-10,HPG,62350.0,62750.0,60250.0,60400.0,55201140
2019-07-11,HPG,60450.0,60450.0,58400.0,58500.0,56065979
2019-07-12,HPG,58550.0,59300.0,57900.0,58950.0,49954578
2019-07-15,HPG,58850.0,59100.0,58050.0,58100.0,44337022
2019-07-16,HPG,58100.0,58550.0,58000.0,58000.0,25906499
2019-07-17,HPG,57850.0,58300.0,56700.0,57050.0,36279122
2019-07-18,HPG,57250.0,57300.0,56750.0,57150.0,43055978
2019-07-19,HPG,57150.0,60950.0,56650.0,60100.0,53369035
2019-07-22,HPG,59750.0,62050.0,59250.0,61800.0,39004637
2019-07-23,HPG,61700.0,61750.0,60700.0,60800.0,31204432
2019-07-24,HPG,60250.0,62600.0,59550.0,62300.0,54212352
2019-07-25,HPG,61700.0,61800.0,60250.0,60350.0,31577657
2019-07-26,HPG,60300.0,60350.0,58200.0,58400.0,57268861
2019-07-29,HPG,58300.0,58400.0,56650.0,56950.0,37099044
2019-07-30,HPG,57100.0,57350.0,56950.0,57000.0,43027026
2019-07-31,HPG,56850.0,57400.0,56650.0,57300.0,30456949
2019-08-01,HPG,57550.0,57850.0,56600.0,56600.0,29560684
2019-08-02,HPG,56350.0,58500.0,56100.0,58100.0,50999083
2019-08-05,HPG,57700.0,58300.0,57500.0,58250.0,33391230
2019-08-06,HPG,58200.0,58250.0,55650.0,55800.0,53526292
2019-08-07,HPG,55650.0,55950.0,53450.0,53650.0,54773716
2019-08-08,HPG,53400.0,54150.0,52950.0,53900.0,43976568
2019-08-09,HPG,53500.0,54100.0,53350.0,53750.0,34703648
2019-08-12,HPG,53700.0,56150.0,53200.0,55850.0,51221416
2019-08-13,HPG,55900.0,55950.0,53100.0,53150.0,46151870
2019-08-14,HPG,53200.0,53400.0,52650.0,52900.0,41459358
2019-08-15,HPG,52950.0,56000.0,52550.0,55650.0,57666344
2019-08-16,HPG,55600.0,57600.0,55400.0,56900.0,46117576
2019-08-19,HPG,57300.0,57750.0,55950.0,56250.0,40197335
2019-08-20,HPG,56250.0,56450.0,55900.0,56400.0,23818057
2019-08-21,HPG,56650.0,56700.0,54700.0,54900.0,39160383
2019-08-22,HPG,54500.0,54700.0,54050.0,54700.0,37723084
2019-08-23,HPG,54500.0,54850.0,54150.0,54150.0,36463639
2019-08-26,HPG,54350.0,55000.0,54100.0,54900.0,26584903
2019-08-27,HPG,54850.0,55250.0,53150.0,53250.0,57636973
2019-08-28,HPG,53200.0,53450.0,52700.0,53350.0,44615554
2019-08-29,HPG,53350.0,53600.0,52250.0,52250.0,39645310
2019-08-30,HPG,52050.0,53000.0,52050.0,52550.0,28016196
2019-09-02,HPG,52900.0,53050.0,52450.0,52700.0,43505913
2019-09-03,HPG,52800.0,53150.0,52150.0,52250.0,29070022
2019-09-04,HPG,52750.0,52950.0,51200.0,51250.0,52483306
2019-09-05,HPG,51250.0,51500.0,49950.0,50300.0,47935506
2019-09-06,HPG,50200.0,50450.0,46650.0,46950.0,60747229
2019-09-09,HPG,47100.0,47500.0,46450.0,46550.0,30659178
2019-09-10,HPG,46550.0,47000.0,46400.0,46750.0,34277057
2019-09-11,HPG,46400.0,49750.0,46400.0,49150.0,61928982
2019-09-12,HPG,49250.0,49850.0,48900.0,49500.0,39060814
2019-09-13,HPG,49200.0,49750.0,48550.0,48850.0,48487523
2019-09-16,HPG,49150.0,50250.0,49050.0,50200.0,44577838
2019-09-17,HPG,50100.0,51550.0,50050.0,51450.0,36875737
2019-09-18,HPG,51650.0,52400.0,51600.0,51950.0,30644750
2019-09-19,HPG,51650.0,52000.0,51050.0,51250.0,29192282
2019-09-20,HPG,51500.0,51800.0,49300.0,49400.0,62257399
2019-09-23,HPG,49150.0,49850.0,48900.0,49650.0,49901393
2019-09-24,HPG,49650.0,50250.0,49350.0,50050.0,43459803
2019-09-25,HPG,50300.0,50350.0,48950.0,49000.0,41455292
2019-09-26,HPG,48650.0,49850.0,48150.0,49650.0,47962013
2019-09-27,HPG,49600.0,52950.0,49200.0,52450.0,64528360
2019-09-30,HPG,52650.0,52750.0,52550.0,52600.0,33259135
2019-10-01,HPG,52400.0,52550.0,52350.0,52400.0,24059270
2019-10-02,HPG,52600.0,53050.0,52100.0,52100.0,28262352
2019-10-03,HPG,52350.0,52550.0,51250.0,51600.0,35632396
2019-10-04,HPG,51900.0,51950.0,50900.0,51600.0,37676899
2019-10-07,HPG,51800.0,52700.0,51750.0,52250.0,49119513
2019-10-08,HPG,52200.0,52750.0,52150.0,52600.0,43158117
2019-10-09,HPG,52350.0,53700.0,52100.0,53200.0,52796053
2019-10-10,HPG,53150.0,53400.0,51800.0,51800.0,33998511
2019-10-11,HPG,52150.0,52550.0,50850.0,51050.0,55734049
2019-10-14,HPG,51150.0,52100.0,51000.0,52000.0,35802777
2019-10-15,HPG,51700.0,52500.0,51650.0,52400.0,43705298
2019-10-16,HPG,52200.0,52750.0,51700.0,51900.0,31229318
2019-10-17,HPG,52200.0,52350.0,51500.0,51550.0,30172178
2019-10-18,HPG,51350.0,51550.0,50150.0,50250.0,38097331
2019-10-21,HPG,50100.0,50150.0,49800.0,50050.0,35689162
2019-10-22,HPG,50050.0,50150.0,49550.0,49550.0,37713288
2019-10-23,HPG,49500.0,51300.0,49450.0,51150.0,35131408
2019-10-24,HPG,51150.0,51150.0,47900.0,48150.0,56472676
2019-10-25,HPG,48250.0,48750.0,48200.0,48300.0,31313181
2019-10-28,HPG,48250.0,48250.0,47600.0,47650.0,26893588
2019-10-29,HPG,47500.0,47600.0,46900.0,47350.0,27952282
2019-10-30,HPG,47350.0,47600.0,47250.0,47350.0,31380217
2019-10-31,HPG,47150.0,48500.0,46800.0,48300.0,54990285
2019-11-01,HPG,48100.0,48600.0,47800.0,48400.0,41573396
2019-11-04,HPG,48250.0,48400.0,47900.0,48200.0,38507025
2019-11-05,HPG,48250.0,51050.0,48050.0,50950.0,45892243
2019-11-06,HPG,50550.0,53150.0,50550.0,52800.0,56816677
2019-11-07,HPG,52600.0,53050.0,52350.0,52850.0,27028211
2019-11-08,HPG,52950.0,54900.0,52900.0,54750.0,53566522
2019-11-11,HPG,54900.0,55750.0,54750.0,55350.0,28368694
2019-11-12,HPG,54900.0,55300.0,54650.0,55100.0,34059052
2019-11-13,HPG,54750.0,55300.0,53650.0,53750.0,33173230
2019-11-14,HPG,53650.0,54150.0,53500.0,54000.0,43493873
2019-11-15,HPG,53600.0,54300.0,52950.0,54150.0,35652973
2019-11-18,HPG,53850.0,57000.0,53650.0,56850.0,55283089
2019-11-19,HPG,57200.0,57550.0,56050.0,56300.0,41033228
2019-11-20,HPG,56150.0,56700.0,53100.0,53800.0,52227056
2019-11-21,HPG,53800.0,54400.0,53350.0,53900.0,30919201
2019-11-22,HPG,53900.0,56100.0,53800.0,55750.0,45607384
2019-11-25,HPG,55450.0,56950.0,55250.0,56650.0,44831188
2019-11-26,HPG,56900.0,57750.0,56550.0,57300.0,32695302
2019-11-27,HPG,56900.0,57250.0,55950.0,56100.0,41774695
2019-11-28,HPG,56350.0,56550.0,56000.0,56500.0,36996120
2019-11-29,HPG,56850.0,57000.0,55800.0,55850.0,40651410
2019-12-02,HPG,55800.0,57450.0,55400.0,57150.0,39277822
2019-12-03,HPG,57100.0,58100.0,56950.0,57750.0,50343305
2019-12-04,HPG,57750.0,58950.0,57450.0,57950.0,39519613
2019-12-05,HPG,58000.0,59950.0,57900.0,59350.0,48410899
2019-12-06,HPG,58850.0,61450.0,58700.0,60800.0,54588248
2019-12-09,HPG,61000.0,65000.0,60500.0,65000.0,57380888
2019-12-10,HPG,65200.0,66100.0,65050.0,65950.0,34784205
2019-12-11,HPG,65850.0,66100.0,65550.0,65950.0,45135994
2019-12-12,HPG,65700.0,66250.0,64500.0,64500.0,44369373
2019-12-13,HPG,64250.0,64800.0,63250.0,63750.0,51781594
2019-12-16,HPG,63550.0,64000.0,63450.0,63900.0,42458872
2019-12-17,HPG,63950.0,63950.0,63000.0,63300.0,45405721
2019-12-18,HPG,63650.0,63700.0,62650.0,63150.0,42912696
2019-12-19,HPG,62950.0,63600.0,59850.0,60350.0,67665594
2019-12-20,HPG,59850.0,60150.0,55500.0,56200.0,71065664
2019-12-23,HPG,56550.0,56750.0,53550.0,53800.0,64084551
2019-12-24,HPG,53800.0,53950.0,51700.0,51850.0,54093442
2019-12-25,HPG,51850.0,52100.0,49800.0,50100.0,44873564
2019-12-26,HPG,50250.0,50650.0,48700.0,48800.0,56621141
2019-12-27,HPG,48700.0,48750.0,48300.0,48350.0,29885747
2019-12-30,HPG,48400.0,48600.0,48050.0,48250.0,41888232
2019-12-31,HPG,48200.0,48400.0,46950.0,47550.0,34037300
2020-01-01,HPG,47500.0,48550.0,46950.0,48500.0,54836973
2020-01-02,HPG,48900.0,49150.0,47900.0,48000.0,47679950
2020-01-03,HPG,47850.0,48150.0,47800.0,47950.0,41044028
2020-01-06,HPG,47950.0,48300.0,45900.0,46150.0,44653193
2020-01-07,HPG,46150.0,47800.0,45850.0,47650.0,47342630
2020-01-08,HPG,47650.0,48650.0,47550.0,48400.0,50963400
2020-01-09,HPG,48450.0,49300.0,48150.0,49100.0,33592328
2020-01-10,HPG,49300.0,49450.0,49100.0,49450.0,38814162
2020-01-13,HPG,49400.0,50300.0,48950.0,50200.0,32131915
2020-01-14,HPG,50300.0,51950.0,50200.0,51650.0,46457588
2020-01-15,HPG,52300.0,52500.0,51950.0,52100.0,39405831
2020-01-16,HPG,52150.0,52550.0,52000.0,52200.0,46102671
2020-01-17,HPG,52150.0,52550.0,52000.0,52550.0,27903825
2020-01-20,HPG,52550.0,53150.0,51750.0,51850.0,48202284
2020-01-21,HPG,51600.0,53000.0,51450.0,52650.0,51407382
2020-01-22,HPG,52500.0,53550.0,52100.0,53250.0,45685663
2020-01-23,HPG,53450.0,53500.0,52800.0,53200.0,28214180
2020-01-24,HPG,53350.0,53450.0,51050.0,51350.0,42478071
2020-01-27,HPG,51550.0,51900.0,51100.0,51400.0,37654158
2020-01-28,HPG,51550.0,51600.0,51200.0,51400.0,23562590
2020-01-29,HPG,51450.0,52250.0,51150.0,51950.0,30210047
2020-01-30,HPG,52150.0,52550.0,52050.0,52250.0,24907161
2020-01-31,HPG,52600.0,52650.0,52500.0,52500.0,21961920
2020-02-03,HPG,52700.0,54400.0,52600.0,53950.0,47400580
2020-02-04,HPG,53600.0,54650.0,53500.0,54400.0,42757881
2020-02-05,HPG,54050.0,56550.0,53700.0,55650.0,42627000
2020-02-06,HPG,55600.0,55700.0,53750.0,54200.0,51035211
2020-02-07,HPG,54550.0,54650.0,53750.0,53750.0,46955491
2020-02-10,HPG,54200.0,55400.0,53850.0,55000.0,43019474
2020-02-11,HPG,54950.0,57100.0,54950.0,56650.0,55013627
2020-02-12,HPG,56900.0,57350.0,56200.0,56400.0,41764508
2020-02-13,HPG,56450.0,60000.0,56400.0,59400.0,47887251
2020-02-14,HPG,59200.0,62100.0,58550.0,62050.0,59074057
2020-02-17,HPG,62500.0,64450.0,61750.0,64350.0,40595107
2020-02-18,HPG,64300.0,64300.0,62900.0,62950.0,49933633
2020-02-19,HPG,63400.0,65450.0,63350.0,65200.0,38960555
2020-02-20,HPG,65100.0,66050.0,64750.0,65700.0,33171652
2020-02-21,HPG,65650.0,65700.0,64100.0,64600.0,36129122
2020-02-24,HPG,65300.0,66200.0,64800.0,65800.0,46796937
2020-02-25,HPG,65700.0,69150.0,65550.0,68950.0,51045916
2020-02-26,HPG,68950.0,71200.0,68750.0,70650.0,50550527
2020-02-27,HPG,70350.0,74750.0,69700.0,74550.0,62973836
2020-02-28,HPG,74350.0,74750.0,74300.0,74400.0,32813124
2020-03-02,HPG,74650.0,74700.0,73850.0,74350.0,42816055
2020-03-03,HPG,74350.0,74850.0,72350.0,73150.0,48717905
2020-03-04,HPG,73050.0,73650.0,72750.0,73400.0,35229912
2020-03-05,HPG,73500.0,73900.0,72700.0,72950.0,44619472
2020-03-06,HPG,72600.0,73350.0,71850.0,73200.0,29661392
2020-03-09,HPG,73400.0,73400.0,72100.0,72500.0,28556417
2020-03-10,HPG,72800.0,73550.0,71700.0,72300.0,46684901
2020-03-11,HPG,72150.0,76050.0,72000.0,75300.0,54896555
2020-03-12,HPG,75550.0,75850.0,75350.0,75750.0,38256630
2020-03-13,HPG,75350.0,76750.0,75150.0,76550.0,41982905
2020-03-16,HPG,76950.0,77700.0,71850.0,72650.0,68330515
2020-03-17,HPG,72550.0,73150.0,71050.0,71300.0,46852222
2020-03-18,HPG,71300.0,73550.0,71100.0,73350.0,37927645
2020-03-19,HPG,73700.0,75400.0,73700.0,75000.0,30516592
2020-03-20,HPG,74800.0,75050.0,73150.0,73350.0,44303254
2020-03-23,HPG,73250.0,74200.0,73150.0,73650.0,44134718
2020-03-24,HPG,73350.0,77550.0,72850.0,77100.0,61977531
2020-03-25,HPG,77550.0,78200.0,74100.0,75300.0,60228473
2020-03-26,HPG,75200.0,76350.0,74800.0,75950.0,31373024
2020-03-27,HPG,75050.0,75200.0,72750.0,73100.0,36944302
2020-03-30,HPG,72500.0,72550.0,67800.0,68100.0,58635888
2020-03-31,HPG,68150.0,68450.0,67550.0,67700.0,44074093
2020-04-01,HPG,67850.0,67950.0,65150.0,65250.0,56425630
2020-04-02,HPG,65350.0,67600.0,64950.0,67100.0,52355706
2020-04-03,HPG,66950.0,67150.0,64350.0,64750.0,37913940
2020-04-06,HPG,64850.0,65100.0,62800.0,64100.0,38495481
2020-04-07,HPG,64350.0,64650.0,64150.0,64550.0,42249227
2020-04-08,HPG,64350.0,64750.0,63000.0,63400.0,51893355
2020-04-09,HPG,63550.0,63600.0,62900.0,63100.0,39918203
2020-04-10,HPG,63500.0,64250.0,63250.0,63350.0,40881640
2020-04-13,HPG,63300.0,63550.0,60550.0,61000.0,42530618
2020-04-14,HPG,61400.0,61450.0,60250.0,60400.0,36614358
2020-04-15,HPG,60050.0,60300.0,59050.0,59550.0,36153663
2020-04-16,HPG,59450.0,59750.0,56500.0,57350.0,46020462
2020-04-17,HPG,57650.0,58300.0,57450.0,58150.0,36019492
2020-04-20,HPG,58150.0,60100.0,57850.0,60000.0,41493870
2020-04-21,HPG,59800.0,62250.0,59550.0,62250.0,40364803
2020-04-22,HPG,62250.0,62800.0,62100.0,62700.0,27383524
2020-04-23,HPG,62650.0,62850.0,61050.0,61050.0,35751901
2020-04-24,HPG,60800.0,63550.0,60750.0,63100.0,50577641
2020-04-27,HPG,63300.0,63500.0,62700.0,62850.0,43991642
2020-04-28,HPG,62700.0,65200.0,62000.0,65000.0,40621110
2020-04-29,HPG,65150.0,67750.0,65000.0,67200.0,51694491
2020-04-30,HPG,66950.0,69500.0,66600.0,69100.0,39405487
2020-05-01,HPG,68950.0,69200.0,66650.0,66650.0,38673011
2020-05-04,HPG,66950.0,67800.0,66700.0,67800.0,30461998
2020-05-05,HPG,68000.0,68100.0,65350.0,66400.0,50882456
2020-05-06,HPG,66750.0,68000.0,66050.0,67900.0,46840140
2020-05-07,HPG,67850.0,68100.0,65200.0,65550.0,45090004
2020-05-08,HPG,65600.0,65900.0,63550.0,63600.0,42847671
2020-05-11,HPG,63400.0,63650.0,62550.0,62750.0,47623838
2020-05-12,HPG,62800.0,64100.0,61950.0,62150.0,43222585
2020-05-13,HPG,62400.0,62650.0,60050.0,60250.0,49429934
2020-05-14,HPG,60500.0,60950.0,59250.0,59850.0,48110080
2020-05-15,HPG,59700.0,62700.0,59550.0,62250.0,41355569
2020-05-18,HPG,62450.0,63700.0,62450.0,63150.0,31274335
2020-05-19,HPG,63500.0,65850.0,63400.0,65800.0,41138604
2020-05-20,HPG,66100.0,66250.0,66000.0,66100.0,25415570
2020-05-21,HPG,65900.0,66450.0,65500.0,65650.0,37046556
2020-05-22,HPG,65450.0,65450.0,64750.0,64950.0,26327235
2020-05-25,HPG,65000.0,65800.0,64800.0,65650.0,27113433
2020-05-26,HPG,65850.0,66200.0,64350.0,64450.0,44626381
2020-05-27,HPG,64250.0,65450.0,64000.0,65400.0,40558838
2020-05-28,HPG,65700.0,66100.0,64750.0,65100.0,37110182
2020-05-29,HPG,64800.0,64850.0,63900.0,64300.0,43883312
2020-06-01,HPG,64050.0,67200.0,63450.0,66400.0,45830536
2020-06-02,HPG,66550.0,66900.0,65650.0,66800.0,38292979
2020-06-03,HPG,66900.0,67550.0,66200.0,67100.0,31037862
2020-06-04,HPG,67300.0,70850.0,67050.0,70300.0,62028357
2020-06-05,HPG,70650.0,70850.0,68550.0,69450.0,49018703
2020-06-08,HPG,69850.0,71850.0,69350.0,71450.0,45915629
2020-06-09,HPG,71400.0,71550.0,67300.0,67900.0,50249637
2020-06-10,HPG,68000.0,69800.0,67750.0,69550.0,52284861
2020-06-11,HPG,69800.0,70050.0,67900.0,68550.0,50694168
2020-06-12,HPG,68450.0,68900.0,66050.0,66450.0,57882402
2020-06-15,HPG,66400.0,69300.0,65050.0,68800.0,61839762
2020-06-16,HPG,69100.0,70600.0,66600.0,67100.0,60453793
2020-06-17,HPG,66950.0,67950.0,66850.0,67900.0,47866482
2020-06-18,HPG,67950.0,68150.0,66400.0,66900.0,44984137
2020-06-19,HPG,66750.0,67300.0,65950.0,65950.0,45159388
2020-06-22,HPG,65850.0,68300.0,65650.0,68250.0,49671844
2020-06-23,HPG,68350.0,72450.0,68000.0,72350.0,57022643
2020-06-24,HPG,72000.0,73650.0,71700.0,73650.0,51236172
2020-06-25,HPG,73800.0,73900.0,69950.0,70000.0,55167507
2020-06-26,HPG,69800.0,70100.0,67850.0,68250.0,45165995
2020-06-29,HPG,68400.0,70550.0,67700.0,70450.0,41599033
2020-06-30,HPG,70250.0,71350.0,69950.0,71000.0,43480599
2020-07-01,HPG,71150.0,71900.0,70900.0,71900.0,47038985
2020-07-02,HPG,72150.0,72950.0,72100.0,72600.0,40834178
2020-07-03,HPG,72750.0,72850.0,72050.0,72650.0,35865809
2020-07-06,HPG,72650.0,73050.0,72000.0,72050.0,37879229
2020-07-07,HPG,71800.0,71900.0,71250.0,71600.0,31433617
2020-07-08,HPG,71250.0,73150.0,70950.0,72700.0,44975810
2020-07-09,HPG,72750.0,74800.0,72700.0,73600.0,50370875
2020-07-10,HPG,73750.0,74450.0,72750.0,74150.0,41476209
2020-07-13,HPG,74100.0,74550.0,73400.0,73850.0,43933423
2020-07-14,HPG,73900.0,76300.0,73400.0,75600.0,49863943
2020-07-15,HPG,75750.0,76350.0,73050.0,73100.0,39076849
2020-07-16,HPG,72950.0,73300.0,70200.0,70300.0,46637178
2020-07-17,HPG,70150.0,70850.0,69450.0,70700.0,40282829
2020-07-20,HPG,70350.0,70550.0,68350.0,68450.0,46092894
2020-07-21,HPG,68200.0,68650.0,66100.0,66150.0,43873937
2020-07-22,HPG,66500.0,70350.0,66050.0,70200.0,56413049
2020-07-23,HPG,69700.0,69950.0,68500.0,69100.0,43850153
2020-07-24,HPG,69250.0,69450.0,66500.0,67050.0,57662215
2020-07-27,HPG,67450.0,67700.0,64800.0,65200.0,56829360
2020-07-28,HPG,65350.0,65500.0,64550.0,64750.0,33505044
2020-07-29,HPG,64650.0,65450.0,62900.0,63050.0,43260105
2020-07-30,HPG,63250.0,63650.0,61400.0,62400.0,56126162
2020-07-31,HPG,62200.0,62500.0,61650.0,62000.0,45199287
2020-08-03,HPG,61750.0,64550.0,61500.0,64500.0,39531370
2020-08-04,HPG,64650.0,65400.0,62050.0,62150.0,53873202
2020-08-05,HPG,62050.0,63250.0,61500.0,62800.0,31506313
2020-08-06,HPG,62500.0,65550.0,62150.0,65150.0,52880164
2020-08-07,HPG,65200.0,65900.0,65100.0,65600.0,46861458
2020-08-10,HPG,65550.0,66450.0,65450.0,66400.0,37608685
2020-08-11,HPG,66450.0,67100.0,65550.0,66850.0,41457748
2020-08-12,HPG,66300.0,66950.0,65900.0,66800.0,36319698
2020-08-13,HPG,67000.0,67200.0,63450.0,63550.0,47744997
2020-08-14,HPG,63200.0,63200.0,62600.0,62750.0,29251448
2020-08-17,HPG,63100.0,63650.0,62750.0,63650.0,32220794
2020-08-18,HPG,63950.0,65300.0,63700.0,65000.0,47452430
2020-08-19,HPG,65350.0,65350.0,62600.0,63000.0,45303890
2020-08-20,HPG,63050.0,63450.0,61800.0,61850.0,51508061
2020-08-21,HPG,61950.0,62250.0,59700.0,59850.0,42588091
2020-08-24,HPG,59500.0,60800.0,59050.0,60600.0,35703980
2020-08-25,HPG,59950.0,63900.0,59700.0,63450.0,60971373
2020-08-26,HPG,63450.0,66150.0,62850.0,65800.0,43342411
2020-08-27,HPG,66150.0,67850.0,66100.0,67600.0,48804718
2020-08-28,HPG,67600.0,71150.0,66800.0,70800.0,62328850
2020-08-31,HPG,70350.0,70500.0,66250.0,66900.0,56914341
2020-09-01,HPG,66650.0,67850.0,66500.0,67600.0,42896139
2020-09-02,HPG,67450.0,69250.0,67350.0,69150.0,49602292
2020-09-03,HPG,69150.0,69850.0,68700.0,68950.0,26724446
2020-09-04,HPG,69000.0,70500.0,68550.0,70150.0,53198481
2020-09-07,HPG,69800.0,70250.0,69200.0,69200.0,34279112
2020-09-08,HPG,69000.0,69800.0,68250.0,68500.0,35931936
2020-09-09,HPG,68600.0,69050.0,64100.0,64150.0,63443348
2020-09-10,HPG,64100.0,64700.0,63250.0,63550.0,51419362
2020-09-11,HPG,63800.0,64850.0,63200.0,64500.0,45099970
2020-09-14,HPG,64600.0,67550.0,64250.0,66950.0,61401334
2020-09-15,HPG,67350.0,68150.0,66500.0,66650.0,33853566
2020-09-16,HPG,65950.0,66450.0,65800.0,66250.0,38308819
2020-09-17,HPG,66150.0,66300.0,65150.0,65200.0,47028120
2020-09-18,HPG,65300.0,65900.0,64800.0,64900.0,42125340
2020-09-21,HPG,65100.0,66850.0,65050.0,66850.0,37735173
2020-09-22,HPG,66850.0,67150.0,64900.0,65750.0,47451879
2020-09-23,HPG,65650.0,65850.0,63500.0,63550.0,48875426
2020-09-24,HPG,63200.0,65050.0,62700.0,64600.0,56904908
2020-09-25,HPG,64500.0,64850.0,63100.0,63900.0,43274255
2020-09-28,HPG,64050.0,64350.0,63450.0,63750.0,41754269
2020-09-29,HPG,63850.0,66500.0,63850.0,66250.0,46187761
2020-09-30,HPG,66550.0,67050.0,64300.0,65000.0,55817605
2020-10-01,HPG,65000.0,65050.0,63100.0,63100.0,37976859
2020-10-02,HPG,62750.0,62900.0,62100.0,62300.0,35721665
2020-10-05,HPG,61850.0,63550.0,61650.0,63400.0,51069490
2020-10-06,HPG,63450.0,63700.0,63250.0,63300.0,38232280
2020-10-07,HPG,63750.0,64350.0,63350.0,64300.0,45983014
2020-10-08,HPG,63950.0,64050.0,62800.0,62850.0,35583436
2020-10-09,HPG,63150.0,63300.0,62400.0,63100.0,29736984
2020-10-12,HPG,63250.0,64750.0,63150.0,64250.0,43284267
2020-10-13,HPG,64800.0,65100.0,62250.0,62400.0,55075517
2020-10-14,HPG,62500.0,64500.0,62200.0,64350.0,35644419
2020-10-15,HPG,64300.0,65550.0,64000.0,65400.0,30959589
2020-10-16,HPG,65150.0,65700.0,64600.0,65300.0,35784075
2020-10-19,HPG,65550.0,67900.0,64350.0,67400.0,50271784
2020-10-20,HPG,67500.0,67600.0,65000.0,65500.0,42342065
2020-10-21,HPG,65350.0,66400.0,65300.0,65700.0,39411493
2020-10-22,HPG,65700.0,68450.0,64800.0,67950.0,61326996
2020-10-23,HPG,68400.0,68450.0,64000.0,64300.0,49988596
2020-10-26,HPG,64450.0,65950.0,63600.0,65700.0,56622679
2020-10-27,HPG,66200.0,66650.0,64650.0,65000.0,50638614
2020-10-28,HPG,64800.0,67950.0,64400.0,67450.0,59879050
2020-10-29,HPG,67850.0,68700.0,67600.0,68600.0,28558712
2020-10-30,HPG,68100.0,69800.0,67850.0,69750.0,32371188
2020-11-02,HPG,69800.0,70150.0,69500.0,69600.0,38957328
2020-11-03,HPG,69450.0,70450.0,69350.0,70200.0,36096242
2020-11-04,HPG,70650.0,73400.0,70450.0,73300.0,39381298
2020-11-05,HPG,73600.0,74400.0,71500.0,71550.0,53750216
2020-11-06,HPG,71600.0,71900.0,70550.0,70700.0,41017655
2020-11-09,HPG,70700.0,72000.0,70100.0,71850.0,48572402
2020-11-10,HPG,71700.0,74000.0,71600.0,73800.0,40769148
2020-11-11,HPG,73350.0,73600.0,72800.0,72850.0,32826998
2020-11-12,HPG,73050.0,73350.0,71100.0,71550.0,44286229
2020-11-13,HPG,71350.0,72500.0,71350.0,72350.0,36331083
2020-11-16,HPG,72050.0,72200.0,71850.0,71900.0,35479278
2020-11-17,HPG,71500.0,73850.0,71250.0,72900.0,41305285
2020-11-18,HPG,72200.0,72400.0,70000.0,70500.0,47436670
2020-11-19,HPG,70750.0,73400.0,70650.0,73250.0,40060837
2020-11-20,HPG,73300.0,73900.0,72000.0,72000.0,50608024
2020-11-23,HPG,71550.0,73100.0,71550.0,72600.0,43628247
2020-11-24,HPG,72900.0,72950.0,72850.0,72900.0,36689790
2020-11-25,HPG,72850.0,73750.0,72450.0,73200.0,33534594
2020-11-26,HPG,73300.0,77700.0,73100.0,77350.0,58231003
2020-11-27,HPG,77500.0,77900.0,77250.0,77300.0,30765505
2020-11-30,HPG,77300.0,78400.0,76950.0,78200.0,49068339
2020-12-01,HPG,78600.0,79200.0,77250.0,77800.0,51536560
2020-12-02,HPG,77500.0,78000.0,75750.0,76500.0,44134551
2020-12-03,HPG,76150.0,76300.0,75050.0,75400.0,42644011
2020-12-04,HPG,75550.0,75750.0,75250.0,75450.0,31918005
2020-12-07,HPG,75350.0,76100.0,73800.0,73950.0,38447432
2020-12-08,HPG,74150.0,74550.0,74050.0,74500.0,26743901
2020-12-09,HPG,74150.0,75250.0,70900.0,71350.0,55966898
2020-12-10,HPG,71250.0,71600.0,70250.0,70400.0,29462272
2020-12-11,HPG,70550.0,73450.0,70550.0,73100.0,43523830
2020-12-14,HPG,73450.0,74750.0,73400.0,74350.0,34143700
2020-12-15,HPG,74600.0,75500.0,72300.0,72750.0,56450481
2020-12-16,HPG,72700.0,73650.0,71500.0,71650.0,52749075
2020-12-17,HPG,71100.0,74750.0,70550.0,74650.0,53323099
2020-12-18,HPG,74250.0,76350.0,74150.0,76250.0,34594219
2020-12-21,HPG,76550.0,77100.0,75250.0,75500.0,35685145
2020-12-22,HPG,75850.0,76000.0,74000.0,74200.0,32348479
2020-12-23,HPG,74300.0,75250.0,73350.0,74550.0,46760913
2020-12-24,HPG,74500.0,76750.0,74050.0,76450.0,56803800
2020-12-25,HPG,76350.0,76450.0,74050.0,75800.0,50962568
2020-12-28,HPG,76250.0,76950.0,76000.0,76850.0,30755450
2020-12-29,HPG,76950.0,77100.0,75400.0,75600.0,44765995
2020-12-30,HPG,75550.0,76400.0,74200.0,74250.0,36748576
2020-12-31,HPG,74500.0,74750.0,74050.0,74150.0,38986667
2021-01-01,HPG,74150.0,74700.0,71150.0,71700.0,44488461
2021-01-04,HPG,71900.0,73250.0,71750.0,72600.0,34910090
2021-01-05,HPG,72650.0,73750.0,72500.0,73500.0,33003646
2021-01-06,HPG,73750.0,73900.0,73450.0,73450.0,37849714
2021-01-07,HPG,73350.0,74650.0,73150.0,73800.0,41345927
2021-01-08,HPG,73550.0,75850.0,73050.0,75750.0,54179040
2021-01-11,HPG,75550.0,75700.0,74300.0,74900.0,37456359
2021-01-12,HPG,75300.0,76700.0,75200.0,76650.0,42046251
2021-01-13,HPG,76250.0,76650.0,70900.0,71350.0,55615739
2021-01-14,HPG,71100.0,74350.0,70800.0,74100.0,55667502
2021-01-15,HPG,74650.0,75800.0,74450.0,75300.0,41566706
2021-01-18,HPG,75050.0,76850.0,74950.0,76800.0,51572375
2021-01-19,HPG,76850.0,76900.0,74450.0,74500.0,36477478
2021-01-20,HPG,74350.0,76400.0,74150.0,76350.0,42675690
2021-01-21,HPG,76700.0,77050.0,75200.0,75650.0,40053329
2021-01-22,HPG,75300.0,77750.0,74600.0,77500.0,42171738
2021-01-25,HPG,77200.0,77900.0,75400.0,75700.0,43748016
2021-01-26,HPG,75450.0,76000.0,71850.0,72650.0,57682395
2021-01-27,HPG,73000.0,73100.0,70900.0,71250.0,48138856
2021-01-28,HPG,71350.0,74950.0,70900.0,74750.0,54343100
2021-01-29,HPG,75100.0,76500.0,74850.0,75650.0,32687944
2021-02-01,HPG,75250.0,76400.0,74550.0,76100.0,48774136
2021-02-02,HPG,76450.0,80500.0,76350.0,79450.0,62570953
2021-02-03,HPG,79450.0,81950.0,78550.0,81650.0,39526823
2021-02-04,HPG,81450.0,82200.0,78650.0,79550.0,51583957
2021-02-05,HPG,79200.0,79800.0,78850.0,79050.0,30791465
2021-02-08,HPG,79500.0,80150.0,77350.0,77550.0,43882356
2021-02-09,HPG,77750.0,77900.0,77150.0,77450.0,35846871
2021-02-10,HPG,77800.0,78400.0,77500.0,78300.0,27162124
2021-02-11,HPG,78150.0,78750.0,76050.0,76200.0,38054946
2021-02-12,HPG,76200.0,77250.0,72400.0,72600.0,59948087
2021-02-15,HPG,72900.0,73350.0,71700.0,72150.0,34996008
2021-02-16,HPG,72150.0,72950.0,69400.0,70150.0,57259612
2021-02-17,HPG,70100.0,73500.0,69300.0,73250.0,48801098
2021-02-18,HPG,72950.0,74500.0,72700.0,74050.0,32398967
2021-02-19,HPG,74500.0,75050.0,73800.0,74250.0,31099529
2021-02-22,HPG,74300.0,75200.0,74250.0,74800.0,34084410
2021-02-23,HPG,74950.0,76650.0,73950.0,75900.0,56760759
2021-02-24,HPG,75900.0,76150.0,74650.0,74650.0,48299700
2021-02-25,HPG,74850.0,77000.0,74750.0,76450.0,41850044
2021-02-26,HPG,76700.0,78750.0,75850.0,77350.0,44919410
2021-03-01,HPG,77450.0,78100.0,76050.0,76600.0,41611280
2021-03-02,HPG,76100.0,76750.0,75750.0,76550.0,29931665
2021-03-03,HPG,76450.0,76600.0,76150.0,76150.0,24036110
2021-03-04,HPG,76100.0,76400.0,75050.0,75250.0,37324484
2021-03-05,HPG,74950.0,78550.0,74700.0,78100.0,59495796
2021-03-08,HPG,78150.0,78700.0,77950.0,78650.0,28565286
2021-03-09,HPG,78600.0,79500.0,76450.0,77050.0,51853884
2021-03-10,HPG,76900.0,78450.0,76550.0,77900.0,32512377
2021-03-11,HPG,77500.0,78350.0,77400.0,77750.0,29695462
2021-03-12,HPG,77300.0,77850.0,76350.0,76500.0,40590174
2021-03-15,HPG,76350.0,77200.0,75450.0,76500.0,39227664
2021-03-16,HPG,76700.0,76850.0,75600.0,76050.0,38551040
2021-03-17,HPG,75750.0,78150.0,75150.0,77600.0,39417124
2021-03-18,HPG,76900.0,80050.0,76550.0,79800.0,40212907
2021-03-19,HPG,80200.0,81600.0,79800.0,81500.0,33268211
2021-03-22,HPG,81450.0,84350.0,81050.0,84150.0,45350087
2021-03-23,HPG,84450.0,84650.0,83300.0,83700.0,42938623
2021-03-24,HPG,84350.0,84450.0,81200.0,81350.0,57928557
2021-03-25,HPG,81500.0,83650.0,81250.0,83500.0,49797338
2021-03-26,HPG,83400.0,83900.0,83050.0,83500.0,37048616
2021-03-29,HPG,83750.0,84300.0,81500.0,81750.0,40864989
2021-03-30,HPG,81450.0,85400.0,81200.0,84600.0,42080151
2021-03-31,HPG,84850.0,85000.0,83800.0,84000.0,29651174
2021-04-01,HPG,84500.0,85050.0,81650.0,82300.0,48561771
2021-04-02,HPG,82350.0,82950.0,80300.0,81350.0,45966551
2021-04-05,HPG,81650.0,82000.0,79200.0,79700.0,54514250
2021-04-06,HPG,79950.0,82400.0,79550.0,81950.0,51478310
2021-04-07,HPG,82600.0,83550.0,82350.0,83400.0,27577616
2021-04-08,HPG,83600.0,83600.0,81650.0,81900.0,39493969
2021-04-09,HPG,81700.0,83650.0,81600.0,82900.0,51521516
2021-04-12,HPG,83250.0,84350.0,82700.0,84050.0,34023877
2021-04-13,HPG,84550.0,84700.0,80550.0,80750.0,49311394
2021-04-14,HPG,80550.0,80850.0,79550.0,79800.0,48563626
2021-04-15,HPG,79550.0,80500.0,78100.0,78300.0,45784298
2021-04-16,HPG,78050.0,79550.0,77200.0,79300.0,46150942
2021-04-19,HPG,79400.0,80150.0,76450.0,77100.0,47029259
2021-04-20,HPG,76900.0,78350.0,76300.0,77550.0,40644905
2021-04-21,HPG,77500.0,77850.0,76400.0,76400.0,35388893
2021-04-22,HPG,76600.0,77150.0,75200.0,75750.0,32785187
2021-04-23,HPG,75000.0,77650.0,74900.0,76850.0,56833118
2021-04-26,HPG,76800.0,78000.0,76800.0,78000.0,41496627
2021-04-27,HPG,77850.0,78350.0,77550.0,78000.0,43263941
2021-04-28,HPG,78250.0,80100.0,77250.0,79600.0,40892347
2021-04-29,HPG,79550.0,79750.0,77900.0,78350.0,48713307
2021-04-30,HPG,78300.0,78450.0,74750.0,75800.0,55637903
2021-05-03,HPG,75950.0,78000.0,75800.0,77850.0,37248232
2021-05-04,HPG,78200.0,78500.0,75550.0,76000.0,46259973
2021-05-05,HPG,75600.0,75900.0,73800.0,74500.0,43594116
2021-05-06,HPG,74450.0,77150.0,74050.0,77150.0,46439029
2021-05-07,HPG,77200.0,78800.0,76700.0,78700.0,49222354
2021-05-10,HPG,78650.0,82450.0,78100.0,82450.0,48478766
2021-05-11,HPG,82800.0,83450.0,82550.0,82950.0,28714135
2021-05-12,HPG,83450.0,84200.0,82200.0,82350.0,33961179
2021-05-13,HPG,81850.0,84950.0,81050.0,84750.0,41106529
2021-05-14,HPG,84000.0,85900.0,83850.0,85700.0,36905661
2021-05-17,HPG,85300.0,86050.0,81750.0,81950.0,57561782
2021-05-18,HPG,81750.0,81950.0,79950.0,80400.0,32565986
2021-05-19,HPG,80700.0,80950.0,79450.0,79900.0,49517501
2021-05-20,HPG,79500.0,79650.0,78100.0,78550.0,33154340
2021-05-21,HPG,78300.0,79400.0,77850.0,78850.0,39651408
2021-05-24,HPG,78500.0,78550.0,76000.0,76200.0,55403209
2021-05-25,HPG,76350.0,77100.0,74550.0,74650.0,34812813
2021-05-26,HPG,75000.0,75950.0,74950.0,75600.0,33589701
2021-05-27,HPG,75750.0,75950.0,74100.0,74200.0,49005873
2021-05-28,HPG,74150.0,75050.0,73900.0,74800.0,32095477
2021-05-31,HPG,74950.0,77950.0,74400.0,77450.0,44296365
2021-06-01,HPG,78100.0,78700.0,78050.0,78350.0,43373023
2021-06-02,HPG,77800.0,78650.0,77550.0,78000.0,42962485
2021-06-03,HPG,77900.0,78300.0,76400.0,76850.0,47463944
2021-06-04,HPG,76550.0,76700.0,75100.0,75400.0,37061331
2021-06-07,HPG,74500.0,77700.0,74300.0,77200.0,49023556
2021-06-08,HPG,77000.0,77950.0,76850.0,77600.0,30740987
2021-06-09,HPG,77900.0,78250.0,76750.0,76950.0,36390845
2021-06-10,HPG,76850.0,78350.0,76650.0,78050.0,31147396
2021-06-11,HPG,77850.0,78200.0,77050.0,77350.0,41827952
2021-06-14,HPG,77400.0,79200.0,77150.0,78800.0,48582949
2021-06-15,HPG,78700.0,81100.0,78500.0,80100.0,49792431
2021-06-16,HPG,80350.0,81800.0,78900.0,79450.0,53389934
2021-06-17,HPG,79150.0,83550.0,78250.0,83550.0,57258666
2021-06-18,HPG,83600.0,85050.0,83450.0,84900.0,45892020
2021-06-21,HPG,84100.0,84450.0,82250.0,83050.0,42770277
2021-06-22,HPG,83450.0,83500.0,82100.0,82150.0,27398567
2021-06-23,HPG,81700.0,82100.0,80800.0,81400.0,46989955
2021-06-24,HPG,81900.0,83950.0,81600.0,83900.0,37921165
2021-06-25,HPG,84150.0,84350.0,83150.0,84050.0,36064302
2021-06-28,HPG,84350.0,87600.0,84350.0,87200.0,42329572
2021-06-29,HPG,86650.0,88500.0,85050.0,88450.0,43381087
2021-06-30,HPG,88250.0,92450.0,88100.0,91500.0,44875972
2021-07-01,HPG,91500.0,92450.0,91350.0,91900.0,30109848
2021-07-02,HPG,91350.0,92750.0,91200.0,92500.0,42056236
2021-07-05,HPG,92250.0,97250.0,92150.0,95800.0,64141313
2021-07-06,HPG,95050.0,98050.0,94950.0,97800.0,34891870
2021-07-07,HPG,97800.0,98600.0,96900.0,98050.0,37262961
2021-07-08,HPG,97800.0,101150.0,96500.0,100400.0,42733382
2021-07-09,HPG,100800.0,102200.0,100200.0,101450.0,28001110
2021-07-12,HPG,101700.0,109550.0,101600.0,108450.0,71776273
2021-07-13,HPG,108500.0,108900.0,103350.0,104450.0,52750024
2021-07-14,HPG,104400.0,110250.0,103450.0,109800.0,61600550
2021-07-15,HPG,109900.0,110650.0,106050.0,106950.0,46677264
2021-07-16,HPG,106650.0,112150.0,106150.0,111000.0,47193113
2021-07-19,HPG,111800.0,114500.0,110900.0,114200.0,49991128
2021-07-20,HPG,114100.0,115000.0,109800.0,110200.0,43875297
2021-07-21,HPG,110200.0,110850.0,107100.0,108050.0,52038215
2021-07-22,HPG,107700.0,111000.0,107300.0,110150.0,36812175
2021-07-23,HPG,110000.0,110550.0,108600.0,109300.0,48049000
2021-07-26,HPG,108400.0,113900.0,108100.0,113600.0,52457549
2021-07-27,HPG,113600.0,117000.0,112400.0,116200.0,47208623
2021-07-28,HPG,116400.0,117750.0,111450.0,112200.0,61441404
2021-07-29,HPG,112650.0,113200.0,110250.0,110650.0,53165337
2021-07-30,HPG,110250.0,114200.0,109450.0,112600.0,45720600
2021-08-02,HPG,112700.0,115250.0,112350.0,114800.0,40448625
2021-08-03,HPG,114650.0,118000.0,114500.0,117900.0,42821534
2021-08-04,HPG,118300.0,118550.0,116750.0,118200.0,41162033
2021-08-05,HPG,118600.0,122350.0,118150.0,122100.0,45031877
2021-08-06,HPG,121850.0,122100.0,118100.0,118450.0,42492420
2021-08-09,HPG,118100.0,119100.0,116650.0,116800.0,37202318
2021-08-10,HPG,116300.0,117550.0,116250.0,116800.0,31548884
2021-08-11,HPG,117250.0,117600.0,112950.0,113500.0,43637608
2021-08-12,HPG,113500.0,118050.0,113400.0,117650.0,39961902
2021-08-13,HPG,117300.0,121050.0,117150.0,119500.0,45087727
2021-08-16,HPG,119350.0,119500.0,118850.0,119350.0,22570864
2021-08-17,HPG,119400.0,119900.0,118450.0,119250.0,33955560
2021-08-18,HPG,119100.0,119550.0,115700.0,116900.0,39625123
2021-08-19,HPG,116900.0,117050.0,113000.0,113800.0,55589715
2021-08-20,HPG,114200.0,115200.0,109900.0,110100.0,61109280
2021-08-23,HPG,110150.0,110600.0,108500.0,108850.0,34115978
2021-08-24,HPG,108300.0,108350.0,106350.0,106500.0,48388410
2021-08-25,HPG,106400.0,107500.0,106250.0,106500.0,37639443
2021-08-26,HPG,106350.0,107650.0,106150.0,107600.0,32100228
2021-08-27,HPG,107850.0,108900.0,107200.0,108250.0,29029556
2021-08-30,HPG,108300.0,110550.0,108250.0,109850.0,37920058
2021-08-31,HPG,109450.0,116050.0,109000.0,115400.0,52848225
2021-09-01,HPG,114850.0,117650.0,114850.0,116650.0,50987353
2021-09-02,HPG,116700.0,118200.0,115300.0,115350.0,52392784
2021-09-03,HPG,115750.0,120500.0,115450.0,118450.0,53296776
2021-09-06,HPG,118600.0,120050.0,117150.0,119550.0,43835065
2021-09-07,HPG,119050.0,126650.0,117450.0,126450.0,52391553
2021-09-08,HPG,125850.0,130950.0,125300.0,130500.0,37829495
2021-09-09,HPG,130700.0,137050.0,130200.0,136500.0,43602319
2021-09-10,HPG,136200.0,137050.0,133850.0,134700.0,51976966
2021-09-13,HPG,134550.0,134850.0,131100.0,131900.0,47699808
2021-09-14,HPG,132250.0,132550.0,131250.0,131500.0,44090710
2021-09-15,HPG,131550.0,133800.0,131250.0,131850.0,35626475
2021-09-16,HPG,133100.0,133200.0,132050.0,132750.0,40013683
2021-09-17,HPG,132450.0,132850.0,128750.0,130400.0,36631160
2021-09-20,HPG,130150.0,135400.0,129950.0,133800.0,43885883
2021-09-21,HPG,134450.0,134850.0,132400.0,132700.0,43112426
2021-09-22,HPG,133350.0,133750.0,131350.0,131500.0,39311832
2021-09-23,HPG,131150.0,131450.0,127900.0,128350.0,34867922
2021-09-24,HPG,128700.0,130250.0,125200.0,125500.0,46909159
2021-09-27,HPG,126050.0,127800.0,125150.0,127700.0,35132203
2021-09-28,HPG,127350.0,128300.0,124000.0,124350.0,50998759
2021-09-29,HPG,124900.0,125250.0,124200.0,124800.0,28897993
2021-09-30,HPG,124600.0,126150.0,124250.0,125450.0,31667860
2021-10-01,HPG,125250.0,125800.0,123200.0,123400.0,46860198
2021-10-04,HPG,123900.0,126250.0,123300.0,126250.0,51462035
2021-10-05,HPG,126950.0,128550.0,126800.0,126950.0,31886752
2021-10-06,HPG,127450.0,129300.0,127350.0,128850.0,28988245
2021-10-07,HPG,129550.0,129550.0,125050.0,126250.0,53230655
2021-10-08,HPG,126050.0,126100.0,123050.0,124000.0,33819167
2021-10-11,HPG,123300.0,127450.0,123250.0,127050.0,42203665
2021-10-12,HPG,127500.0,132600.0,126700.0,131350.0,60308564
2021-10-13,HPG,132100.0,135150.0,131950.0,133900.0,41457562
2021-10-14,HPG,132700.0,137000.0,132000.0,136550.0,43300632
2021-10-15,HPG,137550.0,137950.0,136750.0,137500.0,25599295
2021-10-18,HPG,137350.0,139400.0,137050.0,139000.0,39719528
2021-10-19,HPG,139400.0,140050.0,138350.0,139850.0,35063735
2021-10-20,HPG,139400.0,139900.0,133450.0,135250.0,48646718
2021-10-21,HPG,134650.0,135250.0,133350.0,133400.0,31996880
2021-10-22,HPG,133900.0,139500.0,133300.0,139200.0,42360626
2021-10-25,HPG,139200.0,144200.0,137550.0,144050.0,49277996
2021-10-26,HPG,144000.0,145150.0,139250.0,139500.0,41099860
2021-10-27,HPG,139550.0,140300.0,136750.0,137450.0,46524112
2021-10-28,HPG,138250.0,138300.0,134900.0,136300.0,45098447
2021-10-29,HPG,136600.0,138600.0,136150.0,137850.0,40249452
2021-11-01,HPG,138100.0,138750.0,137450.0,138400.0,40661825
2021-11-02,HPG,138350.0,138650.0,137700.0,138350.0,24548235
2021-11-03,HPG,138300.0,138950.0,137300.0,137500.0,35465002
2021-11-04,HPG,138150.0,142950.0,137300.0,142050.0,54269203
2021-11-05,HPG,143350.0,144250.0,141950.0,142500.0,39773275
2021-11-08,HPG,143300.0,146050.0,142950.0,145550.0,29208115
2021-11-09,HPG,145600.0,146600.0,145450.0,145500.0,24850306
2021-11-10,HPG,146750.0,147700.0,145650.0,147300.0,31965357
2021-11-11,HPG,147750.0,151050.0,146950.0,151050.0,39485235
2021-11-12,HPG,150850.0,156750.0,150700.0,155600.0,53141622
2021-11-15,HPG,156050.0,157250.0,151600.0,152650.0,38930068
2021-11-16,HPG,152100.0,153000.0,147100.0,147600.0,55417175
2021-11-17,HPG,148200.0,149150.0,145500.0,146150.0,40972634
2021-11-18,HPG,145950.0,146050.0,143650.0,143850.0,42441100
2021-11-19,HPG,143700.0,145300.0,142050.0,142300.0,44880121
2021-11-22,HPG,142550.0,143150.0,140100.0,141600.0,44764870
2021-11-23,HPG,142550.0,143550.0,140700.0,141800.0,45355529
2021-11-24,HPG,141450.0,144300.0,140700.0,143700.0,30366618
2021-11-25,HPG,143250.0,143650.0,139450.0,140300.0,35160816
2021-11-26,HPG,140100.0,141650.0,139200.0,141200.0,28244445
2021-11-29,HPG,140750.0,145500.0,140050.0,143850.0,43273449
2021-11-30,HPG,142950.0,144300.0,142300.0,143000.0,28382273
2021-12-01,HPG,143950.0,144650.0,140350.0,140550.0,37297767
2021-12-02,HPG,140100.0,141300.0,139850.0,140900.0,36323851
2021-12-03,HPG,141150.0,141750.0,140500.0,141350.0,45330664
2021-12-06,HPG,141900.0,142250.0,138000.0,139450.0,48987629
2021-12-07,HPG,139450.0,140850.0,132650.0,132950.0,64811475
2021-12-08,HPG,133050.0,133700.0,131700.0,131950.0,39095036
2021-12-09,HPG,131550.0,133800.0,131100.0,133100.0,50075709
2021-12-10,HPG,132950.0,133000.0,129400.0,130400.0,40722733
2021-12-13,HPG,130650.0,131350.0,129550.0,129750.0,36801088
2021-12-14,HPG,128900.0,129450.0,126100.0,126850.0,37870677
2021-12-15,HPG,127000.0,127050.0,126200.0,126300.0,26258407
2021-12-16,HPG,126650.0,127350.0,117650.0,118350.0,56650021
2021-12-17,HPG,118100.0,121200.0,115900.0,121000.0,50823707
2021-12-20,HPG,120950.0,121800.0,118000.0,118300.0,37977715
2021-12-21,HPG,119050.0,119750.0,118500.0,119750.0,31366873
2021-12-22,HPG,119400.0,119400.0,117450.0,118450.0,31094469
2021-12-23,HPG,118150.0,123450.0,117150.0,122650.0,52500068
2021-12-24,HPG,123500.0,125050.0,123000.0,124550.0,26803937
2021-12-27,HPG,124050.0,126950.0,123400.0,125800.0,36566465
2021-12-28,HPG,125600.0,126950.0,125050.0,126100.0,45094119
2021-12-29,HPG,126550.0,127600.0,122900.0,122900.0,55116574
2021-12-30,HPG,123400.0,123900.0,121350.0,122400.0,41967443
2021-12-31,HPG,121800.0,121900.0,119650.0,120300.0,32325174
2022-01-03,HPG,120250.0,120300.0,119300.0,119650.0,28586237
2022-01-04,HPG,120300.0,120900.0,117100.0,117850.0,45195562
2022-01-05,HPG,117600.0,119000.0,116950.0,118200.0,37571068
2022-01-06,HPG,118300.0,118700.0,113100.0,114050.0,43272449
2022-01-07,HPG,114500.0,115550.0,114300.0,115100.0,29437603
2022-01-10,HPG,115250.0,115400.0,108200.0,109600.0,63399127
2022-01-11,HPG,109400.0,110450.0,108400.0,109550.0,34033768
2022-01-12,HPG,109700.0,110200.0,109400.0,109850.0,32541528
2022-01-13,HPG,110800.0,111350.0,104050.0,105800.0,63213157
2022-01-14,HPG,105950.0,106700.0,103350.0,104400.0,42942207
2022-01-17,HPG,103850.0,104400.0,101250.0,102050.0,35074112
2022-01-18,HPG,102050.0,102650.0,99700.0,100150.0,53427653
2022-01-19,HPG,100550.0,100600.0,99100.0,99250.0,38198698
2022-01-20,HPG,98650.0,100100.0,96800.0,97350.0,45767481
2022-01-21,HPG,97100.0,98950.0,97050.0,98300.0,28834944
2022-01-24,HPG,98500.0,99200.0,98300.0,98900.0,39555392
2022-01-25,HPG,99350.0,99850.0,98550.0,98550.0,41640061
2022-01-26,HPG,98450.0,100550.0,98150.0,100150.0,39110691
2022-01-27,HPG,100100.0,100150.0,96850.0,97400.0,37401075
2022-01-28,HPG,97000.0,99500.0,96400.0,99200.0,39232765
2022-01-31,HPG,99350.0,100350.0,96400.0,96900.0,37113719
2022-02-01,HPG,97300.0,97950.0,96100.0,96850.0,45823030
2022-02-02,HPG,97350.0,97500.0,94500.0,95550.0,40302325
2022-02-03,HPG,96050.0,96950.0,93950.0,94400.0,37772585
2022-02-04,HPG,94650.0,94750.0,92400.0,92550.0,47346259
2022-02-07,HPG,92950.0,94250.0,92750.0,94200.0,37246855
2022-02-08,HPG,94450.0,95150.0,91250.0,91300.0,52768840
2022-02-09,HPG,91400.0,91600.0,86700.0,86700.0,45819718
2022-02-10,HPG,86750.0,87300.0,86200.0,87100.0,37639767
2022-02-11,HPG,87200.0,89450.0,87100.0,89200.0,42012175
2022-02-14,HPG,89200.0,90450.0,83500.0,84150.0,69214477
2022-02-15,HPG,84700.0,84950.0,83700.0,84000.0,27904305
2022-02-16,HPG,84350.0,85650.0,83900.0,85400.0,49884256
2022-02-17,HPG,85600.0,86000.0,83900.0,84300.0,33682706
2022-02-18,HPG,84100.0,84450.0,83900.0,84200.0,25115941
2022-02-21,HPG,84150.0,84200.0,82600.0,83100.0,41334255
2022-02-22,HPG,82450.0,82700.0,78050.0,78400.0,65385240
2022-02-23,HPG,77950.0,78550.0,76200.0,76800.0,37543694
2022-02-24,HPG,76450.0,77350.0,75800.0,77150.0,29237181
2022-02-25,HPG,77200.0,77500.0,74650.0,75050.0,55227687
2022-02-28,HPG,75450.0,76450.0,75050.0,75850.0,48628158
2022-03-01,HPG,75900.0,77400.0,75600.0,76850.0,47094678
2022-03-02,HPG,76650.0,77150.0,73450.0,73750.0,44510443
2022-03-03,HPG,73500.0,74100.0,72850.0,74100.0,32654966
2022-03-04,HPG,74000.0,76350.0,73850.0,76200.0,50414348
2022-03-07,HPG,76000.0,78100.0,75600.0,77800.0,44462220
2022-03-08,HPG,77300.0,79750.0,76650.0,79150.0,37632836
2022-03-09,HPG,78900.0,80300.0,77950.0,79900.0,53326156
2022-03-10,HPG,80050.0,81100.0,77350.0,77800.0,47351974
2022-03-11,HPG,77850.0,79100.0,77100.0,78600.0,30477443
2022-03-14,HPG,78950.0,79700.0,77900.0,78350.0,33171393
2022-03-15,HPG,78150.0,78350.0,77850.0,78300.0,24199614
2022-03-16,HPG,78250.0,79900.0,78250.0,79600.0,50151520
2022-03-17,HPG,80050.0,80100.0,79100.0,79250.0,25458846
2022-03-18,HPG,79250.0,80100.0,76600.0,77000.0,56641718
2022-03-21,HPG,76600.0,77400.0,76050.0,77200.0,43507353
2022-03-22,HPG,76850.0,77050.0,76850.0,76950.0,31298014
2022-03-23,HPG,77250.0,79350.0,77050.0,79300.0,34933509
2022-03-24,HPG,79550.0,81500.0,79450.0,80950.0,41378693
2022-03-25,HPG,81250.0,81950.0,79400.0,79950.0,49397506
2022-03-28,HPG,80000.0,81750.0,80000.0,80700.0,38088435
2022-03-29,HPG,80650.0,83850.0,80550.0,83300.0,50747805
2022-03-30,HPG,83200.0,83900.0,82850.0,82900.0,33341201
2022-03-31,HPG,83050.0,86050.0,83050.0,85750.0,48834601
2022-04-01,HPG,85600.0,85650.0,82350.0,83300.0,44989944
2022-04-04,HPG,84000.0,84950.0,83950.0,84550.0,42379209
2022-04-05,HPG,83850.0,88450.0,83300.0,88200.0,50152609
2022-04-06,HPG,88100.0,88950.0,86800.0,86900.0,30889427
2022-04-07,HPG,87050.0,87400.0,85650.0,86150.0,41829651
2022-04-08,HPG,86200.0,87750.0,85550.0,87600.0,52203766
2022-04-11,HPG,86950.0,87200.0,82800.0,82950.0,62253798
2022-04-12,HPG,82800.0,83750.0,82450.0,82800.0,36036316
2022-04-13,HPG,83100.0,85750.0,82650.0,85350.0,56925277
2022-04-14,HPG,85500.0,85600.0,82800.0,82950.0,53915558
2022-04-15,HPG,83100.0,83450.0,81650.0,81750.0,45967042
2022-04-18,HPG,81650.0,81850.0,77800.0,78350.0,59382122
2022-04-19,HPG,77800.0,79200.0,77550.0,78800.0,50638759
2022-04-20,HPG,78350.0,78700.0,78050.0,78400.0,26712636
2022-04-21,HPG,78400.0,79150.0,76550.0,76650.0,35643560
2022-04-22,HPG,76950.0,77150.0,75550.0,75600.0,46931336
2022-04-25,HPG,75400.0,76050.0,73850.0,73950.0,48745430
2022-04-26,HPG,74150.0,74750.0,73850.0,73850.0,40418413
2022-04-27,HPG,73700.0,74200.0,73000.0,73200.0,34848590
2022-04-28,HPG,72900.0,75700.0,72850.0,74550.0,35903998
2022-04-29,HPG,74500.0,74650.0,71450.0,71500.0,60049693
2022-05-02,HPG,71250.0,74650.0,70750.0,73900.0,43339553
2022-05-03,HPG,73900.0,74650.0,71100.0,71300.0,50474298
2022-05-04,HPG,71200.0,71450.0,68500.0,68700.0,39576421
2022-05-05,HPG,68450.0,68550.0,67600.0,67700.0,35446823
2022-05-06,HPG,67450.0,67600.0,65950.0,66300.0,38714558
2022-05-09,HPG,66100.0,66200.0,64700.0,65050.0,40344040
2022-05-10,HPG,65100.0,65750.0,64750.0,65500.0,45228403
2022-05-11,HPG,65900.0,67050.0,65450.0,67000.0,49144614
2022-05-12,HPG,67050.0,69250.0,66650.0,69200.0,43842909
2022-05-13,HPG,69050.0,69800.0,66800.0,66850.0,51455731
2022-05-16,HPG,66550.0,67300.0,66050.0,66650.0,37365412
2022-05-17,HPG,66200.0,66200.0,64850.0,65100.0,49574693
2022-05-18,HPG,65200.0,65650.0,63250.0,63900.0,36675698
2022-05-19,HPG,64400.0,67350.0,63400.0,66500.0,46015615
2022-05-20,HPG,66750.0,67450.0,65650.0,66100.0,44951129
2022-05-23,HPG,66050.0,67050.0,65850.0,66900.0,44571076
2022-05-24,HPG,67150.0,67450.0,66100.0,66900.0,37378358
2022-05-25,HPG,66700.0,69150.0,66550.0,69000.0,44065786
2022-05-26,HPG,69200.0,69800.0,69000.0,69500.0,29956890
2022-05-27,HPG,69200.0,69550.0,67300.0,67700.0,52870996
2022-05-30,HPG,67750.0,70300.0,67700.0,70150.0,54867731
2022-05-31,HPG,70200.0,71700.0,69700.0,71150.0,39389426
2022-06-01,HPG,71050.0,71900.0,70750.0,71450.0,41542819
2022-06-02,HPG,70950.0,73500.0,70550.0,73050.0,54891961
2022-06-03,HPG,73250.0,74250.0,73000.0,74050.0,37705262
2022-06-06,HPG,74100.0,74200.0,71450.0,71500.0,44567971
2022-06-07,HPG,71450.0,71500.0,70400.0,71050.0,45598395
2022-06-08,HPG,70650.0,72550.0,70150.0,72200.0,53206689
2022-06-09,HPG,71950.0,72200.0,69300.0,69900.0,53786340
2022-06-10,HPG,70400.0,72950.0,69900.0,72000.0,38116419
2022-06-13,HPG,71750.0,75050.0,71750.0,74750.0,54302741
2022-06-14,HPG,74350.0,74600.0,73850.0,73950.0,34962385
2022-06-15,HPG,74550.0,74800.0,73700.0,74000.0,33804144
2022-06-16,HPG,74100.0,74550.0,73800.0,73950.0,41977486
2022-06-17,HPG,73950.0,73950.0,72700.0,73150.0,43366403
2022-06-20,HPG,73000.0,74700.0,72900.0,74500.0,39375649
2022-06-21,HPG,74350.0,75000.0,74000.0,74450.0,47524403
2022-06-22,HPG,74750.0,76500.0,74550.0,76000.0,33994052
2022-06-23,HPG,75950.0,77950.0,75050.0,77750.0,57435715
2022-06-24,HPG,77800.0,78700.0,76150.0,76200.0,38638792
2022-06-27,HPG,76700.0,77550.0,74450.0,74500.0,51674489
2022-06-28,HPG,74450.0,74800.0,74200.0,74300.0,41661471
2022-06-29,HPG,74200.0,74800.0,73400.0,74250.0,43270878
2022-06-30,HPG,74650.0,75600.0,73850.0,74000.0,41660967
2022-07-01,HPG,74300.0,74400.0,73750.0,74300.0,40895901
2022-07-04,HPG,74750.0,75400.0,74550.0,75300.0,36399200
2022-07-05,HPG,75050.0,75450.0,74150.0,74550.0,41575312
2022-07-06,HPG,74650.0,75250.0,71900.0,72200.0,56823708
2022-07-07,HPG,72150.0,73900.0,71950.0,73800.0,40516002
2022-07-08,HPG,73500.0,74300.0,71300.0,72050.0,49385706
2022-07-11,HPG,72300.0,72550.0,72200.0,72250.0,31237744
2022-07-12,HPG,72250.0,72650.0,71600.0,72500.0,41584818
2022-07-13,HPG,72300.0,72750.0,70600.0,71350.0,34813388
2022-07-14,HPG,71400.0,71600.0,70400.0,70450.0,28032624
2022-07-15,HPG,70600.0,71800.0,70550.0,71700.0,27648041
2022-07-18,HPG,71700.0,72100.0,66600.0,66800.0,71840548
2022-07-19,HPG,66850.0,69400.0,66350.0,69200.0,42498801
2022-07-20,HPG,69700.0,71300.0,69550.0,70300.0,34364461
2022-07-21,HPG,70450.0,70800.0,69900.0,70100.0,25603905
2022-07-22,HPG,69800.0,70100.0,67450.0,67800.0,57174984
2022-07-25,HPG,68200.0,68800.0,66400.0,66850.0,47645742
2022-07-26,HPG,66700.0,67500.0,66200.0,66750.0,42495623
2022-07-27,HPG,66950.0,68450.0,66600.0,67650.0,50608550
2022-07-28,HPG,67750.0,67950.0,65900.0,65950.0,51261090
2022-07-29,HPG,65800.0,66050.0,61950.0,62400.0,64946603
2022-08-01,HPG,62500.0,62850.0,59050.0,59350.0,49804271
2022-08-02,HPG,59350.0,61450.0,58650.0,60950.0,50725284
2022-08-03,HPG,60800.0,61100.0,60100.0,60450.0,32589327
2022-08-04,HPG,60300.0,60300.0,57200.0,57300.0,52338197
2022-08-05,HPG,57150.0,57250.0,55000.0,55100.0,47091638
2022-08-08,HPG,55500.0,56000.0,54550.0,54650.0,49551828
2022-08-09,HPG,54350.0,54750.0,53900.0,54300.0,38819747
2022-08-10,HPG,54500.0,55400.0,53750.0,55100.0,47674254
2022-08-11,HPG,55150.0,55900.0,54950.0,55700.0,26783653
2022-08-12,HPG,55300.0,56900.0,54900.0,56900.0,52177417
2022-08-15,HPG,57150.0,59500.0,56750.0,59000.0,56611882
2022-08-16,HPG,58900.0,61950.0,58550.0,61450.0,62696277
2022-08-17,HPG,61600.0,62500.0,61550.0,62350.0,32175784
2022-08-18,HPG,62550.0,65700.0,62050.0,64750.0,45289204
2022-08-19,HPG,65150.0,68300.0,65100.0,68250.0,58675199
2022-08-22,HPG,69100.0,71300.0,68650.0,71300.0,48058056
2022-08-23,HPG,71550.0,72150.0,70950.0,71900.0,41242368
2022-08-24,HPG,71750.0,73800.0,71400.0,73300.0,54335952
2022-08-25,HPG,72650.0,77500.0,72000.0,77350.0,60072100
2022-08-26,HPG,77450.0,81750.0,77300.0,81750.0,60509184
2022-08-29,HPG,82250.0,82650.0,82000.0,82550.0,43947644
2022-08-30,HPG,82350.0,84250.0,81050.0,83900.0,52943121
2022-08-31,HPG,83700.0,83900.0,81900.0,82300.0,36445885
2022-09-01,HPG,82350.0,83100.0,78550.0,79300.0,44979924
2022-09-02,HPG,79450.0,79950.0,76900.0,77350.0,55082668
2022-09-05,HPG,77550.0,80400.0,77150.0,80200.0,50697450
2022-09-06,HPG,79950.0,80450.0,76800.0,77350.0,47932592
2022-09-07,HPG,78050.0,79650.0,78000.0,79050.0,40763546
2022-09-08,HPG,79000.0,79250.0,78750.0,79200.0,28457829
2022-09-09,HPG,78850.0,82200.0,78750.0,80800.0,42877278
2022-09-12,HPG,79850.0,81800.0,79650.0,81450.0,39162190
2022-09-13,HPG,81300.0,81950.0,81150.0,81600.0,39611360
2022-09-14,HPG,81500.0,81850.0,80450.0,80900.0,38143318
2022-09-15,HPG,81050.0,81200.0,79400.0,79750.0,39344753
2022-09-16,HPG,79550.0,83550.0,78950.0,83100.0,59586885
2022-09-19,HPG,82700.0,82900.0,82150.0,82350.0,41858451
2022-09-20,HPG,82500.0,82700.0,81400.0,81550.0,28326262
2022-09-21,HPG,81650.0,82200.0,78350.0,78700.0,46247077
2022-09-22,HPG,78450.0,80550.0,77300.0,80100.0,56567521
2022-09-23,HPG,79900.0,79950.0,76850.0,77650.0,44040171
2022-09-26,HPG,77250.0,78450.0,77200.0,78450.0,34581554
2022-09-27,HPG,78200.0,78700.0,77550.0,78250.0,47807628
2022-09-28,HPG,78400.0,83650.0,78250.0,83250.0,48806451
2022-09-29,HPG,82950.0,83050.0,80900.0,81350.0,41300807
2022-09-30,HPG,81250.0,84250.0,80900.0,83900.0,46293654
2022-10-03,HPG,83700.0,84550.0,83100.0,84250.0,39441878
2022-10-04,HPG,83900.0,84050.0,83550.0,84050.0,23637302
2022-10-05,HPG,83850.0,84000.0,82100.0,82200.0,45858037
2022-10-06,HPG,82100.0,82800.0,78400.0,79500.0,43879949
2022-10-07,HPG,79200.0,79500.0,78800.0,79500.0,40501377
2022-10-10,HPG,79800.0,79850.0,78400.0,78750.0,46571218
2022-10-11,HPG,78250.0,78850.0,77900.0,78100.0,44903515
2022-10-12,HPG,77950.0,78250.0,76850.0,77650.0,33756344
2022-10-13,HPG,77300.0,78450.0,77150.0,78150.0,30287301
2022-10-14,HPG,78100.0,78500.0,76500.0,77200.0,45541118
2022-10-17,HPG,77000.0,79150.0,76800.0,78800.0,34134479
2022-10-18,HPG,78800.0,79300.0,76000.0,76900.0,58878194
2022-10-19,HPG,76450.0,78350.0,75750.0,77950.0,35774332
2022-10-20,HPG,77950.0,78400.0,74750.0,74900.0,47894966
2022-10-21,HPG,74300.0,74350.0,73000.0,73850.0,41033763
2022-10-24,HPG,74000.0,74350.0,73600.0,73750.0,35802852
2022-10-25,HPG,73750.0,76800.0,72550.0,76300.0,49993992
2022-10-26,HPG,76200.0,78850.0,75100.0,78550.0,42694015
2022-10-27,HPG,78600.0,78850.0,78250.0,78400.0,32049868
2022-10-28,HPG,77750.0,78000.0,76300.0,76800.0,43931375
2022-10-31,HPG,77000.0,78100.0,76750.0,77550.0,36916580
2022-11-01,HPG,77350.0,77750.0,77250.0,77350.0,23488927
2022-11-02,HPG,77400.0,79700.0,76900.0,78950.0,55828789
2022-11-03,HPG,79000.0,80450.0,75900.0,76050.0,46228420
2022-11-04,HPG,76150.0,76250.0,76100.0,76150.0,30106530
2022-11-07,HPG,76350.0,77200.0,75900.0,76950.0,29511853
2022-11-08,HPG,76450.0,80450.0,76350.0,79950.0,45167607
2022-11-09,HPG,80100.0,80250.0,77550.0,78850.0,40317975
2022-11-10,HPG,79150.0,79450.0,77300.0,77500.0,34443660
2022-11-11,HPG,77550.0,79100.0,77000.0,78650.0,32742089
2022-11-14,HPG,79100.0,82900.0,78500.0,82100.0,61587129
2022-11-15,HPG,82350.0,82400.0,81050.0,81100.0,46460511
2022-11-16,HPG,80700.0,82300.0,80600.0,82250.0,44956273
2022-11-17,HPG,82450.0,82450.0,81850.0,82200.0,31180026
2022-11-18,HPG,81950.0,82750.0,79700.0,80550.0,39366676
2022-11-21,HPG,80000.0,82150.0,79900.0,81850.0,42036968
2022-11-22,HPG,82050.0,82200.0,81050.0,81050.0,42011112
2022-11-23,HPG,81100.0,81450.0,77950.0,78250.0,46945583
2022-11-24,HPG,78200.0,79750.0,78100.0,79450.0,42187474
2022-11-25,HPG,79200.0,81150.0,78900.0,80850.0,33935974
2022-11-28,HPG,80600.0,80850.0,78450.0,79000.0,50344547
2022-11-29,HPG,79250.0,79500.0,77800.0,78300.0,37397588
2022-11-30,HPG,78700.0,79300.0,77150.0,77250.0,40017969
2022-12-01,HPG,77100.0,78250.0,76350.0,77200.0,43488850
2022-12-02,HPG,78050.0,79300.0,77500.0,78850.0,31389724
2022-12-05,HPG,79300.0,80600.0,76750.0,76850.0,58936341
2022-12-06,HPG,76900.0,78400.0,76350.0,77850.0,40417231
2022-12-07,HPG,77700.0,78700.0,77250.0,78300.0,46132736
2022-12-08,HPG,78100.0,78150.0,76100.0,76200.0,33878816
2022-12-09,HPG,75650.0,77050.0,75350.0,76700.0,40076101
2022-12-12,HPG,76550.0,77600.0,75800.0,77450.0,46647350
2022-12-13,HPG,77350.0,78250.0,76850.0,77900.0,37701955
2022-12-14,HPG,77950.0,78650.0,77800.0,78200.0,31735104
2022-12-15,HPG,78100.0,81250.0,77750.0,80150.0,40570014
2022-12-16,HPG,80250.0,84500.0,79950.0,84100.0,49950414
2022-12-19,HPG,83750.0,85450.0,83000.0,84900.0,48261985
2022-12-20,HPG,84800.0,87100.0,84350.0,86800.0,34482391
2022-12-21,HPG,86300.0,86600.0,83850.0,84700.0,42172205
2022-12-22,HPG,84900.0,87050.0,84100.0,86500.0,49547189
2022-12-23,HPG,86050.0,86050.0,85100.0,85600.0,28375700
2022-12-26,HPG,85000.0,86150.0,84750.0,85750.0,30061870
2022-12-27,HPG,85550.0,88700.0,85150.0,87800.0,40310477
2022-12-28,HPG,87550.0,88100.0,87000.0,87850.0,45838711
2022-12-29,HPG,87800.0,88750.0,84050.0,84250.0,53750989
2022-12-30,HPG,84200.0,84850.0,83300.0,84550.0,30182510
2023-01-02,HPG,84850.0,85050.0,82450.0,82500.0,44554069
2023-01-03,HPG,82950.0,83650.0,82500.0,83150.0,28454150
2023-01-04,HPG,83100.0,87650.0,83000.0,87650.0,54469373
2023-01-05,HPG,88000.0,88150.0,85850.0,85900.0,44442708
2023-01-06,HPG,86350.0,86900.0,85300.0,85350.0,42743736
2023-01-09,HPG,85350.0,85400.0,84800.0,85050.0,26547132
2023-01-10,HPG,85050.0,85150.0,83600.0,84200.0,31974317
2023-01-11,HPG,84150.0,84400.0,82450.0,82450.0,34130721
2023-01-12,HPG,82450.0,82750.0,81800.0,82650.0,28206172
2023-01-13,HPG,82300.0,82650.0,81500.0,82500.0,44327005
2023-01-16,HPG,82300.0,82850.0,81450.0,81500.0,27984060
2023-01-17,HPG,81400.0,82100.0,79650.0,80000.0,35809781
2023-01-18,HPG,80050.0,81400.0,79850.0,81400.0,30175039
2023-01-19,HPG,81250.0,81500.0,80950.0,81150.0,24645983
2023-01-20,HPG,81450.0,82600.0,81300.0,82400.0,29538290
2023-01-23,HPG,82200.0,82600.0,81200.0,81600.0,34844694
2023-01-24,HPG,81800.0,83350.0,81100.0,83300.0,51315464
2023-01-25,HPG,83200.0,83650.0,82750.0,82800.0,33373686
2023-01-26,HPG,82700.0,84800.0,82500.0,84100.0,39405310
2023-01-27,HPG,84500.0,84800.0,84250.0,84550.0,43409420
2023-01-30,HPG,84550.0,84600.0,83900.0,84400.0,43405176
2023-01-31,HPG,84200.0,84650.0,81700.0,81700.0,41912507
2023-02-01,HPG,81550.0,83900.0,81200.0,83650.0,54455026
2023-02-02,HPG,83750.0,86100.0,83250.0,84750.0,49289340
2023-02-03,HPG,85000.0,86200.0,85000.0,85850.0,37739061
2023-02-06,HPG,85750.0,86050.0,83250.0,83600.0,41586426
2023-02-07,HPG,83450.0,86900.0,83400.0,86700.0,52861002
2023-02-08,HPG,87350.0,87900.0,86850.0,87050.0,26762656
2023-02-09,HPG,86900.0,88250.0,86350.0,88250.0,37490043
2023-02-10,HPG,88200.0,92700.0,87300.0,92200.0,65369344
2023-02-13,HPG,92200.0,96050.0,91200.0,95600.0,55851313
2023-02-14,HPG,95900.0,98150.0,94550.0,98000.0,49566808
2023-02-15,HPG,97900.0,99250.0,97350.0,98650.0,30786837
2023-02-16,HPG,99000.0,99300.0,97900.0,98700.0,32442472
2023-02-17,HPG,98450.0,98700.0,94150.0,95250.0,44685746
2023-02-20,HPG,94650.0,96600.0,94550.0,96500.0,37262455
2023-02-21,HPG,96400.0,96500.0,96250.0,96400.0,31781145
2023-02-22,HPG,96100.0,96250.0,94700.0,95200.0,40632677
2023-02-23,HPG,95100.0,95550.0,93250.0,94250.0,44575977
2023-02-24,HPG,94850.0,95850.0,91150.0,91650.0,55414053
2023-02-27,HPG,91500.0,92250.0,88150.0,88150.0,46528376
2023-02-28,HPG,87200.0,88100.0,86950.0,87600.0,43552952
2023-03-01,HPG,87750.0,91700.0,86900.0,91550.0,44769353
2023-03-02,HPG,91800.0,94700.0,91400.0,94300.0,55275396
2023-03-03,HPG,94200.0,98550.0,94200.0,97200.0,56728713
2023-03-06,HPG,97400.0,100750.0,96950.0,99500.0,51432717
2023-03-07,HPG,99350.0,99950.0,99000.0,99900.0,43043913
2023-03-08,HPG,99800.0,99900.0,98750.0,98850.0,31038542
2023-03-09,HPG,98950.0,99450.0,97950.0,98550.0,44294918
2023-03-10,HPG,98700.0,99400.0,96150.0,97300.0,41511988
2023-03-13,HPG,96600.0,97050.0,92800.0,93650.0,58349560
2023-03-14,HPG,94150.0,94200.0,89400.0,89600.0,59893697
2023-03-15,HPG,89100.0,90850.0,89000.0,90750.0,36057153
2023-03-16,HPG,90850.0,91750.0,89700.0,89900.0,39699290
2023-03-17,HPG,90000.0,90050.0,87350.0,88500.0,39288412
2023-03-20,HPG,87900.0,88050.0,87000.0,87700.0,42507686
2023-03-21,HPG,88100.0,89050.0,86500.0,86900.0,49494967
2023-03-22,HPG,87200.0,87450.0,86350.0,86550.0,46265945
2023-03-23,HPG,87100.0,87300.0,85750.0,86300.0,45024435
2023-03-24,HPG,86400.0,86700.0,83550.0,84000.0,51334692
2023-03-27,HPG,83900.0,84350.0,83550.0,83650.0,26806313
2023-03-28,HPG,83500.0,83550.0,81800.0,82050.0,46910060
2023-03-29,HPG,82250.0,82750.0,82100.0,82600.0,29711499
2023-03-30,HPG,83000.0,84250.0,82900.0,83800.0,40925742
2023-03-31,HPG,84100.0,84450.0,80000.0,80950.0,56124874
2023-04-03,HPG,81300.0,82850.0,80450.0,82800.0,34094610
2023-04-04,HPG,83050.0,83400.0,82950.0,83100.0,41428198
2023-04-05,HPG,82750.0,84000.0,82100.0,83300.0,36362730
2023-04-06,HPG,82950.0,83000.0,82250.0,82550.0,36571629
2023-04-07,HPG,82950.0,83300.0,79350.0,79950.0,62419538
2023-04-10,HPG,79950.0,80800.0,78150.0,78450.0,53364133
2023-04-11,HPG,78400.0,80550.0,77650.0,80500.0,50281821
2023-04-12,HPG,80300.0,80800.0,77550.0,78000.0,51703875
2023-04-13,HPG,78000.0,78200.0,77700.0,78100.0,25313056
2023-04-14,HPG,78100.0,81050.0,77500.0,80450.0,46146008
2023-04-17,HPG,80000.0,81700.0,79900.0,81450.0,38271062
2023-04-18,HPG,81450.0,82600.0,78400.0,78450.0,48424561
2023-04-19,HPG,78250.0,81600.0,78050.0,80950.0,45456789
2023-04-20,HPG,81050.0,81250.0,77200.0,77750.0,58353518
2023-04-21,HPG,77300.0,77400.0,72300.0,72400.0,51307008
2023-04-24,HPG,72750.0,74250.0,72700.0,73400.0,39238631
2023-04-25,HPG,73700.0,73750.0,71850.0,73000.0,32833464
2023-04-26,HPG,72650.0,73200.0,72000.0,72450.0,33485433
2023-04-27,HPG,72600.0,73200.0,71600.0,71850.0,43164771
2023-04-28,HPG,71850.0,72750.0,71800.0,72500.0,38915960
2023-05-01,HPG,72400.0,72750.0,68300.0,68400.0,56594303
2023-05-02,HPG,68200.0,71450.0,67550.0,71000.0,56776180
2023-05-03,HPG,71000.0,71650.0,68750.0,68850.0,57624034
2023-05-04,HPG,68500.0,70200.0,68250.0,70050.0,37148679
2023-05-05,HPG,70450.0,70950.0,69850.0,70050.0,48184541
2023-05-08,HPG,70600.0,71250.0,70250.0,70950.0,37607945
2023-05-09,HPG,71150.0,73300.0,70850.0,72800.0,54269942
2023-05-10,HPG,72550.0,73000.0,69550.0,70200.0,51417498
2023-05-11,HPG,70750.0,71850.0,66250.0,67100.0,65393163
2023-05-12,HPG,67150.0,68850.0,66750.0,68700.0,40265064
2023-05-15,HPG,69000.0,69250.0,67850.0,68200.0,42283539
2023-05-16,HPG,67750.0,68650.0,67700.0,68600.0,44772148
2023-05-17,HPG,68550.0,69000.0,68350.0,68650.0,31685020
2023-05-18,HPG,68600.0,69300.0,67500.0,67950.0,47925826
2023-05-19,HPG,68100.0,68900.0,67900.0,68800.0,35724820
2023-05-22,HPG,68600.0,69200.0,67850.0,67850.0,32195623
2023-05-23,HPG,67600.0,70350.0,66650.0,69900.0,45684153
2023-05-24,HPG,69900.0,70050.0,68600.0,68700.0,32422866
2023-05-25,HPG,68200.0,68300.0,67600.0,67700.0,24619654
2023-05-26,HPG,68050.0,68450.0,65050.0,65200.0,60597710
2023-05-29,HPG,65100.0,69300.0,65100.0,69000.0,65144153
2023-05-30,HPG,69450.0,69500.0,68500.0,69050.0,26436845
2023-05-31,HPG,69400.0,69700.0,65800.0,66400.0,46499450
2023-06-01,HPG,66000.0,68900.0,65950.0,67800.0,40681571
2023-06-02,HPG,68200.0,68250.0,67000.0,67400.0,44954616
2023-06-05,HPG,67300.0,67350.0,66500.0,66550.0,33441483
2023-06-06,HPG,66000.0,66350.0,63550.0,64100.0,50538631
2023-06-07,HPG,64350.0,65000.0,63700.0,64850.0,31903391
2023-06-08,HPG,64550.0,65150.0,64100.0,64400.0,32165905
2023-06-09,HPG,64150.0,64400.0,64000.0,64150.0,24035864
2023-06-12,HPG,64200.0,64700.0,63950.0,64600.0,35274005
2023-06-13,HPG,64900.0,66300.0,64550.0,66150.0,50584970
2023-06-14,HPG,66050.0,66150.0,64150.0,64700.0,40385275
2023-06-15,HPG,64350.0,68500.0,64000.0,68500.0,67450646
2023-06-16,HPG,68700.0,69150.0,68650.0,69150.0,38023792
2023-06-19,HPG,69450.0,69800.0,68400.0,68550.0,36226403
2023-06-20,HPG,68500.0,68900.0,67600.0,67650.0,27894073
2023-06-21,HPG,67500.0,68000.0,67300.0,67950.0,32140376
2023-06-22,HPG,67800.0,67900.0,65550.0,65550.0,38141579
2023-06-23,HPG,65800.0,67000.0,65250.0,66750.0,34657114
2023-06-26,HPG,66450.0,67500.0,66450.0,67450.0,39905185
2023-06-27,HPG,67650.0,68100.0,65800.0,66150.0,49763996
2023-06-28,HPG,65900.0,66950.0,64100.0,64900.0,43487197
2023-06-29,HPG,64500.0,64900.0,61700.0,61750.0,51666886
2023-06-30,HPG,61600.0,62600.0,61400.0,62600.0,29461189
2023-07-03,HPG,62750.0,63000.0,61350.0,61500.0,42065362
2023-07-04,HPG,61500.0,62200.0,61350.0,61900.0,39271193
2023-07-05,HPG,61850.0,62250.0,61350.0,62000.0,39322391
2023-07-06,HPG,61900.0,63050.0,61450.0,62900.0,48165098
2023-07-07,HPG,63200.0,63300.0,61350.0,61500.0,49586930
2023-07-10,HPG,61700.0,63450.0,61650.0,62850.0,51623394
2023-07-11,HPG,62700.0,63250.0,62100.0,62900.0,30638470
2023-07-12,HPG,62950.0,63300.0,60550.0,61450.0,41103498
2023-07-13,HPG,61500.0,61900.0,60400.0,60800.0,45517875
2023-07-14,HPG,60900.0,60950.0,59500.0,60050.0,45334314
2023-07-17,HPG,60250.0,61800.0,59550.0,61300.0,35566587
2023-07-18,HPG,61750.0,62150.0,60700.0,60850.0,37837725
2023-07-19,HPG,61100.0,62300.0,61000.0,62100.0,28684259
2023-07-20,HPG,61950.0,62600.0,61950.0,62300.0,30692289
2023-07-21,HPG,62300.0,62350.0,60800.0,60950.0,48880902
2023-07-24,HPG,60400.0,60700.0,59950.0,60500.0,33482968
2023-07-25,HPG,60350.0,61850.0,59700.0,61700.0,56008012
2023-07-26,HPG,61700.0,62650.0,60650.0,62300.0,37378102
2023-07-27,HPG,62000.0,62300.0,61600.0,62100.0,25618728
2023-07-28,HPG,62000.0,62900.0,61850.0,62550.0,27445956
2023-07-31,HPG,62350.0,62600.0,60950.0,61000.0,32961115
2023-08-01,HPG,61000.0,61050.0,59850.0,59850.0,43266725
2023-08-02,HPG,59850.0,61400.0,59450.0,61400.0,44520880
2023-08-03,HPG,61600.0,62300.0,60900.0,61200.0,49389670
2023-08-04,HPG,61050.0,61350.0,59700.0,60100.0,43188702
2023-08-07,HPG,59850.0,63150.0,59400.0,62800.0,49015196
2023-08-08,HPG,62400.0,65450.0,61950.0,65250.0,52566681
2023-08-09,HPG,65450.0,66900.0,65200.0,66800.0,30890148
2023-08-10,HPG,66900.0,67050.0,65800.0,65900.0,40422534
2023-08-11,HPG,66250.0,69250.0,65900.0,68250.0,43477782
2023-08-14,HPG,68650.0,69050.0,68600.0,68800.0,30784084
2023-08-15,HPG,69000.0,69200.0,67050.0,67700.0,36463070
2023-08-16,HPG,68200.0,68600.0,67650.0,68450.0,35735072
2023-08-17,HPG,68500.0,71750.0,67950.0,71700.0,55223873
2023-08-18,HPG,71600.0,73200.0,71550.0,73100.0,48364059
2023-08-21,HPG,72550.0,75200.0,72200.0,75100.0,53089830
2023-08-22,HPG,75250.0,76650.0,74800.0,76350.0,46335460
2023-08-23,HPG,76200.0,76300.0,73750.0,74000.0,42499256
2023-08-24,HPG,74200.0,75550.0,74100.0,75500.0,45105502
2023-08-25,HPG,75350.0,77000.0,74950.0,76450.0,50323695
2023-08-28,HPG,76300.0,78000.0,75050.0,77900.0,50689389
2023-08-29,HPG,78000.0,81200.0,77800.0,80950.0,53262090
2023-08-30,HPG,81250.0,82150.0,80100.0,81650.0,34144435
2023-08-31,HPG,81550.0,82800.0,80950.0,82750.0,31423197
2023-09-01,HPG,82750.0,83950.0,78150.0,78450.0,53308010
2023-09-04,HPG,78400.0,78550.0,76000.0,76350.0,53704232
2023-09-05,HPG,76100.0,76500.0,75250.0,75800.0,45559934
2023-09-06,HPG,75950.0,76050.0,73950.0,74850.0,51713891
2023-09-07,HPG,74750.0,75000.0,73850.0,74200.0,34839442
2023-09-08,HPG,74350.0,74650.0,73300.0,74150.0,27291380
2023-09-11,HPG,74400.0,75100.0,73500.0,73550.0,41025331
2023-09-12,HPG,73850.0,74100.0,72900.0,73000.0,36139314
2023-09-13,HPG,73100.0,74900.0,72900.0,73800.0,37113496
2023-09-14,HPG,73500.0,77350.0,73300.0,76250.0,51686679
2023-09-15,HPG,76500.0,77100.0,75250.0,76050.0,44698005
2023-09-18,HPG,75750.0,79600.0,75750.0,79350.0,54652708
2023-09-19,HPG,79050.0,79350.0,79050.0,79200.0,37171947
2023-09-20,HPG,79600.0,80300.0,79050.0,79550.0,27255531
2023-09-21,HPG,79500.0,79950.0,76700.0,76950.0,50853167
2023-09-22,HPG,76800.0,79350.0,76450.0,79100.0,36382113
2023-09-25,HPG,79300.0,79650.0,78400.0,78600.0,42239332
2023-09-26,HPG,78500.0,78650.0,77150.0,77900.0,30452280
2023-09-27,HPG,77900.0,78300.0,77800.0,78300.0,43777950
2023-09-28,HPG,78200.0,81150.0,77900.0,80550.0,42841515
2023-09-29,HPG,80700.0,81100.0,80350.0,80800.0,44516424
2023-10-02,HPG,80850.0,81850.0,78600.0,78600.0,44968140
2023-10-03,HPG,78800.0,80500.0,78650.0,80200.0,39125168
2023-10-04,HPG,80050.0,81250.0,79700.0,80800.0,33121642
2023-10-05,HPG,80100.0,81750.0,79850.0,81450.0,36699877
2023-10-06,HPG,81850.0,83050.0,81750.0,82900.0,37368884
2023-10-09,HPG,82700.0,86350.0,82450.0,86250.0,57224615
2023-10-10,HPG,85700.0,86200.0,85550.0,85650.0,33396860
2023-10-11,HPG,85700.0,85800.0,82500.0,82700.0,45741239
2023-10-12,HPG,83000.0,83250.0,76550.0,77000.0,67540209
2023-10-13,HPG,76850.0,79650.0,76400.0,79600.0,44924666
2023-10-16,HPG,79900.0,79900.0,78450.0,78550.0,32566842
2023-10-17,HPG,78150.0,82500.0,77950.0,81850.0,48794352
2023-10-18,HPG,82550.0,82800.0,76800.0,77000.0,74719807
2023-10-19,HPG,77150.0,79750.0,76950.0,79550.0,45018955
2023-10-20,HPG,79900.0,80850.0,79850.0,80750.0,28932203
2023-10-23,HPG,80550.0,80650.0,80250.0,80450.0,23173934
2023-10-24,HPG,80400.0,84000.0,80250.0,83700.0,45847677
2023-10-25,HPG,82500.0,85500.0,82000.0,85450.0,44138166
2023-10-26,HPG,85800.0,86050.0,84550.0,84950.0,32778423
2023-10-27,HPG,85450.0,86500.0,84800.0,85900.0,44906622
2023-10-30,HPG,87000.0,87600.0,81650.0,82850.0,57392896
2023-10-31,HPG,83250.0,83550.0,81500.0,81550.0,47481135
2023-11-01,HPG,81500.0,84650.0,81350.0,84350.0,47871335
2023-11-02,HPG,84500.0,85700.0,83750.0,83850.0,35980965
2023-11-03,HPG,83750.0,84750.0,83400.0,84200.0,31475671
2023-11-06,HPG,84050.0,84200.0,83400.0,83900.0,28588477
2023-11-07,HPG,83900.0,86250.0,83850.0,86100.0,42041008
2023-11-08,HPG,86150.0,89850.0,85800.0,89750.0,41936422
2023-11-09,HPG,90200.0,91900.0,90150.0,91300.0,47867904
2023-11-10,HPG,91750.0,92000.0,89350.0,89800.0,51400674
2023-11-13,HPG,90050.0,90250.0,86950.0,87850.0,56650641
2023-11-14,HPG,87350.0,87450.0,83950.0,84700.0,41200845
2023-11-15,HPG,84900.0,85050.0,83900.0,84550.0,38854693
2023-11-16,HPG,84950.0,85600.0,83500.0,84350.0,49422265
2023-11-17,HPG,84600.0,84650.0,82900.0,83350.0,40411578
2023-11-20,HPG,83750.0,83800.0,81350.0,81450.0,46053791
2023-11-21,HPG,81350.0,82050.0,80500.0,81300.0,28017804
2023-11-22,HPG,82050.0,84350.0,81250.0,83750.0,43386946
2023-11-23,HPG,84350.0,84850.0,77750.0,78000.0,73024156
2023-11-24,HPG,78150.0,80500.0,77450.0,79900.0,52259002
2023-11-27,HPG,79300.0,83700.0,78050.0,83550.0,53719498
2023-11-28,HPG,83350.0,84600.0,83000.0,84500.0,33174171
2023-11-29,HPG,84750.0,86300.0,84750.0,86250.0,40805862
2023-11-30,HPG,86500.0,87150.0,86250.0,86650.0,40079829
2023-12-01,HPG,86550.0,91850.0,86250.0,91050.0,58508410
2023-12-04,HPG,91300.0,92050.0,89200.0,89650.0,46881134
2023-12-05,HPG,90150.0,90650.0,89700.0,90500.0,29983352
2023-12-06,HPG,90500.0,91800.0,88450.0,89000.0,36495521
2023-12-07,HPG,89150.0,89800.0,89150.0,89250.0,35160165
2023-12-08,HPG,89400.0,89650.0,86400.0,86450.0,47163885
2023-12-11,HPG,86050.0,88850.0,85700.0,88550.0,47644979
2023-12-12,HPG,88800.0,91100.0,88750.0,90550.0,35949541
2023-12-13,HPG,89900.0,89900.0,86800.0,87500.0,47479387
2023-12-14,HPG,87650.0,88650.0,87500.0,88350.0,26496023
2023-12-15,HPG,88900.0,89300.0,88600.0,89050.0,40303505
2023-12-18,HPG,88700.0,89250.0,88300.0,89050.0,35318943
2023-12-19,HPG,89200.0,90200.0,88400.0,88700.0,31177732
2023-12-20,HPG,88400.0,88850.0,86150.0,86600.0,43304837
2023-12-21,HPG,86800.0,87500.0,86650.0,87000.0,26940911
2023-12-22,HPG,87450.0,87700.0,86200.0,86400.0,41786327
2023-12-25,HPG,86450.0,87150.0,85850.0,86850.0,39264594
2023-12-26,HPG,86050.0,90300.0,86050.0,90000.0,51239511
2023-12-27,HPG,90300.0,92300.0,90050.0,91550.0,40284668
2023-12-28,HPG,91100.0,91750.0,87750.0,88850.0,53661348
2023-12-29,HPG,88200.0,89500.0,87200.0,89250.0,44277133
2024-01-01,HPG,89350.0,90100.0,86150.0,86750.0,53486081
2024-01-02,HPG,86300.0,87400.0,85300.0,87350.0,44572242
2024-01-03,HPG,87350.0,87500.0,87000.0,87400.0,23106333
2024-01-04,HPG,86950.0,87300.0,85150.0,85650.0,40493753
2024-01-05,HPG,85800.0,86500.0,84900.0,85300.0,49418571
2024-01-08,HPG,85750.0,88600.0,85200.0,88350.0,44796692
2024-01-09,HPG,88450.0,88500.0,85050.0,85300.0,57271730
2024-01-10,HPG,85150.0,87500.0,84750.0,87400.0,36159308
2024-01-11,HPG,87850.0,88250.0,85050.0,85850.0,50482923
2024-01-12,HPG,85500.0,86350.0,82850.0,83150.0,44167542
2024-01-15,HPG,83150.0,87350.0,82550.0,86950.0,52071845
2024-01-16,HPG,86800.0,90050.0,86500.0,89700.0,47065910
2024-01-17,HPG,89650.0,90800.0,88900.0,90450.0,29148363
2024-01-18,HPG,90700.0,92400.0,90400.0,91400.0,48350024
2024-01-19,HPG,91800.0,92600.0,91700.0,92200.0,41036007
2024-01-22,HPG,92150.0,94100.0,92150.0,92900.0,48443504
2024-01-23,HPG,92150.0,94750.0,91800.0,94700.0,33460439
2024-01-24,HPG,94450.0,96050.0,93450.0,95550.0,36814797
2024-01-25,HPG,95550.0,95750.0,95350.0,95450.0,28383458
2024-01-26,HPG,95550.0,95800.0,92000.0,92700.0,49022990
2024-01-29,HPG,92300.0,94650.0,90650.0,94050.0,59379972
2024-01-30,HPG,93900.0,94700.0,92200.0,92650.0,37201238
2024-01-31,HPG,93000.0,94300.0,92900.0,93750.0,35669335
2024-02-01,HPG,93900.0,94500.0,93850.0,94200.0,44397967
2024-02-02,HPG,94450.0,95850.0,93450.0,93500.0,42240169
2024-02-05,HPG,93650.0,93900.0,92900.0,93400.0,36311554
2024-02-06,HPG,94200.0,94450.0,93050.0,93200.0,33732441
2024-02-07,HPG,93550.0,93900.0,92650.0,92850.0,30757058
2024-02-08,HPG,93200.0,93200.0,90350.0,90500.0,48190801
2024-02-09,HPG,90100.0,92800.0,89550.0,92650.0,53754556
2024-02-12,HPG,92800.0,96900.0,92300.0,96650.0,57235196
2024-02-13,HPG,96500.0,97050.0,95650.0,96250.0,39317584
2024-02-14,HPG,96550.0,97500.0,95950.0,97450.0,48309141
2024-02-15,HPG,97300.0,103050.0,97250.0,102750.0,59558478
2024-02-16,HPG,104050.0,105750.0,104000.0,104450.0,39479076
2024-02-19,HPG,104000.0,107850.0,102400.0,107600.0,60696686
2024-02-20,HPG,108200.0,112050.0,107650.0,111600.0,47250665
2024-02-21,HPG,111450.0,113800.0,111200.0,112750.0,47577843
2024-02-22,HPG,112650.0,112750.0,108300.0,108950.0,56430248
2024-02-23,HPG,108700.0,112650.0,108350.0,112250.0,47201569
2024-02-26,HPG,112350.0,113200.0,111600.0,112650.0,35303264
2024-02-27,HPG,112300.0,113000.0,109900.0,110450.0,31789396
2024-02-28,HPG,110800.0,111800.0,104450.0,105900.0,54016969
2024-02-29,HPG,105250.0,108300.0,104600.0,107400.0,50511962
2024-03-01,HPG,107950.0,111550.0,107900.0,110650.0,47707769
2024-03-04,HPG,111550.0,112100.0,110550.0,111950.0,34001968
2024-03-05,HPG,111800.0,113500.0,111600.0,112700.0,38710954
2024-03-06,HPG,112300.0,112650.0,111650.0,112050.0,27800749
2024-03-07,HPG,111950.0,112300.0,111550.0,112000.0,36086173
2024-03-08,HPG,112350.0,112500.0,110150.0,110700.0,35033289
2024-03-11,HPG,110950.0,111200.0,110850.0,110950.0,35348269
2024-03-12,HPG,110750.0,113250.0,109750.0,111900.0,35797024
2024-03-13,HPG,112200.0,116800.0,110250.0,116300.0,43478854
2024-03-14,HPG,116500.0,116800.0,112750.0,113000.0,34813433
2024-03-15,HPG,112650.0,115750.0,112350.0,115100.0,35900577
2024-03-18,HPG,115700.0,116250.0,115400.0,115700.0,23134458
2024-03-19,HPG,115650.0,119700.0,115100.0,118600.0,38804706
2024-03-20,HPG,118700.0,119850.0,118650.0,119600.0,36196101
2024-03-21,HPG,119650.0,119750.0,118000.0,119150.0,41067121
2024-03-22,HPG,119800.0,121150.0,116900.0,117350.0,51141174
2024-03-25,HPG,118150.0,118850.0,111100.0,111850.0,69268731
2024-03-26,HPG,112050.0,120800.0,111750.0,119550.0,54893930
2024-03-27,HPG,119100.0,119650.0,114800.0,115350.0,52434238
2024-03-28,HPG,115500.0,115650.0,114350.0,115050.0,27491370
2024-03-29,HPG,114350.0,116150.0,114200.0,115050.0,38736745
2024-04-01,HPG,115250.0,116800.0,114900.0,116350.0,32844541
2024-04-02,HPG,115700.0,116850.0,112250.0,112400.0,49574684
2024-04-03,HPG,112850.0,113300.0,112000.0,113300.0,25541774
2024-04-04,HPG,113450.0,113850.0,112350.0,112500.0,32548160
2024-04-05,HPG,112200.0,118900.0,111700.0,118750.0,46753997
2024-04-08,HPG,117900.0,118000.0,114150.0,114550.0,40879830
2024-04-09,HPG,114650.0,117000.0,114150.0,116600.0,38165436
2024-04-10,HPG,117000.0,120650.0,116600.0,120500.0,46203092
2024-04-11,HPG,120250.0,122300.0,120000.0,121600.0,34483319
2024-04-12,HPG,121900.0,127350.0,121450.0,126200.0,53306215
2024-04-15,HPG,126000.0,128050.0,125850.0,126850.0,45809221
2024-04-16,HPG,127000.0,128600.0,126500.0,127300.0,32453569
2024-04-17,HPG,127200.0,130650.0,126600.0,130300.0,44764028
2024-04-18,HPG,130750.0,132200.0,128400.0,130100.0,34697312
2024-04-19,HPG,130000.0,130950.0,127700.0,128200.0,44328815
2024-04-22,HPG,128950.0,130850.0,128050.0,130500.0,40930940
2024-04-23,HPG,130650.0,131100.0,130450.0,130650.0,24625401
2024-04-24,HPG,130150.0,131250.0,130050.0,130500.0,41386378
2024-04-25,HPG,130150.0,130900.0,127950.0,128300.0,45551618
2024-04-26,HPG,127600.0,129650.0,126800.0,128700.0,42959908
2024-04-29,HPG,128550.0,130550.0,128050.0,130250.0,44166019
2024-04-30,HPG,130800.0,131400.0,125600.0,126350.0,45198482
2024-05-01,HPG,126800.0,126900.0,125200.0,126850.0,27898241
2024-05-02,HPG,126450.0,129400.0,126250.0,128450.0,40008852
2024-05-03,HPG,128150.0,128350.0,120600.0,121750.0,55519794
2024-05-06,HPG,121050.0,125900.0,120650.0,125450.0,42225226
2024-05-07,HPG,124900.0,125100.0,123650.0,123750.0,41547580
2024-05-08,HPG,123750.0,127200.0,122400.0,125800.0,50556813
2024-05-09,HPG,126700.0,128650.0,126100.0,128200.0,45279054
2024-05-10,HPG,128150.0,133450.0,128150.0,132750.0,51983080
2024-05-13,HPG,132900.0,133700.0,128400.0,129350.0,52411774
2024-05-14,HPG,129650.0,130400.0,125550.0,126800.0,51679310
2024-05-15,HPG,126050.0,129600.0,124800.0,128200.0,42367597
2024-05-16,HPG,127750.0,128900.0,126250.0,127350.0,40319704
2024-05-17,HPG,127100.0,131750.0,127050.0,131350.0,48803140
2024-05-20,HPG,131950.0,132200.0,129400.0,130000.0,31567072
2024-05-21,HPG,130350.0,134150.0,130000.0,132750.0,53782157
2024-05-22,HPG,132900.0,133250.0,128400.0,128600.0,36407310
2024-05-23,HPG,128850.0,131850.0,128750.0,130800.0,48375927
2024-05-24,HPG,130750.0,131250.0,130750.0,131050.0,33134661
2024-05-27,HPG,130750.0,131150.0,128050.0,129850.0,30130524
2024-05-28,HPG,129900.0,131650.0,128900.0,131550.0,36313320
2024-05-29,HPG,131950.0,132600.0,130300.0,130700.0,42062580
2024-05-30,HPG,130350.0,131350.0,129650.0,130450.0,45394251
2024-05-31,HPG,131550.0,135600.0,129600.0,134800.0,60681320
2024-06-03,HPG,133600.0,138450.0,132750.0,138300.0,51955538
2024-06-04,HPG,138250.0,138700.0,136350.0,137400.0,39014677
2024-06-05,HPG,137650.0,138850.0,135950.0,137500.0,31278821
2024-06-06,HPG,137850.0,138950.0,137550.0,138700.0,46100370
2024-06-07,HPG,139000.0,139500.0,136250.0,136300.0,37676079
2024-06-10,HPG,136350.0,139850.0,136150.0,139600.0,37181512
2024-06-11,HPG,139700.0,142250.0,138850.0,142150.0,39341138
2024-06-12,HPG,142850.0,143850.0,138700.0,139050.0,51697834
2024-06-13,HPG,138900.0,139500.0,132800.0,132850.0,51211298
2024-06-14,HPG,134000.0,135000.0,132200.0,133000.0,50191380
2024-06-17,HPG,134200.0,135050.0,133950.0,134800.0,25668597
2024-06-18,HPG,134000.0,134000.0,133500.0,133900.0,34161747
2024-06-19,HPG,134450.0,134850.0,128900.0,130250.0,49877466
2024-06-20,HPG,130500.0,132050.0,129350.0,131450.0,28996627
2024-06-21,HPG,130150.0,131100.0,128100.0,129000.0,30797855
2024-06-24,HPG,128100.0,130050.0,127050.0,129650.0,36025575
2024-06-25,HPG,130200.0,130600.0,124500.0,125700.0,56911885
2024-06-26,HPG,125450.0,126750.0,124400.0,126450.0,46162412
2024-06-27,HPG,126850.0,128200.0,126000.0,127650.0,46295523
2024-06-28,HPG,128000.0,129250.0,127950.0,128350.0,35601590
2024-07-01,HPG,127900.0,128800.0,127200.0,127550.0,39864511
2024-07-02,HPG,128200.0,129350.0,122600.0,123550.0,59213746
2024-07-03,HPG,123250.0,123450.0,121250.0,121650.0,36723273
2024-07-04,HPG,120750.0,121450.0,119750.0,119750.0,42099765
2024-07-05,HPG,119550.0,125150.0,119050.0,123550.0,40449594
2024-07-08,HPG,123400.0,126150.0,122500.0,125500.0,33745191
2024-07-09,HPG,125150.0,126300.0,122900.0,123300.0,47779969
2024-07-10,HPG,123350.0,123350.0,122400.0,123250.0,22863482
2024-07-11,HPG,121950.0,126450.0,121150.0,125900.0,44166090
2024-07-12,HPG,126050.0,130800.0,125200.0,130550.0,56888613
2024-07-15,HPG,130500.0,137000.0,129500.0,136600.0,51274495
2024-07-16,HPG,137350.0,137800.0,135150.0,135150.0,45030603
2024-07-17,HPG,135650.0,136800.0,133400.0,133750.0,47384637
2024-07-18,HPG,134800.0,134850.0,130850.0,132000.0,44976770
2024-07-19,HPG,131200.0,131950.0,131050.0,131350.0,37845546
2024-07-22,HPG,131200.0,137100.0,131100.0,137050.0,51989474
2024-07-23,HPG,137050.0,139000.0,136400.0,138300.0,34272936
2024-07-24,HPG,138350.0,139700.0,136550.0,136800.0,45960954
2024-07-25,HPG,136850.0,137350.0,136550.0,137000.0,28109721
2024-07-26,HPG,136900.0,137900.0,136200.0,137100.0,46708468
2024-07-29,HPG,136450.0,144450.0,135450.0,143050.0,56494865
2024-07-30,HPG,141800.0,143650.0,140750.0,143000.0,35850574
2024-07-31,HPG,142600.0,143900.0,139500.0,139900.0,49889908
2024-08-01,HPG,139950.0,141050.0,138200.0,138850.0,45023498
2024-08-02,HPG,138200.0,139750.0,137000.0,138800.0,49943249
2024-08-05,HPG,139100.0,140100.0,138000.0,139050.0,39472648
2024-08-06,HPG,139400.0,141900.0,139100.0,141700.0,41759471
2024-08-07,HPG,141950.0,142400.0,138200.0,138250.0,52326577
2024-08-08,HPG,137950.0,137950.0,133650.0,135450.0,51669682
2024-08-09,HPG,135300.0,136450.0,132600.0,135800.0,32454083
2024-08-12,HPG,135550.0,140150.0,135000.0,139600.0,38545156
2024-08-13,HPG,138800.0,140550.0,137850.0,138900.0,47247254
2024-08-14,HPG,138750.0,139100.0,137450.0,138200.0,36258986
2024-08-15,HPG,138450.0,138600.0,135600.0,135700.0,48078501
2024-08-16,HPG,135050.0,139250.0,134550.0,138900.0,46909549
2024-08-19,HPG,138000.0,147050.0,137550.0,146800.0,60775332
2024-08-20,HPG,147600.0,148700.0,139150.0,140000.0,57808993
2024-08-21,HPG,139800.0,139900.0,138700.0,138800.0,37249172
2024-08-22,HPG,139300.0,139750.0,139150.0,139300.0,40989872
2024-08-23,HPG,138800.0,139200.0,137050.0,137200.0,43640348
2024-08-26,HPG,136650.0,136850.0,129650.0,129650.0,57089651
2024-08-27,HPG,129700.0,129950.0,129650.0,129850.0,24743133
2024-08-28,HPG,129650.0,134200.0,128200.0,133650.0,49542318
2024-08-29,HPG,134200.0,137150.0,133950.0,137050.0,35830239
2024-08-30,HPG,137700.0,140200.0,137450.0,139900.0,50215371
2024-09-02,HPG,139300.0,139350.0,137250.0,138400.0,47482562
2024-09-03,HPG,138800.0,142950.0,138150.0,141500.0,50025332
2024-09-04,HPG,140850.0,142000.0,139650.0,141850.0,46984846
2024-09-05,HPG,141550.0,144000.0,141450.0,143050.0,38346045
2024-09-06,HPG,141900.0,145000.0,140850.0,144400.0,46162306
2024-09-09,HPG,145250.0,152000.0,143650.0,150950.0,47517718
2024-09-10,HPG,150100.0,152400.0,149400.0,151900.0,28374837
2024-09-11,HPG,152400.0,153200.0,149450.0,150650.0,44782806
2024-09-12,HPG,150150.0,152000.0,145700.0,147900.0,40099343
2024-09-13,HPG,148400.0,149450.0,145450.0,146150.0,51333353
2024-09-16,HPG,145350.0,146900.0,144500.0,144950.0,41800600
2024-09-17,HPG,145100.0,145900.0,138300.0,140250.0,48463936
2024-09-18,HPG,139950.0,143250.0,139000.0,142550.0,42249453
2024-09-19,HPG,142300.0,146850.0,140950.0,145200.0,56965836
2024-09-20,HPG,144450.0,145050.0,143300.0,143850.0,27908671
2024-09-23,HPG,143000.0,143300.0,141300.0,142700.0,26024930
2024-09-24,HPG,142450.0,142900.0,141750.0,142450.0,29054559
2024-09-25,HPG,142450.0,145200.0,142400.0,144450.0,34764293
2024-09-26,HPG,145150.0,152000.0,145150.0,151150.0,42273439
2024-09-27,HPG,151050.0,152100.0,150750.0,151950.0,28455587
2024-09-30,HPG,150950.0,151400.0,150450.0,151300.0,42696413
2024-10-01,HPG,151350.0,158450.0,150850.0,157550.0,51832342
2024-10-02,HPG,156150.0,163250.0,155800.0,162050.0,57437330
2024-10-03,HPG,161700.0,163150.0,157400.0,159300.0,38303621
2024-10-04,HPG,160600.0,161200.0,155750.0,156700.0,35401815
2024-10-07,HPG,157100.0,157850.0,151950.0,152150.0,40634987
2024-10-08,HPG,152000.0,156050.0,151150.0,155050.0,35098562
2024-10-09,HPG,153800.0,154650.0,151500.0,152250.0,45010914
2024-10-10,HPG,152650.0,154150.0,147350.0,148150.0,52167624
2024-10-11,HPG,146600.0,152950.0,146000.0,152300.0,50907063
2024-10-14,HPG,151800.0,158300.0,151700.0,156750.0,50868088
2024-10-15,HPG,157050.0,160300.0,155700.0,160100.0,45718653
2024-10-16,HPG,161150.0,168800.0,161100.0,166950.0,41870750
2024-10-17,HPG,167800.0,169800.0,166650.0,169000.0,40000233
2024-10-18,HPG,167900.0,176700.0,167600.0,175200.0,42111144
2024-10-21,HPG,175250.0,175950.0,171450.0,171900.0,37609978
2024-10-22,HPG,171900.0,173100.0,163350.0,164050.0,51250190
2024-10-23,HPG,164500.0,170950.0,163350.0,170550.0,44385063
2024-10-24,HPG,170050.0,170400.0,169600.0,169900.0,40147397
2024-10-25,HPG,170950.0,174700.0,169950.0,173700.0,44153429
2024-10-28,HPG,174700.0,175350.0,168500.0,168650.0,38537977
2024-10-29,HPG,168300.0,177300.0,166150.0,176300.0,57883462
2024-10-30,HPG,176750.0,178500.0,173800.0,174200.0,48099797
2024-10-31,HPG,174700.0,178650.0,174150.0,177850.0,46794824
2024-11-01,HPG,176850.0,177750.0,171900.0,172750.0,50241281
2024-11-04,HPG,171950.0,177600.0,171700.0,177000.0,47699396
2024-11-05,HPG,177050.0,178050.0,171550.0,172550.0,40397125
2024-11-06,HPG,171450.0,174650.0,170550.0,172450.0,44808424
2024-11-07,HPG,171600.0,177450.0,170200.0,177200.0,37116522
2024-11-08,HPG,178050.0,181850.0,176800.0,180650.0,36287684
2024-11-11,HPG,180700.0,182550.0,168900.0,169300.0,61925783
2024-11-12,HPG,169450.0,170000.0,168400.0,169700.0,43343829
2024-11-13,HPG,169900.0,170550.0,165800.0,166200.0,48866615
2024-11-14,HPG,165550.0,173000.0,164150.0,170450.0,53420140
2024-11-15,HPG,170800.0,171500.0,163850.0,164900.0,46962234
2024-11-18,HPG,166100.0,166650.0,162450.0,163800.0,39662275
2024-11-19,HPG,163850.0,171450.0,163300.0,170400.0,44606353
2024-11-20,HPG,168900.0,170250.0,166350.0,167650.0,44038306
2024-11-21,HPG,167750.0,173400.0,167650.0,171450.0,50215730
2024-11-22,HPG,171250.0,174050.0,170200.0,172300.0,38810867
2024-11-25,HPG,173600.0,173950.0,164900.0,165750.0,53994304
2024-11-26,HPG,166000.0,171600.0,165850.0,170950.0,34828810
2024-11-27,HPG,171200.0,171900.0,161000.0,161100.0,70075183
2024-11-28,HPG,161400.0,162450.0,160950.0,162000.0,34784590
2024-11-29,HPG,162050.0,163050.0,160950.0,161200.0,26037766
2024-12-02,HPG,161150.0,163950.0,160600.0,163250.0,34462979
2024-12-03,HPG,163850.0,167000.0,162650.0,166700.0,47183078
2024-12-04,HPG,165750.0,166050.0,159000.0,160350.0,43336974
2024-12-05,HPG,159050.0,167200.0,157850.0,167150.0,47843867
2024-12-06,HPG,167600.0,171000.0,167300.0,170800.0,45495067
2024-12-09,HPG,172150.0,176800.0,170450.0,175850.0,44815513
2024-12-10,HPG,175400.0,179650.0,173950.0,179550.0,41398504
2024-12-11,HPG,179350.0,182500.0,176900.0,177850.0,39207558
2024-12-12,HPG,178100.0,180000.0,174500.0,174950.0,53913417
2024-12-13,HPG,175450.0,176000.0,172700.0,173550.0,41878788
2024-12-16,HPG,173750.0,181450.0,172250.0,180900.0,47641599
2024-12-17,HPG,180450.0,181850.0,173700.0,176300.0,41609121
2024-12-18,HPG,177050.0,180200.0,176550.0,179750.0,45441366
2024-12-19,HPG,179000.0,180600.0,176800.0,177600.0,40029990
2024-12-20,HPG,177650.0,177850.0,174800.0,176950.0,33929937
2024-12-23,HPG,177750.0,184950.0,176050.0,184100.0,43192861
2024-12-24,HPG,184200.0,187450.0,183400.0,187200.0,47078050
2024-12-25,HPG,187400.0,193700.0,186850.0,193500.0,37555433
2024-12-26,HPG,193400.0,193550.0,191000.0,191300.0,31853293
2024-12-27,HPG,190850.0,191000.0,186200.0,186200.0,48146233
2024-12-30,HPG,185300.0,185400.0,179500.0,180150.0,50962261
2024-12-31,HPG,181200.0,181800.0,176400.0,177200.0,44854772
2025-01-01,HPG,177150.0,177800.0,174100.0,174200.0,46700478
2025-01-02,HPG,175400.0,175800.0,170100.0,170350.0,35043265
2025-01-03,HPG,168850.0,174400.0,168550.0,173900.0,36076095
2025-01-06,HPG,175250.0,176400.0,175150.0,175650.0,23209580
2025-01-07,HPG,176150.0,177300.0,175300.0,176400.0,40100963
2025-01-08,HPG,175950.0,178400.0,175500.0,177150.0,29570681
2025-01-09,HPG,176950.0,182900.0,176750.0,181800.0,34457768
2025-01-10,HPG,181850.0,185250.0,180850.0,183250.0,40936271
2025-01-13,HPG,183450.0,185000.0,183300.0,184750.0,26149128
2025-01-14,HPG,184650.0,194000.0,184250.0,191800.0,42950261
2025-01-15,HPG,190550.0,191000.0,181450.0,182150.0,56446111
2025-01-16,HPG,181750.0,185250.0,180300.0,185150.0,41344028
2025-01-17,HPG,185100.0,186100.0,177800.0,178200.0,55518004
2025-01-20,HPG,178300.0,178750.0,175150.0,176950.0,46239242
2025-01-21,HPG,177000.0,177400.0,171250.0,171950.0,55037667
2025-01-22,HPG,172000.0,172100.0,171250.0,171350.0,30786852
2025-01-23,HPG,172100.0,172600.0,170500.0,171100.0,45688767
2025-01-24,HPG,171350.0,178700.0,170450.0,178550.0,57314146
2025-01-27,HPG,178850.0,178950.0,174900.0,175950.0,51211849
2025-01-28,HPG,176250.0,177900.0,174300.0,177650.0,29320498
2025-01-29,HPG,177900.0,179650.0,173700.0,173900.0,42983104
2025-01-30,HPG,173800.0,178100.0,172950.0,177850.0,44294664
2025-01-31,HPG,177250.0,177300.0,174250.0,175250.0,41392656
2025-02-03,HPG,175150.0,176200.0,174700.0,175950.0,38077049
2025-02-04,HPG,175300.0,181850.0,174150.0,178250.0,42549881
2025-02-05,HPG,178400.0,179000.0,176350.0,176400.0,42688588
2025-02-06,HPG,175200.0,178650.0,173650.0,178500.0,39090179
2025-02-07,HPG,179100.0,180400.0,169700.0,171950.0,56479192
2025-02-10,HPG,172600.0,173150.0,164150.0,165750.0,43065220
2025-02-11,HPG,166450.0,167300.0,166250.0,166700.0,36182372
2025-02-12,HPG,167750.0,168100.0,161300.0,162200.0,58773439
2025-02-13,HPG,162250.0,164200.0,160850.0,162050.0,28875930
2025-02-14,HPG,161550.0,167050.0,160100.0,167050.0,41689088
2025-02-17,HPG,166550.0,175100.0,165150.0,173800.0,51341965
2025-02-18,HPG,173150.0,173600.0,170850.0,171400.0,33867311
2025-02-19,HPG,170800.0,177700.0,169750.0,177250.0,45386945
2025-02-20,HPG,177850.0,178450.0,174550.0,177400.0,35632025
2025-02-21,HPG,176400.0,178750.0,175950.0,177850.0,27962993
2025-02-24,HPG,177450.0,178400.0,174200.0,174750.0,29732020
2025-02-25,HPG,174650.0,181700.0,174100.0,181350.0,43996541
2025-02-26,HPG,180600.0,183900.0,180100.0,182850.0,44834293
2025-02-27,HPG,183600.0,184100.0,182800.0,183050.0,25440013
2025-02-28,HPG,183400.0,185200.0,181900.0,182800.0,30169498
2025-03-03,HPG,182300.0,182900.0,174000.0,176150.0,50828620
2025-03-04,HPG,174400.0,182550.0,174200.0,182150.0,56006965
2025-03-05,HPG,181150.0,182850.0,179800.0,182750.0,39562380
2025-03-06,HPG,183200.0,183400.0,182250.0,182800.0,41418156
2025-03-07,HPG,182400.0,183700.0,181350.0,182750.0,38265178
2025-03-10,HPG,182400.0,182850.0,180850.0,181250.0,25486673
2025-03-11,HPG,181350.0,181950.0,176450.0,178900.0,54550490
2025-03-12,HPG,179050.0,187400.0,178900.0,185900.0,60450037
2025-03-13,HPG,187150.0,192450.0,186750.0,192050.0,39704862
2025-03-14,HPG,191600.0,194500.0,190800.0,193900.0,35085564
2025-03-17,HPG,194550.0,199050.0,194100.0,198800.0,42927295
2025-03-18,HPG,199000.0,204100.0,197350.0,202500.0,34265376
2025-03-19,HPG,202350.0,203300.0,202300.0,202750.0,37628249
2025-03-20,HPG,203450.0,204100.0,201850.0,202950.0,32083567
2025-03-21,HPG,203500.0,204400.0,201650.0,203500.0,47465034
2025-03-24,HPG,204350.0,207250.0,203900.0,204200.0,46630434
2025-03-25,HPG,203150.0,218400.0,202900.0,217950.0,51256470
2025-03-26,HPG,216800.0,223600.0,215650.0,222100.0,45663523
2025-03-27,HPG,224200.0,224650.0,215800.0,219450.0,49722413
2025-03-28,HPG,217650.0,221400.0,215500.0,219050.0,36003373
2025-03-31,HPG,219050.0,220200.0,217850.0,218400.0,39108535
2025-04-01,HPG,219400.0,227150.0,219400.0,225900.0,34784149
2025-04-02,HPG,226500.0,230900.0,225050.0,230800.0,41427941
2025-04-03,HPG,229000.0,238350.0,226150.0,238150.0,59725086
2025-04-04,HPG,238750.0,241150.0,238100.0,239750.0,39102667
2025-04-07,HPG,238600.0,238750.0,232300.0,232750.0,39351138
2025-04-08,HPG,234050.0,235800.0,223950.0,224350.0,45318125
2025-04-09,HPG,224200.0,225150.0,215000.0,217200.0,52747753
2025-04-10,HPG,215700.0,217000.0,211500.0,212100.0,39261060
2025-04-11,HPG,212050.0,214750.0,206550.0,206600.0,41307889
2025-04-14,HPG,205750.0,209200.0,205500.0,207300.0,48669235
2025-04-15,HPG,206900.0,212850.0,206450.0,212450.0,39812349
2025-04-16,HPG,212950.0,220750.0,211900.0,220700.0,44476016
2025-04-17,HPG,219650.0,221300.0,217450.0,220050.0,35343120
2025-04-18,HPG,219350.0,224300.0,219050.0,224200.0,48510544
2025-04-21,HPG,223700.0,223900.0,219250.0,220150.0,38971263
2025-04-22,HPG,219300.0,231350.0,217750.0,230450.0,49012058
2025-04-23,HPG,231250.0,239100.0,231000.0,238550.0,49552345
2025-04-24,HPG,238700.0,238900.0,231550.0,233650.0,42852373
2025-04-25,HPG,234500.0,234900.0,232600.0,233000.0,30412913
2025-04-28,HPG,232750.0,236750.0,229750.0,236150.0,46053677
2025-04-29,HPG,236250.0,236300.0,235450.0,236150.0,33352535
2025-04-30,HPG,236000.0,245950.0,235400.0,243100.0,43806069
2025-05-01,HPG,244000.0,246350.0,234850.0,238500.0,42164923
2025-05-02,HPG,237800.0,242700.0,236900.0,242500.0,49781096
2025-05-05,HPG,242650.0,242950.0,241300.0,242100.0,32380698
2025-05-06,HPG,241900.0,242200.0,240950.0,241450.0,27850637
2025-05-07,HPG,241900.0,246250.0,241450.0,245150.0,43204403
2025-05-08,HPG,244700.0,250450.0,244450.0,248850.0,42302539
2025-05-09,HPG,249350.0,251500.0,238600.0,240600.0,56969936
2025-05-12,HPG,241200.0,243500.0,236150.0,237900.0,50024596
2025-05-13,HPG,237750.0,238550.0,229350.0,230850.0,41013040
2025-05-14,HPG,230600.0,231200.0,227550.0,227700.0,38381330
2025-05-15,HPG,227400.0,230300.0,223400.0,223500.0,53376192
2025-05-16,HPG,222550.0,225350.0,222100.0,224600.0,32953150
2025-05-19,HPG,225650.0,228500.0,223100.0,224700.0,40095197
2025-05-20,HPG,225400.0,237800.0,225400.0,237550.0,43947434
2025-05-21,HPG,236750.0,239750.0,235350.0,238650.0,32627712
2025-05-22,HPG,236250.0,236400.0,226450.0,226900.0,54242203
2025-05-23,HPG,227300.0,228650.0,225900.0,227100.0,41976424
2025-05-26,HPG,228200.0,228450.0,221600.0,222750.0,32561266
2025-05-27,HPG,223350.0,227450.0,223050.0,224750.0,42937308
2025-05-28,HPG,225650.0,226900.0,219550.0,221350.0,33838867
2025-05-29,HPG,221950.0,222450.0,219000.0,219950.0,40944825
2025-05-30,HPG,219700.0,220400.0,214350.0,215000.0,35945722
2025-06-02,HPG,214250.0,218600.0,213950.0,215950.0,48419417
2025-06-03,HPG,215000.0,216100.0,210600.0,212200.0,32669936
2025-06-04,HPG,211900.0,215650.0,211300.0,213100.0,48569234
2025-06-05,HPG,213550.0,221600.0,213100.0,220850.0,38952981
2025-06-06,HPG,220050.0,222250.0,218600.0,219700.0,45694853
2025-06-09,HPG,220250.0,222800.0,217700.0,218900.0,49319054
2025-06-10,HPG,216650.0,220400.0,216400.0,220200.0,34086713
2025-06-11,HPG,220800.0,222050.0,219800.0,221700.0,30841461
2025-06-12,HPG,222200.0,222950.0,213050.0,214450.0,43987208
2025-06-13,HPG,215200.0,215650.0,212300.0,212500.0,27887617
2025-06-16,HPG,212950.0,213300.0,204900.0,206650.0,50933457
2025-06-17,HPG,204850.0,210650.0,202800.0,210150.0,40962453
2025-06-18,HPG,211100.0,212700.0,209050.0,211600.0,37497584
2025-06-19,HPG,210450.0,213250.0,209600.0,211100.0,36374434
2025-06-20,HPG,211050.0,213650.0,205200.0,207350.0,52743584
2025-06-23,HPG,206700.0,214300.0,206450.0,212250.0,56268057
2025-06-24,HPG,212600.0,215450.0,211650.0,215350.0,41795966
2025-06-25,HPG,215250.0,215550.0,214050.0,214950.0,36020274
2025-06-26,HPG,214600.0,216500.0,213600.0,216050.0,45338385
2025-06-27,HPG,215050.0,217250.0,213400.0,217150.0,32347258
2025-06-30,HPG,217250.0,217400.0,212100.0,213100.0,43247923
2025-07-01,HPG,213550.0,220950.0,212850.0,220050.0,45286456
2025-07-02,HPG,220800.0,224000.0,217600.0,218250.0,33429737
2025-07-03,HPG,219850.0,220950.0,217400.0,217900.0,45228294
2025-07-04,HPG,216350.0,226050.0,214900.0,222800.0,52672300
2025-07-07,HPG,222150.0,230500.0,221000.0,230500.0,52884326
2025-07-08,HPG,230700.0,231300.0,225500.0,227650.0,46739311
2025-07-09,HPG,227000.0,235550.0,226050.0,233050.0,37044618
2025-07-10,HPG,234250.0,235800.0,226300.0,227350.0,38623985
2025-07-11,HPG,227600.0,230400.0,225750.0,228950.0,41656168
2025-07-14,HPG,229700.0,234300.0,229100.0,232800.0,40002702
2025-07-15,HPG,231450.0,231850.0,225400.0,226200.0,34449416
2025-07-16,HPG,225500.0,226550.0,220450.0,221150.0,44776148
2025-07-17,HPG,221250.0,223650.0,214100.0,215650.0,49376607
2025-07-18,HPG,216300.0,217200.0,214700.0,216150.0,40867251
2025-07-21,HPG,216200.0,218150.0,208100.0,208300.0,42685202
2025-07-22,HPG,209900.0,210200.0,205000.0,205850.0,32447365
2025-07-23,HPG,204600.0,205700.0,202900.0,204550.0,39035069
2025-07-24,HPG,204650.0,205050.0,201850.0,202950.0,37019941
2025-07-25,HPG,203600.0,208650.0,203300.0,207500.0,39827479
2025-07-28,HPG,207100.0,208850.0,203150.0,205000.0,43852123
2025-07-29,HPG,204150.0,211200.0,203200.0,210300.0,52076972
2025-07-30,HPG,209850.0,209950.0,198400.0,200250.0,61557901
2025-07-31,HPG,199750.0,205000.0,197100.0,204000.0,46844732
2025-08-01,HPG,205050.0,205550.0,197450.0,199750.0,38757151
2025-08-04,HPG,200750.0,203000.0,197700.0,203000.0,31883049
2025-08-05,HPG,202650.0,203700.0,197550.0,198000.0,43346252
2025-08-06,HPG,198650.0,198950.0,192400.0,192750.0,36241901
2025-08-07,HPG,192150.0,200900.0,192000.0,199450.0,39901217
2025-08-08,HPG,199600.0,201750.0,196300.0,197650.0,36486388
2025-08-11,HPG,196550.0,200250.0,194500.0,199350.0,52735716
2025-08-12,HPG,198450.0,210250.0,198150.0,207950.0,46823319
2025-08-13,HPG,208550.0,213000.0,206350.0,212650.0,45211939
2025-08-14,HPG,211500.0,213550.0,211050.0,213000.0,41486690
2025-08-15,HPG,213100.0,213550.0,209800.0,210450.0,42328424
2025-08-18,HPG,210550.0,211500.0,204200.0,207500.0,47128611
2025-08-19,HPG,206500.0,210400.0,205550.0,209800.0,50012763
2025-08-20,HPG,209300.0,211600.0,203200.0,203500.0,57641546
2025-08-21,HPG,203400.0,204300.0,197250.0,198150.0,44105038
2025-08-22,HPG,197200.0,203250.0,196000.0,201450.0,49333494
2025-08-25,HPG,201200.0,202550.0,200900.0,201250.0,28578397
2025-08-26,HPG,200800.0,206250.0,200100.0,205200.0,36030841
2025-08-27,HPG,205050.0,205800.0,204600.0,205150.0,32823806
2025-08-28,HPG,204450.0,205650.0,203950.0,205050.0,36428344
2025-08-29,HPG,205400.0,211650.0,204800.0,210350.0,44856659
2025-09-01,HPG,210150.0,213100.0,207350.0,211000.0,34035811
2025-09-02,HPG,211600.0,212700.0,204000.0,205050.0,43044800
2025-09-03,HPG,204700.0,206750.0,201600.0,201900.0,47031337
2025-09-04,HPG,202700.0,212600.0,202650.0,212050.0,54675796
2025-09-05,HPG,213950.0,214350.0,211850.0,212350.0,34321538
2025-09-08,HPG,214350.0,214900.0,212300.0,213350.0,38892160
2025-09-09,HPG,214650.0,214850.0,207200.0,207750.0,37693919
2025-09-10,HPG,208750.0,209250.0,206800.0,206850.0,28252988
2025-09-11,HPG,208550.0,212950.0,207750.0,212300.0,51898081
2025-09-12,HPG,211900.0,213650.0,211650.0,213100.0,38072279
2025-09-15,HPG,212750.0,220650.0,212450.0,217900.0,42297205
2025-09-16,HPG,217650.0,218900.0,216050.0,216550.0,34678548
2025-09-17,HPG,217650.0,218600.0,211700.0,212100.0,53682519
2025-09-18,HPG,212650.0,213800.0,209600.0,211300.0,49608432
2025-09-19,HPG,213250.0,220050.0,212900.0,217800.0,35397139
2025-09-22,HPG,218700.0,221500.0,216550.0,216600.0,45985062
2025-09-23,HPG,217000.0,217400.0,214150.0,214250.0,43786468
2025-09-24,HPG,213500.0,213850.0,208700.0,210150.0,48283992
2025-09-25,HPG,211000.0,211150.0,201750.0,202250.0,40632418
2025-09-26,HPG,202950.0,208900.0,202450.0,206950.0,54024803
2025-09-29,HPG,207000.0,209250.0,206550.0,207400.0,47138058
2025-09-30,HPG,207950.0,212650.0,207850.0,211500.0,36719691
2025-10-01,HPG,211950.0,214200.0,208500.0,208650.0,32278684
2025-10-02,HPG,207300.0,208600.0,201150.0,201600.0,52828267
2025-10-03,HPG,200650.0,202250.0,197950.0,198500.0,46284791
2025-10-06,HPG,198500.0,202300.0,197150.0,200250.0,35709611
2025-10-07,HPG,201050.0,201850.0,195800.0,197000.0,49639337
2025-10-08,HPG,199000.0,199050.0,196500.0,197050.0,45704997
2025-10-09,HPG,197600.0,198200.0,195100.0,195500.0,38020832
2025-10-10,HPG,196000.0,198650.0,195550.0,198300.0,30650155
2025-10-13,HPG,198050.0,199200.0,188250.0,189700.0,46490433
2025-10-14,HPG,190000.0,192350.0,189750.0,191550.0,34692522
2025-10-15,HPG,190400.0,191250.0,188400.0,188450.0,29587350
2025-10-16,HPG,188900.0,189650.0,185550.0,186400.0,45588089
2025-10-17,HPG,186800.0,194300.0,186400.0,192900.0,46326694
2025-10-20,HPG,193600.0,194400.0,192900.0,194150.0,36137455
2025-10-21,HPG,194300.0,206700.0,193600.0,204900.0,51041422
2025-10-22,HPG,204000.0,204900.0,196350.0,197600.0,51212188
2025-10-23,HPG,196100.0,197900.0,194300.0,197600.0,37215737
2025-10-24,HPG,196850.0,200100.0,192150.0,192550.0,54840674
2025-10-27,HPG,193050.0,193200.0,189250.0,190550.0,37207124
2025-10-28,HPG,190800.0,193200.0,189100.0,192300.0,29475749
2025-10-29,HPG,193200.0,193200.0,185700.0,188500.0,48549657
2025-10-30,HPG,188600.0,196150.0,188250.0,195300.0,51629814
2025-10-31,HPG,196350.0,198600.0,193050.0,193850.0,42276317
2025-11-03,HPG,192900.0,207500.0,192150.0,206500.0,59360575
2025-11-04,HPG,207050.0,208150.0,195000.0,198350.0,62468080
2025-11-05,HPG,197200.0,197800.0,194200.0,196200.0,29523636
2025-11-06,HPG,197650.0,200450.0,197450.0,199750.0,41329354
2025-11-07,HPG,199150.0,209200.0,198650.0,208800.0,56555386
2025-11-10,HPG,208600.0,214200.0,207700.0,213900.0,51226791
2025-11-11,HPG,215600.0,217250.0,209350.0,211600.0,39877093
2025-11-12,HPG,211050.0,213550.0,210300.0,212200.0,30281145
2025-11-13,HPG,213100.0,219100.0,213100.0,218400.0,49345095
2025-11-14,HPG,217250.0,222000.0,215900.0,221550.0,52771700
2025-11-17,HPG,221450.0,222650.0,215750.0,217500.0,40181138
2025-11-18,HPG,217950.0,219150.0,215250.0,217000.0,35627177
2025-11-19,HPG,216850.0,217050.0,215050.0,216100.0,34075043
2025-11-20,HPG,217250.0,217950.0,213450.0,215000.0,49686110
2025-11-21,HPG,214900.0,215850.0,210450.0,212650.0,51853828
2025-11-24,HPG,212200.0,217450.0,211400.0,216450.0,36402710
2025-11-25,HPG,217450.0,221400.0,217450.0,220650.0,31135204
2025-11-26,HPG,218150.0,218200.0,214900.0,215250.0,31672186
2025-11-27,HPG,215050.0,215500.0,213250.0,214500.0,39516525
2025-11-28,HPG,216250.0,217650.0,212500.0,217550.0,49499698
2025-12-01,HPG,217450.0,220500.0,217150.0,219100.0,30640227
2025-12-02,HPG,219200.0,225350.0,218650.0,224150.0,54402220
2025-12-03,HPG,224300.0,226450.0,222800.0,226150.0,34450515
2025-12-04,HPG,225500.0,237150.0,224250.0,235600.0,50377138
2025-12-05,HPG,234300.0,235200.0,234100.0,234950.0,39231415
2025-12-08,HPG,234500.0,237050.0,226600.0,226750.0,39991263
2025-12-09,HPG,228750.0,231300.0,223450.0,223750.0,47129059
2025-12-10,HPG,225300.0,226650.0,222400.0,222600.0,41853478
2025-12-11,HPG,221050.0,229000.0,220200.0,227250.0,44411590
2025-12-12,HPG,227500.0,236400.0,225950.0,232450.0,55615783
2025-12-15,HPG,233650.0,234300.0,225700.0,226100.0,51003495
2025-12-16,HPG,225700.0,234050.0,223850.0,233700.0,54710791
2025-12-17,HPG,235550.0,237000.0,226550.0,226600.0,48668289
2025-12-18,HPG,228650.0,229000.0,224250.0,225150.0,46419366
2025-12-19,HPG,224500.0,230250.0,222900.0,229900.0,36196164
2025-12-22,HPG,231050.0,241700.0,229950.0,240850.0,54831874
2025-12-23,HPG,241400.0,241900.0,238950.0,239800.0,24901794
2025-12-24,HPG,241000.0,243000.0,240300.0,241000.0,26622184
2025-12-25,HPG,240350.0,252900.0,238800.0,251900.0,50334300
2025-12-26,HPG,250950.0,262350.0,249700.0,261100.0,59498093
2025-12-29,HPG,261450.0,263750.0,261300.0,262600.0,36524409
2025-12-30,HPG,263650.0,266200.0,254450.0,255450.0,59163623
2025-12-31,HPG,256750.0,264700.0,254900.0,262600.0,36523841
2026-01-01,HPG,262700.0,271950.0,262400.0,270550.0,48630759
2026-01-02,HPG,270500.0,283350.0,268300.0,281000.0,52052168
2026-01-05,HPG,283650.0,284350.0,279900.0,280000.0,26913940
2026-01-06,HPG,279100.0,280400.0,279000.0,280050.0,40717473
2026-01-07,HPG,278450.0,288050.0,275200.0,287350.0,58583682
2026-01-08,HPG,287950.0,300350.0,287750.0,296700.0,45321266
2026-01-09,HPG,297100.0,300700.0,280250.0,280300.0,66513651
2026-01-12,HPG,280050.0,281050.0,276500.0,280900.0,32478640
2026-01-13,HPG,280600.0,283200.0,280350.0,283100.0,45870029
2026-01-14,HPG,282500.0,291800.0,280350.0,291100.0,55589507
2026-01-15,HPG,289250.0,293550.0,288600.0,292800.0,35600492
2026-01-16,HPG,291600.0,293050.0,290200.0,290650.0,35834535
2026-01-19,HPG,290150.0,300350.0,289550.0,298300.0,49132638
2026-01-20,HPG,297350.0,298750.0,293500.0,294550.0,46905376
2026-01-21,HPG,294000.0,295350.0,292200.0,292800.0,39293455
2026-01-22,HPG,292600.0,305350.0,292300.0,304800.0,41636174
2026-01-23,HPG,304700.0,306800.0,298350.0,301300.0,32257761
2026-01-26,HPG,303600.0,306800.0,294050.0,296500.0,56446772
2026-01-27,HPG,295100.0,317750.0,293250.0,316950.0,73204539
2026-01-28,HPG,316250.0,318350.0,311100.0,314150.0,37600689
2026-01-29,HPG,316150.0,323650.0,314650.0,322950.0,50404386
2026-01-30,HPG,325450.0,325500.0,311650.0,311800.0,43056253
2026-02-02,HPG,310250.0,312300.0,310200.0,311550.0,42099006
2026-02-03,HPG,310300.0,311500.0,309900.0,310350.0,29066303
2026-02-04,HPG,311800.0,312150.0,303650.0,305300.0,43434469
2026-02-05,HPG,304400.0,304750.0,301800.0,302200.0,39926009
2026-02-06,HPG,301450.0,303400.0,301200.0,302400.0,27022758
2026-02-09,HPG,301850.0,314250.0,300250.0,309500.0,46896373
2026-02-10,HPG,309250.0,313500.0,307350.0,309350.0,41616574
2026-02-11,HPG,310500.0,321700.0,310050.0,319100.0,56609379
2026-02-12,HPG,317100.0,320000.0,313200.0,313700.0,36700411
2026-02-13,HPG,312750.0,318500.0,311350.0,318350.0,36538003
2026-02-16,HPG,317650.0,318650.0,315400.0,316400.0,31604410
2026-02-17,HPG,314850.0,316150.0,309900.0,312550.0,33081303
2026-02-18,HPG,312950.0,314500.0,304100.0,306100.0,54470419
2026-02-19,HPG,305500.0,308300.0,301550.0,301950.0,36838106
2026-02-20,HPG,303350.0,306550.0,302850.0,304650.0,41264349
2026-02-23,HPG,305550.0,307450.0,296000.0,299300.0,38226396
2026-02-24,HPG,299200.0,301100.0,292200.0,293800.0,39532066
2026-02-25,HPG,294200.0,294700.0,290850.0,292100.0,27995409
2026-02-26,HPG,291750.0,293400.0,284400.0,286000.0,36504385
2026-02-27,HPG,286500.0,286750.0,281900.0,282350.0,47105843
2026-03-02,HPG,281800.0,283100.0,277100.0,278700.0,48550850
2026-03-03,HPG,278150.0,281550.0,277900.0,281350.0,40986977
2026-03-04,HPG,282050.0,285250.0,277250.0,278500.0,48811020
2026-03-05,HPG,278400.0,284250.0,277850.0,282750.0,44210853
2026-03-06,HPG,284100.0,287400.0,276300.0,277350.0,45965517
2026-03-09,HPG,278100.0,281600.0,277300.0,280850.0,29965315
2026-03-10,HPG,280150.0,281500.0,261900.0,263050.0,63480503
2026-03-11,HPG,263850.0,269050.0,263300.0,268000.0,34132783
2026-03-12,HPG,268500.0,278550.0,268100.0,275800.0,38211865
2026-03-13,HPG,272700.0,283950.0,270750.0,283300.0,40032120
2026-03-16,HPG,282050.0,284600.0,281300.0,284250.0,33547316
2026-03-17,HPG,282450.0,285650.0,280500.0,284100.0,37363609
2026-03-18,HPG,284400.0,285950.0,281800.0,282500.0,44496276
2026-03-19,HPG,281450.0,284700.0,278800.0,282450.0,35545308
2026-03-20,HPG,282950.0,288500.0,280750.0,287300.0,37113754
2026-03-23,HPG,288250.0,290450.0,277050.0,279300.0,42479497
2026-03-24,HPG,276600.0,278450.0,273200.0,278050.0,33551421
2026-03-25,HPG,276550.0,278300.0,274700.0,275700.0,42039036
2026-03-26,HPG,274850.0,276650.0,274500.0,275300.0,37609078
2026-03-27,HPG,276950.0,282900.0,275700.0,279700.0,45450772
2026-03-30,HPG,280400.0,280950.0,277350.0,277900.0,38432980
2026-03-31,HPG,276300.0,283700.0,274750.0,281800.0,35767152
2026-04-01,HPG,283600.0,285900.0,282200.0,284400.0,26324865
2026-04-02,HPG,283500.0,286000.0,279450.0,281850.0,45636911
2026-04-03,HPG,283800.0,294550.0,283150.0,291850.0,43127024
2026-04-06,HPG,292750.0,298200.0,289950.0,297900.0,49417652
2026-04-07,HPG,296600.0,298700.0,289850.0,291900.0,45054250
2026-04-08,HPG,293850.0,295050.0,291100.0,294200.0,37557133
2026-04-09,HPG,294600.0,295850.0,279600.0,280050.0,54982080
2026-04-10,HPG,281500.0,282550.0,274700.0,274800.0,52003688
2026-04-13,HPG,275150.0,275800.0,264350.0,264500.0,38667127
2026-04-14,HPG,265550.0,265700.0,261100.0,264100.0,34466254
2026-04-15,HPG,261350.0,265800.0,261150.0,264450.0,47573425
2026-04-16,HPG,266000.0,266100.0,259900.0,260200.0,49246306
2026-04-17,HPG,259700.0,262750.0,257500.0,258450.0,49003386
2026-04-20,HPG,259600.0,264450.0,257950.0,263750.0,37139926
2026-04-21,HPG,262500.0,264850.0,260650.0,264750.0,38116427
2026-04-22,HPG,264550.0,266350.0,255850.0,257100.0,55160005
2026-04-23,HPG,254850.0,256500.0,248100.0,250900.0,47333712
2026-04-24,HPG,250350.0,250700.0,245100.0,248350.0,42429159
2026-04-27,HPG,246950.0,250750.0,242850.0,250600.0,40540595
2026-04-28,HPG,250900.0,252950.0,249200.0,251800.0,30070237
2026-04-29,HPG,253200.0,254450.0,249450.0,249800.0,37497939
2026-04-30,HPG,250500.0,258400.0,248900.0,257800.0,35605083
2026-05-01,HPG,258300.0,258500.0,257500.0,258150.0,27964499
2026-05-04,HPG,259600.0,260300.0,258050.0,259200.0,40291593
2026-05-05,HPG,260250.0,268250.0,260050.0,266950.0,35061850
2026-05-06,HPG,265700.0,265950.0,258150.0,258500.0,40907291
2026-05-07,HPG,258650.0,259450.0,247200.0,247900.0,60894329
2026-05-08,HPG,249450.0,251800.0,248800.0,250050.0,33165213
2026-05-11,HPG,248850.0,251300.0,248750.0,249000.0,37738921
2026-05-12,HPG,247750.0,259250.0,244900.0,257200.0,51747225
2026-05-13,HPG,257500.0,257950.0,256700.0,257700.0,36437057
2026-05-14,HPG,257050.0,268050.0,255700.0,266800.0,59950879
2026-05-15,HPG,265250.0,277650.0,265250.0,274300.0,53778417
2026-05-18,HPG,274650.0,282500.0,273900.0,277700.0,45626727
2026-05-19,HPG,278250.0,280400.0,273900.0,275400.0,30421068
2026-05-20,HPG,275400.0,283300.0,274850.0,280600.0,39357268
2026-05-21,HPG,278900.0,283300.0,278200.0,279000.0,39223993
2026-05-22,HPG,279600.0,281050.0,276200.0,278750.0,41706886
2026-05-25,HPG,278400.0,285500.0,276500.0,284500.0,39676255
2026-05-26,HPG,284850.0,289050.0,283950.0,287750.0,44482585
2026-05-27,HPG,289100.0,292850.0,287500.0,292650.0,33388442
2026-05-28,HPG,293000.0,293250.0,285700.0,289400.0,51794625
2026-05-29,HPG,289250.0,295400.0,288900.0,294900.0,46949417
2026-06-01,HPG,295000.0,297500.0,284750.0,284950.0,46166654
2026-06-02,HPG,286050.0,287350.0,276550.0,276950.0,39319214
2026-06-03,HPG,277850.0,282100.0,277000.0,279950.0,31378669
2026-06-04,HPG,281200.0,284800.0,278850.0,279150.0,38598653
2026-06-05,HPG,278100.0,278400.0,273050.0,273500.0,43311000
2026-06-08,HPG,271350.0,279700.0,271000.0,279600.0,53472638
2026-06-09,HPG,279400.0,282000.0,276950.0,278300.0,42883501
2026-06-10,HPG,279400.0,281550.0,275250.0,275450.0,50990692
2026-06-11,HPG,276900.0,280700.0,275550.0,275800.0,37098064
2026-06-12,HPG,274600.0,275750.0,267600.0,270450.0,40898839
2026-06-15,HPG,270400.0,272350.0,263800.0,264700.0,43406430
2026-06-16,HPG,262400.0,270000.0,259950.0,268100.0,56459960
2026-06-17,HPG,266800.0,267800.0,264200.0,266600.0,29993919
2026-06-18,HPG,266150.0,267950.0,265050.0,266400.0,25748636
2026-06-19,HPG,265350.0,265750.0,257050.0,259650.0,47529266
2026-06-22,HPG,259850.0,260650.0,256550.0,258200.0,42125992
2026-06-23,HPG,257700.0,258100.0,246650.0,247300.0,39720143
2026-06-24,HPG,247650.0,255050.0,245300.0,252450.0,53520662
2026-06-25,HPG,252450.0,255050.0,251000.0,253100.0,45170656
2026-06-26,HPG,254350.0,256600.0,245850.0,246600.0,45184983
2026-06-29,HPG,244300.0,245950.0,235150.0,236350.0,55376263
2026-06-30,HPG,234700.0,235100.0,226500.0,230050.0,51147596
2026-07-01,HPG,229850.0,240150.0,229400.0,238050.0,42060493
2026-07-02,HPG,238800.0,251100.0,238400.0,249300.0,61071470
2026-07-03,HPG,248850.0,253600.0,247650.0,252450.0,34567768
2026-07-06,HPG,251650.0,265550.0,251050.0,262600.0,60280863
2026-07-07,HPG,264200.0,272650.0,259600.0,270950.0,57832980
2026-07-08,HPG,271600.0,272550.0,271400.0,271800.0,33899391
2026-07-09,HPG,272350.0,272700.0,262300.0,264100.0,47410497
2026-07-10,HPG,266000.0,269350.0,265700.0,268950.0,31618518
2026-07-13,HPG,270300.0,275900.0,269550.0,275150.0,50033387
2026-07-14,HPG,276250.0,277700.0,269750.0,271550.0,40311704
2026-07-15,HPG,270300.0,279950.0,268350.0,276500.0,55734656
2026-07-16,HPG,275750.0,289700.0,274800.0,287700.0,59439980
2026-07-17,HPG,288250.0,289900.0,285850.0,287500.0,39132311
2026-07-20,HPG,286350.0,291900.0,284500.0,291900.0,47936590
2026-07-21,HPG,292250.0,294450.0,290600.0,293050.0,42005094
2026-07-22,HPG,294200.0,295550.0,284950.0,286600.0,39712133
2026-07-23,HPG,287250.0,288750.0,275950.0,277700.0,46135944
2026-07-24,HPG,277900.0,282550.0,270200.0,271700.0,56939143
2026-07-27,HPG,272050.0,275050.0,270250.0,273950.0,42284554
2026-07-28,HPG,273750.0,274700.0,267100.0,267400.0,37125287
2026-07-29,HPG,266100.0,266550.0,258300.0,260100.0,34966205
2026-07-30,HPG,258750.0,260300.0,256750.0,258000.0,43855278
2026-07-31,HPG,259300.0,259600.0,249850.0,250650.0,44190627
2026-08-03,HPG,249350.0,253050.0,248250.0,252000.0,37756885
2026-08-04,HPG,252550.0,254700.0,245550.0,246950.0,56719326
2026-08-05,HPG,247350.0,249000.0,239950.0,241850.0,37089663
2026-08-06,HPG,240850.0,242900.0,238000.0,239550.0,42223633
2026-08-07,HPG,238700.0,245850.0,238450.0,244050.0,43518263
2026-08-10,HPG,243000.0,244850.0,237400.0,238950.0,35896068
2026-08-11,HPG,238800.0,241250.0,231300.0,232200.0,49014152
2026-08-12,HPG,232800.0,233050.0,226400.0,227750.0,40826613
2026-08-13,HPG,229250.0,229600.0,222350.0,222900.0,33680954
2026-08-14,HPG,225950.0,229400.0,224700.0,228500.0,47459210
2026-08-17,HPG,229200.0,229250.0,223650.0,226100.0,50304275
2026-08-18,HPG,226950.0,227400.0,224350.0,225400.0,28756811
2026-08-19,HPG,226450.0,226950.0,221100.0,222600.0,52994680
2026-08-20,HPG,223900.0,235700.0,223400.0,235550.0,51111648
2026-08-21,HPG,236100.0,239500.0,234500.0,238650.0,39036190
2026-08-24,HPG,239150.0,243100.0,237950.0,243000.0,36014558
2026-08-25,HPG,243150.0,243400.0,236900.0,239400.0,38478911
2026-08-26,HPG,238900.0,241400.0,234950.0,237450.0,52217194
2026-08-27,HPG,239150.0,241500.0,237250.0,241250.0,48364907
2026-08-28,HPG,242000.0,243600.0,233250.0,236250.0,42362029
2026-08-31,HPG,236350.0,237500.0,227800.0,228700.0,44541005
