Date,Symbol,Open,High,Low,Close,Volume
2018-01-01,MBB,16050.0,16250.0,15900.0,16000.0,21584682
2018-01-02,MBB,16000.0,16100.0,16000.0,16050.0,21313112
2018-01-03,MBB,16050.0,16350.0,15850.0,16250.0,33497180
2018-01-04,MBB,16300.0,16800.0,16150.0,16650.0,25395553
2018-01-05,MBB,16650.0,16650.0,16550.0,16600.0,23954204
2018-01-08,MBB,16650.0,16700.0,16200.0,16400.0,24962815
2018-01-09,MBB,16400.0,16500.0,16000.0,16150.0,33651944
2018-01-10,MBB,16150.0,16200.0,16100.0,16150.0,21015808
2018-01-11,MBB,16150.0,16450.0,16100.0,16300.0,20859700
2018-01-12,MBB,16350.0,16650.0,16150.0,16600.0,32190779
2018-01-15,MBB,16550.0,16750.0,16500.0,16750.0,24615117
2018-01-16,MBB,16750.0,16950.0,16700.0,16850.0,26256159
2018-01-17,MBB,16850.0,17800.0,16750.0,17500.0,30273672
2018-01-18,MBB,17650.0,17700.0,16900.0,17000.0,27779190
2018-01-19,MBB,16950.0,17150.0,16450.0,16550.0,32279567
2018-01-22,MBB,16500.0,16550.0,16100.0,16200.0,31493169
2018-01-23,MBB,16200.0,16300.0,15850.0,16000.0,30877590
2018-01-24,MBB,15950.0,16300.0,15750.0,16300.0,29734741
2018-01-25,MBB,16300.0,16300.0,16000.0,16000.0,28913154
2018-01-26,MBB,16000.0,16200.0,15950.0,16100.0,20230268
2018-01-29,MBB,16150.0,16350.0,16050.0,16350.0,27527428
2018-01-30,MBB,16350.0,16700.0,16300.0,16600.0,20987650
2018-01-31,MBB,16500.0,16800.0,16400.0,16650.0,29126148
2018-02-01,MBB,16650.0,16700.0,16600.0,16650.0,25318112
2018-02-02,MBB,16650.0,16700.0,15700.0,15800.0,43044554
2018-02-05,MBB,15800.0,16000.0,15750.0,16000.0,26231058
2018-02-06,MBB,16000.0,16150.0,15600.0,15650.0,26568306
2018-02-07,MBB,15600.0,15650.0,15400.0,15450.0,22982649
2018-02-08,MBB,15400.0,15400.0,14900.0,15050.0,21617526
2018-02-09,MBB,15000.0,15000.0,15000.0,15000.0,23741880
2018-02-12,MBB,15000.0,15250.0,14900.0,15200.0,32178015
2018-02-13,MBB,15350.0,15400.0,14950.0,15050.0,30730169
2018-02-14,MBB,15100.0,15100.0,14950.0,14950.0,23012760
2018-02-15,MBB,14950.0,15250.0,14550.0,14650.0,37751712
2018-02-16,MBB,14600.0,15000.0,14400.0,14950.0,26379202
2018-02-19,MBB,15000.0,15000.0,14800.0,14900.0,28661203
2018-02-20,MBB,14850.0,15100.0,14800.0,15050.0,28683125
2018-02-21,MBB,14950.0,15150.0,14850.0,15050.0,25914084
2018-02-22,MBB,15150.0,15350.0,15100.0,15200.0,28503839
2018-02-23,MBB,15200.0,15400.0,15000.0,15400.0,20461643
2018-02-26,MBB,15400.0,15650.0,15300.0,15650.0,19461680
2018-02-27,MBB,15700.0,15850.0,15550.0,15550.0,29172207
2018-02-28,MBB,15550.0,15700.0,15400.0,15450.0,18652706
2018-03-01,MBB,15450.0,15700.0,15200.0,15250.0,29307207
2018-03-02,MBB,15200.0,15650.0,15150.0,15550.0,29639219
2018-03-05,MBB,15600.0,15600.0,15050.0,15050.0,30170582
2018-03-06,MBB,15050.0,15600.0,14950.0,15400.0,33247769
2018-03-07,MBB,15400.0,15450.0,15000.0,15050.0,34791218
2018-03-08,MBB,15050.0,15400.0,14950.0,15250.0,28968099
2018-03-09,MBB,15250.0,15350.0,14950.0,14950.0,24056547
2018-03-12,MBB,14900.0,15050.0,14900.0,15000.0,25969461
2018-03-13,MBB,14950.0,15200.0,14850.0,14850.0,20438790
2018-03-14,MBB,14900.0,15350.0,14800.0,15300.0,31473273
2018-03-15,MBB,15350.0,15400.0,15200.0,15400.0,27408942
2018-03-16,MBB,15400.0,15450.0,15050.0,15050.0,32192615
2018-03-19,MBB,15000.0,15100.0,14800.0,14800.0,26852051
2018-03-20,MBB,14750.0,15300.0,14700.0,15200.0,35820574
2018-03-21,MBB,15150.0,15550.0,15150.0,15250.0,27465829
2018-03-22,MBB,15100.0,15250.0,15000.0,15000.0,17583883
2018-03-23,MBB,15000.0,15250.0,14900.0,15250.0,20642198
2018-03-26,MBB,15350.0,15450.0,14750.0,14900.0,32680623
2018-03-27,MBB,14900.0,15050.0,14850.0,14950.0,28529219
2018-03-28,MBB,14950.0,15000.0,14500.0,14500.0,34004174
2018-03-29,MBB,14550.0,14650.0,14400.0,14500.0,28061326
2018-03-30,MBB,14600.0,14750.0,14600.0,14700.0,29162847
2018-04-02,MBB,14700.0,14700.0,14350.0,14400.0,28758643
2018-04-03,MBB,14450.0,14600.0,14150.0,14250.0,31972741
2018-04-04,MBB,14300.0,14600.0,14200.0,14450.0,23739062
2018-04-05,MBB,14400.0,14450.0,14250.0,14300.0,28630569
2018-04-06,MBB,14250.0,14300.0,13650.0,13650.0,29175525
2018-04-09,MBB,13650.0,14000.0,13600.0,13900.0,27232369
2018-04-10,MBB,13900.0,14000.0,13800.0,13900.0,17455670
2018-04-11,MBB,13950.0,13950.0,13400.0,13550.0,36279362
2018-04-12,MBB,13550.0,13600.0,13450.0,13600.0,21914201
2018-04-13,MBB,13500.0,13700.0,13150.0,13200.0,35557045
2018-04-16,MBB,13250.0,13350.0,13150.0,13300.0,21959077
2018-04-17,MBB,13350.0,13450.0,13200.0,13300.0,25202941
2018-04-18,MBB,13250.0,13450.0,13250.0,13350.0,18466099
2018-04-19,MBB,13300.0,13350.0,13250.0,13350.0,24810230
2018-04-20,MBB,13200.0,13850.0,13100.0,13700.0,41539844
2018-04-23,MBB,13700.0,14050.0,13550.0,13950.0,22330948
2018-04-24,MBB,14000.0,14350.0,14000.0,14250.0,22920851
2018-04-25,MBB,14200.0,14300.0,14050.0,14150.0,29459222
2018-04-26,MBB,14200.0,14250.0,14000.0,14000.0,25793446
2018-04-27,MBB,13950.0,14200.0,13900.0,14150.0,28364021
2018-04-30,MBB,14150.0,14350.0,14100.0,14300.0,24817091
2018-05-01,MBB,14350.0,14700.0,14300.0,14600.0,33885812
2018-05-02,MBB,14600.0,14950.0,14500.0,14900.0,31415116
2018-05-03,MBB,14900.0,15350.0,14800.0,15350.0,31425670
2018-05-04,MBB,15400.0,15950.0,15350.0,15850.0,23176448
2018-05-07,MBB,15800.0,16050.0,15750.0,16050.0,30962107
2018-05-08,MBB,16200.0,16700.0,16200.0,16550.0,31525366
2018-05-09,MBB,16650.0,16900.0,16550.0,16900.0,21392630
2018-05-10,MBB,16900.0,16950.0,16650.0,16700.0,19149811
2018-05-11,MBB,16700.0,17100.0,16650.0,16900.0,32275626
2018-05-14,MBB,16950.0,17150.0,16850.0,17150.0,18396740
2018-05-15,MBB,17150.0,17200.0,17100.0,17200.0,14566821
2018-05-16,MBB,17200.0,17400.0,16800.0,16900.0,36460049
2018-05-17,MBB,16850.0,16950.0,16500.0,16600.0,20825221
2018-05-18,MBB,16550.0,16850.0,16500.0,16800.0,27038480
2018-05-21,MBB,16800.0,16900.0,16550.0,16700.0,31900623
2018-05-22,MBB,16750.0,16850.0,16650.0,16800.0,20717649
2018-05-23,MBB,16800.0,16900.0,16400.0,16500.0,27165740
2018-05-24,MBB,16500.0,16950.0,16300.0,16750.0,35675377
2018-05-25,MBB,16850.0,17450.0,16750.0,17350.0,35553576
2018-05-28,MBB,17400.0,17550.0,17200.0,17200.0,22486060
2018-05-29,MBB,17200.0,17750.0,17100.0,17600.0,31493814
2018-05-30,MBB,17650.0,18150.0,17500.0,18150.0,29699661
2018-05-31,MBB,18200.0,18250.0,18000.0,18200.0,29199248
2018-06-01,MBB,18200.0,18200.0,17900.0,17950.0,21884629
2018-06-04,MBB,18000.0,18000.0,17700.0,17950.0,24366934
2018-06-05,MBB,17850.0,18500.0,17700.0,18400.0,37174593
2018-06-06,MBB,18450.0,18800.0,18450.0,18700.0,21106811
2018-06-07,MBB,18850.0,19050.0,18750.0,18950.0,23957197
2018-06-08,MBB,19100.0,19150.0,18850.0,18900.0,27977821
2018-06-11,MBB,19000.0,19150.0,18600.0,18600.0,29345707
2018-06-12,MBB,18650.0,18950.0,18600.0,18950.0,19763267
2018-06-13,MBB,18850.0,18850.0,18450.0,18450.0,25721972
2018-06-14,MBB,18450.0,18750.0,18400.0,18600.0,30774276
2018-06-15,MBB,18550.0,18900.0,18550.0,18800.0,20976827
2018-06-18,MBB,18800.0,19050.0,18250.0,18400.0,29671865
2018-06-19,MBB,18500.0,18600.0,17750.0,18050.0,27045758
2018-06-20,MBB,17900.0,18550.0,17850.0,18550.0,32120509
2018-06-21,MBB,18650.0,19400.0,18600.0,19250.0,25061117
2018-06-22,MBB,19200.0,19450.0,18650.0,18800.0,37519266
2018-06-25,MBB,18800.0,18900.0,18700.0,18900.0,24810593
2018-06-26,MBB,19050.0,19100.0,18950.0,19000.0,18060277
2018-06-27,MBB,19000.0,19000.0,18900.0,19000.0,27214569
2018-06-28,MBB,19100.0,19150.0,18550.0,18700.0,32423947
2018-06-29,MBB,18700.0,19750.0,18600.0,19600.0,40793582
2018-07-02,MBB,19650.0,19800.0,19450.0,19450.0,24176014
2018-07-03,MBB,19400.0,19750.0,19300.0,19550.0,28066382
2018-07-04,MBB,19600.0,19750.0,19400.0,19750.0,17423735
2018-07-05,MBB,19700.0,19900.0,19500.0,19750.0,26046958
2018-07-06,MBB,19800.0,19900.0,19150.0,19200.0,36418582
2018-07-09,MBB,19250.0,20050.0,19250.0,19900.0,36836231
2018-07-10,MBB,19900.0,20350.0,19850.0,20350.0,20173442
2018-07-11,MBB,20400.0,20650.0,20300.0,20550.0,26220231
2018-07-12,MBB,20750.0,20850.0,20350.0,20400.0,22657344
2018-07-13,MBB,20500.0,20600.0,20450.0,20450.0,25573847
2018-07-16,MBB,20600.0,20800.0,20550.0,20600.0,18026877
2018-07-17,MBB,20600.0,21300.0,20550.0,21050.0,34440510
2018-07-18,MBB,21000.0,21000.0,20700.0,20750.0,22933169
2018-07-19,MBB,20800.0,21500.0,20750.0,21250.0,31356642
2018-07-20,MBB,21150.0,22100.0,21150.0,22050.0,25317707
2018-07-23,MBB,22150.0,22450.0,22150.0,22200.0,26836208
2018-07-24,MBB,22250.0,22400.0,22050.0,22350.0,19179584
2018-07-25,MBB,22300.0,22550.0,22250.0,22450.0,16547207
2018-07-26,MBB,22450.0,22550.0,22050.0,22400.0,29921290
2018-07-27,MBB,22400.0,22600.0,21650.0,22000.0,28873165
2018-07-30,MBB,22100.0,22250.0,21450.0,21500.0,22945941
2018-07-31,MBB,21500.0,21550.0,20800.0,20850.0,22662155
2018-08-01,MBB,20850.0,20900.0,20750.0,20900.0,17111925
2018-08-02,MBB,21000.0,21050.0,20350.0,20450.0,30361462
2018-08-03,MBB,20450.0,20900.0,20400.0,20900.0,20927310
2018-08-06,MBB,21050.0,21250.0,21000.0,21150.0,22958210
2018-08-07,MBB,21100.0,21350.0,20850.0,21300.0,21069411
2018-08-08,MBB,21350.0,21400.0,21300.0,21350.0,18623203
2018-08-09,MBB,21350.0,21450.0,20850.0,20900.0,32102278
2018-08-10,MBB,20950.0,21500.0,20850.0,21250.0,32338043
2018-08-13,MBB,21250.0,21550.0,21150.0,21450.0,21302807
2018-08-14,MBB,21650.0,21750.0,21200.0,21350.0,19875145
2018-08-15,MBB,21150.0,21550.0,21100.0,21450.0,27881380
2018-08-16,MBB,21500.0,21850.0,21500.0,21700.0,24831558
2018-08-17,MBB,21700.0,21900.0,21000.0,21050.0,26383785
2018-08-20,MBB,21050.0,21200.0,20200.0,20450.0,32815613
2018-08-21,MBB,20500.0,21550.0,20500.0,21400.0,35200198
2018-08-22,MBB,21400.0,21550.0,20400.0,20500.0,37040740
2018-08-23,MBB,20550.0,20850.0,20550.0,20850.0,24702813
2018-08-24,MBB,20900.0,21050.0,20400.0,20550.0,34842803
2018-08-27,MBB,20600.0,20700.0,20500.0,20650.0,27135089
2018-08-28,MBB,20750.0,21200.0,20650.0,21000.0,23153288
2018-08-29,MBB,20950.0,21000.0,20850.0,20850.0,25903203
2018-08-30,MBB,20800.0,21150.0,20700.0,20800.0,25378657
2018-08-31,MBB,20800.0,20900.0,20300.0,20550.0,20810971
2018-09-03,MBB,20550.0,20550.0,20200.0,20200.0,29522589
2018-09-04,MBB,20050.0,20400.0,19950.0,20400.0,26785578
2018-09-05,MBB,20350.0,20350.0,19900.0,20000.0,23973878
2018-09-06,MBB,20050.0,21050.0,20050.0,21000.0,37633373
2018-09-07,MBB,21000.0,21000.0,20700.0,20800.0,25729097
2018-09-10,MBB,20700.0,21150.0,20600.0,21050.0,24507199
2018-09-11,MBB,21100.0,21250.0,20800.0,20800.0,23951777
2018-09-12,MBB,20650.0,21250.0,20650.0,21200.0,28693771
2018-09-13,MBB,21050.0,22200.0,20950.0,22100.0,37921686
2018-09-14,MBB,22200.0,22250.0,21900.0,22050.0,17704092
2018-09-17,MBB,22150.0,22350.0,21700.0,21850.0,30859493
2018-09-18,MBB,21750.0,21800.0,21450.0,21600.0,28613993
2018-09-19,MBB,21650.0,21650.0,21250.0,21350.0,31468275
2018-09-20,MBB,21350.0,21550.0,21000.0,21050.0,31992063
2018-09-21,MBB,21050.0,21500.0,21000.0,21250.0,25232892
2018-09-24,MBB,21200.0,21250.0,20850.0,21000.0,22728509
2018-09-25,MBB,21000.0,21750.0,20950.0,21450.0,32107759
2018-09-26,MBB,21500.0,21600.0,20500.0,20650.0,30025004
2018-09-27,MBB,20700.0,20700.0,20200.0,20250.0,24868530
2018-09-28,MBB,20350.0,20500.0,20300.0,20500.0,18098676
2018-10-01,MBB,20600.0,20850.0,20550.0,20700.0,27225411
2018-10-02,MBB,20550.0,21150.0,20350.0,21050.0,25028731
2018-10-03,MBB,21000.0,21450.0,20950.0,21300.0,20605309
2018-10-04,MBB,21200.0,22050.0,21100.0,22000.0,31492818
2018-10-05,MBB,22000.0,22850.0,21950.0,22700.0,30722973
2018-10-08,MBB,22700.0,22750.0,22450.0,22650.0,28384253
2018-10-09,MBB,22750.0,23000.0,22200.0,22400.0,24401847
2018-10-10,MBB,22400.0,22700.0,22100.0,22150.0,23034125
2018-10-11,MBB,22300.0,22350.0,22100.0,22200.0,15726526
2018-10-12,MBB,22100.0,22200.0,21850.0,21900.0,19680081
2018-10-15,MBB,21850.0,22100.0,21750.0,21950.0,19355121
2018-10-16,MBB,21900.0,22550.0,21800.0,22450.0,28105792
2018-10-17,MBB,22500.0,22500.0,21900.0,22100.0,22673603
2018-10-18,MBB,22000.0,22750.0,21900.0,22600.0,24621970
2018-10-19,MBB,22500.0,22900.0,22400.0,22800.0,30236356
2018-10-22,MBB,22750.0,22800.0,22200.0,22250.0,32202214
2018-10-23,MBB,22300.0,22750.0,22250.0,22650.0,30254129
2018-10-24,MBB,22600.0,23150.0,22450.0,23050.0,30517447
2018-10-25,MBB,23000.0,23350.0,23000.0,23300.0,29047687
2018-10-26,MBB,23300.0,23300.0,22800.0,23000.0,27326251
2018-10-29,MBB,22800.0,22800.0,22500.0,22650.0,28911271
2018-10-30,MBB,22650.0,22750.0,22100.0,22150.0,24171007
2018-10-31,MBB,22200.0,22400.0,21800.0,21800.0,21520925
2018-11-01,MBB,21900.0,22300.0,21900.0,22000.0,24789808
2018-11-02,MBB,21950.0,22100.0,21700.0,21750.0,19739533
2018-11-05,MBB,21650.0,22350.0,21500.0,22150.0,23841616
2018-11-06,MBB,22000.0,22250.0,21800.0,22200.0,25123875
2018-11-07,MBB,22150.0,22650.0,22050.0,22550.0,33669521
2018-11-08,MBB,22550.0,23300.0,22450.0,23000.0,31486906
2018-11-09,MBB,23050.0,23150.0,22700.0,22800.0,22101271
2018-11-12,MBB,22650.0,22700.0,22500.0,22650.0,22548767
2018-11-13,MBB,22450.0,22500.0,22000.0,22200.0,19162511
2018-11-14,MBB,22200.0,22300.0,21950.0,22150.0,17387638
2018-11-15,MBB,22150.0,22550.0,21900.0,22450.0,24730109
2018-11-16,MBB,22500.0,22700.0,22100.0,22250.0,19939634
2018-11-19,MBB,22200.0,22400.0,22000.0,22350.0,18841982
2018-11-20,MBB,22450.0,22450.0,22300.0,22300.0,17157590
2018-11-21,MBB,22100.0,22200.0,21700.0,21850.0,22449783
2018-11-22,MBB,21800.0,21850.0,21450.0,21500.0,20817766
2018-11-23,MBB,21450.0,22000.0,21200.0,21800.0,24002236
2018-11-26,MBB,21750.0,21850.0,21450.0,21700.0,30693855
2018-11-27,MBB,21800.0,21900.0,21400.0,21450.0,22712342
2018-11-28,MBB,21500.0,21800.0,21400.0,21750.0,31384560
2018-11-29,MBB,21750.0,22100.0,21700.0,22000.0,24498990
2018-11-30,MBB,21900.0,22950.0,21800.0,22700.0,34345059
2018-12-03,MBB,22700.0,22700.0,22550.0,22650.0,21137879
2018-12-04,MBB,22600.0,22650.0,22400.0,22450.0,21755221
2018-12-05,MBB,22550.0,22650.0,22350.0,22500.0,27295314
2018-12-06,MBB,22500.0,22650.0,22500.0,22650.0,19830240
2018-12-07,MBB,22550.0,22750.0,22150.0,22250.0,28587622
2018-12-10,MBB,22150.0,22400.0,21950.0,22350.0,18374732
2018-12-11,MBB,22350.0,22550.0,21950.0,22050.0,21514709
2018-12-12,MBB,21950.0,22350.0,21600.0,22350.0,32836552
2018-12-13,MBB,22200.0,22400.0,21750.0,22000.0,20825782
2018-12-14,MBB,22150.0,22500.0,21950.0,22400.0,27964094
2018-12-17,MBB,22400.0,23200.0,22300.0,23000.0,26018017
2018-12-18,MBB,23100.0,23400.0,22750.0,22850.0,30270325
2018-12-19,MBB,22800.0,23100.0,22700.0,22850.0,25957052
2018-12-20,MBB,23000.0,23050.0,22200.0,22450.0,29042941
2018-12-21,MBB,22500.0,22850.0,22400.0,22700.0,18259569
2018-12-24,MBB,22700.0,23150.0,22650.0,23100.0,29385995
2018-12-25,MBB,23150.0,23800.0,23100.0,23650.0,34942703
2018-12-26,MBB,23450.0,23800.0,23450.0,23800.0,18519886
2018-12-27,MBB,23750.0,24100.0,23600.0,24050.0,23898230
2018-12-28,MBB,24000.0,24300.0,23950.0,24200.0,30783510
2018-12-31,MBB,24050.0,24150.0,23650.0,23750.0,26662257
2019-01-01,MBB,23800.0,24100.0,23100.0,23200.0,30872328
2019-01-02,MBB,23200.0,23600.0,23150.0,23400.0,30777538
2019-01-03,MBB,23400.0,23550.0,23100.0,23300.0,27329663
2019-01-04,MBB,23400.0,23450.0,23200.0,23250.0,25200443
2019-01-07,MBB,23350.0,24000.0,23250.0,23900.0,34061900
2019-01-08,MBB,23900.0,24550.0,23550.0,24450.0,24015396
2019-01-09,MBB,24550.0,24550.0,23950.0,23950.0,26743925
2019-01-10,MBB,23850.0,23850.0,23300.0,23350.0,29219564
2019-01-11,MBB,23400.0,23400.0,23250.0,23350.0,24239268
2019-01-14,MBB,23350.0,23450.0,22750.0,22900.0,28601708
2019-01-15,MBB,22900.0,23100.0,22600.0,22700.0,26761254
2019-01-16,MBB,22850.0,23400.0,22700.0,23200.0,25217585
2019-01-17,MBB,23050.0,23800.0,22700.0,23750.0,28242779
2019-01-18,MBB,23700.0,24250.0,23600.0,24000.0,26621565
2019-01-21,MBB,24200.0,24600.0,24150.0,24500.0,31651251
2019-01-22,MBB,24600.0,25000.0,24400.0,24850.0,22304328
2019-01-23,MBB,24900.0,25650.0,24850.0,25600.0,34523801
2019-01-24,MBB,25500.0,25600.0,25100.0,25300.0,22021382
2019-01-25,MBB,25400.0,25550.0,25300.0,25450.0,25867994
2019-01-28,MBB,25500.0,26000.0,25450.0,25850.0,24580544
2019-01-29,MBB,25850.0,26000.0,25200.0,25300.0,29386780
2019-01-30,MBB,25300.0,25500.0,24900.0,25050.0,21876518
2019-01-31,MBB,25100.0,25400.0,25050.0,25350.0,27784996
2019-02-01,MBB,25550.0,25800.0,25500.0,25600.0,21552096
2019-02-04,MBB,25750.0,25800.0,25200.0,25350.0,22950638
2019-02-05,MBB,25350.0,25550.0,24700.0,24700.0,33262070
2019-02-06,MBB,24650.0,24700.0,24400.0,24550.0,21893047
2019-02-07,MBB,24450.0,24450.0,24050.0,24250.0,28973598
2019-02-08,MBB,24300.0,24350.0,24200.0,24300.0,19008915
2019-02-11,MBB,24550.0,24750.0,23950.0,24150.0,21954193
2019-02-12,MBB,24200.0,24350.0,24150.0,24250.0,22753614
2019-02-13,MBB,24200.0,24400.0,24150.0,24350.0,17918321
2019-02-14,MBB,24350.0,24400.0,22700.0,22950.0,41568982
2019-02-15,MBB,23000.0,24250.0,22900.0,24000.0,38121157
2019-02-18,MBB,23900.0,23950.0,23350.0,23550.0,22616721
2019-02-19,MBB,23700.0,23800.0,23500.0,23750.0,17273818
2019-02-20,MBB,23750.0,23950.0,23300.0,23400.0,33736797
2019-02-21,MBB,23450.0,23700.0,23250.0,23500.0,23473664
2019-02-22,MBB,23500.0,24050.0,23350.0,23800.0,29184556
2019-02-25,MBB,23900.0,24650.0,23850.0,24600.0,33739241
2019-02-26,MBB,24800.0,24850.0,24600.0,24600.0,25503540
2019-02-27,MBB,24750.0,25100.0,24600.0,25050.0,30653587
2019-02-28,MBB,24950.0,25050.0,24300.0,24350.0,28942260
2019-03-01,MBB,24250.0,24700.0,24200.0,24700.0,23760436
2019-03-04,MBB,24700.0,25050.0,24400.0,24800.0,30363690
2019-03-05,MBB,24850.0,25100.0,24350.0,24400.0,23471232
2019-03-06,MBB,24350.0,24700.0,24250.0,24600.0,25539100
2019-03-07,MBB,24600.0,24700.0,24350.0,24350.0,25425851
2019-03-08,MBB,24250.0,24900.0,24050.0,24800.0,27338421
2019-03-11,MBB,24750.0,24750.0,24300.0,24300.0,28631410
2019-03-12,MBB,24500.0,25300.0,24350.0,25250.0,31010626
2019-03-13,MBB,25200.0,25300.0,24800.0,24850.0,29323620
2019-03-14,MBB,24900.0,25650.0,24500.0,25500.0,30088665
2019-03-15,MBB,25500.0,26050.0,25300.0,26000.0,22827014
2019-03-18,MBB,26050.0,26200.0,25300.0,25450.0,35637514
2019-03-19,MBB,25400.0,25450.0,24750.0,24850.0,28356379
2019-03-20,MBB,24900.0,25650.0,24800.0,25400.0,28139225
2019-03-21,MBB,25500.0,25750.0,24800.0,25050.0,32547615
2019-03-22,MBB,25150.0,25500.0,25150.0,25400.0,21216354
2019-03-25,MBB,25600.0,26000.0,25400.0,25850.0,29190060
2019-03-26,MBB,25900.0,26100.0,25900.0,26000.0,17911169
2019-03-27,MBB,26000.0,26200.0,25800.0,25800.0,19409854
2019-03-28,MBB,25900.0,25950.0,25750.0,25850.0,22635912
2019-03-29,MBB,25800.0,27450.0,25700.0,27200.0,33804349
2019-04-01,MBB,27150.0,27300.0,26350.0,26450.0,31653992
2019-04-02,MBB,26300.0,27500.0,26250.0,27350.0,32791547
2019-04-03,MBB,27250.0,27800.0,27150.0,27750.0,28652356
2019-04-04,MBB,28000.0,28300.0,28000.0,28000.0,29325516
2019-04-05,MBB,27950.0,28850.0,27800.0,28700.0,33880752
2019-04-08,MBB,28650.0,28750.0,27950.0,28300.0,23525352
2019-04-09,MBB,28250.0,28700.0,28100.0,28450.0,19377538
2019-04-10,MBB,28150.0,29550.0,28000.0,29450.0,33113504
2019-04-11,MBB,29350.0,29650.0,29250.0,29400.0,22943769
2019-04-12,MBB,29250.0,29700.0,29000.0,29350.0,31843047
2019-04-15,MBB,29050.0,30150.0,28850.0,30100.0,26124968
2019-04-16,MBB,30150.0,30200.0,29350.0,29400.0,27621177
2019-04-17,MBB,29500.0,29850.0,29400.0,29700.0,29254047
2019-04-18,MBB,29700.0,29850.0,29350.0,29450.0,22201228
2019-04-19,MBB,29500.0,29650.0,29200.0,29300.0,23470451
2019-04-22,MBB,29100.0,29350.0,28000.0,28100.0,33091423
2019-04-23,MBB,28200.0,28450.0,27500.0,27600.0,28956692
2019-04-24,MBB,27550.0,27800.0,27500.0,27700.0,29414880
2019-04-25,MBB,27650.0,27650.0,27400.0,27550.0,27007381
2019-04-26,MBB,27350.0,27800.0,27100.0,27650.0,30280575
2019-04-29,MBB,27650.0,28400.0,27600.0,28250.0,20247171
2019-04-30,MBB,28350.0,28600.0,27850.0,27950.0,25025951
2019-05-01,MBB,28050.0,28150.0,27500.0,27700.0,32980107
2019-05-02,MBB,27700.0,27700.0,27650.0,27700.0,26871417
2019-05-03,MBB,27550.0,28000.0,27500.0,27950.0,23377333
2019-05-06,MBB,27950.0,28250.0,27750.0,27800.0,19677698
2019-05-07,MBB,27900.0,28000.0,27500.0,27750.0,30697137
2019-05-08,MBB,27750.0,28150.0,27450.0,27900.0,27945286
2019-05-09,MBB,27950.0,28050.0,27300.0,27550.0,30964939
2019-05-10,MBB,27450.0,27750.0,27450.0,27650.0,16857054
2019-05-13,MBB,27550.0,28050.0,27550.0,28000.0,22158991
2019-05-14,MBB,28000.0,28250.0,26650.0,26800.0,39830183
2019-05-15,MBB,26750.0,27400.0,26700.0,27200.0,22347846
2019-05-16,MBB,27100.0,27500.0,26650.0,26700.0,34115542
2019-05-17,MBB,26900.0,27150.0,26050.0,26200.0,26150343
2019-05-20,MBB,26150.0,26550.0,26100.0,26550.0,22442695
2019-05-21,MBB,26650.0,26650.0,25950.0,26250.0,26423601
2019-05-22,MBB,26350.0,26900.0,26200.0,26600.0,32944658
2019-05-23,MBB,26550.0,26650.0,26050.0,26100.0,32812937
2019-05-24,MBB,26100.0,26250.0,25350.0,25400.0,24625913
2019-05-27,MBB,25250.0,25350.0,25200.0,25250.0,22549237
2019-05-28,MBB,25350.0,25800.0,24950.0,25600.0,32092149
2019-05-29,MBB,25700.0,25900.0,25700.0,25750.0,19949657
2019-05-30,MBB,25750.0,25850.0,25200.0,25350.0,20127333
2019-05-31,MBB,25550.0,25650.0,24900.0,25000.0,27050388
2019-06-03,MBB,24950.0,25000.0,24300.0,24450.0,22612347
2019-06-04,MBB,24400.0,24850.0,24250.0,24750.0,31039590
2019-06-05,MBB,24600.0,24750.0,24500.0,24500.0,25588084
2019-06-06,MBB,24600.0,25200.0,24550.0,25000.0,27486317
2019-06-07,MBB,25050.0,25350.0,24950.0,25150.0,27855739
2019-06-10,MBB,25050.0,25250.0,24750.0,25150.0,23939185
2019-06-11,MBB,25350.0,25400.0,25050.0,25150.0,23518497
2019-06-12,MBB,25200.0,25950.0,25100.0,25700.0,26931456
2019-06-13,MBB,25700.0,25900.0,24650.0,24650.0,37917271
2019-06-14,MBB,24700.0,24800.0,24000.0,24150.0,26186632
2019-06-17,MBB,24350.0,24550.0,24000.0,24150.0,20800370
2019-06-18,MBB,24300.0,24900.0,24250.0,24800.0,33531895
2019-06-19,MBB,24800.0,25400.0,24750.0,25400.0,32844671
2019-06-20,MBB,25350.0,25550.0,25250.0,25250.0,22423066
2019-06-21,MBB,25350.0,25700.0,25350.0,25450.0,23077781
2019-06-24,MBB,25300.0,25550.0,24900.0,25200.0,24050112
2019-06-25,MBB,25200.0,26400.0,25100.0,26050.0,28440372
2019-06-26,MBB,26000.0,26250.0,25850.0,26150.0,24066981
2019-06-27,MBB,26000.0,26350.0,26000.0,26200.0,21766947
2019-06-28,MBB,26250.0,26300.0,26100.0,26200.0,18760763
2019-07-01,MBB,26100.0,26700.0,25800.0,26600.0,35104102
2019-07-02,MBB,26500.0,26600.0,26050.0,26100.0,32155624
2019-07-03,MBB,26050.0,26400.0,25950.0,25950.0,18081258
2019-07-04,MBB,25800.0,26150.0,25750.0,25900.0,25485948
2019-07-05,MBB,25750.0,26800.0,25550.0,26650.0,30222845
2019-07-08,MBB,26750.0,26900.0,26300.0,26400.0,22415659
2019-07-09,MBB,26400.0,27050.0,26300.0,27000.0,27067635
2019-07-10,MBB,26900.0,27600.0,26700.0,27450.0,29602795
2019-07-11,MBB,27700.0,27900.0,27450.0,27600.0,27762419
2019-07-12,MBB,27700.0,27900.0,27650.0,27800.0,21099501
2019-07-15,MBB,27850.0,28400.0,27800.0,28000.0,32080877
2019-07-16,MBB,27950.0,28150.0,27950.0,27950.0,17015086
2019-07-17,MBB,28000.0,28150.0,27650.0,28150.0,17714749
2019-07-18,MBB,28100.0,28250.0,27250.0,27450.0,29192784
2019-07-19,MBB,27500.0,27800.0,27150.0,27550.0,32895137
2019-07-22,MBB,27450.0,28450.0,27350.0,28350.0,34352309
2019-07-23,MBB,28200.0,29350.0,28200.0,29150.0,31392208
2019-07-24,MBB,29200.0,29250.0,28200.0,28200.0,27050076
2019-07-25,MBB,28100.0,28300.0,27350.0,27350.0,24964524
2019-07-26,MBB,27250.0,27600.0,27150.0,27500.0,21941808
2019-07-29,MBB,27650.0,27750.0,27350.0,27500.0,28909640
2019-07-30,MBB,27500.0,27650.0,26950.0,27150.0,25935836
2019-07-31,MBB,27050.0,27600.0,26950.0,27350.0,20350441
2019-08-01,MBB,27350.0,27600.0,27100.0,27550.0,29863175
2019-08-02,MBB,27550.0,28000.0,27500.0,27750.0,27610608
2019-08-05,MBB,27650.0,27900.0,27250.0,27850.0,26709732
2019-08-06,MBB,28050.0,28200.0,27250.0,27350.0,23337853
2019-08-07,MBB,27350.0,27700.0,27000.0,27050.0,27001479
2019-08-08,MBB,27050.0,27150.0,26700.0,26800.0,23878611
2019-08-09,MBB,26850.0,27200.0,26350.0,26350.0,22351594
2019-08-12,MBB,26350.0,26950.0,26300.0,26700.0,30643127
2019-08-13,MBB,26750.0,27400.0,26550.0,27150.0,32735359
2019-08-14,MBB,27300.0,27700.0,27300.0,27650.0,17639657
2019-08-15,MBB,27700.0,28050.0,27600.0,27900.0,19524054
2019-08-16,MBB,27900.0,27950.0,27800.0,27900.0,14860114
2019-08-19,MBB,27950.0,28150.0,27850.0,27900.0,22838863
2019-08-20,MBB,27850.0,28000.0,27650.0,27850.0,16286382
2019-08-21,MBB,27800.0,28500.0,27650.0,28450.0,25349416
2019-08-22,MBB,28250.0,28400.0,28150.0,28250.0,21825948
2019-08-23,MBB,28250.0,28450.0,28000.0,28200.0,28549627
2019-08-26,MBB,28150.0,28800.0,28050.0,28700.0,31999104
2019-08-27,MBB,28850.0,29000.0,28300.0,28450.0,30246656
2019-08-28,MBB,28550.0,28700.0,27900.0,28100.0,26427666
2019-08-29,MBB,28050.0,28550.0,27950.0,28150.0,23109660
2019-08-30,MBB,28250.0,28550.0,27250.0,27350.0,38643236
2019-09-02,MBB,27400.0,27600.0,27350.0,27500.0,17410507
2019-09-03,MBB,27550.0,27650.0,27350.0,27450.0,27903113
2019-09-04,MBB,27500.0,28000.0,27150.0,27650.0,28202797
2019-09-05,MBB,27500.0,28150.0,27300.0,27950.0,23183261
2019-09-06,MBB,28000.0,28100.0,27250.0,27450.0,23612963
2019-09-09,MBB,27600.0,27650.0,26950.0,27100.0,28347313
2019-09-10,MBB,27300.0,27350.0,26900.0,26950.0,17929899
2019-09-11,MBB,27000.0,27200.0,26850.0,27150.0,27664381
2019-09-12,MBB,27050.0,27500.0,26800.0,27500.0,23541235
2019-09-13,MBB,27500.0,27700.0,27100.0,27200.0,18650882
2019-09-16,MBB,27250.0,27400.0,26600.0,26700.0,30600973
2019-09-17,MBB,26550.0,26750.0,26500.0,26650.0,17452680
2019-09-18,MBB,26450.0,26900.0,26200.0,26700.0,31316705
2019-09-19,MBB,26750.0,26900.0,26600.0,26850.0,22028825
2019-09-20,MBB,26900.0,27250.0,26750.0,27200.0,18489077
2019-09-23,MBB,27150.0,27350.0,27000.0,27200.0,29985106
2019-09-24,MBB,27250.0,27300.0,27100.0,27100.0,23915838
2019-09-25,MBB,27100.0,27500.0,27050.0,27350.0,26769383
2019-09-26,MBB,27500.0,28000.0,27300.0,27750.0,21694815
2019-09-27,MBB,27900.0,27900.0,27150.0,27300.0,31408215
2019-09-30,MBB,27300.0,28150.0,27250.0,28000.0,25716815
2019-10-01,MBB,28150.0,28350.0,28050.0,28200.0,21102246
2019-10-02,MBB,28250.0,28800.0,28100.0,28450.0,29001229
2019-10-03,MBB,28450.0,28500.0,28050.0,28150.0,19865227
2019-10-04,MBB,28250.0,29000.0,28150.0,28950.0,32039481
2019-10-07,MBB,28800.0,29050.0,28200.0,28200.0,25941793
2019-10-08,MBB,28100.0,28200.0,27950.0,28100.0,16075755
2019-10-09,MBB,27950.0,28050.0,27050.0,27050.0,25401663
2019-10-10,MBB,26950.0,27300.0,26900.0,27200.0,17818245
2019-10-11,MBB,27250.0,27450.0,26850.0,26950.0,28411940
2019-10-14,MBB,26750.0,27600.0,26600.0,27500.0,31131460
2019-10-15,MBB,27400.0,28300.0,27400.0,28250.0,24229032
2019-10-16,MBB,28200.0,28750.0,27950.0,28550.0,31773746
2019-10-17,MBB,28700.0,28850.0,28350.0,28800.0,23230298
2019-10-18,MBB,28800.0,29100.0,28750.0,29050.0,27564207
2019-10-21,MBB,29100.0,29150.0,28250.0,28250.0,33556512
2019-10-22,MBB,28350.0,28950.0,28200.0,28650.0,25466512
2019-10-23,MBB,28700.0,29400.0,28700.0,29350.0,32986817
2019-10-24,MBB,29250.0,30250.0,29000.0,30250.0,30225172
2019-10-25,MBB,30350.0,30550.0,30100.0,30150.0,16737728
2019-10-28,MBB,29950.0,30050.0,29700.0,30000.0,22118102
2019-10-29,MBB,30000.0,30250.0,30000.0,30200.0,20830773
2019-10-30,MBB,30050.0,30350.0,29750.0,29850.0,26314802
2019-10-31,MBB,29750.0,31050.0,29700.0,30850.0,35245152
2019-11-01,MBB,31000.0,31250.0,30700.0,30750.0,19298735
2019-11-04,MBB,30500.0,31200.0,30300.0,31200.0,29414599
2019-11-05,MBB,31350.0,31950.0,31150.0,31550.0,25953089
2019-11-06,MBB,31500.0,32150.0,31350.0,31950.0,32230782
2019-11-07,MBB,31950.0,32000.0,31850.0,31900.0,19731029
2019-11-08,MBB,31750.0,32700.0,31400.0,32550.0,32311683
2019-11-11,MBB,32650.0,32950.0,32300.0,32800.0,20390403
2019-11-12,MBB,32550.0,33150.0,32000.0,33100.0,31849566
2019-11-13,MBB,33250.0,33250.0,33000.0,33000.0,26950022
2019-11-14,MBB,33200.0,33900.0,33100.0,33900.0,24468380
2019-11-15,MBB,34100.0,34150.0,32650.0,32900.0,33786947
2019-11-18,MBB,32950.0,33200.0,32700.0,32850.0,19160803
2019-11-19,MBB,32950.0,33000.0,32700.0,32900.0,18648030
2019-11-20,MBB,32750.0,32800.0,32500.0,32750.0,27070637
2019-11-21,MBB,32950.0,33000.0,31850.0,32350.0,34839240
2019-11-22,MBB,32250.0,33050.0,32200.0,32850.0,30927349
2019-11-25,MBB,32700.0,32900.0,32700.0,32800.0,15100914
2019-11-26,MBB,32700.0,32850.0,32100.0,32350.0,25062461
2019-11-27,MBB,32550.0,32800.0,32550.0,32700.0,23075602
2019-11-28,MBB,32600.0,33000.0,32400.0,32700.0,24527227
2019-11-29,MBB,32500.0,32950.0,32150.0,32700.0,25821676
2019-12-02,MBB,32800.0,33200.0,32750.0,33050.0,30282173
2019-12-03,MBB,33000.0,33050.0,32250.0,32300.0,31466772
2019-12-04,MBB,32200.0,33150.0,32200.0,32850.0,21321211
2019-12-05,MBB,32850.0,33200.0,32700.0,33000.0,18573701
2019-12-06,MBB,33050.0,33800.0,33050.0,33700.0,31352061
2019-12-09,MBB,33500.0,33850.0,33400.0,33650.0,24114741
2019-12-10,MBB,33750.0,34000.0,31500.0,31550.0,45167044
2019-12-11,MBB,31450.0,31650.0,31250.0,31500.0,22020831
2019-12-12,MBB,31250.0,31300.0,31050.0,31150.0,28707708
2019-12-13,MBB,31250.0,31500.0,30800.0,31050.0,22695974
2019-12-16,MBB,31050.0,31400.0,31050.0,31400.0,26250946
2019-12-17,MBB,31450.0,31550.0,31150.0,31450.0,21704433
2019-12-18,MBB,31300.0,31700.0,31200.0,31550.0,31267664
2019-12-19,MBB,31400.0,31400.0,30550.0,31050.0,24033188
2019-12-20,MBB,31050.0,31250.0,30500.0,30750.0,25087303
2019-12-23,MBB,30600.0,31250.0,30500.0,31200.0,28415692
2019-12-24,MBB,31150.0,31650.0,31100.0,31350.0,31326918
2019-12-25,MBB,31400.0,31900.0,31300.0,31850.0,28055044
2019-12-26,MBB,31750.0,32450.0,31750.0,32400.0,19844976
2019-12-27,MBB,32300.0,33000.0,32200.0,32750.0,29458477
2019-12-30,MBB,32650.0,32900.0,31650.0,31700.0,28413127
2019-12-31,MBB,31750.0,31900.0,31300.0,31400.0,31726727
2020-01-01,MBB,31550.0,31650.0,30600.0,30700.0,30091287
2020-01-02,MBB,30700.0,31600.0,30500.0,31450.0,36123504
2020-01-03,MBB,31350.0,32400.0,31100.0,32300.0,37664152
2020-01-06,MBB,32150.0,32500.0,31950.0,32350.0,29175853
2020-01-07,MBB,32600.0,32750.0,32350.0,32600.0,22275853
2020-01-08,MBB,32550.0,32900.0,32450.0,32550.0,18846253
2020-01-09,MBB,32500.0,32750.0,31700.0,31850.0,22158820
2020-01-10,MBB,31750.0,31850.0,31500.0,31550.0,28785762
2020-01-13,MBB,31600.0,31600.0,31550.0,31550.0,25698904
2020-01-14,MBB,31700.0,32300.0,31650.0,32300.0,27419306
2020-01-15,MBB,32350.0,32600.0,32000.0,32400.0,24269732
2020-01-16,MBB,32250.0,32900.0,32100.0,32750.0,29763729
2020-01-17,MBB,32650.0,33050.0,32650.0,32900.0,26032791
2020-01-20,MBB,32850.0,33300.0,31800.0,32050.0,38748259
2020-01-21,MBB,32300.0,32450.0,32200.0,32350.0,14784278
2020-01-22,MBB,32350.0,32750.0,32300.0,32350.0,30420270
2020-01-23,MBB,32300.0,32900.0,32100.0,32800.0,23272732
2020-01-24,MBB,33050.0,33150.0,32050.0,32300.0,26053184
2020-01-27,MBB,32300.0,32950.0,32200.0,32400.0,32913915
2020-01-28,MBB,32350.0,32400.0,32300.0,32350.0,16698525
2020-01-29,MBB,32450.0,32700.0,32200.0,32250.0,30656025
2020-01-30,MBB,32300.0,32700.0,32200.0,32250.0,21461198
2020-01-31,MBB,32300.0,32350.0,31250.0,31300.0,24152196
2020-02-03,MBB,30950.0,31650.0,30700.0,31450.0,33122025
2020-02-04,MBB,31250.0,32500.0,31100.0,32100.0,29385592
2020-02-05,MBB,32100.0,32350.0,32100.0,32300.0,27814546
2020-02-06,MBB,32300.0,32450.0,31000.0,31150.0,37304854
2020-02-07,MBB,31150.0,32400.0,31050.0,32250.0,28260899
2020-02-10,MBB,32350.0,32600.0,32200.0,32250.0,16057381
2020-02-11,MBB,32100.0,33050.0,31850.0,32900.0,25238601
2020-02-12,MBB,32950.0,33200.0,32350.0,32700.0,30558200
2020-02-13,MBB,32550.0,32850.0,32100.0,32300.0,32210577
2020-02-14,MBB,32150.0,32600.0,31950.0,32600.0,23676385
2020-02-17,MBB,32600.0,32850.0,32150.0,32600.0,32521707
2020-02-18,MBB,32400.0,32500.0,32250.0,32350.0,21730222
2020-02-19,MBB,32250.0,32250.0,31850.0,32000.0,19128381
2020-02-20,MBB,32000.0,32550.0,31900.0,32350.0,25506087
2020-02-21,MBB,32300.0,32450.0,31350.0,31500.0,31550723
2020-02-24,MBB,31550.0,31650.0,31300.0,31600.0,22187524
2020-02-25,MBB,31600.0,31750.0,31000.0,31100.0,33195795
2020-02-26,MBB,30850.0,31000.0,30650.0,30800.0,17943003
2020-02-27,MBB,30750.0,31400.0,30750.0,31300.0,20151885
2020-02-28,MBB,31300.0,31350.0,30550.0,30850.0,24577970
2020-03-02,MBB,30900.0,31350.0,30450.0,31150.0,32255180
2020-03-03,MBB,31100.0,31300.0,30300.0,30550.0,34417587
2020-03-04,MBB,30700.0,30750.0,30100.0,30550.0,22902213
2020-03-05,MBB,30600.0,31100.0,30400.0,31050.0,29231619
2020-03-06,MBB,31100.0,31500.0,31050.0,31350.0,20042095
2020-03-09,MBB,31100.0,31300.0,31050.0,31100.0,23502931
2020-03-10,MBB,30850.0,32150.0,30450.0,32100.0,31083348
2020-03-11,MBB,32100.0,32400.0,31200.0,31450.0,34197039
2020-03-12,MBB,31450.0,31900.0,31250.0,31500.0,27706583
2020-03-13,MBB,31600.0,31650.0,30850.0,30900.0,28953313
2020-03-16,MBB,30900.0,31850.0,30800.0,31650.0,30994407
2020-03-17,MBB,31700.0,32350.0,31600.0,32300.0,26854162
2020-03-18,MBB,32200.0,32350.0,30900.0,31000.0,32381542
2020-03-19,MBB,30950.0,32000.0,30600.0,31950.0,32092554
2020-03-20,MBB,32150.0,32150.0,31900.0,31950.0,26507814
2020-03-23,MBB,32050.0,32550.0,31900.0,32400.0,29274514
2020-03-24,MBB,32550.0,33350.0,32450.0,33050.0,32798683
2020-03-25,MBB,33100.0,33150.0,32700.0,32800.0,16515722
2020-03-26,MBB,32700.0,32800.0,32550.0,32700.0,15104278
2020-03-27,MBB,32600.0,33800.0,32500.0,33450.0,23101274
2020-03-30,MBB,33750.0,33800.0,33050.0,33300.0,28885977
2020-03-31,MBB,33350.0,33400.0,32850.0,33050.0,21207408
2020-04-01,MBB,33100.0,34150.0,33050.0,34050.0,26346677
2020-04-02,MBB,34150.0,34550.0,33900.0,33950.0,29379155
2020-04-03,MBB,34000.0,34100.0,33700.0,34000.0,26539766
2020-04-06,MBB,33950.0,35150.0,33900.0,34950.0,36089193
2020-04-07,MBB,34950.0,35200.0,33650.0,33900.0,29320731
2020-04-08,MBB,34100.0,34550.0,33800.0,34250.0,31783198
2020-04-09,MBB,34450.0,34600.0,34250.0,34350.0,15983065
2020-04-10,MBB,34300.0,34350.0,33900.0,34100.0,27786810
2020-04-13,MBB,34250.0,34700.0,33750.0,33800.0,20262785
2020-04-14,MBB,33700.0,33750.0,33450.0,33450.0,27927625
2020-04-15,MBB,33450.0,33550.0,33100.0,33350.0,17679228
2020-04-16,MBB,33350.0,34100.0,33300.0,34050.0,22077754
2020-04-17,MBB,34000.0,34350.0,33600.0,34300.0,28348892
2020-04-20,MBB,34150.0,34600.0,34000.0,34500.0,30118658
2020-04-21,MBB,34400.0,34500.0,33250.0,33350.0,28634189
2020-04-22,MBB,33450.0,33750.0,33250.0,33350.0,18828788
2020-04-23,MBB,33400.0,33600.0,31750.0,31800.0,31481070
2020-04-24,MBB,31850.0,32000.0,31600.0,31950.0,23517037
2020-04-27,MBB,32000.0,32150.0,31100.0,31150.0,23458776
2020-04-28,MBB,31050.0,31250.0,31000.0,31200.0,28771972
2020-04-29,MBB,30950.0,31100.0,30500.0,30800.0,29017283
2020-04-30,MBB,30550.0,31100.0,30400.0,30900.0,22671343
2020-05-01,MBB,30950.0,31850.0,30250.0,31750.0,37217540
2020-05-04,MBB,31650.0,32550.0,31550.0,32550.0,22059698
2020-05-05,MBB,32600.0,32750.0,32500.0,32600.0,18957085
2020-05-06,MBB,32400.0,33200.0,32300.0,33200.0,26387779
2020-05-07,MBB,33200.0,33350.0,32750.0,32950.0,21234433
2020-05-08,MBB,32950.0,33200.0,32200.0,32250.0,33907503
2020-05-11,MBB,32350.0,32650.0,31750.0,32050.0,24919498
2020-05-12,MBB,32200.0,32250.0,32000.0,32000.0,27300482
2020-05-13,MBB,32100.0,32750.0,32050.0,32650.0,29076252
2020-05-14,MBB,32650.0,33500.0,32600.0,33300.0,31567184
2020-05-15,MBB,33350.0,33650.0,32950.0,33100.0,21663091
2020-05-18,MBB,33150.0,33950.0,32900.0,33500.0,31390096
2020-05-19,MBB,33650.0,33850.0,33300.0,33500.0,17992269
2020-05-20,MBB,33500.0,34500.0,33400.0,34300.0,23205336
2020-05-21,MBB,34300.0,35300.0,34200.0,35150.0,30745228
2020-05-22,MBB,35100.0,35350.0,35000.0,35250.0,21588508
2020-05-25,MBB,35450.0,35600.0,35350.0,35400.0,20103087
2020-05-26,MBB,35250.0,35750.0,35100.0,35350.0,23242118
2020-05-27,MBB,35450.0,36000.0,35250.0,35950.0,27287612
2020-05-28,MBB,36000.0,36300.0,35900.0,36050.0,17786854
2020-05-29,MBB,35900.0,36050.0,35800.0,35900.0,24069902
2020-06-01,MBB,35850.0,36100.0,35800.0,35850.0,20312434
2020-06-02,MBB,35600.0,36350.0,35450.0,36300.0,23573291
2020-06-03,MBB,36250.0,37000.0,36150.0,37000.0,23603859
2020-06-04,MBB,37000.0,37000.0,36550.0,36650.0,17901031
2020-06-05,MBB,36550.0,36750.0,35950.0,36250.0,29008241
2020-06-08,MBB,35950.0,36150.0,35250.0,35500.0,26520722
2020-06-09,MBB,35500.0,37050.0,35350.0,36700.0,38800759
2020-06-10,MBB,36700.0,36900.0,35900.0,36100.0,23143274
2020-06-11,MBB,35850.0,35950.0,34500.0,34900.0,36335376
2020-06-12,MBB,35000.0,35000.0,34750.0,34850.0,22486597
2020-06-15,MBB,34900.0,35250.0,32950.0,33000.0,45231197
2020-06-16,MBB,32900.0,32900.0,32100.0,32250.0,21963157
2020-06-17,MBB,32100.0,32350.0,32050.0,32250.0,29472579
2020-06-18,MBB,32150.0,32450.0,32100.0,32250.0,25988838
2020-06-19,MBB,32150.0,32950.0,31850.0,32800.0,22395394
2020-06-22,MBB,32850.0,33050.0,31850.0,32150.0,25233982
2020-06-23,MBB,32250.0,32850.0,32150.0,32650.0,30825261
2020-06-24,MBB,32550.0,33800.0,32500.0,33550.0,27863499
2020-06-25,MBB,33250.0,34250.0,32850.0,34100.0,32445617
2020-06-26,MBB,34000.0,34400.0,33900.0,34000.0,25642826
2020-06-29,MBB,34050.0,34350.0,33700.0,33850.0,27040958
2020-06-30,MBB,33850.0,34400.0,32950.0,33000.0,36827122
2020-07-01,MBB,33050.0,33450.0,33000.0,33400.0,22343295
2020-07-02,MBB,33350.0,33700.0,33150.0,33550.0,22026609
2020-07-03,MBB,33600.0,34250.0,33600.0,34200.0,30256640
2020-07-06,MBB,34350.0,34550.0,34350.0,34500.0,21432367
2020-07-07,MBB,34250.0,34950.0,34200.0,34800.0,25255566
2020-07-08,MBB,34750.0,35350.0,34550.0,35200.0,31906858
2020-07-09,MBB,35550.0,35800.0,35000.0,35700.0,31145045
2020-07-10,MBB,35950.0,36400.0,35250.0,35500.0,32901571
2020-07-13,MBB,35250.0,36050.0,35250.0,36000.0,25207877
2020-07-14,MBB,35800.0,36500.0,35750.0,36300.0,22396259
2020-07-15,MBB,36300.0,37050.0,36150.0,36700.0,21573421
2020-07-16,MBB,36500.0,36650.0,36250.0,36600.0,29237187
2020-07-17,MBB,36550.0,36900.0,36450.0,36900.0,28778422
2020-07-20,MBB,36950.0,37450.0,36900.0,37400.0,19594240
2020-07-21,MBB,37250.0,37350.0,36150.0,36700.0,31725514
2020-07-22,MBB,36900.0,37100.0,36350.0,36500.0,27071404
2020-07-23,MBB,36150.0,36850.0,36050.0,36700.0,30599361
2020-07-24,MBB,36850.0,37850.0,36800.0,37400.0,25318355
2020-07-27,MBB,37500.0,37550.0,35950.0,36200.0,24937412
2020-07-28,MBB,36400.0,36700.0,36050.0,36700.0,24072051
2020-07-29,MBB,36500.0,36700.0,36050.0,36250.0,31592511
2020-07-30,MBB,36500.0,36500.0,35550.0,35800.0,32705372
2020-07-31,MBB,35900.0,35950.0,34300.0,34500.0,26201009
2020-08-03,MBB,34500.0,34800.0,34350.0,34450.0,27359756
2020-08-04,MBB,34250.0,35100.0,34150.0,34700.0,22871722
2020-08-05,MBB,34700.0,35050.0,34400.0,34850.0,27096535
2020-08-06,MBB,35100.0,35600.0,34750.0,35450.0,28009322
2020-08-07,MBB,35600.0,36050.0,35250.0,35750.0,19698098
2020-08-10,MBB,35750.0,36800.0,35650.0,36650.0,25126923
2020-08-11,MBB,36850.0,37200.0,36700.0,37150.0,20512105
2020-08-12,MBB,37300.0,37550.0,37250.0,37500.0,25687298
2020-08-13,MBB,37500.0,37900.0,37200.0,37800.0,19511363
2020-08-14,MBB,37700.0,37750.0,37600.0,37750.0,24269482
2020-08-17,MBB,37700.0,38300.0,37650.0,38300.0,30113647
2020-08-18,MBB,38200.0,38900.0,37650.0,38700.0,27291147
2020-08-19,MBB,38800.0,38950.0,38300.0,38650.0,19879824
2020-08-20,MBB,38950.0,39400.0,38950.0,39350.0,28825040
2020-08-21,MBB,39500.0,39850.0,39250.0,39800.0,27069040
2020-08-24,MBB,40300.0,40750.0,39650.0,39900.0,30482813
2020-08-25,MBB,40000.0,40250.0,39350.0,39550.0,25102763
2020-08-26,MBB,39850.0,40200.0,39400.0,39450.0,30631600
2020-08-27,MBB,39550.0,40700.0,39350.0,40350.0,34725282
2020-08-28,MBB,40300.0,40450.0,39950.0,40000.0,21118687
2020-08-31,MBB,40000.0,40250.0,39300.0,39600.0,31880831
2020-09-01,MBB,39450.0,40350.0,39350.0,40050.0,31453188
2020-09-02,MBB,40050.0,40100.0,39500.0,39650.0,26974304
2020-09-03,MBB,39800.0,40000.0,38900.0,39150.0,20421105
2020-09-04,MBB,39100.0,39650.0,39000.0,39100.0,19569531
2020-09-07,MBB,39100.0,39300.0,38300.0,38350.0,30482367
2020-09-08,MBB,38250.0,38650.0,38100.0,38100.0,20663646
2020-09-09,MBB,38100.0,38150.0,37350.0,37550.0,31896991
2020-09-10,MBB,37700.0,37850.0,37650.0,37800.0,16338458
2020-09-11,MBB,38050.0,38600.0,37900.0,38350.0,22505406
2020-09-14,MBB,38400.0,38750.0,37600.0,37850.0,25225169
2020-09-15,MBB,37750.0,37950.0,37550.0,37600.0,18225946
2020-09-16,MBB,37550.0,38650.0,37200.0,38400.0,24681633
2020-09-17,MBB,38300.0,38300.0,37300.0,37450.0,24349464
2020-09-18,MBB,37450.0,37450.0,37100.0,37150.0,17580305
2020-09-21,MBB,37200.0,37950.0,37200.0,37750.0,21145695
2020-09-22,MBB,37900.0,37950.0,37150.0,37300.0,18588202
2020-09-23,MBB,37250.0,37350.0,36250.0,36500.0,24030981
2020-09-24,MBB,36450.0,37300.0,36350.0,37250.0,20830971
2020-09-25,MBB,37150.0,37300.0,36400.0,36400.0,23628953
2020-09-28,MBB,36350.0,36400.0,35650.0,35900.0,24914822
2020-09-29,MBB,35900.0,36350.0,35400.0,35550.0,23070170
2020-09-30,MBB,35600.0,35750.0,35450.0,35500.0,28398779
2020-10-01,MBB,35750.0,36350.0,35600.0,36200.0,28609777
2020-10-02,MBB,36050.0,37200.0,35850.0,37150.0,22419199
2020-10-05,MBB,37200.0,38450.0,37150.0,38400.0,27469527
2020-10-06,MBB,38200.0,38550.0,38150.0,38550.0,29176682
2020-10-07,MBB,38700.0,38850.0,37600.0,37700.0,27610484
2020-10-08,MBB,37850.0,38000.0,36700.0,36900.0,35479371
2020-10-09,MBB,36800.0,38350.0,36750.0,38200.0,30445829
2020-10-12,MBB,38300.0,38350.0,37450.0,37650.0,29683202
2020-10-13,MBB,37750.0,38350.0,37250.0,38100.0,20786749
2020-10-14,MBB,38000.0,38550.0,37600.0,38500.0,25796560
2020-10-15,MBB,38650.0,38800.0,38300.0,38650.0,27652659
2020-10-16,MBB,38650.0,39400.0,38550.0,39150.0,25096284
2020-10-19,MBB,39400.0,40850.0,39200.0,40650.0,27272170
2020-10-20,MBB,40650.0,40650.0,40250.0,40450.0,19753883
2020-10-21,MBB,40050.0,40700.0,39750.0,40300.0,24070368
2020-10-22,MBB,40300.0,40900.0,40200.0,40750.0,19763457
2020-10-23,MBB,40600.0,41350.0,40600.0,41300.0,23470961
2020-10-26,MBB,41100.0,41100.0,40850.0,40900.0,15844142
2020-10-27,MBB,40900.0,40900.0,40350.0,40800.0,30209947
2020-10-28,MBB,40900.0,41400.0,40700.0,41050.0,20854428
2020-10-29,MBB,40950.0,41200.0,40700.0,40900.0,19329087
2020-10-30,MBB,40650.0,42750.0,40400.0,42450.0,35087513
2020-11-02,MBB,42350.0,42600.0,42300.0,42300.0,16311981
2020-11-03,MBB,42300.0,42700.0,41900.0,42300.0,24270163
2020-11-04,MBB,42250.0,42700.0,41950.0,42400.0,29477775
2020-11-05,MBB,42550.0,43000.0,42150.0,42400.0,19060384
2020-11-06,MBB,42350.0,43600.0,42200.0,42850.0,22880271
2020-11-09,MBB,42950.0,43400.0,42700.0,42850.0,19310058
2020-11-10,MBB,42800.0,43100.0,42650.0,42950.0,24565107
2020-11-11,MBB,42900.0,43350.0,42800.0,43200.0,28039656
2020-11-12,MBB,43300.0,43550.0,42850.0,42850.0,20452542
2020-11-13,MBB,42750.0,42800.0,42350.0,42600.0,29606950
2020-11-16,MBB,42650.0,44100.0,42600.0,43550.0,31031598
2020-11-17,MBB,43300.0,43850.0,43200.0,43600.0,30707306
2020-11-18,MBB,43400.0,44600.0,43100.0,44450.0,24266785
2020-11-19,MBB,44450.0,44700.0,44400.0,44400.0,23291606
2020-11-20,MBB,44400.0,45300.0,44350.0,44850.0,20729103
2020-11-23,MBB,44850.0,44950.0,44150.0,44350.0,19609228
2020-11-24,MBB,44150.0,44500.0,43300.0,43700.0,33420743
2020-11-25,MBB,43400.0,44150.0,43400.0,43550.0,19141149
2020-11-26,MBB,43500.0,44500.0,43150.0,44200.0,30128936
2020-11-27,MBB,44150.0,44250.0,43650.0,43800.0,25010953
2020-11-30,MBB,43750.0,44650.0,43650.0,44550.0,27093922
2020-12-01,MBB,44500.0,44750.0,43800.0,44000.0,21074104
2020-12-02,MBB,43750.0,44100.0,42350.0,42450.0,36735586
2020-12-03,MBB,42450.0,42700.0,42150.0,42300.0,29719587
2020-12-04,MBB,42250.0,42300.0,42000.0,42200.0,28817511
2020-12-07,MBB,42350.0,42500.0,41600.0,41750.0,31640189
2020-12-08,MBB,41650.0,42200.0,41600.0,42000.0,25992094
2020-12-09,MBB,41950.0,42950.0,41750.0,42650.0,32439404
2020-12-10,MBB,42700.0,42700.0,41800.0,42300.0,20174967
2020-12-11,MBB,42400.0,42450.0,41450.0,41450.0,28167439
2020-12-14,MBB,41900.0,42250.0,40950.0,41150.0,27649624
2020-12-15,MBB,41150.0,41300.0,40950.0,41250.0,17337386
2020-12-16,MBB,41400.0,41900.0,41200.0,41800.0,18794355
2020-12-17,MBB,41900.0,42600.0,41750.0,42100.0,26369554
2020-12-18,MBB,42100.0,43200.0,41900.0,42750.0,29451124
2020-12-21,MBB,42800.0,44900.0,42450.0,44700.0,40092130
2020-12-22,MBB,44750.0,44850.0,43300.0,43750.0,28753938
2020-12-23,MBB,43550.0,44950.0,43500.0,44650.0,27224068
2020-12-24,MBB,44700.0,44800.0,44000.0,44250.0,23990137
2020-12-25,MBB,44200.0,44200.0,43400.0,43450.0,19627155
2020-12-28,MBB,43500.0,44800.0,43300.0,44150.0,23322987
2020-12-29,MBB,44000.0,44200.0,42950.0,43550.0,30857601
2020-12-30,MBB,43250.0,43850.0,43200.0,43850.0,28677504
2020-12-31,MBB,43750.0,43850.0,42500.0,43200.0,29685078
2021-01-01,MBB,43050.0,44000.0,42850.0,43550.0,23357564
2021-01-04,MBB,43200.0,43950.0,43050.0,43800.0,26169470
2021-01-05,MBB,43450.0,44150.0,43150.0,43800.0,31080781
2021-01-06,MBB,43350.0,43950.0,43200.0,43750.0,18621892
2021-01-07,MBB,43950.0,44100.0,43400.0,43600.0,20108034
2021-01-08,MBB,43250.0,43350.0,42400.0,42750.0,26936383
2021-01-11,MBB,42750.0,44100.0,42600.0,43950.0,27890400
2021-01-12,MBB,44100.0,44250.0,43550.0,43700.0,30161228
2021-01-13,MBB,44200.0,44250.0,43750.0,44000.0,24844586
2021-01-14,MBB,44000.0,46050.0,43800.0,45400.0,30174441
2021-01-15,MBB,45300.0,46850.0,45150.0,46650.0,25363871
2021-01-18,MBB,46650.0,46700.0,45500.0,45600.0,33942547
2021-01-19,MBB,45350.0,46300.0,45300.0,46100.0,25059837
2021-01-20,MBB,45900.0,46250.0,45550.0,45700.0,25234902
2021-01-21,MBB,45800.0,46150.0,43800.0,44050.0,36684851
2021-01-22,MBB,43900.0,44150.0,43100.0,43500.0,27886406
2021-01-25,MBB,43650.0,44100.0,43400.0,43550.0,30546602
2021-01-26,MBB,43550.0,44050.0,43300.0,43700.0,17318892
2021-01-27,MBB,43500.0,43700.0,42350.0,42800.0,31012128
2021-01-28,MBB,42200.0,43100.0,41800.0,42800.0,20974513
2021-01-29,MBB,42600.0,43800.0,42350.0,43450.0,33439807
2021-02-01,MBB,43700.0,44200.0,42000.0,42050.0,40766194
2021-02-02,MBB,42000.0,42950.0,41900.0,42900.0,32774351
2021-02-03,MBB,42850.0,43500.0,42800.0,43300.0,24968401
2021-02-04,MBB,43300.0,44400.0,43300.0,43950.0,29259861
2021-02-05,MBB,43650.0,44500.0,43350.0,44200.0,32970958
2021-02-08,MBB,44150.0,44400.0,43550.0,44000.0,29816034
2021-02-09,MBB,44200.0,44400.0,42550.0,42550.0,26183356
2021-02-10,MBB,42450.0,43450.0,42250.0,43200.0,30672377
2021-02-11,MBB,42950.0,43650.0,42700.0,43250.0,31857378
2021-02-12,MBB,43300.0,44500.0,43100.0,44500.0,22961288
2021-02-15,MBB,44550.0,45350.0,44400.0,45300.0,19164348
2021-02-16,MBB,45050.0,46100.0,44900.0,46100.0,25342851
2021-02-17,MBB,46050.0,46200.0,44750.0,45050.0,26511174
2021-02-18,MBB,45750.0,45750.0,44350.0,44650.0,32494567
2021-02-19,MBB,44500.0,44850.0,43950.0,44050.0,30587073
2021-02-22,MBB,44100.0,44200.0,43800.0,44000.0,24657754
2021-02-23,MBB,44050.0,44050.0,42900.0,43150.0,34182295
2021-02-24,MBB,43050.0,44250.0,42950.0,44200.0,25987909
2021-02-25,MBB,44100.0,44400.0,42250.0,42950.0,29629730
2021-02-26,MBB,43000.0,43300.0,42600.0,42800.0,30077774
2021-03-01,MBB,42850.0,43350.0,42500.0,43200.0,31759005
2021-03-02,MBB,43100.0,43100.0,41850.0,42600.0,28768053
2021-03-03,MBB,42650.0,43800.0,42300.0,43400.0,28992526
2021-03-04,MBB,43550.0,45100.0,43550.0,44850.0,25088909
2021-03-05,MBB,44950.0,45350.0,43550.0,43950.0,32452394
2021-03-08,MBB,43750.0,43850.0,43500.0,43650.0,24585399
2021-03-09,MBB,43550.0,44300.0,43350.0,44250.0,18408982
2021-03-10,MBB,44300.0,44750.0,43700.0,43950.0,25435146
2021-03-11,MBB,44050.0,44100.0,43800.0,43800.0,26279344
2021-03-12,MBB,43750.0,44000.0,43350.0,43550.0,25674786
2021-03-15,MBB,43300.0,44800.0,42750.0,44650.0,33044862
2021-03-16,MBB,44500.0,45750.0,44350.0,45550.0,28276881
2021-03-17,MBB,45600.0,45900.0,45000.0,45050.0,28990788
2021-03-18,MBB,45250.0,45600.0,45050.0,45300.0,18883865
2021-03-19,MBB,44900.0,45100.0,44150.0,44650.0,32729675
2021-03-22,MBB,44500.0,44550.0,43500.0,43500.0,29798940
2021-03-23,MBB,43250.0,43350.0,42600.0,42750.0,28629331
2021-03-24,MBB,42650.0,42750.0,41700.0,41900.0,29496602
2021-03-25,MBB,42050.0,42150.0,41150.0,41350.0,31223739
2021-03-26,MBB,41450.0,41550.0,40000.0,40100.0,26190778
2021-03-29,MBB,39850.0,40650.0,39700.0,40500.0,31741275
2021-03-30,MBB,40650.0,40750.0,39200.0,39750.0,37148954
2021-03-31,MBB,39700.0,40500.0,39400.0,40000.0,26609161
2021-04-01,MBB,40000.0,40900.0,39650.0,40900.0,22808691
2021-04-02,MBB,40850.0,42550.0,40750.0,42150.0,24870300
2021-04-05,MBB,42200.0,42450.0,42050.0,42150.0,20386214
2021-04-06,MBB,41950.0,42950.0,41600.0,42900.0,32366470
2021-04-07,MBB,42800.0,43500.0,42650.0,43100.0,28506741
2021-04-08,MBB,43050.0,43100.0,42850.0,42850.0,22197458
2021-04-09,MBB,42750.0,42750.0,40250.0,40650.0,35328990
2021-04-12,MBB,40650.0,41400.0,40500.0,41300.0,23270118
2021-04-13,MBB,41300.0,42250.0,40700.0,41850.0,31707200
2021-04-14,MBB,41750.0,41950.0,41050.0,41050.0,25820625
2021-04-15,MBB,41200.0,41350.0,39500.0,39650.0,29595501
2021-04-16,MBB,39550.0,39600.0,38900.0,39000.0,24140082
2021-04-19,MBB,39200.0,39350.0,37950.0,38350.0,31252733
2021-04-20,MBB,38450.0,38650.0,37200.0,37350.0,24734169
2021-04-21,MBB,37450.0,37750.0,36850.0,37300.0,33280075
2021-04-22,MBB,37500.0,38400.0,37350.0,38400.0,29486393
2021-04-23,MBB,38250.0,38950.0,38050.0,38900.0,22259677
2021-04-26,MBB,39000.0,39400.0,38900.0,39100.0,30373766
2021-04-27,MBB,39350.0,39400.0,38450.0,38600.0,30922202
2021-04-28,MBB,38600.0,38700.0,37600.0,37600.0,23460136
2021-04-29,MBB,37800.0,38050.0,36150.0,36500.0,36264200
2021-04-30,MBB,36500.0,36550.0,36200.0,36250.0,18813182
2021-05-03,MBB,36350.0,36400.0,35950.0,36150.0,29929721
2021-05-04,MBB,36000.0,36200.0,35900.0,36050.0,26102853
2021-05-05,MBB,35900.0,36350.0,35800.0,36150.0,24892026
2021-05-06,MBB,36300.0,36450.0,35750.0,36050.0,19873310
2021-05-07,MBB,36150.0,36300.0,35850.0,35950.0,16618720
2021-05-10,MBB,36000.0,36850.0,35950.0,36300.0,26398935
2021-05-11,MBB,36200.0,37800.0,36050.0,37650.0,26837151
2021-05-12,MBB,37550.0,38750.0,37450.0,38500.0,28219939
2021-05-13,MBB,38450.0,38550.0,37400.0,37550.0,28366997
2021-05-14,MBB,37650.0,38100.0,37450.0,37600.0,27966356
2021-05-17,MBB,37500.0,38400.0,37500.0,38050.0,26711839
2021-05-18,MBB,38150.0,40050.0,37950.0,39900.0,33396774
2021-05-19,MBB,39900.0,40000.0,38950.0,39050.0,28086468
2021-05-20,MBB,39050.0,39200.0,38500.0,38600.0,21386910
2021-05-21,MBB,38700.0,39050.0,38600.0,39050.0,17738569
2021-05-24,MBB,39000.0,39550.0,38500.0,38550.0,29227379
2021-05-25,MBB,38600.0,38900.0,37550.0,38100.0,31492071
2021-05-26,MBB,38100.0,38950.0,38050.0,38950.0,23649601
2021-05-27,MBB,39100.0,39100.0,38750.0,39000.0,26201348
2021-05-28,MBB,38800.0,39100.0,37950.0,38300.0,33211044
2021-05-31,MBB,38450.0,38850.0,37700.0,37950.0,31927047
2021-06-01,MBB,37850.0,39350.0,37400.0,39300.0,27153615
2021-06-02,MBB,39200.0,40500.0,39200.0,39950.0,28770929
2021-06-03,MBB,39950.0,40000.0,39350.0,39700.0,27719759
2021-06-04,MBB,39750.0,40050.0,39050.0,39200.0,22073374
2021-06-07,MBB,39300.0,39300.0,39000.0,39100.0,18852978
2021-06-08,MBB,38900.0,39450.0,37750.0,38150.0,31926395
2021-06-09,MBB,38000.0,38650.0,37950.0,38250.0,31421063
2021-06-10,MBB,38350.0,39750.0,38150.0,39500.0,37734311
2021-06-11,MBB,39450.0,39600.0,39350.0,39400.0,27663429
2021-06-14,MBB,39300.0,40650.0,38950.0,40650.0,28427653
2021-06-15,MBB,40650.0,40900.0,40650.0,40800.0,25827317
2021-06-16,MBB,41000.0,41300.0,40400.0,40750.0,30053855
2021-06-17,MBB,40750.0,41650.0,40550.0,41500.0,22697559
2021-06-18,MBB,41450.0,41900.0,41250.0,41700.0,23094031
2021-06-21,MBB,42000.0,42250.0,40300.0,40450.0,36207972
2021-06-22,MBB,40600.0,40950.0,39550.0,39850.0,28626623
2021-06-23,MBB,39850.0,39900.0,39100.0,39300.0,27371251
2021-06-24,MBB,39350.0,39500.0,38450.0,38600.0,24294209
2021-06-25,MBB,38800.0,39250.0,38600.0,38800.0,28235168
2021-06-28,MBB,38950.0,40000.0,38400.0,39650.0,35898009
2021-06-29,MBB,39850.0,40000.0,39500.0,39650.0,18371376
2021-06-30,MBB,39200.0,39850.0,39050.0,39850.0,23113723
2021-07-01,MBB,39800.0,40350.0,39800.0,40000.0,27305653
2021-07-02,MBB,40000.0,40550.0,39750.0,40450.0,24951054
2021-07-05,MBB,40450.0,40500.0,39500.0,39800.0,33204750
2021-07-06,MBB,39950.0,40000.0,39000.0,39200.0,20662036
2021-07-07,MBB,39250.0,41150.0,39250.0,41100.0,28471336
2021-07-08,MBB,41000.0,41200.0,40300.0,40400.0,23301139
2021-07-09,MBB,40200.0,40250.0,39300.0,39650.0,22050662
2021-07-12,MBB,39500.0,39800.0,38550.0,38550.0,23111567
2021-07-13,MBB,38600.0,39700.0,38550.0,39150.0,33016618
2021-07-14,MBB,38850.0,39250.0,38750.0,38800.0,16089099
2021-07-15,MBB,38700.0,39100.0,37800.0,37850.0,32744755
2021-07-16,MBB,37850.0,38150.0,37650.0,38100.0,20309981
2021-07-19,MBB,37850.0,37900.0,37200.0,37200.0,18454530
2021-07-20,MBB,37350.0,37700.0,36300.0,36450.0,36335025
2021-07-21,MBB,36350.0,37000.0,36100.0,36950.0,29264657
2021-07-22,MBB,36850.0,37100.0,36150.0,36400.0,29910226
2021-07-23,MBB,36500.0,36600.0,36300.0,36350.0,26749474
2021-07-26,MBB,36300.0,37100.0,36300.0,36900.0,26519940
2021-07-27,MBB,36900.0,37600.0,36650.0,37250.0,27825728
2021-07-28,MBB,37300.0,38200.0,37250.0,38100.0,27210134
2021-07-29,MBB,38100.0,38200.0,37550.0,37800.0,17942217
2021-07-30,MBB,37700.0,37850.0,37350.0,37500.0,18022640
2021-08-02,MBB,37850.0,37950.0,37400.0,37550.0,23047224
2021-08-03,MBB,37500.0,37700.0,37500.0,37650.0,23724551
2021-08-04,MBB,37700.0,38350.0,37700.0,38150.0,19391588
2021-08-05,MBB,38050.0,38200.0,37850.0,38100.0,23452521
2021-08-06,MBB,38000.0,38550.0,37950.0,38500.0,17565880
2021-08-09,MBB,38450.0,39250.0,38050.0,39050.0,21884823
2021-08-10,MBB,39150.0,40100.0,39050.0,39900.0,28736185
2021-08-11,MBB,39850.0,40100.0,39400.0,39500.0,29780961
2021-08-12,MBB,39400.0,40150.0,39200.0,40000.0,33024658
2021-08-13,MBB,40300.0,40650.0,39750.0,39750.0,25117926
2021-08-16,MBB,39650.0,39750.0,39550.0,39650.0,27053399
2021-08-17,MBB,39700.0,40200.0,39650.0,39900.0,21989581
2021-08-18,MBB,39950.0,41200.0,39750.0,40700.0,35885949
2021-08-19,MBB,40700.0,41300.0,40450.0,41050.0,27713627
2021-08-20,MBB,41100.0,41550.0,40900.0,40950.0,21683868
2021-08-23,MBB,40950.0,41050.0,40450.0,40600.0,25696034
2021-08-24,MBB,40700.0,41000.0,40550.0,40750.0,23533373
2021-08-25,MBB,40700.0,41150.0,40350.0,40550.0,30321679
2021-08-26,MBB,40400.0,41200.0,40250.0,41050.0,22084071
2021-08-27,MBB,41050.0,41050.0,40800.0,40900.0,16519707
2021-08-30,MBB,40850.0,41200.0,40450.0,40500.0,27521275
2021-08-31,MBB,40550.0,40950.0,40350.0,40600.0,26194196
2021-09-01,MBB,40550.0,40900.0,39600.0,39650.0,27896044
2021-09-02,MBB,39500.0,39500.0,38750.0,39150.0,17896068
2021-09-03,MBB,39350.0,39550.0,37900.0,38350.0,30049835
2021-09-06,MBB,38150.0,38200.0,38100.0,38200.0,20127224
2021-09-07,MBB,38500.0,38500.0,37400.0,37450.0,29299936
2021-09-08,MBB,37150.0,39400.0,36800.0,38750.0,40650938
2021-09-09,MBB,38800.0,39500.0,38450.0,39350.0,25000295
2021-09-10,MBB,39350.0,39800.0,39100.0,39400.0,26450598
2021-09-13,MBB,39250.0,39300.0,38400.0,38450.0,30548037
2021-09-14,MBB,38900.0,39200.0,38750.0,38950.0,23607463
2021-09-15,MBB,38800.0,38850.0,37750.0,38000.0,29467391
2021-09-16,MBB,37850.0,37950.0,37300.0,37900.0,25776196
2021-09-17,MBB,38150.0,38550.0,37750.0,37850.0,28417503
2021-09-20,MBB,37950.0,38100.0,37350.0,37500.0,27876932
2021-09-21,MBB,37700.0,37850.0,36550.0,36800.0,26559780
2021-09-22,MBB,36600.0,36600.0,35200.0,35300.0,30043302
2021-09-23,MBB,35300.0,36950.0,35150.0,36550.0,31205199
2021-09-24,MBB,36550.0,36650.0,35250.0,35550.0,29717072
2021-09-27,MBB,35550.0,36450.0,35450.0,36400.0,20644963
2021-09-28,MBB,36350.0,36450.0,35250.0,35450.0,26756950
2021-09-29,MBB,35350.0,36600.0,35300.0,36500.0,31032519
2021-09-30,MBB,36700.0,37200.0,36300.0,36850.0,27791912
2021-10-01,MBB,36950.0,37050.0,36000.0,36200.0,34131198
2021-10-04,MBB,36100.0,36300.0,35700.0,35800.0,24317701
2021-10-05,MBB,35900.0,36150.0,34750.0,35050.0,31816240
2021-10-06,MBB,35050.0,35800.0,34850.0,35800.0,31097936
2021-10-07,MBB,35850.0,36100.0,35650.0,35850.0,23950342
2021-10-08,MBB,35600.0,37750.0,35400.0,37600.0,40168812
2021-10-11,MBB,37650.0,38350.0,37600.0,38200.0,19844804
2021-10-12,MBB,38100.0,38650.0,37750.0,38450.0,32001725
2021-10-13,MBB,38550.0,38800.0,37500.0,37600.0,23349633
2021-10-14,MBB,37700.0,38000.0,37600.0,37900.0,15790035
2021-10-15,MBB,37950.0,37950.0,36600.0,36700.0,24439925
2021-10-18,MBB,36600.0,38200.0,36450.0,37650.0,32397336
2021-10-19,MBB,37850.0,37950.0,36350.0,36750.0,25488329
2021-10-20,MBB,36550.0,36600.0,36500.0,36500.0,17003710
2021-10-21,MBB,36600.0,36750.0,36000.0,36250.0,21530871
2021-10-22,MBB,36250.0,36400.0,35950.0,36100.0,22430489
2021-10-25,MBB,36000.0,37850.0,35900.0,37550.0,35907297
2021-10-26,MBB,37600.0,37750.0,37150.0,37200.0,29294295
2021-10-27,MBB,37150.0,37950.0,36850.0,37700.0,33995989
2021-10-28,MBB,37750.0,38050.0,37550.0,37800.0,23780571
2021-10-29,MBB,37750.0,38000.0,37100.0,37150.0,22497979
2021-11-01,MBB,37300.0,37500.0,36450.0,36450.0,23491228
2021-11-02,MBB,36050.0,36350.0,35850.0,35850.0,28939754
2021-11-03,MBB,35750.0,35800.0,35500.0,35700.0,16811389
2021-11-04,MBB,35750.0,36050.0,35100.0,35350.0,23918382
2021-11-05,MBB,35250.0,36250.0,35200.0,36150.0,23887506
2021-11-08,MBB,36150.0,36750.0,36000.0,36500.0,22082868
2021-11-09,MBB,36550.0,36800.0,34750.0,35500.0,33973891
2021-11-10,MBB,35750.0,35800.0,35150.0,35200.0,29170569
2021-11-11,MBB,35050.0,35800.0,34850.0,35600.0,33497120
2021-11-12,MBB,35700.0,35750.0,35450.0,35550.0,22485352
2021-11-15,MBB,35550.0,36100.0,35200.0,36050.0,22808989
2021-11-16,MBB,35900.0,36300.0,35650.0,36250.0,30863166
2021-11-17,MBB,36400.0,36500.0,36200.0,36250.0,19791087
2021-11-18,MBB,36050.0,36200.0,35150.0,35450.0,22113120
2021-11-19,MBB,35250.0,35500.0,35000.0,35450.0,24405904
2021-11-22,MBB,35300.0,35400.0,34250.0,34250.0,26700258
2021-11-23,MBB,34200.0,34250.0,33300.0,33750.0,28795529
2021-11-24,MBB,33800.0,33950.0,33250.0,33500.0,19213196
2021-11-25,MBB,33700.0,34250.0,33400.0,33950.0,26177063
2021-11-26,MBB,33850.0,34000.0,33750.0,33950.0,24376670
2021-11-29,MBB,33950.0,34600.0,33900.0,34350.0,29867838
2021-11-30,MBB,34200.0,34650.0,33950.0,34600.0,18986299
2021-12-01,MBB,34450.0,34650.0,33850.0,34000.0,23697738
2021-12-02,MBB,33800.0,34000.0,33750.0,33850.0,18745142
2021-12-03,MBB,33950.0,34050.0,33400.0,33400.0,24985272
2021-12-06,MBB,33450.0,33700.0,33400.0,33450.0,23838296
2021-12-07,MBB,33350.0,33550.0,33100.0,33250.0,25212377
2021-12-08,MBB,33200.0,33950.0,33200.0,33850.0,29432215
2021-12-09,MBB,33650.0,34550.0,33600.0,34500.0,22400301
2021-12-10,MBB,34550.0,34950.0,33650.0,33850.0,25973911
2021-12-13,MBB,33950.0,34050.0,33400.0,33500.0,29887870
2021-12-14,MBB,33450.0,33800.0,33450.0,33600.0,29055880
2021-12-15,MBB,33650.0,33750.0,33250.0,33300.0,18255799
2021-12-16,MBB,33200.0,33400.0,32950.0,32950.0,25474358
2021-12-17,MBB,32850.0,33700.0,32750.0,33550.0,25520740
2021-12-20,MBB,33700.0,33700.0,33250.0,33250.0,25410698
2021-12-21,MBB,33150.0,33750.0,33050.0,33450.0,26163535
2021-12-22,MBB,33550.0,33800.0,33500.0,33800.0,24646747
2021-12-23,MBB,33750.0,33850.0,33350.0,33750.0,26427223
2021-12-24,MBB,33700.0,34800.0,33650.0,34700.0,29039525
2021-12-27,MBB,34900.0,35150.0,34350.0,34350.0,32783279
2021-12-28,MBB,34550.0,34650.0,33200.0,33250.0,26741380
2021-12-29,MBB,33250.0,33700.0,33000.0,33550.0,30350541
2021-12-30,MBB,33650.0,33750.0,32550.0,32650.0,28443312
2021-12-31,MBB,32600.0,34300.0,32550.0,33850.0,36177072
2022-01-03,MBB,33900.0,34500.0,33700.0,34200.0,33175237
2022-01-04,MBB,34500.0,34550.0,33100.0,33200.0,34610663
2022-01-05,MBB,33150.0,33200.0,32250.0,32550.0,28141688
2022-01-06,MBB,32500.0,32900.0,31950.0,32750.0,25232150
2022-01-07,MBB,32750.0,32800.0,31800.0,31850.0,23718134
2022-01-10,MBB,31800.0,32150.0,31700.0,32000.0,18442733
2022-01-11,MBB,32450.0,32450.0,31950.0,32000.0,25749001
2022-01-12,MBB,31900.0,32350.0,31650.0,32100.0,24080123
2022-01-13,MBB,32100.0,32700.0,31750.0,32650.0,34637722
2022-01-14,MBB,32650.0,32850.0,32500.0,32550.0,22888656
2022-01-17,MBB,32650.0,33150.0,32450.0,33050.0,30121222
2022-01-18,MBB,33100.0,33300.0,32050.0,32150.0,34337030
2022-01-19,MBB,32150.0,32300.0,31300.0,31450.0,26375581
2022-01-20,MBB,31350.0,31450.0,30600.0,30750.0,29341512
2022-01-21,MBB,30600.0,31250.0,30600.0,31200.0,18260908
2022-01-24,MBB,31150.0,32150.0,30900.0,31900.0,29283293
2022-01-25,MBB,32100.0,32650.0,32000.0,32350.0,22371656
2022-01-26,MBB,32350.0,32500.0,31850.0,32150.0,18676069
2022-01-27,MBB,31950.0,32150.0,31600.0,31900.0,29501556
2022-01-28,MBB,31950.0,32050.0,31700.0,31900.0,29778125
2022-01-31,MBB,31950.0,32100.0,30750.0,30950.0,32387398
2022-02-01,MBB,30900.0,31600.0,30900.0,31450.0,29439271
2022-02-02,MBB,31450.0,31500.0,30750.0,30900.0,26322242
2022-02-03,MBB,30950.0,31450.0,30400.0,30500.0,24457317
2022-02-04,MBB,30250.0,30450.0,29950.0,30350.0,24667762
2022-02-07,MBB,30450.0,30700.0,30200.0,30300.0,22625403
2022-02-08,MBB,30350.0,30600.0,30150.0,30150.0,25950361
2022-02-09,MBB,30200.0,30650.0,29900.0,30450.0,29635224
2022-02-10,MBB,30600.0,31800.0,30550.0,31450.0,25935464
2022-02-11,MBB,31450.0,32300.0,31400.0,32300.0,26238060
2022-02-14,MBB,32200.0,32250.0,31450.0,31600.0,21316833
2022-02-15,MBB,31600.0,31800.0,30950.0,31000.0,21479977
2022-02-16,MBB,31000.0,31800.0,30950.0,31750.0,21024218
2022-02-17,MBB,31750.0,32400.0,31550.0,32250.0,23754476
2022-02-18,MBB,32100.0,32450.0,31800.0,32050.0,18996528
2022-02-21,MBB,32300.0,32300.0,32150.0,32300.0,24561272
2022-02-22,MBB,32250.0,32550.0,32200.0,32550.0,18251111
2022-02-23,MBB,32600.0,33300.0,32400.0,33200.0,25789625
2022-02-24,MBB,33400.0,34000.0,33350.0,33850.0,24162214
2022-02-25,MBB,33900.0,34700.0,33750.0,34650.0,29143263
2022-02-28,MBB,34600.0,34900.0,34100.0,34800.0,21267409
2022-03-01,MBB,34900.0,35750.0,34550.0,35400.0,25505889
2022-03-02,MBB,35500.0,35550.0,35300.0,35550.0,23378751
2022-03-03,MBB,35450.0,36000.0,35350.0,35950.0,25510427
2022-03-04,MBB,35950.0,36450.0,35800.0,36400.0,30225746
2022-03-07,MBB,36350.0,36650.0,36250.0,36600.0,28137463
2022-03-08,MBB,36800.0,37100.0,36750.0,36750.0,20617345
2022-03-09,MBB,36800.0,37100.0,36150.0,36400.0,31497606
2022-03-10,MBB,36600.0,37050.0,35050.0,35050.0,37977431
2022-03-11,MBB,35100.0,35250.0,34000.0,34150.0,26291457
2022-03-14,MBB,34100.0,35300.0,33950.0,35000.0,34012589
2022-03-15,MBB,34800.0,34850.0,34250.0,34550.0,22257924
2022-03-16,MBB,34500.0,34950.0,34250.0,34850.0,18386439
2022-03-17,MBB,34900.0,35200.0,34700.0,35150.0,19473371
2022-03-18,MBB,35000.0,35500.0,34850.0,35200.0,27046704
2022-03-21,MBB,35300.0,35800.0,35250.0,35400.0,29252370
2022-03-22,MBB,35250.0,35600.0,35100.0,35250.0,16668965
2022-03-23,MBB,35250.0,35600.0,34800.0,34950.0,28838307
2022-03-24,MBB,35150.0,35550.0,34800.0,34900.0,30596462
2022-03-25,MBB,34850.0,35850.0,34600.0,35300.0,22759529
2022-03-28,MBB,35150.0,36200.0,35150.0,35900.0,30889330
2022-03-29,MBB,36000.0,36100.0,35550.0,35700.0,28400090
2022-03-30,MBB,35850.0,36150.0,34550.0,34650.0,29681347
2022-03-31,MBB,34800.0,35050.0,33300.0,33550.0,32282899
2022-04-01,MBB,33400.0,33400.0,32550.0,32750.0,29243663
2022-04-04,MBB,32900.0,32900.0,32100.0,32250.0,25280867
2022-04-05,MBB,32300.0,32400.0,31800.0,31850.0,28924899
2022-04-06,MBB,32050.0,32150.0,31650.0,31950.0,24286807
2022-04-07,MBB,32100.0,32300.0,31450.0,31850.0,33295626
2022-04-08,MBB,31850.0,32000.0,30250.0,30600.0,36710854
2022-04-11,MBB,30700.0,30800.0,30350.0,30500.0,21019054
2022-04-12,MBB,30300.0,31800.0,30200.0,31700.0,34094560
2022-04-13,MBB,31750.0,31900.0,31500.0,31600.0,17855414
2022-04-14,MBB,31500.0,31700.0,31450.0,31600.0,21964432
2022-04-15,MBB,31450.0,32300.0,30950.0,32150.0,37714671
2022-04-18,MBB,32150.0,32250.0,31800.0,32150.0,30647706
2022-04-19,MBB,32200.0,32950.0,31800.0,32900.0,35709092
2022-04-20,MBB,32750.0,32900.0,32700.0,32800.0,15348899
2022-04-21,MBB,32950.0,33000.0,32750.0,32800.0,20664277
2022-04-22,MBB,32850.0,33300.0,32400.0,33050.0,31695347
2022-04-25,MBB,33200.0,33400.0,33050.0,33350.0,16804006
2022-04-26,MBB,33300.0,34000.0,33100.0,33750.0,32840139
2022-04-27,MBB,33550.0,34150.0,33050.0,34050.0,34795805
2022-04-28,MBB,34050.0,35200.0,33750.0,34750.0,37945524
2022-04-29,MBB,34950.0,35200.0,34000.0,34400.0,24735540
2022-05-02,MBB,34750.0,34900.0,33950.0,34250.0,29006951
2022-05-03,MBB,34050.0,34850.0,33900.0,34650.0,34127931
2022-05-04,MBB,34450.0,35150.0,34400.0,35100.0,18875463
2022-05-05,MBB,35050.0,35800.0,34950.0,35600.0,26851760
2022-05-06,MBB,35400.0,35700.0,35350.0,35650.0,19837435
2022-05-09,MBB,35600.0,36250.0,35500.0,36150.0,30949575
2022-05-10,MBB,36350.0,37300.0,36150.0,37150.0,25958871
2022-05-11,MBB,36950.0,38000.0,36700.0,37750.0,30301441
2022-05-12,MBB,37800.0,37850.0,36450.0,36750.0,24389045
2022-05-13,MBB,36650.0,37150.0,36650.0,37000.0,18671839
2022-05-16,MBB,37100.0,37350.0,35650.0,35950.0,39587216
2022-05-17,MBB,36000.0,36150.0,35400.0,35400.0,27709560
2022-05-18,MBB,35300.0,35450.0,35050.0,35250.0,17458967
2022-05-19,MBB,35100.0,35850.0,35000.0,35750.0,28060805
2022-05-20,MBB,35650.0,35750.0,35450.0,35700.0,26767654
2022-05-23,MBB,35500.0,35800.0,35400.0,35600.0,21027858
2022-05-24,MBB,35550.0,35700.0,35050.0,35100.0,24886676
2022-05-25,MBB,34900.0,35450.0,34600.0,34750.0,22505026
2022-05-26,MBB,34900.0,35000.0,33100.0,33450.0,36881728
2022-05-27,MBB,33250.0,33450.0,32950.0,33300.0,27247226
2022-05-30,MBB,33100.0,33250.0,32250.0,32350.0,33293534
2022-05-31,MBB,32450.0,32650.0,31500.0,31500.0,23565321
2022-06-01,MBB,31500.0,31600.0,30800.0,30800.0,23113043
2022-06-02,MBB,30900.0,31950.0,30800.0,31800.0,25807791
2022-06-03,MBB,31550.0,31650.0,30900.0,30950.0,26259578
2022-06-06,MBB,30950.0,31100.0,30450.0,30500.0,30228533
2022-06-07,MBB,30450.0,30500.0,30050.0,30300.0,25261017
2022-06-08,MBB,30250.0,30600.0,29950.0,30600.0,19784225
2022-06-09,MBB,30800.0,30850.0,30000.0,30100.0,23077687
2022-06-10,MBB,30100.0,30150.0,29050.0,29200.0,25619817
2022-06-13,MBB,29200.0,29550.0,28550.0,29550.0,26913365
2022-06-14,MBB,29350.0,29500.0,28800.0,28850.0,25194159
2022-06-15,MBB,28850.0,29500.0,28750.0,29400.0,22387633
2022-06-16,MBB,29350.0,29500.0,29050.0,29100.0,19538951
2022-06-17,MBB,29000.0,29300.0,28750.0,29050.0,31772793
2022-06-20,MBB,29100.0,29300.0,28850.0,28900.0,23845371
2022-06-21,MBB,28950.0,29250.0,28500.0,28600.0,30950148
2022-06-22,MBB,28550.0,28950.0,28550.0,28900.0,21223368
2022-06-23,MBB,28900.0,29250.0,28800.0,29200.0,19782792
2022-06-24,MBB,29350.0,29600.0,29250.0,29550.0,27282127
2022-06-27,MBB,29450.0,30100.0,29400.0,30050.0,27166004
2022-06-28,MBB,30050.0,30300.0,28450.0,28700.0,42707533
2022-06-29,MBB,28700.0,28850.0,28600.0,28800.0,15257182
2022-06-30,MBB,28800.0,29200.0,28600.0,28650.0,29310678
2022-07-01,MBB,28650.0,28700.0,28250.0,28300.0,27815998
2022-07-04,MBB,28350.0,29300.0,28350.0,29250.0,31115808
2022-07-05,MBB,29150.0,29950.0,29000.0,29850.0,33878802
2022-07-06,MBB,30050.0,30150.0,29150.0,29250.0,26077388
2022-07-07,MBB,29400.0,29500.0,28950.0,29150.0,29404077
2022-07-08,MBB,29200.0,30050.0,29100.0,29850.0,24630875
2022-07-11,MBB,29950.0,29950.0,29800.0,29900.0,21733708
2022-07-12,MBB,30150.0,30200.0,28450.0,28700.0,38336616
2022-07-13,MBB,28900.0,29150.0,28450.0,28650.0,28939940
2022-07-14,MBB,28700.0,28900.0,27600.0,27600.0,34962397
2022-07-15,MBB,27650.0,27650.0,26600.0,26650.0,23592818
2022-07-18,MBB,26700.0,26850.0,26650.0,26700.0,26559219
2022-07-19,MBB,26550.0,26600.0,25550.0,25650.0,24731708
2022-07-20,MBB,25850.0,26050.0,25300.0,25400.0,26930394
2022-07-21,MBB,25650.0,26200.0,25400.0,25850.0,32088574
2022-07-22,MBB,25750.0,25800.0,25450.0,25600.0,25423683
2022-07-25,MBB,25750.0,26200.0,25700.0,26050.0,23076319
2022-07-26,MBB,26100.0,26350.0,26000.0,26250.0,18940296
2022-07-27,MBB,26050.0,26400.0,25850.0,26300.0,25121781
2022-07-28,MBB,26250.0,26400.0,26150.0,26200.0,23278435
2022-07-29,MBB,26300.0,26700.0,26150.0,26300.0,19573728
2022-08-01,MBB,26250.0,26650.0,26200.0,26350.0,30820105
2022-08-02,MBB,26450.0,26900.0,26200.0,26450.0,26211953
2022-08-03,MBB,26550.0,27450.0,26500.0,27350.0,31524675
2022-08-04,MBB,27350.0,27550.0,27100.0,27350.0,22081744
2022-08-05,MBB,27450.0,27550.0,26250.0,26400.0,28755977
2022-08-08,MBB,26500.0,26500.0,26000.0,26150.0,24974757
2022-08-09,MBB,26200.0,26200.0,25650.0,25800.0,23322116
2022-08-10,MBB,25750.0,25750.0,25400.0,25650.0,24299110
2022-08-11,MBB,25600.0,25850.0,25350.0,25750.0,30848760
2022-08-12,MBB,25850.0,26000.0,25500.0,25500.0,31357054
2022-08-15,MBB,25400.0,26050.0,25200.0,25700.0,31733801
2022-08-16,MBB,25600.0,25700.0,24750.0,25050.0,35220320
2022-08-17,MBB,25150.0,25350.0,24900.0,25100.0,22774245
2022-08-18,MBB,25000.0,25100.0,24500.0,24600.0,33535478
2022-08-19,MBB,24650.0,25100.0,24500.0,25100.0,28454698
2022-08-22,MBB,25300.0,26200.0,25250.0,25750.0,27943857
2022-08-23,MBB,25600.0,25650.0,25050.0,25250.0,23495407
2022-08-24,MBB,25100.0,25300.0,25050.0,25200.0,18728828
2022-08-25,MBB,25100.0,26150.0,25050.0,26050.0,38054826
2022-08-26,MBB,25850.0,26450.0,25800.0,26400.0,23312148
2022-08-29,MBB,26450.0,27100.0,26450.0,26850.0,24469710
2022-08-30,MBB,26950.0,27500.0,26800.0,27400.0,25517298
2022-08-31,MBB,27350.0,27500.0,26650.0,26850.0,34523109
2022-09-01,MBB,26900.0,27050.0,26850.0,26850.0,15069298
2022-09-02,MBB,26800.0,27800.0,26750.0,27600.0,23857445
2022-09-05,MBB,27500.0,27750.0,27000.0,27150.0,28307734
2022-09-06,MBB,27200.0,27900.0,27100.0,27700.0,31571842
2022-09-07,MBB,27800.0,28150.0,27200.0,27400.0,27589959
2022-09-08,MBB,27300.0,27450.0,26900.0,27350.0,23764237
2022-09-09,MBB,27400.0,27550.0,25900.0,26200.0,34297573
2022-09-12,MBB,26300.0,26600.0,26100.0,26500.0,21667451
2022-09-13,MBB,26300.0,27300.0,26200.0,27050.0,29447685
2022-09-14,MBB,27100.0,27250.0,26950.0,27200.0,24495980
2022-09-15,MBB,27350.0,28050.0,27300.0,27950.0,22645411
2022-09-16,MBB,28000.0,28800.0,27700.0,28700.0,36057540
2022-09-19,MBB,28800.0,29100.0,28500.0,29000.0,24281166
2022-09-20,MBB,29200.0,29850.0,29150.0,29750.0,20172843
2022-09-21,MBB,29850.0,30900.0,29500.0,30750.0,25132412
2022-09-22,MBB,30850.0,30950.0,30850.0,30900.0,18834530
2022-09-23,MBB,30900.0,31250.0,30800.0,30950.0,29682494
2022-09-26,MBB,30950.0,31150.0,30700.0,30900.0,22171991
2022-09-27,MBB,31100.0,31100.0,30000.0,30050.0,33291063
2022-09-28,MBB,30050.0,30350.0,30050.0,30300.0,25837807
2022-09-29,MBB,30500.0,30500.0,30400.0,30500.0,24557843
2022-09-30,MBB,30550.0,30750.0,30500.0,30750.0,20863712
2022-10-03,MBB,30900.0,31000.0,30600.0,30650.0,20081640
2022-10-04,MBB,30500.0,30650.0,30200.0,30300.0,22540176
2022-10-05,MBB,30450.0,30450.0,30250.0,30400.0,14619573
2022-10-06,MBB,30500.0,30700.0,30250.0,30300.0,17055117
2022-10-07,MBB,30400.0,30450.0,29400.0,29800.0,27447250
2022-10-10,MBB,29850.0,31150.0,29700.0,31000.0,36425935
2022-10-11,MBB,30950.0,31050.0,30700.0,30750.0,28106552
2022-10-12,MBB,30700.0,32050.0,30600.0,31850.0,26256829
2022-10-13,MBB,31900.0,32250.0,31700.0,31750.0,23887070
2022-10-14,MBB,31850.0,33400.0,31650.0,32900.0,32776964
2022-10-17,MBB,32750.0,33750.0,32500.0,33600.0,33452451
2022-10-18,MBB,33700.0,33800.0,32500.0,32600.0,23529946
2022-10-19,MBB,32500.0,32500.0,31800.0,32200.0,21462136
2022-10-20,MBB,32200.0,32650.0,31950.0,32350.0,22446279
2022-10-21,MBB,32450.0,32800.0,32050.0,32350.0,32161352
2022-10-24,MBB,32500.0,32500.0,32350.0,32450.0,15212274
2022-10-25,MBB,32500.0,32700.0,32200.0,32200.0,18632024
2022-10-26,MBB,31900.0,32750.0,31700.0,32650.0,25407857
2022-10-27,MBB,32500.0,33250.0,32150.0,32950.0,24542726
2022-10-28,MBB,32800.0,32950.0,32700.0,32800.0,18666448
2022-10-31,MBB,32950.0,33150.0,32500.0,32750.0,32348833
2022-11-01,MBB,32750.0,32950.0,32200.0,32200.0,25474160
2022-11-02,MBB,32300.0,32700.0,32300.0,32500.0,29335123
2022-11-03,MBB,32550.0,33300.0,32400.0,33150.0,23230596
2022-11-04,MBB,33200.0,34700.0,32950.0,34600.0,29582825
2022-11-07,MBB,34800.0,34950.0,33450.0,33650.0,37734171
2022-11-08,MBB,33500.0,34450.0,33050.0,34150.0,31529999
2022-11-09,MBB,34200.0,34600.0,33750.0,33950.0,27476229
2022-11-10,MBB,33950.0,34050.0,33100.0,33250.0,23397747
2022-11-11,MBB,33250.0,34050.0,33150.0,33850.0,26038377
2022-11-14,MBB,33850.0,33950.0,32950.0,33000.0,24030699
2022-11-15,MBB,32900.0,33350.0,32850.0,33300.0,26525321
2022-11-16,MBB,33150.0,33350.0,32750.0,32900.0,20507175
2022-11-17,MBB,33050.0,33200.0,32800.0,32850.0,29979750
2022-11-18,MBB,32650.0,33800.0,32650.0,33700.0,27310258
2022-11-21,MBB,33550.0,33650.0,32850.0,32950.0,23755971
2022-11-22,MBB,32850.0,34300.0,32600.0,34300.0,30511961
2022-11-23,MBB,34150.0,35000.0,34050.0,34700.0,27157627
2022-11-24,MBB,34500.0,35750.0,34400.0,35500.0,33844015
2022-11-25,MBB,35350.0,36150.0,35050.0,36050.0,35073701
2022-11-28,MBB,36250.0,36750.0,35900.0,36150.0,24854143
2022-11-29,MBB,36050.0,36350.0,35850.0,35950.0,17699293
2022-11-30,MBB,36050.0,36100.0,36000.0,36050.0,25748102
2022-12-01,MBB,36100.0,36450.0,35000.0,35200.0,37281375
2022-12-02,MBB,35300.0,36000.0,35050.0,35950.0,28011246
2022-12-05,MBB,35800.0,35850.0,35350.0,35700.0,27507725
2022-12-06,MBB,35900.0,36150.0,35400.0,35550.0,21273709
2022-12-07,MBB,35650.0,35800.0,35350.0,35350.0,19015717
2022-12-08,MBB,35450.0,36650.0,35350.0,36450.0,22475765
2022-12-09,MBB,36400.0,37350.0,36300.0,37300.0,24078253
2022-12-12,MBB,37100.0,38150.0,37000.0,37850.0,32981453
2022-12-13,MBB,37700.0,38900.0,37550.0,38800.0,24894166
2022-12-14,MBB,38850.0,39450.0,38300.0,38650.0,22632956
2022-12-15,MBB,38750.0,39200.0,37200.0,37550.0,29985235
2022-12-16,MBB,37550.0,38050.0,37400.0,37900.0,20132193
2022-12-19,MBB,37900.0,38350.0,37750.0,38050.0,18923926
2022-12-20,MBB,37950.0,39350.0,37850.0,39150.0,31488120
2022-12-21,MBB,39150.0,39550.0,38200.0,38400.0,30077947
2022-12-22,MBB,38300.0,38550.0,38100.0,38350.0,24069990
2022-12-23,MBB,38400.0,38550.0,37800.0,37950.0,31962071
2022-12-26,MBB,37950.0,38000.0,36800.0,37200.0,33560141
2022-12-27,MBB,37050.0,37750.0,36750.0,37700.0,19983174
2022-12-28,MBB,37450.0,37750.0,36950.0,37300.0,18850148
2022-12-29,MBB,37200.0,37350.0,37200.0,37300.0,18428197
2022-12-30,MBB,37100.0,38200.0,37100.0,38100.0,27695291
2023-01-02,MBB,38100.0,38850.0,38050.0,38750.0,19943521
2023-01-03,MBB,38600.0,38750.0,37300.0,37600.0,32082714
2023-01-04,MBB,37650.0,37900.0,37300.0,37350.0,17418667
2023-01-05,MBB,37550.0,37800.0,35700.0,35800.0,39340247
2023-01-06,MBB,35800.0,35900.0,34950.0,35150.0,21829611
2023-01-09,MBB,35250.0,35400.0,34000.0,34100.0,30159660
2023-01-10,MBB,34000.0,34350.0,32900.0,32900.0,33585060
2023-01-11,MBB,33150.0,33250.0,32150.0,32200.0,31803871
2023-01-12,MBB,32300.0,32400.0,31200.0,31400.0,36835846
2023-01-13,MBB,31350.0,32000.0,31250.0,31850.0,28550153
2023-01-16,MBB,31900.0,32800.0,31800.0,32750.0,31860128
2023-01-17,MBB,32800.0,32850.0,31800.0,32200.0,24585699
2023-01-18,MBB,32050.0,32150.0,32050.0,32050.0,21181172
2023-01-19,MBB,32200.0,32400.0,31850.0,32150.0,20405380
2023-01-20,MBB,32050.0,32100.0,31950.0,31950.0,26858091
2023-01-23,MBB,31800.0,32050.0,31600.0,31900.0,17098134
2023-01-24,MBB,31850.0,32400.0,31850.0,32350.0,24149812
2023-01-25,MBB,32250.0,32400.0,32250.0,32400.0,27082609
2023-01-26,MBB,32600.0,33000.0,31900.0,32000.0,25736861
2023-01-27,MBB,31800.0,32500.0,31800.0,32350.0,25977247
2023-01-30,MBB,32350.0,32350.0,32250.0,32300.0,22633718
2023-01-31,MBB,32400.0,32850.0,32350.0,32850.0,22544283
2023-02-01,MBB,32850.0,34150.0,32750.0,33900.0,35362757
2023-02-02,MBB,34200.0,34300.0,33500.0,34000.0,26743862
2023-02-03,MBB,33900.0,34350.0,33800.0,34000.0,21808851
2023-02-06,MBB,34000.0,34300.0,33000.0,33250.0,28572368
2023-02-07,MBB,33300.0,34050.0,33200.0,34000.0,31231382
2023-02-08,MBB,34050.0,34250.0,33950.0,34150.0,27727958
2023-02-09,MBB,34200.0,34350.0,34100.0,34250.0,22594525
2023-02-10,MBB,34400.0,34900.0,34300.0,34850.0,26062013
2023-02-13,MBB,34700.0,35000.0,33700.0,33900.0,26979928
2023-02-14,MBB,34100.0,34450.0,32750.0,32900.0,40887585
2023-02-15,MBB,32950.0,33200.0,32050.0,32300.0,23739371
2023-02-16,MBB,32250.0,33150.0,31900.0,33000.0,26129946
2023-02-17,MBB,33100.0,33800.0,32850.0,33500.0,31676269
2023-02-20,MBB,33350.0,33500.0,33000.0,33200.0,30129204
2023-02-21,MBB,33300.0,33350.0,32750.0,32900.0,23821634
2023-02-22,MBB,32800.0,33450.0,32550.0,33250.0,29762204
2023-02-23,MBB,33250.0,33450.0,33000.0,33350.0,16262461
2023-02-24,MBB,33500.0,33650.0,33400.0,33550.0,27227472
2023-02-27,MBB,33700.0,33900.0,33100.0,33150.0,30281154
2023-02-28,MBB,33050.0,33450.0,32950.0,33300.0,17244417
2023-03-01,MBB,33250.0,33650.0,33200.0,33250.0,25025775
2023-03-02,MBB,33200.0,33600.0,33150.0,33500.0,22258525
2023-03-03,MBB,33950.0,33950.0,32950.0,33050.0,29446595
2023-03-06,MBB,33150.0,33650.0,33000.0,33500.0,26609166
2023-03-07,MBB,33300.0,33500.0,32900.0,33150.0,28858158
2023-03-08,MBB,33300.0,33550.0,32600.0,32800.0,20549610
2023-03-09,MBB,32900.0,33200.0,32800.0,33000.0,16392687
2023-03-10,MBB,32950.0,33250.0,32700.0,32750.0,25657291
2023-03-13,MBB,32650.0,32900.0,32300.0,32600.0,19017870
2023-03-14,MBB,32700.0,34300.0,32500.0,34100.0,40519982
2023-03-15,MBB,34150.0,34500.0,34050.0,34350.0,28605655
2023-03-16,MBB,34450.0,36250.0,34400.0,36150.0,31349660
2023-03-17,MBB,36100.0,36900.0,36050.0,36900.0,19077883
2023-03-20,MBB,36900.0,37000.0,36050.0,36100.0,23167079
2023-03-21,MBB,36150.0,37100.0,35950.0,36800.0,25908827
2023-03-22,MBB,36850.0,38200.0,36700.0,38150.0,26753708
2023-03-23,MBB,38200.0,38200.0,36950.0,36950.0,35201212
2023-03-24,MBB,37000.0,37400.0,36750.0,36950.0,27873862
2023-03-27,MBB,37200.0,37750.0,37100.0,37500.0,21305247
2023-03-28,MBB,37500.0,37550.0,37300.0,37450.0,22549137
2023-03-29,MBB,37450.0,37950.0,37150.0,37550.0,25703833
2023-03-30,MBB,37550.0,38100.0,37250.0,37400.0,20368805
2023-03-31,MBB,37200.0,37400.0,35750.0,35950.0,35116920
2023-04-03,MBB,36050.0,37050.0,35750.0,36600.0,29241421
2023-04-04,MBB,36550.0,36900.0,36200.0,36850.0,23510154
2023-04-05,MBB,36900.0,37800.0,36650.0,37200.0,28090148
2023-04-06,MBB,37250.0,37500.0,36400.0,36600.0,25161982
2023-04-07,MBB,36600.0,36600.0,36100.0,36350.0,17743640
2023-04-10,MBB,36250.0,36300.0,35750.0,35900.0,19273815
2023-04-11,MBB,36000.0,36200.0,34900.0,35200.0,36358570
2023-04-12,MBB,35250.0,35550.0,34750.0,34850.0,26439154
2023-04-13,MBB,35000.0,35250.0,33900.0,34400.0,27840280
2023-04-14,MBB,34300.0,34400.0,33650.0,33850.0,23558370
2023-04-17,MBB,33750.0,34100.0,33200.0,33900.0,24506017
2023-04-18,MBB,33750.0,34700.0,33700.0,34300.0,23602906
2023-04-19,MBB,34450.0,35050.0,34400.0,34750.0,22485236
2023-04-20,MBB,34750.0,35200.0,34450.0,35050.0,32100284
2023-04-21,MBB,35200.0,36150.0,34900.0,36000.0,28849912
2023-04-24,MBB,35950.0,36100.0,35700.0,36000.0,22842862
2023-04-25,MBB,35900.0,36800.0,35700.0,36650.0,32742582
2023-04-26,MBB,36550.0,37000.0,36450.0,36900.0,21658798
2023-04-27,MBB,36650.0,37000.0,36400.0,36950.0,29793981
2023-04-28,MBB,36950.0,38900.0,36750.0,38850.0,37661048
2023-05-01,MBB,38850.0,39050.0,38400.0,38650.0,21323784
2023-05-02,MBB,38800.0,38950.0,38650.0,38900.0,20945761
2023-05-03,MBB,38900.0,39250.0,37800.0,38200.0,26591534
2023-05-04,MBB,38100.0,39350.0,37650.0,39200.0,28428051
2023-05-05,MBB,39350.0,39450.0,38200.0,38500.0,23395372
2023-05-08,MBB,38600.0,38950.0,37800.0,37900.0,33243359
2023-05-09,MBB,37800.0,38500.0,37650.0,38500.0,31515384
2023-05-10,MBB,38550.0,38850.0,37150.0,37450.0,32601025
2023-05-11,MBB,37550.0,38000.0,37350.0,37800.0,27174686
2023-05-12,MBB,37850.0,38350.0,37500.0,38200.0,30456393
2023-05-15,MBB,38250.0,38600.0,37350.0,37450.0,25564211
2023-05-16,MBB,37250.0,38100.0,36900.0,37900.0,32551885
2023-05-17,MBB,38200.0,38300.0,36800.0,37000.0,25897318
2023-05-18,MBB,36750.0,38600.0,36500.0,38200.0,34261412
2023-05-19,MBB,38100.0,39050.0,38000.0,38950.0,24531618
2023-05-22,MBB,39100.0,39100.0,38950.0,38950.0,27643186
2023-05-23,MBB,39050.0,39350.0,38100.0,38200.0,28065710
2023-05-24,MBB,38300.0,38350.0,37350.0,37350.0,30421156
2023-05-25,MBB,37100.0,37150.0,36650.0,37050.0,17070895
2023-05-26,MBB,36950.0,37700.0,36650.0,37450.0,32403307
2023-05-29,MBB,37350.0,38650.0,37250.0,38150.0,33155488
2023-05-30,MBB,38050.0,38550.0,37900.0,38350.0,23039466
2023-05-31,MBB,38450.0,38600.0,38050.0,38400.0,19425059
2023-06-01,MBB,38350.0,38900.0,38200.0,38600.0,23965348
2023-06-02,MBB,38450.0,38650.0,38150.0,38500.0,24091635
2023-06-05,MBB,38900.0,39600.0,38850.0,39150.0,29286189
2023-06-06,MBB,38950.0,39050.0,37650.0,37700.0,27652175
2023-06-07,MBB,37600.0,38150.0,37400.0,38000.0,26271718
2023-06-08,MBB,37800.0,38800.0,37750.0,38650.0,31835900
2023-06-09,MBB,38900.0,39050.0,38000.0,38200.0,31563395
2023-06-12,MBB,38150.0,38750.0,36650.0,36900.0,28399940
2023-06-13,MBB,36500.0,36900.0,36350.0,36500.0,29246955
2023-06-14,MBB,36600.0,36900.0,35550.0,35700.0,34847440
2023-06-15,MBB,35750.0,35900.0,35500.0,35800.0,24851159
2023-06-16,MBB,35600.0,35700.0,34600.0,34700.0,22147001
2023-06-19,MBB,34650.0,35000.0,34450.0,34850.0,30119972
2023-06-20,MBB,34800.0,35100.0,34700.0,34850.0,29065404
2023-06-21,MBB,34800.0,34900.0,34550.0,34600.0,18299216
2023-06-22,MBB,34650.0,34900.0,34150.0,34200.0,28448525
2023-06-23,MBB,34150.0,34400.0,34050.0,34150.0,16480124
2023-06-26,MBB,34050.0,34350.0,34000.0,34150.0,28950385
2023-06-27,MBB,34000.0,34000.0,32700.0,32950.0,30288239
2023-06-28,MBB,33000.0,33500.0,32950.0,33000.0,24400730
2023-06-29,MBB,33000.0,33150.0,32900.0,33150.0,19137630
2023-06-30,MBB,33100.0,33250.0,32850.0,33200.0,16703346
2023-07-03,MBB,33300.0,33300.0,33150.0,33300.0,27072263
2023-07-04,MBB,33100.0,33900.0,32900.0,33900.0,20701470
2023-07-05,MBB,33700.0,33750.0,33650.0,33650.0,17881766
2023-07-06,MBB,33700.0,34000.0,33200.0,33400.0,20221679
2023-07-07,MBB,33550.0,33850.0,32350.0,32450.0,38894948
2023-07-10,MBB,32200.0,33300.0,32100.0,32700.0,36840040
2023-07-11,MBB,32750.0,33450.0,32400.0,33400.0,34382395
2023-07-12,MBB,33450.0,33650.0,33300.0,33600.0,19517144
2023-07-13,MBB,33700.0,33950.0,33700.0,33750.0,18086034
2023-07-14,MBB,33900.0,34250.0,33850.0,34150.0,16024914
2023-07-17,MBB,34500.0,34850.0,34500.0,34650.0,16371236
2023-07-18,MBB,34700.0,35900.0,34600.0,35650.0,34684679
2023-07-19,MBB,35500.0,36100.0,35400.0,35750.0,20139489
2023-07-20,MBB,36000.0,36700.0,35900.0,36550.0,32321969
2023-07-21,MBB,36550.0,36600.0,35950.0,36000.0,27088313
2023-07-24,MBB,35950.0,36050.0,35400.0,35750.0,24107537
2023-07-25,MBB,35650.0,36100.0,35500.0,35950.0,20466381
2023-07-26,MBB,35900.0,36050.0,35550.0,35750.0,25948012
2023-07-27,MBB,36000.0,36200.0,35750.0,36000.0,30260660
2023-07-28,MBB,35900.0,37000.0,35850.0,36700.0,32696615
2023-07-31,MBB,36500.0,37350.0,36300.0,37200.0,23241398
2023-08-01,MBB,37050.0,37200.0,35500.0,35600.0,28416883
2023-08-02,MBB,35500.0,35550.0,35100.0,35150.0,25722162
2023-08-03,MBB,34750.0,36350.0,34600.0,36050.0,29268802
2023-08-04,MBB,35900.0,35900.0,35500.0,35550.0,21830364
2023-08-07,MBB,35500.0,35650.0,35400.0,35500.0,20526834
2023-08-08,MBB,35550.0,36350.0,35400.0,36250.0,31278003
2023-08-09,MBB,36400.0,36450.0,35350.0,35350.0,22706791
2023-08-10,MBB,35450.0,35600.0,35450.0,35450.0,21809395
2023-08-11,MBB,35400.0,36300.0,35150.0,36150.0,24016601
2023-08-14,MBB,36100.0,36200.0,35500.0,35650.0,25311992
2023-08-15,MBB,35650.0,36150.0,35300.0,35450.0,26887830
2023-08-16,MBB,35600.0,35700.0,35050.0,35250.0,18548171
2023-08-17,MBB,35500.0,35600.0,34850.0,34900.0,29937411
2023-08-18,MBB,34800.0,34900.0,33250.0,33450.0,35047401
2023-08-21,MBB,33500.0,33550.0,32800.0,32950.0,28318509
2023-08-22,MBB,32950.0,33750.0,32900.0,33600.0,29725502
2023-08-23,MBB,33700.0,33950.0,33550.0,33700.0,22008501
2023-08-24,MBB,33800.0,34900.0,33800.0,34900.0,33377861
2023-08-25,MBB,35100.0,35150.0,34750.0,34900.0,17972067
2023-08-28,MBB,34900.0,35250.0,34850.0,35250.0,21988378
2023-08-29,MBB,35200.0,35350.0,34200.0,34350.0,23458737
2023-08-30,MBB,34300.0,34400.0,33400.0,33650.0,32527989
2023-08-31,MBB,33750.0,33750.0,33250.0,33350.0,28873063
2023-09-01,MBB,33550.0,33600.0,32900.0,33350.0,29967731
2023-09-04,MBB,33250.0,33450.0,33050.0,33100.0,17379743
2023-09-05,MBB,33150.0,33150.0,32550.0,32750.0,29856654
2023-09-06,MBB,32700.0,33400.0,32650.0,33250.0,23083291
2023-09-07,MBB,33300.0,33450.0,33000.0,33200.0,17155756
2023-09-08,MBB,33000.0,33300.0,32550.0,32750.0,22749510
2023-09-11,MBB,32650.0,32800.0,31800.0,32000.0,32636905
2023-09-12,MBB,32000.0,32200.0,31350.0,31800.0,28965797
2023-09-13,MBB,31550.0,31650.0,31350.0,31600.0,23172621
2023-09-14,MBB,31500.0,31950.0,31300.0,31400.0,32451403
2023-09-15,MBB,31500.0,31700.0,30900.0,31100.0,33911992
2023-09-18,MBB,30950.0,31050.0,30500.0,30650.0,19363745
2023-09-19,MBB,30500.0,31200.0,30300.0,31050.0,29349975
2023-09-20,MBB,30850.0,31000.0,30250.0,30500.0,30787106
2023-09-21,MBB,30450.0,30500.0,30300.0,30350.0,15881051
2023-09-22,MBB,30250.0,30550.0,30050.0,30300.0,22883593
2023-09-25,MBB,30550.0,30850.0,30250.0,30400.0,23799462
2023-09-26,MBB,30450.0,30700.0,30000.0,30000.0,24948855
2023-09-27,MBB,29950.0,30200.0,29050.0,29150.0,37239189
2023-09-28,MBB,29200.0,30100.0,29150.0,30100.0,33100443
2023-09-29,MBB,30100.0,30800.0,29950.0,30700.0,28056276
2023-10-02,MBB,30500.0,30800.0,30350.0,30700.0,19044527
2023-10-03,MBB,30700.0,30800.0,29900.0,29950.0,31307636
2023-10-04,MBB,29650.0,30400.0,29650.0,30300.0,27163776
2023-10-05,MBB,30300.0,30350.0,29800.0,29800.0,27164933
2023-10-06,MBB,29750.0,30500.0,29600.0,30450.0,28598271
2023-10-09,MBB,30350.0,30900.0,30150.0,30750.0,26595000
2023-10-10,MBB,30700.0,31350.0,30550.0,31250.0,22301762
2023-10-11,MBB,31200.0,31650.0,31150.0,31550.0,21654464
2023-10-12,MBB,31450.0,32250.0,31350.0,32150.0,24467301
2023-10-13,MBB,32150.0,32900.0,32050.0,32700.0,21020440
2023-10-16,MBB,32850.0,33300.0,32800.0,33050.0,19383788
2023-10-17,MBB,32950.0,33800.0,32950.0,33750.0,33658446
2023-10-18,MBB,33750.0,33950.0,32150.0,32450.0,34428741
2023-10-19,MBB,32350.0,32650.0,32200.0,32600.0,28461909
2023-10-20,MBB,32700.0,32850.0,32600.0,32650.0,23975319
2023-10-23,MBB,32650.0,33400.0,32500.0,33150.0,25672610
2023-10-24,MBB,33250.0,33800.0,33100.0,33650.0,19116148
2023-10-25,MBB,33650.0,34350.0,33450.0,34350.0,22429202
2023-10-26,MBB,34200.0,34250.0,33600.0,33750.0,17849165
2023-10-27,MBB,33700.0,34650.0,33550.0,34600.0,25534562
2023-10-30,MBB,34600.0,34700.0,34250.0,34400.0,23308225
2023-10-31,MBB,34250.0,34500.0,33650.0,33700.0,27044687
2023-11-01,MBB,33700.0,34050.0,32900.0,33050.0,22055225
2023-11-02,MBB,33150.0,33150.0,32150.0,32350.0,30939655
2023-11-03,MBB,32300.0,32350.0,31700.0,31850.0,22188236
2023-11-06,MBB,31750.0,32450.0,31400.0,32200.0,21681640
2023-11-07,MBB,32250.0,32600.0,32200.0,32600.0,26977255
2023-11-08,MBB,32550.0,32750.0,31250.0,31300.0,33677476
2023-11-09,MBB,31300.0,32100.0,31150.0,31900.0,34460892
2023-11-10,MBB,31800.0,32300.0,31550.0,32200.0,24632344
2023-11-13,MBB,32100.0,32450.0,32050.0,32400.0,16898482
2023-11-14,MBB,32600.0,32700.0,31450.0,31750.0,29167394
2023-11-15,MBB,31800.0,31800.0,31550.0,31750.0,21634977
2023-11-16,MBB,31900.0,32050.0,31050.0,31250.0,32085239
2023-11-17,MBB,31350.0,31500.0,29900.0,30050.0,35938020
2023-11-20,MBB,29800.0,30050.0,29100.0,29150.0,30893238
2023-11-21,MBB,29300.0,29350.0,29050.0,29100.0,28887358
2023-11-22,MBB,29100.0,29350.0,28150.0,28450.0,27801054
2023-11-23,MBB,28450.0,28600.0,27650.0,27900.0,33366497
2023-11-24,MBB,27750.0,28500.0,27650.0,28450.0,22609047
2023-11-27,MBB,28400.0,29000.0,28300.0,28900.0,21236246
2023-11-28,MBB,28850.0,29450.0,28800.0,29300.0,20358787
2023-11-29,MBB,29400.0,29600.0,29300.0,29400.0,15660060
2023-11-30,MBB,29350.0,29400.0,28900.0,29050.0,26027020
2023-12-01,MBB,29250.0,29450.0,28350.0,28350.0,37328400
2023-12-04,MBB,28250.0,28300.0,27950.0,28150.0,23764038
2023-12-05,MBB,28100.0,28200.0,27850.0,28100.0,24140033
2023-12-06,MBB,28100.0,28750.0,28050.0,28500.0,26194572
2023-12-07,MBB,28550.0,28700.0,28350.0,28400.0,24921526
2023-12-08,MBB,28450.0,28650.0,27900.0,28050.0,25129403
2023-12-11,MBB,28100.0,28500.0,28050.0,28350.0,25261641
2023-12-12,MBB,28450.0,28700.0,28050.0,28350.0,29622950
2023-12-13,MBB,28400.0,28800.0,28400.0,28700.0,26323804
2023-12-14,MBB,28700.0,29800.0,28600.0,29600.0,30050030
2023-12-15,MBB,29650.0,29850.0,28650.0,28700.0,34204822
2023-12-18,MBB,28600.0,28800.0,27900.0,28100.0,34677598
2023-12-19,MBB,28100.0,28650.0,27950.0,28550.0,21120049
2023-12-20,MBB,28650.0,28700.0,28100.0,28100.0,25825990
2023-12-21,MBB,28000.0,28000.0,27450.0,27500.0,19218091
2023-12-22,MBB,27600.0,27800.0,26650.0,26700.0,29645089
2023-12-25,MBB,26550.0,26850.0,26300.0,26350.0,26468051
2023-12-26,MBB,26250.0,26350.0,26050.0,26200.0,17703692
2023-12-27,MBB,26050.0,26250.0,25950.0,26200.0,21365201
2023-12-28,MBB,26150.0,26500.0,26100.0,26400.0,20392915
2023-12-29,MBB,26450.0,26450.0,26300.0,26300.0,21580567
2024-01-01,MBB,26350.0,27550.0,26150.0,27400.0,28211699
2024-01-02,MBB,27100.0,27250.0,26900.0,27200.0,19926409
2024-01-03,MBB,27350.0,27400.0,26800.0,27050.0,24769736
2024-01-04,MBB,27100.0,27500.0,26900.0,27450.0,20216499
2024-01-05,MBB,27400.0,28300.0,27300.0,28150.0,24361627
2024-01-08,MBB,28100.0,28400.0,27950.0,28400.0,19600733
2024-01-09,MBB,28450.0,28450.0,27950.0,28100.0,29584118
2024-01-10,MBB,28050.0,28900.0,27700.0,28550.0,34921714
2024-01-11,MBB,28350.0,28600.0,28000.0,28100.0,26944626
2024-01-12,MBB,28000.0,28000.0,27850.0,28000.0,26103109
2024-01-15,MBB,28000.0,29350.0,27950.0,29200.0,31825178
2024-01-16,MBB,29200.0,29850.0,29100.0,29800.0,31265137
2024-01-17,MBB,29700.0,29950.0,29650.0,29750.0,23497154
2024-01-18,MBB,29950.0,31050.0,29600.0,30900.0,28235735
2024-01-19,MBB,31100.0,31250.0,31000.0,31150.0,27438697
2024-01-22,MBB,31350.0,31400.0,31100.0,31150.0,20113298
2024-01-23,MBB,31100.0,31450.0,31000.0,31300.0,21409076
2024-01-24,MBB,31400.0,31550.0,30700.0,30750.0,23925512
2024-01-25,MBB,30800.0,32150.0,30700.0,31850.0,29717724
2024-01-26,MBB,32000.0,32300.0,31850.0,31900.0,29842742
2024-01-29,MBB,32050.0,32100.0,31850.0,31900.0,26206766
2024-01-30,MBB,31900.0,32000.0,31250.0,31500.0,32889158
2024-01-31,MBB,31550.0,31800.0,31500.0,31750.0,25380542
2024-02-01,MBB,32000.0,32350.0,31650.0,31700.0,19710393
2024-02-02,MBB,31650.0,31650.0,31500.0,31600.0,20679335
2024-02-05,MBB,31700.0,31900.0,31200.0,31250.0,24832470
2024-02-06,MBB,31250.0,31600.0,30700.0,30700.0,24811301
2024-02-07,MBB,30950.0,31050.0,30000.0,30150.0,35697915
2024-02-08,MBB,30200.0,30250.0,28900.0,29000.0,25907521
2024-02-09,MBB,29100.0,29600.0,28800.0,29500.0,21769425
2024-02-12,MBB,29500.0,29600.0,29400.0,29550.0,27776446
2024-02-13,MBB,29800.0,30200.0,29550.0,29950.0,23062437
2024-02-14,MBB,30050.0,30400.0,30000.0,30350.0,19492223
2024-02-15,MBB,30450.0,30450.0,30100.0,30150.0,21440441
2024-02-16,MBB,30400.0,31450.0,30050.0,31300.0,28270279
2024-02-19,MBB,31200.0,31900.0,30950.0,31650.0,34174168
2024-02-20,MBB,31600.0,31650.0,31450.0,31450.0,27346728
2024-02-21,MBB,31200.0,31350.0,30600.0,30800.0,25313377
2024-02-22,MBB,30750.0,31600.0,30750.0,31350.0,24952787
2024-02-23,MBB,31450.0,31850.0,31250.0,31750.0,18269349
2024-02-26,MBB,31550.0,32500.0,31450.0,32350.0,33137415
2024-02-27,MBB,32400.0,33350.0,32350.0,33250.0,26935127
2024-02-28,MBB,33300.0,33350.0,33250.0,33300.0,16021341
2024-02-29,MBB,33150.0,33450.0,33150.0,33400.0,22046326
2024-03-01,MBB,33300.0,33550.0,32850.0,32850.0,28900237
2024-03-04,MBB,32800.0,33600.0,32450.0,33500.0,22938158
2024-03-05,MBB,33750.0,34100.0,33750.0,33950.0,26990356
2024-03-06,MBB,34150.0,35850.0,34100.0,35550.0,29181818
2024-03-07,MBB,35450.0,35500.0,34600.0,34700.0,26247704
2024-03-08,MBB,34750.0,35000.0,34700.0,34950.0,27926261
2024-03-11,MBB,34900.0,35100.0,33400.0,33450.0,32085342
2024-03-12,MBB,33550.0,33550.0,32800.0,33000.0,20025272
2024-03-13,MBB,32950.0,34050.0,32750.0,33950.0,30982302
2024-03-14,MBB,34050.0,34050.0,33650.0,33900.0,24703004
2024-03-15,MBB,33750.0,35500.0,33600.0,35150.0,35325490
2024-03-18,MBB,35200.0,35300.0,33700.0,34050.0,27854853
2024-03-19,MBB,34300.0,34500.0,34000.0,34300.0,23841903
2024-03-20,MBB,34350.0,34650.0,33800.0,33800.0,20332026
2024-03-21,MBB,34000.0,34150.0,33100.0,33350.0,22396106
2024-03-22,MBB,33150.0,33950.0,32900.0,33600.0,23908265
2024-03-25,MBB,33500.0,33600.0,32850.0,33050.0,22832597
2024-03-26,MBB,33100.0,33100.0,32800.0,32950.0,27255203
2024-03-27,MBB,33000.0,33300.0,32650.0,33200.0,18922882
2024-03-28,MBB,33100.0,33300.0,33100.0,33200.0,20777977
2024-03-29,MBB,33200.0,33250.0,32500.0,32850.0,20588963
2024-04-01,MBB,33000.0,33650.0,32950.0,33600.0,21856156
2024-04-02,MBB,33500.0,33800.0,33050.0,33100.0,33033308
2024-04-03,MBB,33000.0,33150.0,32600.0,32750.0,24771744
2024-04-04,MBB,32550.0,32850.0,31850.0,31950.0,25510857
2024-04-05,MBB,31950.0,32400.0,31800.0,32250.0,30131324
2024-04-08,MBB,32100.0,32600.0,31950.0,32350.0,26033282
2024-04-09,MBB,32250.0,33200.0,31950.0,33050.0,31210045
2024-04-10,MBB,33000.0,33050.0,31750.0,32200.0,31524739
2024-04-11,MBB,32250.0,32450.0,31900.0,32300.0,28854997
2024-04-12,MBB,32400.0,32750.0,31850.0,31950.0,33212746
2024-04-15,MBB,32050.0,32650.0,32000.0,32500.0,24461518
2024-04-16,MBB,32500.0,32700.0,32200.0,32350.0,30301180
2024-04-17,MBB,32300.0,32650.0,32300.0,32650.0,17416947
2024-04-18,MBB,32800.0,34600.0,32750.0,34450.0,30330126
2024-04-19,MBB,34650.0,34900.0,34400.0,34850.0,16825528
2024-04-22,MBB,34800.0,35100.0,34200.0,34600.0,24728413
2024-04-23,MBB,34400.0,34700.0,33100.0,33600.0,39856010
2024-04-24,MBB,33450.0,33500.0,33000.0,33050.0,30345144
2024-04-25,MBB,33250.0,33350.0,32900.0,32950.0,30145517
2024-04-26,MBB,32900.0,33600.0,32700.0,33350.0,19938126
2024-04-29,MBB,33150.0,33700.0,33150.0,33700.0,24208416
2024-04-30,MBB,33750.0,34100.0,33500.0,33650.0,31691006
2024-05-01,MBB,33800.0,33950.0,33600.0,33850.0,29202844
2024-05-02,MBB,33900.0,34000.0,33650.0,33750.0,25889814
2024-05-03,MBB,33850.0,34850.0,33700.0,34850.0,24424284
2024-05-06,MBB,34850.0,35450.0,34250.0,35250.0,27920476
2024-05-07,MBB,35100.0,35700.0,34900.0,35450.0,30478236
2024-05-08,MBB,35600.0,35850.0,34450.0,34500.0,33879078
2024-05-09,MBB,34500.0,34600.0,34200.0,34450.0,25096357
2024-05-10,MBB,34450.0,35600.0,34250.0,35400.0,31653203
2024-05-13,MBB,35250.0,35250.0,34200.0,34350.0,21283016
2024-05-14,MBB,34400.0,34500.0,33000.0,33350.0,31871508
2024-05-15,MBB,33200.0,34050.0,33050.0,33850.0,21248525
2024-05-16,MBB,33750.0,34150.0,33500.0,34000.0,23760808
2024-05-17,MBB,33900.0,34650.0,33650.0,34500.0,23580733
2024-05-20,MBB,34350.0,35600.0,34300.0,35600.0,27049923
2024-05-21,MBB,35500.0,35650.0,35450.0,35650.0,21384615
2024-05-22,MBB,35900.0,36050.0,35100.0,35250.0,24798355
2024-05-23,MBB,35300.0,35350.0,35000.0,35100.0,24219460
2024-05-24,MBB,35000.0,35150.0,34550.0,34550.0,25774151
2024-05-27,MBB,34500.0,34850.0,34400.0,34550.0,17796953
2024-05-28,MBB,34450.0,34500.0,34350.0,34350.0,14641533
2024-05-29,MBB,34600.0,34700.0,32900.0,33000.0,29610859
2024-05-30,MBB,33000.0,33000.0,32400.0,32450.0,31576141
2024-05-31,MBB,32350.0,33800.0,32250.0,33600.0,28924662
2024-06-03,MBB,33500.0,33500.0,33150.0,33200.0,26074126
2024-06-04,MBB,33100.0,33250.0,32800.0,33100.0,22827092
2024-06-05,MBB,33000.0,33150.0,32750.0,32900.0,19748717
2024-06-06,MBB,32850.0,33800.0,32700.0,33650.0,23604978
2024-06-07,MBB,33550.0,33700.0,33050.0,33150.0,21710468
2024-06-10,MBB,33200.0,33250.0,32450.0,32550.0,33550007
2024-06-11,MBB,32550.0,32750.0,31750.0,32200.0,32280755
2024-06-12,MBB,32050.0,32050.0,31550.0,32050.0,25578372
2024-06-13,MBB,32200.0,32400.0,31300.0,31600.0,29990319
2024-06-14,MBB,31550.0,32050.0,30800.0,31900.0,36893980
2024-06-17,MBB,31950.0,32350.0,31900.0,32200.0,27269295
2024-06-18,MBB,32100.0,32800.0,32050.0,32650.0,32815817
2024-06-19,MBB,32950.0,33200.0,32050.0,32200.0,29408862
2024-06-20,MBB,32150.0,32250.0,31000.0,31150.0,26366084
2024-06-21,MBB,31100.0,31200.0,29950.0,30200.0,28738069
2024-06-24,MBB,30200.0,30500.0,29450.0,29750.0,22990792
2024-06-25,MBB,29600.0,30000.0,29450.0,29950.0,28577894
2024-06-26,MBB,30000.0,30600.0,29950.0,30500.0,25006452
2024-06-27,MBB,30550.0,30800.0,30400.0,30650.0,16996668
2024-06-28,MBB,30600.0,31000.0,30500.0,30850.0,17495227
2024-07-01,MBB,30700.0,31400.0,30350.0,31050.0,23028454
2024-07-02,MBB,30950.0,31500.0,30900.0,31400.0,21211511
2024-07-03,MBB,31550.0,31700.0,31100.0,31250.0,22348699
2024-07-04,MBB,31300.0,31350.0,30200.0,30300.0,34445081
2024-07-05,MBB,30000.0,30050.0,29300.0,29650.0,29681271
2024-07-08,MBB,29650.0,30050.0,28400.0,28600.0,36253658
2024-07-09,MBB,28750.0,28850.0,28400.0,28700.0,22793920
2024-07-10,MBB,28800.0,29400.0,28600.0,29100.0,20870927
2024-07-11,MBB,29050.0,29150.0,28550.0,28850.0,21550252
2024-07-12,MBB,28900.0,28900.0,27950.0,28250.0,24178141
2024-07-15,MBB,28300.0,29100.0,28300.0,28950.0,26331024
2024-07-16,MBB,29200.0,29600.0,29100.0,29500.0,26738985
2024-07-17,MBB,29350.0,29950.0,29300.0,29850.0,30452529
2024-07-18,MBB,29900.0,29950.0,29800.0,29900.0,17933539
2024-07-19,MBB,29850.0,30100.0,29350.0,29450.0,21978340
2024-07-22,MBB,29550.0,30000.0,29250.0,29400.0,26271474
2024-07-23,MBB,29550.0,29700.0,28800.0,28900.0,24375842
2024-07-24,MBB,29000.0,29050.0,28550.0,28800.0,27764686
2024-07-25,MBB,28750.0,29300.0,28650.0,29100.0,24337681
2024-07-26,MBB,29100.0,29300.0,28550.0,28600.0,28035922
2024-07-29,MBB,28500.0,29300.0,28050.0,29200.0,35901894
2024-07-30,MBB,29250.0,29400.0,29050.0,29250.0,16105707
2024-07-31,MBB,29400.0,30100.0,29250.0,30100.0,22127284
2024-08-01,MBB,30200.0,30950.0,30100.0,30700.0,30487693
2024-08-02,MBB,30750.0,30850.0,29100.0,29150.0,31727452
2024-08-05,MBB,29200.0,29350.0,29150.0,29250.0,23729224
2024-08-06,MBB,29250.0,29450.0,28250.0,28400.0,33348298
2024-08-07,MBB,28550.0,28700.0,28000.0,28150.0,20487989
2024-08-08,MBB,28200.0,28500.0,28050.0,28400.0,27395742
2024-08-09,MBB,28500.0,29150.0,28350.0,28950.0,21910464
2024-08-12,MBB,28900.0,29700.0,28750.0,29650.0,22089279
2024-08-13,MBB,29550.0,30100.0,29450.0,29950.0,32463055
2024-08-14,MBB,29850.0,30250.0,29800.0,30050.0,30644809
2024-08-15,MBB,30000.0,30300.0,29950.0,30150.0,15751068
2024-08-16,MBB,30250.0,30800.0,29950.0,30650.0,21092095
2024-08-19,MBB,30550.0,31450.0,30350.0,31400.0,24156529
2024-08-20,MBB,31350.0,31550.0,30850.0,31050.0,25659691
2024-08-21,MBB,30900.0,31100.0,30800.0,30850.0,29389049
2024-08-22,MBB,30650.0,31100.0,30550.0,31000.0,30790258
2024-08-23,MBB,31150.0,31400.0,31050.0,31100.0,20204160
2024-08-26,MBB,31000.0,31100.0,30550.0,30750.0,26997706
2024-08-27,MBB,30700.0,30850.0,30600.0,30750.0,25852813
2024-08-28,MBB,30800.0,30900.0,30250.0,30300.0,25533276
2024-08-29,MBB,30350.0,30400.0,30000.0,30150.0,24867548
2024-08-30,MBB,30200.0,30250.0,29200.0,29550.0,24389077
2024-09-02,MBB,29700.0,30100.0,29200.0,29300.0,31897788
2024-09-03,MBB,29350.0,29350.0,29250.0,29300.0,22438376
2024-09-04,MBB,29350.0,29650.0,29350.0,29400.0,28579785
2024-09-05,MBB,29300.0,29500.0,29150.0,29500.0,16157255
2024-09-06,MBB,29550.0,30050.0,29550.0,30000.0,30388368
2024-09-09,MBB,30050.0,30550.0,29900.0,30550.0,23579185
2024-09-10,MBB,30400.0,30900.0,30100.0,30900.0,21323998
2024-09-11,MBB,31000.0,31850.0,30800.0,31600.0,33573782
2024-09-12,MBB,31550.0,31750.0,30800.0,31100.0,31370743
2024-09-13,MBB,30850.0,30900.0,30050.0,30300.0,32587660
2024-09-16,MBB,30450.0,30750.0,29700.0,29700.0,24647819
2024-09-17,MBB,29700.0,30150.0,29600.0,30100.0,30609195
2024-09-18,MBB,30200.0,30400.0,29100.0,29300.0,32633966
2024-09-19,MBB,29450.0,29700.0,29100.0,29300.0,25215414
2024-09-20,MBB,29300.0,29650.0,29250.0,29500.0,20031195
2024-09-23,MBB,29500.0,29950.0,29300.0,29850.0,21326321
2024-09-24,MBB,29800.0,30500.0,29650.0,30250.0,28657402
2024-09-25,MBB,30300.0,30350.0,30000.0,30150.0,21621808
2024-09-26,MBB,30050.0,31000.0,30050.0,31000.0,33578716
2024-09-27,MBB,31000.0,31200.0,30850.0,30950.0,23925936
2024-09-30,MBB,31000.0,31600.0,30750.0,31100.0,32832416
2024-10-01,MBB,31150.0,31400.0,30750.0,30800.0,30548244
2024-10-02,MBB,30550.0,31050.0,30500.0,30900.0,31486415
2024-10-03,MBB,31000.0,31150.0,30850.0,31100.0,22062658
2024-10-04,MBB,31100.0,31750.0,30900.0,31650.0,33954286
2024-10-07,MBB,31400.0,31650.0,31200.0,31450.0,18364615
2024-10-08,MBB,31500.0,31600.0,31250.0,31250.0,18612935
2024-10-09,MBB,31350.0,31500.0,30750.0,31150.0,28232088
2024-10-10,MBB,31100.0,31650.0,31000.0,31650.0,24005608
2024-10-11,MBB,31650.0,31700.0,31100.0,31200.0,30315332
2024-10-14,MBB,31350.0,31400.0,30550.0,30750.0,30220633
2024-10-15,MBB,30650.0,31350.0,30500.0,31200.0,25086836
2024-10-16,MBB,31300.0,31350.0,30900.0,31000.0,26141031
2024-10-17,MBB,30900.0,31150.0,30300.0,30450.0,33807345
2024-10-18,MBB,30450.0,30850.0,30350.0,30550.0,24384985
2024-10-21,MBB,30750.0,30850.0,29950.0,30000.0,21235558
2024-10-22,MBB,29950.0,30600.0,29600.0,30500.0,31208080
2024-10-23,MBB,30700.0,31250.0,30650.0,31200.0,22566354
2024-10-24,MBB,31450.0,32150.0,31300.0,31950.0,29740245
2024-10-25,MBB,31950.0,32250.0,31900.0,32250.0,21614584
2024-10-28,MBB,32100.0,32400.0,31350.0,31600.0,29086682
2024-10-29,MBB,31500.0,33050.0,31400.0,32950.0,28825213
2024-10-30,MBB,32800.0,33050.0,32650.0,32700.0,23791765
2024-10-31,MBB,32900.0,33100.0,32850.0,32950.0,17261114
2024-11-01,MBB,33050.0,33100.0,32750.0,32850.0,21803698
2024-11-04,MBB,32950.0,33350.0,32300.0,32450.0,32051852
2024-11-05,MBB,32500.0,32700.0,31250.0,31350.0,33520373
2024-11-06,MBB,31250.0,31400.0,31250.0,31300.0,23360203
2024-11-07,MBB,31250.0,31700.0,31250.0,31650.0,26869009
2024-11-08,MBB,31850.0,32250.0,30000.0,30150.0,40525031
2024-11-11,MBB,30300.0,30450.0,30000.0,30250.0,18703194
2024-11-12,MBB,30150.0,30400.0,29800.0,30000.0,29790210
2024-11-13,MBB,30050.0,30850.0,30000.0,30700.0,22414883
2024-11-14,MBB,30600.0,31550.0,30550.0,31500.0,32276237
2024-11-15,MBB,31700.0,32600.0,31600.0,32500.0,28528692
2024-11-18,MBB,32500.0,33050.0,32450.0,32650.0,24201111
2024-11-19,MBB,32600.0,32800.0,32050.0,32350.0,27254430
2024-11-20,MBB,32200.0,32700.0,31700.0,32700.0,29991547
2024-11-21,MBB,32700.0,32800.0,32600.0,32750.0,22500530
2024-11-22,MBB,32700.0,33450.0,32550.0,33250.0,20092090
2024-11-25,MBB,33200.0,33400.0,33150.0,33300.0,24475678
2024-11-26,MBB,33250.0,33900.0,33050.0,33600.0,27090843
2024-11-27,MBB,33200.0,34200.0,33200.0,34050.0,28630944
2024-11-28,MBB,34250.0,35100.0,34250.0,34950.0,33114212
2024-11-29,MBB,35150.0,35450.0,34700.0,34750.0,30379706
2024-12-02,MBB,34650.0,34750.0,34300.0,34400.0,22482763
2024-12-03,MBB,34300.0,35750.0,34100.0,35600.0,38818755
2024-12-04,MBB,35500.0,36150.0,35450.0,36000.0,25051005
2024-12-05,MBB,35850.0,36750.0,35550.0,36700.0,33174239
2024-12-06,MBB,36550.0,36650.0,36400.0,36450.0,28772269
2024-12-09,MBB,36750.0,36800.0,36650.0,36700.0,17496995
2024-12-10,MBB,36550.0,38250.0,36350.0,38000.0,27884904
2024-12-11,MBB,38000.0,39150.0,38000.0,39000.0,23837908
2024-12-12,MBB,39150.0,39900.0,38950.0,39550.0,19200585
2024-12-13,MBB,39450.0,39650.0,38650.0,38750.0,30743772
2024-12-16,MBB,38600.0,38750.0,36950.0,37250.0,35957112
2024-12-17,MBB,37250.0,37300.0,36600.0,36850.0,25929492
2024-12-18,MBB,36950.0,37050.0,35200.0,35250.0,31192193
2024-12-19,MBB,35100.0,35100.0,34000.0,34250.0,31442289
2024-12-20,MBB,34200.0,34650.0,33950.0,33950.0,19304919
2024-12-23,MBB,33850.0,34000.0,33550.0,33650.0,21654955
2024-12-24,MBB,33700.0,33700.0,33350.0,33400.0,19786004
2024-12-25,MBB,33450.0,35750.0,33300.0,35400.0,37605045
2024-12-26,MBB,35500.0,35650.0,35350.0,35400.0,28829848
2024-12-27,MBB,35600.0,35650.0,35500.0,35600.0,23668165
2024-12-30,MBB,35400.0,36100.0,35250.0,36000.0,29445598
2024-12-31,MBB,35900.0,37150.0,35750.0,36950.0,29365536
2025-01-01,MBB,37050.0,37200.0,36700.0,36900.0,19848125
2025-01-02,MBB,36850.0,37650.0,36700.0,37500.0,33492955
2025-01-03,MBB,37400.0,37500.0,36850.0,37050.0,28034470
2025-01-06,MBB,36900.0,37000.0,35450.0,35900.0,34640472
2025-01-07,MBB,36000.0,36500.0,35550.0,36400.0,27505832
2025-01-08,MBB,36300.0,36650.0,35300.0,35500.0,36584500
2025-01-09,MBB,35450.0,35900.0,34900.0,35300.0,32760265
2025-01-10,MBB,35250.0,36300.0,35050.0,36250.0,36216394
2025-01-13,MBB,36200.0,36400.0,35850.0,36150.0,23595439
2025-01-14,MBB,36600.0,36900.0,36050.0,36300.0,22018484
2025-01-15,MBB,36150.0,36250.0,36000.0,36200.0,22937497
2025-01-16,MBB,36000.0,36400.0,35450.0,35500.0,34153360
2025-01-17,MBB,35600.0,36750.0,35450.0,36550.0,26570982
2025-01-20,MBB,36250.0,37350.0,36000.0,37350.0,32499726
2025-01-21,MBB,37250.0,37450.0,37150.0,37250.0,29036658
2025-01-22,MBB,37400.0,37600.0,37250.0,37400.0,15214051
2025-01-23,MBB,37400.0,37600.0,37150.0,37200.0,28879665
2025-01-24,MBB,37150.0,37400.0,36800.0,36850.0,22834992
2025-01-27,MBB,37200.0,37350.0,36600.0,36650.0,27769676
2025-01-28,MBB,36400.0,37400.0,36050.0,37400.0,23637672
2025-01-29,MBB,37600.0,37700.0,36300.0,36300.0,27778465
2025-01-30,MBB,36450.0,37200.0,36350.0,36750.0,23376736
2025-01-31,MBB,36450.0,38600.0,36350.0,38350.0,37608906
2025-02-03,MBB,38600.0,39000.0,38600.0,38950.0,27929227
2025-02-04,MBB,39250.0,39850.0,39050.0,39700.0,18837943
2025-02-05,MBB,39800.0,41350.0,39500.0,41000.0,37385143
2025-02-06,MBB,41050.0,41100.0,39800.0,39850.0,29885178
2025-02-07,MBB,39950.0,40250.0,39100.0,39200.0,23133263
2025-02-10,MBB,39000.0,39800.0,38750.0,39800.0,32129445
2025-02-11,MBB,39750.0,40400.0,39500.0,40400.0,29363207
2025-02-12,MBB,40250.0,41750.0,40200.0,41250.0,27943407
2025-02-13,MBB,41100.0,43600.0,40900.0,43150.0,37243020
2025-02-14,MBB,43050.0,43700.0,42900.0,43650.0,19760536
2025-02-17,MBB,43300.0,43600.0,42700.0,42950.0,26119312
2025-02-18,MBB,42950.0,43600.0,42300.0,43600.0,34544975
2025-02-19,MBB,43450.0,44000.0,41700.0,41700.0,32133014
2025-02-20,MBB,41750.0,44600.0,41150.0,44400.0,39268636
2025-02-21,MBB,44300.0,44400.0,43300.0,43450.0,24999623
2025-02-24,MBB,43650.0,44100.0,43350.0,43950.0,29164413
2025-02-25,MBB,44050.0,44250.0,42200.0,42450.0,32467678
2025-02-26,MBB,42550.0,43350.0,42050.0,43250.0,24617842
2025-02-27,MBB,43300.0,43750.0,43000.0,43500.0,18063517
2025-02-28,MBB,43800.0,43950.0,43450.0,43800.0,24938204
2025-03-03,MBB,43600.0,43900.0,43300.0,43650.0,17086698
2025-03-04,MBB,43950.0,44000.0,43400.0,43850.0,24185109
2025-03-05,MBB,43700.0,44800.0,43400.0,44800.0,30706078
2025-03-06,MBB,44750.0,46250.0,44300.0,46150.0,32009220
2025-03-07,MBB,46150.0,46150.0,45450.0,45850.0,22900419
2025-03-10,MBB,45750.0,45800.0,45250.0,45250.0,24137218
2025-03-11,MBB,44950.0,45250.0,44750.0,45250.0,29778855
2025-03-12,MBB,45400.0,45550.0,45200.0,45450.0,25160536
2025-03-13,MBB,45150.0,46600.0,44950.0,46300.0,26558749
2025-03-14,MBB,46100.0,46950.0,45800.0,46750.0,26308410
2025-03-17,MBB,46800.0,47050.0,46300.0,46650.0,29993053
2025-03-18,MBB,46400.0,47350.0,46250.0,47000.0,29546007
2025-03-19,MBB,47000.0,47500.0,47000.0,47300.0,23700010
2025-03-20,MBB,47300.0,47950.0,47150.0,47250.0,30105854
2025-03-21,MBB,47250.0,47800.0,46800.0,47450.0,24931830
2025-03-24,MBB,47550.0,48250.0,47200.0,47500.0,28409353
2025-03-25,MBB,47300.0,47500.0,46150.0,46550.0,29520503
2025-03-26,MBB,46450.0,46800.0,45450.0,46000.0,27446954
2025-03-27,MBB,45900.0,45900.0,45350.0,45600.0,25844624
2025-03-28,MBB,45750.0,46100.0,45000.0,45000.0,29698225
2025-03-31,MBB,44900.0,45350.0,44850.0,45000.0,25207368
2025-04-01,MBB,45100.0,45300.0,44000.0,44100.0,26698440
2025-04-02,MBB,44050.0,44750.0,44000.0,44700.0,20472779
2025-04-03,MBB,44750.0,45150.0,42900.0,43200.0,34111473
2025-04-04,MBB,43000.0,44600.0,42750.0,44150.0,37856639
2025-04-07,MBB,44200.0,44450.0,43050.0,43300.0,27992060
2025-04-08,MBB,43400.0,44300.0,43400.0,44100.0,19739183
2025-04-09,MBB,44000.0,44550.0,43850.0,44150.0,23280616
2025-04-10,MBB,44400.0,44550.0,43200.0,43200.0,28243928
2025-04-11,MBB,43150.0,43600.0,43050.0,43400.0,22378059
2025-04-14,MBB,43450.0,43950.0,42450.0,42450.0,35023933
2025-04-15,MBB,42600.0,42750.0,41850.0,42250.0,30537842
2025-04-16,MBB,42450.0,42650.0,42000.0,42650.0,17924551
2025-04-17,MBB,42600.0,42900.0,42500.0,42900.0,24332293
2025-04-18,MBB,42800.0,43850.0,42600.0,43700.0,24659301
2025-04-21,MBB,43550.0,43900.0,43200.0,43300.0,28868677
2025-04-22,MBB,43350.0,43400.0,42450.0,42450.0,32492140
2025-04-23,MBB,42250.0,42750.0,41950.0,42050.0,31771704
2025-04-24,MBB,42250.0,42500.0,41100.0,41250.0,26072537
2025-04-25,MBB,41450.0,41900.0,40100.0,40500.0,26886516
2025-04-28,MBB,40400.0,41150.0,40250.0,40950.0,29696641
2025-04-29,MBB,40750.0,40950.0,40350.0,40550.0,19897710
2025-04-30,MBB,40900.0,41650.0,40200.0,40450.0,28088535
2025-05-01,MBB,40650.0,40650.0,40550.0,40650.0,22979386
2025-05-02,MBB,40600.0,42400.0,40550.0,41950.0,24596379
2025-05-05,MBB,41950.0,42600.0,41750.0,42500.0,28368322
2025-05-06,MBB,42750.0,43150.0,42650.0,42800.0,17437533
2025-05-07,MBB,42800.0,43350.0,42400.0,43200.0,29978069
2025-05-08,MBB,43350.0,43750.0,41950.0,42100.0,36569337
2025-05-09,MBB,42350.0,42950.0,41750.0,42200.0,29903981
2025-05-12,MBB,42000.0,42000.0,41350.0,41450.0,25375401
2025-05-13,MBB,41450.0,41850.0,40850.0,41050.0,20797063
2025-05-14,MBB,41200.0,41300.0,40750.0,40750.0,29937432
2025-05-15,MBB,40800.0,41150.0,40500.0,40900.0,18634359
2025-05-16,MBB,41000.0,42200.0,40950.0,41900.0,24746121
2025-05-19,MBB,41600.0,41750.0,41500.0,41600.0,24044311
2025-05-20,MBB,41600.0,41600.0,40600.0,40700.0,23179997
2025-05-21,MBB,40500.0,42150.0,40400.0,41950.0,36278671
2025-05-22,MBB,42150.0,43900.0,41800.0,43450.0,38150297
2025-05-23,MBB,43350.0,43450.0,41550.0,41800.0,25029579
2025-05-26,MBB,41850.0,42300.0,41400.0,42150.0,19893368
2025-05-27,MBB,41950.0,43400.0,41950.0,43350.0,23266518
2025-05-28,MBB,43500.0,44250.0,42600.0,43100.0,29193395
2025-05-29,MBB,43400.0,43900.0,43200.0,43300.0,26621171
2025-05-30,MBB,43100.0,43300.0,42650.0,42750.0,29287353
2025-06-02,MBB,42750.0,42950.0,42250.0,42250.0,20973224
2025-06-03,MBB,41900.0,42750.0,41850.0,42600.0,19579831
2025-06-04,MBB,42750.0,44450.0,42550.0,43950.0,36514906
2025-06-05,MBB,44350.0,45450.0,43900.0,44850.0,26595436
2025-06-06,MBB,45050.0,46250.0,45000.0,46250.0,25869670
2025-06-09,MBB,46350.0,46400.0,44250.0,44500.0,28375982
2025-06-10,MBB,44650.0,45750.0,44450.0,45650.0,33647677
2025-06-11,MBB,45500.0,45750.0,45250.0,45750.0,27387285
2025-06-12,MBB,45350.0,45400.0,44100.0,44450.0,23106746
2025-06-13,MBB,44650.0,44650.0,43750.0,44050.0,32260296
2025-06-16,MBB,44300.0,44350.0,42950.0,43150.0,23108349
2025-06-17,MBB,43100.0,43450.0,42700.0,43350.0,17795852
2025-06-18,MBB,43150.0,44250.0,42950.0,43900.0,33325728
2025-06-19,MBB,43900.0,45550.0,43750.0,45500.0,29563165
2025-06-20,MBB,45600.0,47000.0,45500.0,46900.0,28055308
2025-06-23,MBB,47000.0,47450.0,46900.0,47200.0,18748403
2025-06-24,MBB,47300.0,47950.0,47200.0,47500.0,20693985
2025-06-25,MBB,47150.0,48650.0,47000.0,48650.0,30213932
2025-06-26,MBB,48800.0,49700.0,48350.0,49450.0,23189708
2025-06-27,MBB,49150.0,49800.0,48950.0,49600.0,27892389
2025-06-30,MBB,49750.0,51350.0,49600.0,50950.0,30262730
2025-07-01,MBB,51300.0,51900.0,49400.0,49800.0,29400811
2025-07-02,MBB,49550.0,50500.0,49500.0,50000.0,24842350
2025-07-03,MBB,50200.0,51500.0,50150.0,51050.0,19817356
2025-07-04,MBB,50800.0,51550.0,50450.0,51350.0,22707189
2025-07-07,MBB,51550.0,51700.0,51000.0,51200.0,23078501
2025-07-08,MBB,51350.0,51850.0,51000.0,51000.0,28361107
2025-07-09,MBB,51050.0,52100.0,50550.0,51950.0,21536283
2025-07-10,MBB,52100.0,52150.0,51300.0,51400.0,23624184
2025-07-11,MBB,51300.0,51300.0,49850.0,50450.0,29389731
2025-07-14,MBB,50350.0,51300.0,50200.0,51000.0,27841400
2025-07-15,MBB,50350.0,50700.0,49850.0,50550.0,17656461
2025-07-16,MBB,50250.0,51000.0,49850.0,50250.0,21977177
2025-07-17,MBB,50700.0,50950.0,49400.0,49400.0,25959564
2025-07-18,MBB,49000.0,49350.0,48650.0,49300.0,21120554
2025-07-21,MBB,48950.0,50450.0,48700.0,50200.0,30825381
2025-07-22,MBB,49950.0,49950.0,48450.0,48750.0,24698185
2025-07-23,MBB,48950.0,49900.0,48850.0,49850.0,30288518
2025-07-24,MBB,50000.0,50050.0,48900.0,49050.0,24958708
2025-07-25,MBB,48800.0,48950.0,47600.0,47900.0,31647607
2025-07-28,MBB,47650.0,49450.0,47450.0,48700.0,34369399
2025-07-29,MBB,48500.0,48700.0,48150.0,48550.0,24267211
2025-07-30,MBB,48500.0,48600.0,48250.0,48400.0,16836995
2025-07-31,MBB,48250.0,48550.0,47800.0,47900.0,19167533
2025-08-01,MBB,48000.0,48100.0,46400.0,47000.0,34903395
2025-08-04,MBB,46800.0,46850.0,45350.0,45800.0,24567587
2025-08-05,MBB,45850.0,47150.0,45750.0,46950.0,27439935
2025-08-06,MBB,47300.0,48300.0,47200.0,48050.0,30540215
2025-08-07,MBB,48300.0,48650.0,48250.0,48350.0,24713392
2025-08-08,MBB,48500.0,48750.0,47150.0,47550.0,32446877
2025-08-11,MBB,47950.0,48350.0,47850.0,48100.0,24354823
2025-08-12,MBB,48050.0,50050.0,47950.0,49850.0,26123286
2025-08-13,MBB,50050.0,50100.0,48450.0,48600.0,30952829
2025-08-14,MBB,48300.0,49850.0,48250.0,49500.0,21573812
2025-08-15,MBB,49700.0,50150.0,49400.0,49800.0,28319936
2025-08-18,MBB,50050.0,50650.0,49750.0,49900.0,18940616
2025-08-19,MBB,49950.0,50000.0,48350.0,48550.0,24816787
2025-08-20,MBB,48300.0,48700.0,48250.0,48600.0,26260998
2025-08-21,MBB,48750.0,49150.0,47500.0,47700.0,35647130
2025-08-22,MBB,47850.0,48300.0,46950.0,47600.0,24805125
2025-08-25,MBB,47850.0,48000.0,46250.0,46700.0,34939186
2025-08-26,MBB,46850.0,47950.0,46800.0,47750.0,31176099
2025-08-27,MBB,47900.0,50350.0,47450.0,49950.0,35111447
2025-08-28,MBB,50000.0,50650.0,49850.0,50550.0,29347801
2025-08-29,MBB,50750.0,50900.0,48900.0,49000.0,32006871
2025-09-01,MBB,48750.0,49250.0,46800.0,46800.0,31409658
2025-09-02,MBB,46800.0,47400.0,46750.0,47350.0,29313007
2025-09-03,MBB,47050.0,48250.0,46800.0,47950.0,25119301
2025-09-04,MBB,47750.0,49650.0,47750.0,49350.0,24188284
2025-09-05,MBB,49400.0,49650.0,49100.0,49250.0,23751574
2025-09-08,MBB,49350.0,51850.0,49350.0,51550.0,36468430
2025-09-09,MBB,51550.0,52550.0,51300.0,52300.0,30558648
2025-09-10,MBB,52300.0,53900.0,51900.0,53500.0,26190962
2025-09-11,MBB,53200.0,53300.0,52850.0,52900.0,27058522
2025-09-12,MBB,53000.0,53400.0,50900.0,51150.0,33102385
2025-09-15,MBB,51050.0,52700.0,50950.0,51850.0,24808798
2025-09-16,MBB,51550.0,51650.0,50050.0,50600.0,31746634
2025-09-17,MBB,50250.0,50350.0,49950.0,50250.0,22819857
2025-09-18,MBB,50400.0,51200.0,50400.0,50950.0,23633429
2025-09-19,MBB,50900.0,51750.0,50300.0,51200.0,30516944
2025-09-22,MBB,51150.0,51450.0,49750.0,50100.0,22034497
2025-09-23,MBB,50000.0,50600.0,48200.0,48300.0,30821026
2025-09-24,MBB,48450.0,49250.0,48400.0,49200.0,21290318
2025-09-25,MBB,49050.0,49750.0,48550.0,49350.0,29698035
2025-09-26,MBB,49400.0,49950.0,49050.0,49850.0,24757268
2025-09-29,MBB,49950.0,50600.0,49650.0,50450.0,26336953
2025-09-30,MBB,50550.0,50850.0,50250.0,50850.0,20395054
2025-10-01,MBB,51100.0,52100.0,50550.0,51950.0,30848414
2025-10-02,MBB,51900.0,52550.0,50700.0,51050.0,25671963
2025-10-03,MBB,50800.0,51450.0,49750.0,50150.0,24187082
2025-10-06,MBB,50450.0,50700.0,50100.0,50350.0,24897517
2025-10-07,MBB,50150.0,50250.0,50100.0,50250.0,16787041
2025-10-08,MBB,50100.0,50450.0,50100.0,50300.0,15042128
2025-10-09,MBB,50050.0,51250.0,50000.0,50350.0,31494320
2025-10-10,MBB,50100.0,51350.0,50050.0,50950.0,20186748
2025-10-13,MBB,50800.0,52350.0,50050.0,52300.0,38144087
2025-10-14,MBB,52350.0,53150.0,52000.0,52700.0,21648466
2025-10-15,MBB,52600.0,53600.0,52500.0,53500.0,21138641
2025-10-16,MBB,53350.0,55800.0,53250.0,55200.0,25159515
2025-10-17,MBB,55200.0,55200.0,53250.0,53700.0,27040881
2025-10-20,MBB,53500.0,54850.0,53450.0,54750.0,27419504
2025-10-21,MBB,54800.0,55200.0,54700.0,54700.0,27477890
2025-10-22,MBB,54650.0,54650.0,54400.0,54600.0,16120584
2025-10-23,MBB,54450.0,54750.0,54350.0,54650.0,22046995
2025-10-24,MBB,54750.0,56050.0,54700.0,55850.0,32356037
2025-10-27,MBB,55650.0,56450.0,55000.0,55000.0,33332295
2025-10-28,MBB,54800.0,55700.0,54600.0,55550.0,29685002
2025-10-29,MBB,55450.0,55900.0,54750.0,54800.0,27110979
2025-10-30,MBB,54450.0,55350.0,54000.0,54300.0,28171671
2025-10-31,MBB,53950.0,55100.0,53750.0,54700.0,25153821
2025-11-03,MBB,54200.0,56050.0,53850.0,55650.0,34654663
2025-11-04,MBB,55850.0,56000.0,55000.0,55150.0,25185816
2025-11-05,MBB,55200.0,58000.0,54800.0,57300.0,29727255
2025-11-06,MBB,57550.0,57750.0,55100.0,55850.0,36585939
2025-11-07,MBB,55800.0,57800.0,55550.0,57200.0,33982311
2025-11-10,MBB,57100.0,58650.0,56900.0,58600.0,31035745
2025-11-11,MBB,58550.0,58950.0,57050.0,57450.0,31133179
2025-11-12,MBB,57300.0,57500.0,57000.0,57100.0,15579642
2025-11-13,MBB,57000.0,57700.0,56400.0,57600.0,26281982
2025-11-14,MBB,57900.0,58100.0,57250.0,58050.0,26045397
2025-11-17,MBB,58450.0,59100.0,58200.0,59000.0,19687282
2025-11-18,MBB,58900.0,61250.0,58500.0,61200.0,25164026
2025-11-19,MBB,61600.0,62800.0,61200.0,61600.0,21465916
2025-11-20,MBB,61700.0,61850.0,60050.0,60200.0,28979652
2025-11-21,MBB,60150.0,60200.0,58850.0,58950.0,25676405
2025-11-24,MBB,59150.0,59400.0,55850.0,56300.0,38630785
2025-11-25,MBB,56350.0,57600.0,55650.0,57200.0,27137849
2025-11-26,MBB,57300.0,57450.0,56750.0,56800.0,22517668
2025-11-27,MBB,56600.0,59100.0,56200.0,59000.0,36598609
2025-11-28,MBB,58950.0,59750.0,58250.0,58300.0,21597746
2025-12-01,MBB,58500.0,58750.0,57850.0,57950.0,19845531
2025-12-02,MBB,57550.0,57750.0,57300.0,57500.0,16972455
2025-12-03,MBB,57650.0,58100.0,57300.0,57400.0,25255412
2025-12-04,MBB,57500.0,57700.0,56950.0,56950.0,27763228
2025-12-05,MBB,56800.0,57200.0,55700.0,56450.0,25654932
2025-12-08,MBB,56600.0,57150.0,56450.0,56950.0,28125173
2025-12-09,MBB,57350.0,57950.0,57150.0,57700.0,21255399
2025-12-10,MBB,57650.0,57950.0,57150.0,57850.0,27270594
2025-12-11,MBB,57650.0,57900.0,57600.0,57750.0,26221776
2025-12-12,MBB,57400.0,57950.0,57400.0,57450.0,27919964
2025-12-15,MBB,57950.0,58450.0,57700.0,57850.0,26449755
2025-12-16,MBB,57750.0,57900.0,57350.0,57900.0,18929852
2025-12-17,MBB,58150.0,58500.0,57050.0,57300.0,22546594
2025-12-18,MBB,57300.0,57550.0,56150.0,56150.0,21622114
2025-12-19,MBB,56000.0,56250.0,54750.0,55050.0,32284108
2025-12-22,MBB,55250.0,56500.0,54750.0,56100.0,22829702
2025-12-23,MBB,56300.0,56350.0,54450.0,54750.0,30135370
2025-12-24,MBB,54750.0,55800.0,54400.0,55400.0,21887102
2025-12-25,MBB,55250.0,55600.0,54950.0,55350.0,22304145
2025-12-26,MBB,55450.0,55600.0,54750.0,55550.0,19014757
2025-12-29,MBB,56200.0,56250.0,55250.0,55600.0,27904962
2025-12-30,MBB,55450.0,56850.0,55250.0,56400.0,33898734
2025-12-31,MBB,56400.0,56450.0,55050.0,55200.0,33181710
2026-01-01,MBB,55200.0,56250.0,55000.0,56250.0,27317464
2026-01-02,MBB,56400.0,57150.0,55850.0,57100.0,30688757
2026-01-05,MBB,57600.0,57800.0,56200.0,56500.0,25574054
2026-01-06,MBB,56600.0,57750.0,56400.0,57600.0,29052188
2026-01-07,MBB,57800.0,58050.0,56700.0,57000.0,32124917
2026-01-08,MBB,57300.0,58000.0,57100.0,57950.0,29708404
2026-01-09,MBB,58200.0,58500.0,55950.0,56700.0,37746242
2026-01-12,MBB,56550.0,56950.0,55000.0,55850.0,36214420
2026-01-13,MBB,55400.0,55500.0,55000.0,55300.0,19643548
2026-01-14,MBB,55200.0,55500.0,53400.0,53450.0,29103281
2026-01-15,MBB,53700.0,53800.0,52300.0,52750.0,29095526
2026-01-16,MBB,52850.0,53600.0,52400.0,53500.0,22701350
2026-01-19,MBB,53650.0,55300.0,53450.0,55150.0,22149049
2026-01-20,MBB,55300.0,55800.0,53050.0,53100.0,38967244
2026-01-21,MBB,53250.0,53850.0,51900.0,51900.0,35218891
2026-01-22,MBB,51600.0,53200.0,51250.0,53050.0,33247956
2026-01-23,MBB,52850.0,52950.0,52650.0,52700.0,17775889
2026-01-26,MBB,52750.0,53700.0,52400.0,53550.0,28882772
2026-01-27,MBB,53650.0,54400.0,53550.0,54100.0,29465446
2026-01-28,MBB,54300.0,55900.0,53850.0,55600.0,26433409
2026-01-29,MBB,55800.0,57600.0,55700.0,57350.0,25479164
2026-01-30,MBB,57600.0,57800.0,54550.0,55250.0,36140572
2026-02-02,MBB,55350.0,55500.0,55200.0,55250.0,25438648
2026-02-03,MBB,55300.0,55550.0,54100.0,54150.0,27266133
2026-02-04,MBB,54350.0,54450.0,54200.0,54350.0,16764134
2026-02-05,MBB,54200.0,54650.0,53400.0,53900.0,22350300
2026-02-06,MBB,53900.0,54700.0,53900.0,54300.0,17628247
2026-02-09,MBB,54200.0,55400.0,53800.0,55400.0,27251555
2026-02-10,MBB,55550.0,55850.0,55400.0,55450.0,19247251
2026-02-11,MBB,55150.0,55250.0,54400.0,54800.0,27706706
2026-02-12,MBB,54600.0,54900.0,54050.0,54250.0,26370294
2026-02-13,MBB,53850.0,54950.0,53850.0,54700.0,28460294
2026-02-16,MBB,54250.0,55550.0,54100.0,55100.0,27678203
2026-02-17,MBB,55050.0,55250.0,54850.0,55250.0,17968135
2026-02-18,MBB,54950.0,57000.0,54800.0,56600.0,28293109
2026-02-19,MBB,56650.0,56750.0,55400.0,55450.0,32722230
2026-02-20,MBB,55500.0,56150.0,55050.0,55450.0,27294737
2026-02-23,MBB,55850.0,56050.0,54550.0,54950.0,33423963
2026-02-24,MBB,54800.0,55850.0,54400.0,55600.0,32455524
2026-02-25,MBB,56000.0,56050.0,55600.0,55900.0,25400053
2026-02-26,MBB,56150.0,57950.0,55900.0,57500.0,32692610
2026-02-27,MBB,57400.0,57750.0,56950.0,57100.0,28047832
2026-03-02,MBB,57000.0,58750.0,56800.0,58550.0,32809798
2026-03-03,MBB,58350.0,59300.0,58000.0,59250.0,29711151
2026-03-04,MBB,59300.0,61000.0,58750.0,60700.0,31098856
2026-03-05,MBB,60500.0,62500.0,60350.0,62350.0,31978829
2026-03-06,MBB,62650.0,63450.0,62150.0,63450.0,19236265
2026-03-09,MBB,62950.0,65250.0,62700.0,65200.0,29229096
2026-03-10,MBB,65450.0,67200.0,64600.0,67150.0,24429083
2026-03-11,MBB,67150.0,67600.0,66650.0,67550.0,21897986
2026-03-12,MBB,67600.0,67900.0,65600.0,66250.0,28664045
2026-03-13,MBB,65850.0,65950.0,64700.0,65150.0,29785353
2026-03-16,MBB,65600.0,65700.0,64150.0,64550.0,31558193
2026-03-17,MBB,64700.0,65700.0,63200.0,63200.0,32014296
2026-03-18,MBB,63250.0,63700.0,62100.0,62350.0,19696105
2026-03-19,MBB,61800.0,61850.0,61350.0,61450.0,23933090
2026-03-20,MBB,61450.0,62950.0,61050.0,62800.0,32264037
2026-03-23,MBB,62700.0,63000.0,62250.0,62350.0,26859308
2026-03-24,MBB,62450.0,62550.0,61350.0,61400.0,25173793
2026-03-25,MBB,61450.0,61800.0,58750.0,59250.0,36741834
2026-03-26,MBB,59400.0,59450.0,57750.0,58100.0,26916830
2026-03-27,MBB,57900.0,58950.0,57450.0,58400.0,25124485
2026-03-30,MBB,58350.0,59350.0,57850.0,58850.0,31186181
2026-03-31,MBB,59200.0,60450.0,58950.0,60000.0,25622924
2026-04-01,MBB,59850.0,61200.0,59700.0,60500.0,28455356
2026-04-02,MBB,60800.0,61300.0,59450.0,59600.0,24354857
2026-04-03,MBB,59400.0,60400.0,59400.0,59800.0,25242191
2026-04-06,MBB,59650.0,59750.0,58700.0,59300.0,30125258
2026-04-07,MBB,58900.0,58900.0,58400.0,58700.0,24962542
2026-04-08,MBB,59050.0,60150.0,58900.0,58900.0,28285530
2026-04-09,MBB,59200.0,60650.0,59100.0,60400.0,25202651
2026-04-10,MBB,60800.0,60850.0,60550.0,60650.0,26602821
2026-04-13,MBB,60700.0,61650.0,60550.0,61600.0,23019585
2026-04-14,MBB,61750.0,61800.0,60900.0,61300.0,20126442
2026-04-15,MBB,61150.0,61450.0,57750.0,57750.0,42609856
2026-04-16,MBB,57400.0,58550.0,57250.0,57900.0,31205320
2026-04-17,MBB,57750.0,59200.0,57350.0,58050.0,28861895
2026-04-20,MBB,58050.0,58900.0,57850.0,58300.0,31574868
2026-04-21,MBB,58150.0,58150.0,57150.0,57700.0,28737521
2026-04-22,MBB,57700.0,57900.0,56200.0,56250.0,24839451
2026-04-23,MBB,55750.0,56400.0,55050.0,56400.0,26826876
2026-04-24,MBB,56100.0,57550.0,56050.0,57200.0,32232269
2026-04-27,MBB,57600.0,58650.0,57400.0,58100.0,19759612
2026-04-28,MBB,58350.0,58400.0,58050.0,58250.0,23855076
2026-04-29,MBB,58150.0,58150.0,57900.0,57900.0,24719818
2026-04-30,MBB,57800.0,58000.0,57600.0,57650.0,23927642
2026-05-01,MBB,57750.0,58000.0,57050.0,57150.0,24238943
2026-05-04,MBB,57100.0,57800.0,56900.0,57650.0,22047406
2026-05-05,MBB,57950.0,58300.0,57550.0,57750.0,17819016
2026-05-06,MBB,57750.0,59400.0,57700.0,58750.0,26127268
2026-05-07,MBB,58700.0,58750.0,58500.0,58700.0,25743744
2026-05-08,MBB,59050.0,59200.0,58600.0,58700.0,17580322
2026-05-11,MBB,58450.0,58800.0,57800.0,57950.0,30042971
2026-05-12,MBB,57900.0,58600.0,57650.0,58300.0,22080620
2026-05-13,MBB,58150.0,59350.0,57900.0,59150.0,21292821
2026-05-14,MBB,59350.0,60200.0,59300.0,59600.0,30006123
2026-05-15,MBB,59300.0,60600.0,59300.0,60050.0,19794013
2026-05-18,MBB,59700.0,60600.0,59650.0,60200.0,29087280
2026-05-19,MBB,60200.0,60400.0,59350.0,59700.0,17948185
2026-05-20,MBB,59300.0,60500.0,59150.0,60050.0,25911581
2026-05-21,MBB,60100.0,60400.0,59300.0,59400.0,26091335
2026-05-22,MBB,59650.0,60600.0,56950.0,57000.0,35789649
2026-05-25,MBB,56800.0,56950.0,55100.0,55350.0,24963593
2026-05-26,MBB,55700.0,56000.0,55450.0,55800.0,26526892
2026-05-27,MBB,56050.0,56550.0,55900.0,56350.0,19674927
2026-05-28,MBB,56300.0,56600.0,55900.0,56150.0,24314456
2026-05-29,MBB,56200.0,56250.0,54350.0,54600.0,23554055
2026-06-01,MBB,54600.0,56300.0,54550.0,56200.0,32343101
2026-06-02,MBB,56100.0,56450.0,55350.0,55850.0,25978597
2026-06-03,MBB,56250.0,57500.0,56100.0,57100.0,23914962
2026-06-04,MBB,57000.0,57700.0,56900.0,57500.0,28273441
2026-06-05,MBB,57700.0,59250.0,57100.0,58550.0,35375293
2026-06-08,MBB,58950.0,59950.0,58300.0,59750.0,21742992
2026-06-09,MBB,60100.0,60700.0,58400.0,58450.0,35663094
2026-06-10,MBB,58350.0,58350.0,58000.0,58100.0,27235994
2026-06-11,MBB,58350.0,58600.0,57250.0,57750.0,20863629
2026-06-12,MBB,57350.0,58600.0,56650.0,58600.0,28502971
2026-06-15,MBB,58450.0,59100.0,58400.0,58800.0,27852948
2026-06-16,MBB,58900.0,58950.0,57300.0,57550.0,30687188
2026-06-17,MBB,57400.0,57750.0,56050.0,56300.0,24762024
2026-06-18,MBB,56200.0,59200.0,55950.0,58850.0,28256131
2026-06-19,MBB,58850.0,59350.0,58800.0,59000.0,15208249
2026-06-22,MBB,58700.0,58800.0,57600.0,57950.0,27554134
2026-06-23,MBB,58550.0,59350.0,58000.0,59000.0,32932072
2026-06-24,MBB,59050.0,59500.0,58950.0,59050.0,22061072
2026-06-25,MBB,59200.0,59750.0,59000.0,59250.0,28249394
2026-06-26,MBB,59350.0,60250.0,58950.0,60000.0,31358139
2026-06-29,MBB,60250.0,60800.0,59100.0,59600.0,30210579
2026-06-30,MBB,59500.0,60550.0,59450.0,60200.0,22429298
2026-07-01,MBB,60400.0,61300.0,60350.0,61000.0,29384592
2026-07-02,MBB,61150.0,62550.0,60700.0,62300.0,22488065
2026-07-03,MBB,62500.0,64250.0,62450.0,63750.0,31695553
2026-07-06,MBB,64050.0,64100.0,63950.0,63950.0,22740794
2026-07-07,MBB,63750.0,65300.0,63450.0,64900.0,20553474
2026-07-08,MBB,64800.0,64800.0,62450.0,62600.0,26013743
2026-07-09,MBB,63000.0,63900.0,62850.0,63650.0,29049384
2026-07-10,MBB,63600.0,64000.0,62550.0,63350.0,21493494
2026-07-13,MBB,63450.0,63600.0,62950.0,63550.0,27258708
2026-07-14,MBB,63350.0,64000.0,62600.0,64000.0,32705958
2026-07-15,MBB,64150.0,66800.0,63600.0,65950.0,31998592
2026-07-16,MBB,66200.0,68750.0,65150.0,68700.0,27600200
2026-07-17,MBB,68600.0,69050.0,68200.0,68900.0,22713956
2026-07-20,MBB,68800.0,70750.0,68450.0,70350.0,30253909
2026-07-21,MBB,70250.0,71000.0,69850.0,70300.0,21293371
2026-07-22,MBB,71000.0,71650.0,67300.0,68400.0,31906195
2026-07-23,MBB,68200.0,68250.0,65150.0,65550.0,29443807
2026-07-24,MBB,65750.0,66450.0,65350.0,66300.0,20589629
2026-07-27,MBB,66300.0,66400.0,64350.0,64650.0,24831787
2026-07-28,MBB,64450.0,65600.0,64300.0,65550.0,28023562
2026-07-29,MBB,65350.0,65700.0,64400.0,64650.0,22467843
2026-07-30,MBB,64450.0,64650.0,64150.0,64250.0,19289285
2026-07-31,MBB,64050.0,65350.0,63800.0,65050.0,21779043
2026-08-03,MBB,64900.0,64900.0,63750.0,64050.0,20386486
2026-08-04,MBB,63750.0,66000.0,63500.0,65500.0,35594251
2026-08-05,MBB,65400.0,65700.0,64450.0,64500.0,30281893
2026-08-06,MBB,64700.0,64800.0,63100.0,63250.0,28838118
2026-08-07,MBB,62850.0,64500.0,62350.0,64050.0,35204795
2026-08-10,MBB,64000.0,64850.0,63400.0,63900.0,21818726
2026-08-11,MBB,63850.0,64150.0,63050.0,63550.0,22501901
2026-08-12,MBB,63450.0,64600.0,63300.0,64350.0,27252673
2026-08-13,MBB,64200.0,66200.0,64100.0,66150.0,34485256
2026-08-14,MBB,66250.0,66600.0,66000.0,66250.0,29298858
2026-08-17,MBB,66400.0,66750.0,65550.0,65700.0,25977085
2026-08-18,MBB,65850.0,66600.0,65250.0,65250.0,21691873
2026-08-19,MBB,65350.0,65400.0,63950.0,64050.0,26757243
2026-08-20,MBB,63950.0,64450.0,61650.0,62100.0,33915602
2026-08-21,MBB,62150.0,63000.0,62000.0,62600.0,23862207
2026-08-24,MBB,62450.0,62800.0,62250.0,62350.0,20996330
2026-08-25,MBB,62100.0,62550.0,60350.0,60800.0,29619791
2026-08-26,MBB,60900.0,62150.0,60850.0,62000.0,26489595
2026-08-27,MBB,61750.0,62300.0,61200.0,62150.0,30769559
2026-08-28,MBB,62300.0,62600.0,61600.0,61950.0,26673415
2026-08-31,MBB,62050.0,62450.0,61850.0,62150.0,25066336
