Date,Symbol,Open,High,Low,Close,Volume
2018-01-01,MWG,42050.0,42250.0,41900.0,42000.0,11898286
2018-01-02,MWG,42050.0,43200.0,42000.0,43100.0,11533912
2018-01-03,MWG,43250.0,45000.0,43200.0,44850.0,16869430
2018-01-04,MWG,45150.0,45350.0,44050.0,44100.0,13395811
2018-01-05,MWG,44000.0,44350.0,42850.0,42900.0,14006712
2018-01-08,MWG,43350.0,43800.0,42000.0,42500.0,14341062
2018-01-09,MWG,42400.0,42600.0,41750.0,41800.0,10347787
2018-01-10,MWG,41700.0,43450.0,41400.0,43100.0,15120199
2018-01-11,MWG,43250.0,43550.0,41200.0,41350.0,17010221
2018-01-12,MWG,41150.0,41200.0,39450.0,39450.0,14493988
2018-01-15,MWG,39250.0,40500.0,38850.0,40300.0,15153150
2018-01-16,MWG,40400.0,40400.0,39250.0,39500.0,11906150
2018-01-17,MWG,39600.0,39650.0,38950.0,39150.0,12230139
2018-01-18,MWG,39000.0,39850.0,39000.0,39650.0,9289523
2018-01-19,MWG,39650.0,39800.0,39350.0,39800.0,10188922
2018-01-22,MWG,39800.0,40300.0,39550.0,40150.0,8779262
2018-01-23,MWG,40000.0,41550.0,39950.0,41300.0,15738187
2018-01-24,MWG,41550.0,41550.0,41100.0,41300.0,10051545
2018-01-25,MWG,41500.0,41750.0,40550.0,40750.0,11798992
2018-01-26,MWG,40600.0,41300.0,40600.0,41050.0,12039037
2018-01-29,MWG,41150.0,41200.0,39950.0,40100.0,15455405
2018-01-30,MWG,40100.0,40500.0,39900.0,40350.0,12038222
2018-01-31,MWG,40450.0,40850.0,39550.0,39650.0,13458217
2018-02-01,MWG,39550.0,40000.0,39350.0,39900.0,10178288
2018-02-02,MWG,39900.0,40350.0,39650.0,40150.0,12757472
2018-02-05,MWG,40300.0,40350.0,40100.0,40200.0,11940271
2018-02-06,MWG,40000.0,40200.0,40000.0,40150.0,9814067
2018-02-07,MWG,40100.0,40200.0,39250.0,39500.0,14308484
2018-02-08,MWG,39050.0,40350.0,39000.0,40300.0,16963254
2018-02-09,MWG,40550.0,41550.0,40400.0,41550.0,9990369
2018-02-12,MWG,41650.0,41700.0,41500.0,41500.0,11915956
2018-02-13,MWG,41350.0,41500.0,41050.0,41100.0,13210696
2018-02-14,MWG,41050.0,41650.0,40500.0,41400.0,14542846
2018-02-15,MWG,41300.0,41400.0,39300.0,39650.0,18764900
2018-02-16,MWG,39250.0,39450.0,38900.0,39050.0,10147967
2018-02-19,MWG,39000.0,39050.0,37900.0,37950.0,15302312
2018-02-20,MWG,38000.0,38100.0,37850.0,37950.0,11712999
2018-02-21,MWG,38300.0,38550.0,37550.0,37850.0,9661347
2018-02-22,MWG,37800.0,39650.0,37650.0,39400.0,12836746
2018-02-23,MWG,39600.0,40200.0,39500.0,39850.0,13356867
2018-02-26,MWG,39650.0,39900.0,38200.0,38200.0,14540802
2018-02-27,MWG,38100.0,38450.0,37950.0,38100.0,13463792
2018-02-28,MWG,38100.0,39100.0,38050.0,38900.0,12743939
2018-03-01,MWG,39100.0,40000.0,39050.0,39750.0,14860424
2018-03-02,MWG,39800.0,40200.0,39400.0,39550.0,13766012
2018-03-05,MWG,39550.0,39850.0,38600.0,38800.0,10865003
2018-03-06,MWG,38650.0,39800.0,38100.0,39700.0,17637586
2018-03-07,MWG,39450.0,40100.0,39300.0,39850.0,12104463
2018-03-08,MWG,39950.0,41800.0,39850.0,41750.0,14465658
2018-03-09,MWG,41750.0,41800.0,39900.0,40150.0,15171017
2018-03-12,MWG,40150.0,41450.0,39650.0,41250.0,12094619
2018-03-13,MWG,41200.0,42250.0,41050.0,41950.0,15185475
2018-03-14,MWG,42050.0,42650.0,41850.0,42450.0,13003266
2018-03-15,MWG,42650.0,42950.0,41050.0,41600.0,15089661
2018-03-16,MWG,41550.0,42600.0,41350.0,42350.0,13082180
2018-03-19,MWG,42400.0,42850.0,40650.0,40800.0,14596882
2018-03-20,MWG,40800.0,42550.0,40450.0,42400.0,18468074
2018-03-21,MWG,42400.0,42750.0,41100.0,41600.0,15945467
2018-03-22,MWG,41450.0,41750.0,40900.0,41000.0,11436798
2018-03-23,MWG,41050.0,42000.0,41000.0,41950.0,9870745
2018-03-26,MWG,42000.0,42050.0,40400.0,40950.0,12720838
2018-03-27,MWG,41050.0,41150.0,39900.0,40050.0,11418453
2018-03-28,MWG,40500.0,40600.0,39650.0,40050.0,11298185
2018-03-29,MWG,39700.0,40450.0,39550.0,40350.0,13714950
2018-03-30,MWG,39900.0,40850.0,39850.0,40750.0,9776207
2018-04-02,MWG,40900.0,41150.0,39250.0,39350.0,16192317
2018-04-03,MWG,39150.0,39750.0,38750.0,39550.0,11945721
2018-04-04,MWG,39250.0,41500.0,39200.0,41250.0,15639298
2018-04-05,MWG,41250.0,41600.0,39350.0,39550.0,13586171
2018-04-06,MWG,39450.0,39450.0,37800.0,37900.0,11626549
2018-04-09,MWG,37800.0,37950.0,36650.0,36800.0,12212899
2018-04-10,MWG,36650.0,36800.0,36100.0,36100.0,9968179
2018-04-11,MWG,36450.0,37250.0,36250.0,37150.0,10951148
2018-04-12,MWG,37000.0,39050.0,36950.0,38700.0,14217173
2018-04-13,MWG,38600.0,38900.0,38350.0,38850.0,12906909
2018-04-16,MWG,39050.0,39300.0,38200.0,38650.0,14727582
2018-04-17,MWG,38700.0,38800.0,37550.0,37650.0,10458766
2018-04-18,MWG,37850.0,38650.0,37650.0,38300.0,13592557
2018-04-19,MWG,38350.0,39450.0,38350.0,39250.0,12656262
2018-04-20,MWG,39150.0,40200.0,38950.0,39950.0,16020972
2018-04-23,MWG,39950.0,40300.0,39650.0,40250.0,9223968
2018-04-24,MWG,40300.0,40500.0,40300.0,40300.0,9434186
2018-04-25,MWG,40300.0,40900.0,40300.0,40600.0,8188730
2018-04-26,MWG,40750.0,41750.0,40600.0,41650.0,13564643
2018-04-27,MWG,41450.0,42900.0,41100.0,42750.0,11714395
2018-04-30,MWG,42450.0,44450.0,42450.0,44050.0,15403166
2018-05-01,MWG,44000.0,44300.0,43900.0,44150.0,10968788
2018-05-02,MWG,44300.0,45550.0,44150.0,45150.0,16653212
2018-05-03,MWG,45100.0,45950.0,44850.0,45750.0,9033492
2018-05-04,MWG,45800.0,45900.0,45200.0,45350.0,12534568
2018-05-07,MWG,45400.0,45750.0,44400.0,44500.0,15087385
2018-05-08,MWG,44200.0,44550.0,43750.0,44300.0,14520486
2018-05-09,MWG,44200.0,44650.0,43650.0,44050.0,12788447
2018-05-10,MWG,44050.0,44600.0,43150.0,43300.0,16703620
2018-05-11,MWG,43550.0,44500.0,43450.0,44450.0,12689395
2018-05-14,MWG,44550.0,45300.0,44500.0,45100.0,8661124
2018-05-15,MWG,44900.0,45300.0,44850.0,45000.0,8545576
2018-05-16,MWG,44800.0,45550.0,44500.0,45200.0,13417958
2018-05-17,MWG,45350.0,45500.0,44100.0,44200.0,10753701
2018-05-18,MWG,44550.0,44700.0,43100.0,43250.0,13043001
2018-05-21,MWG,43550.0,44050.0,43100.0,43850.0,12011854
2018-05-22,MWG,43650.0,44000.0,42800.0,43150.0,11282220
2018-05-23,MWG,43300.0,43750.0,43000.0,43600.0,11524763
2018-05-24,MWG,43850.0,45100.0,43850.0,44650.0,15347520
2018-05-25,MWG,44600.0,45900.0,44450.0,45650.0,14747201
2018-05-28,MWG,45750.0,45900.0,44700.0,44950.0,14389275
2018-05-29,MWG,45300.0,45700.0,43850.0,43850.0,16575715
2018-05-30,MWG,44150.0,44500.0,42850.0,42900.0,13940118
2018-05-31,MWG,42950.0,43250.0,42400.0,42600.0,13149461
2018-06-01,MWG,42550.0,42950.0,42300.0,42700.0,8665928
2018-06-04,MWG,42600.0,43150.0,42550.0,42850.0,9939351
2018-06-05,MWG,42850.0,42950.0,42650.0,42900.0,10551080
2018-06-06,MWG,42650.0,44300.0,42400.0,43950.0,14257462
2018-06-07,MWG,43800.0,44100.0,43700.0,43850.0,11394025
2018-06-08,MWG,43850.0,44450.0,43650.0,44300.0,10417711
2018-06-11,MWG,44450.0,46100.0,44150.0,45850.0,15916306
2018-06-12,MWG,45850.0,46150.0,44800.0,44850.0,13197165
2018-06-13,MWG,44600.0,44850.0,43550.0,44050.0,12179157
2018-06-14,MWG,44000.0,45200.0,43850.0,45050.0,11757220
2018-06-15,MWG,44950.0,45250.0,44000.0,44100.0,15770873
2018-06-18,MWG,44200.0,44250.0,43500.0,43700.0,13577498
2018-06-19,MWG,43600.0,44450.0,43550.0,44050.0,13863300
2018-06-20,MWG,44500.0,44850.0,43150.0,43500.0,16090671
2018-06-21,MWG,43500.0,43650.0,42950.0,43150.0,10217611
2018-06-22,MWG,43250.0,43400.0,42850.0,43000.0,8397914
2018-06-25,MWG,43150.0,43250.0,42300.0,42700.0,10913626
2018-06-26,MWG,42550.0,42700.0,41850.0,42050.0,10482988
2018-06-27,MWG,42200.0,42500.0,41900.0,42300.0,9596127
2018-06-28,MWG,42250.0,42400.0,41350.0,41650.0,14254540
2018-06-29,MWG,41850.0,41950.0,40750.0,40950.0,16351348
2018-07-02,MWG,40850.0,41850.0,40750.0,41800.0,15041734
2018-07-03,MWG,41800.0,42600.0,41750.0,42300.0,11566926
2018-07-04,MWG,42200.0,43400.0,42100.0,42950.0,10134003
2018-07-05,MWG,42600.0,43250.0,42200.0,43000.0,10430578
2018-07-06,MWG,42800.0,43400.0,42450.0,43200.0,15367637
2018-07-09,MWG,43250.0,43500.0,41950.0,42300.0,12894048
2018-07-10,MWG,42300.0,43650.0,42250.0,43400.0,15787115
2018-07-11,MWG,43700.0,44200.0,43600.0,44150.0,14090930
2018-07-12,MWG,44050.0,44350.0,43450.0,43950.0,14982310
2018-07-13,MWG,43800.0,45200.0,43200.0,44950.0,16336511
2018-07-16,MWG,44800.0,44850.0,41550.0,42000.0,21822096
2018-07-17,MWG,42000.0,42400.0,41700.0,41900.0,14279145
2018-07-18,MWG,42300.0,42500.0,42000.0,42100.0,9786922
2018-07-19,MWG,41950.0,42600.0,41950.0,42400.0,14255355
2018-07-20,MWG,42250.0,42500.0,40700.0,40900.0,16826581
2018-07-23,MWG,41250.0,41550.0,41200.0,41400.0,13569121
2018-07-24,MWG,41650.0,42100.0,41600.0,41950.0,11652391
2018-07-25,MWG,41750.0,42650.0,41500.0,42650.0,11545025
2018-07-26,MWG,42800.0,43400.0,41750.0,42000.0,14679257
2018-07-27,MWG,42050.0,42700.0,41800.0,42550.0,13176422
2018-07-30,MWG,42600.0,43700.0,42450.0,43650.0,13974317
2018-07-31,MWG,43750.0,44100.0,43250.0,44000.0,13970973
2018-08-01,MWG,43850.0,44550.0,43400.0,44500.0,13801150
2018-08-02,MWG,44900.0,44950.0,42900.0,43250.0,17811167
2018-08-03,MWG,43250.0,44000.0,43150.0,43850.0,12103699
2018-08-06,MWG,43850.0,44350.0,41900.0,42100.0,15078371
2018-08-07,MWG,42150.0,42600.0,40450.0,40800.0,17694543
2018-08-08,MWG,40950.0,41050.0,40400.0,40600.0,10574305
2018-08-09,MWG,40550.0,42050.0,40400.0,41950.0,17572301
2018-08-10,MWG,42000.0,42100.0,41600.0,42000.0,11936122
2018-08-13,MWG,41950.0,42200.0,41600.0,42000.0,9119965
2018-08-14,MWG,42100.0,42200.0,41750.0,41950.0,12603340
2018-08-15,MWG,42150.0,42450.0,41100.0,41200.0,15308326
2018-08-16,MWG,41150.0,43600.0,40750.0,43000.0,19172042
2018-08-17,MWG,43350.0,43550.0,42650.0,42800.0,8746556
2018-08-20,MWG,42900.0,43000.0,42450.0,42750.0,14086398
2018-08-21,MWG,42600.0,42850.0,42300.0,42800.0,12749435
2018-08-22,MWG,42600.0,43200.0,42400.0,42800.0,15125228
2018-08-23,MWG,42750.0,43550.0,42550.0,43450.0,14501219
2018-08-24,MWG,43650.0,43800.0,43500.0,43750.0,8813307
2018-08-27,MWG,43900.0,44300.0,41800.0,42200.0,17044448
2018-08-28,MWG,42350.0,45050.0,41950.0,44650.0,16335329
2018-08-29,MWG,44650.0,44700.0,43650.0,43800.0,14119699
2018-08-30,MWG,43650.0,43950.0,43400.0,43850.0,11401595
2018-08-31,MWG,43400.0,44650.0,43300.0,44550.0,10464467
2018-09-03,MWG,44850.0,44950.0,43300.0,43350.0,15114526
2018-09-04,MWG,43450.0,44350.0,43400.0,44350.0,13143317
2018-09-05,MWG,44250.0,44550.0,43650.0,43700.0,11470721
2018-09-06,MWG,43450.0,43600.0,43050.0,43250.0,12804138
2018-09-07,MWG,43300.0,43500.0,42650.0,42900.0,9838998
2018-09-10,MWG,43150.0,43300.0,42050.0,42300.0,13641273
2018-09-11,MWG,42550.0,43350.0,42400.0,42900.0,14200580
2018-09-12,MWG,42700.0,44650.0,42700.0,44600.0,14967430
2018-09-13,MWG,44200.0,44200.0,43250.0,43350.0,9070724
2018-09-14,MWG,43200.0,43650.0,43000.0,43250.0,9034309
2018-09-17,MWG,43350.0,43350.0,42850.0,42950.0,8303242
2018-09-18,MWG,42800.0,44600.0,42700.0,44300.0,13574134
2018-09-19,MWG,44350.0,45250.0,42850.0,43250.0,13150662
2018-09-20,MWG,42950.0,43800.0,42750.0,43600.0,12315956
2018-09-21,MWG,43550.0,43650.0,41850.0,42450.0,17354317
2018-09-24,MWG,42400.0,42800.0,40750.0,41000.0,17854655
2018-09-25,MWG,40900.0,41050.0,40450.0,40750.0,13752944
2018-09-26,MWG,41000.0,41100.0,40200.0,40500.0,10750348
2018-09-27,MWG,40550.0,41400.0,40350.0,41050.0,11426049
2018-09-28,MWG,41300.0,41700.0,41000.0,41050.0,10875020
2018-10-01,MWG,40900.0,43000.0,40850.0,42850.0,12558733
2018-10-02,MWG,42900.0,43800.0,42600.0,43400.0,15569540
2018-10-03,MWG,43050.0,43600.0,43000.0,43550.0,7785582
2018-10-04,MWG,43650.0,44950.0,43600.0,44850.0,14353094
2018-10-05,MWG,44850.0,46100.0,44350.0,46000.0,16686099
2018-10-08,MWG,46350.0,46750.0,44750.0,45150.0,12348605
2018-10-09,MWG,45350.0,46050.0,45150.0,46050.0,14650554
2018-10-10,MWG,46100.0,46250.0,45300.0,45450.0,15077796
2018-10-11,MWG,45550.0,46650.0,45450.0,46300.0,15309950
2018-10-12,MWG,46250.0,46650.0,45700.0,45700.0,13007975
2018-10-15,MWG,46050.0,47450.0,45750.0,47100.0,10702749
2018-10-16,MWG,47000.0,47150.0,45700.0,45950.0,12540859
2018-10-17,MWG,45800.0,46300.0,45600.0,46150.0,8059357
2018-10-18,MWG,46000.0,46400.0,45700.0,45750.0,14471404
2018-10-19,MWG,45550.0,46100.0,45450.0,45950.0,9193790
2018-10-22,MWG,46050.0,46150.0,45400.0,45750.0,10443927
2018-10-23,MWG,45950.0,46400.0,45700.0,46250.0,12441093
2018-10-24,MWG,46000.0,47700.0,45600.0,47650.0,17999550
2018-10-25,MWG,47650.0,48750.0,47250.0,48100.0,11494896
2018-10-26,MWG,48300.0,48500.0,46300.0,46550.0,16680995
2018-10-29,MWG,46400.0,46500.0,45700.0,46150.0,13708840
2018-10-30,MWG,45800.0,46000.0,45300.0,45450.0,12235786
2018-10-31,MWG,45250.0,45350.0,44950.0,45050.0,9131861
2018-11-01,MWG,45200.0,45800.0,45100.0,45750.0,12936246
2018-11-02,MWG,45800.0,46050.0,45650.0,45900.0,10909727
2018-11-05,MWG,45750.0,46100.0,45400.0,45550.0,12564665
2018-11-06,MWG,45450.0,45450.0,43700.0,44150.0,12120658
2018-11-07,MWG,44300.0,44750.0,43250.0,43500.0,12095491
2018-11-08,MWG,43500.0,44750.0,42900.0,44550.0,14254784
2018-11-09,MWG,44500.0,44650.0,43900.0,44650.0,13587027
2018-11-12,MWG,45000.0,46500.0,44950.0,46100.0,16907664
2018-11-13,MWG,45900.0,47900.0,45650.0,47750.0,15660670
2018-11-14,MWG,47600.0,47800.0,47000.0,47750.0,14401454
2018-11-15,MWG,48050.0,49400.0,47950.0,49300.0,13068085
2018-11-16,MWG,49200.0,50600.0,49100.0,50450.0,9860584
2018-11-19,MWG,50300.0,50400.0,49750.0,50000.0,11586090
2018-11-20,MWG,49950.0,50300.0,49400.0,49450.0,12957735
2018-11-21,MWG,49300.0,51100.0,49050.0,51100.0,12417841
2018-11-22,MWG,51400.0,51850.0,50100.0,50250.0,11232202
2018-11-23,MWG,50600.0,50800.0,47850.0,48100.0,18243636
2018-11-26,MWG,47900.0,50450.0,47650.0,50400.0,13258075
2018-11-27,MWG,50400.0,50500.0,48600.0,49000.0,11585790
2018-11-28,MWG,48850.0,49000.0,47450.0,47700.0,14856687
2018-11-29,MWG,47600.0,50550.0,46950.0,50150.0,17759359
2018-11-30,MWG,49900.0,50800.0,49050.0,50600.0,14018016
2018-12-03,MWG,50550.0,52100.0,50500.0,51750.0,10003609
2018-12-04,MWG,51950.0,53600.0,51650.0,52900.0,11357307
2018-12-05,MWG,53000.0,53000.0,52650.0,52700.0,8336613
2018-12-06,MWG,53050.0,53250.0,51050.0,51100.0,14783531
2018-12-07,MWG,51100.0,51100.0,50650.0,51100.0,10868463
2018-12-10,MWG,51100.0,51100.0,49300.0,49700.0,12244615
2018-12-11,MWG,49950.0,50700.0,49900.0,50650.0,13989899
2018-12-12,MWG,50850.0,51800.0,50150.0,51750.0,15169224
2018-12-13,MWG,51800.0,51850.0,50150.0,50400.0,15464167
2018-12-14,MWG,50600.0,53350.0,50550.0,53200.0,17831451
2018-12-17,MWG,52850.0,52850.0,52600.0,52750.0,11472924
2018-12-18,MWG,52850.0,53000.0,51600.0,51600.0,13569836
2018-12-19,MWG,51300.0,51600.0,49250.0,49350.0,16580950
2018-12-20,MWG,49050.0,51200.0,48800.0,50950.0,14194611
2018-12-21,MWG,50650.0,50700.0,47050.0,47450.0,17636277
2018-12-24,MWG,47300.0,48050.0,46150.0,46550.0,11669565
2018-12-25,MWG,46300.0,46500.0,45950.0,46050.0,8680822
2018-12-26,MWG,45950.0,46400.0,44200.0,44250.0,15574892
2018-12-27,MWG,44050.0,45300.0,43700.0,45300.0,10551478
2018-12-28,MWG,45100.0,46700.0,44950.0,46250.0,14174661
2018-12-31,MWG,46100.0,46200.0,44300.0,44500.0,13902582
2019-01-01,MWG,44650.0,44950.0,42550.0,42650.0,15443611
2019-01-02,MWG,42450.0,42600.0,41900.0,41900.0,13827275
2019-01-03,MWG,41950.0,42900.0,41700.0,42600.0,11779306
2019-01-04,MWG,42400.0,43100.0,41600.0,41800.0,15759182
2019-01-07,MWG,42100.0,42550.0,41950.0,42300.0,11240582
2019-01-08,MWG,41850.0,41950.0,41050.0,41550.0,14112204
2019-01-09,MWG,41500.0,42200.0,41100.0,42100.0,13490231
2019-01-10,MWG,42050.0,42800.0,41650.0,42250.0,14642123
2019-01-11,MWG,42300.0,42500.0,42000.0,42100.0,9530712
2019-01-14,MWG,41900.0,42250.0,41550.0,41800.0,14448994
2019-01-15,MWG,41750.0,44050.0,41350.0,43800.0,17882301
2019-01-16,MWG,43550.0,43950.0,43200.0,43500.0,13151278
2019-01-17,MWG,43700.0,45350.0,43550.0,44800.0,15072832
2019-01-18,MWG,45050.0,45300.0,44750.0,44800.0,10267581
2019-01-21,MWG,44900.0,45000.0,44050.0,44150.0,14519552
2019-01-22,MWG,44450.0,44700.0,43950.0,44000.0,11522456
2019-01-23,MWG,44400.0,44400.0,44400.0,44400.0,7763221
2019-01-24,MWG,44400.0,47150.0,44200.0,46850.0,16683859
2019-01-25,MWG,46850.0,47400.0,46800.0,47050.0,9820712
2019-01-28,MWG,47100.0,47150.0,46300.0,46400.0,8834015
2019-01-29,MWG,46550.0,47000.0,46400.0,46800.0,9394803
2019-01-30,MWG,46950.0,47150.0,46950.0,47000.0,8731113
2019-01-31,MWG,46900.0,47100.0,45700.0,45700.0,16308016
2019-02-01,MWG,45750.0,46200.0,45700.0,46100.0,12298329
2019-02-04,MWG,46100.0,46450.0,45550.0,45600.0,12448586
2019-02-05,MWG,45950.0,46950.0,45950.0,46800.0,10319501
2019-02-06,MWG,47050.0,47200.0,45150.0,45450.0,16947132
2019-02-07,MWG,45600.0,45750.0,45500.0,45550.0,9606535
2019-02-08,MWG,45500.0,45850.0,44350.0,44850.0,10364909
2019-02-11,MWG,44900.0,45300.0,44700.0,44750.0,11192129
2019-02-12,MWG,44600.0,45300.0,44550.0,45150.0,14742558
2019-02-13,MWG,45000.0,45100.0,43550.0,43550.0,14123374
2019-02-14,MWG,43250.0,43850.0,43150.0,43700.0,14636684
2019-02-15,MWG,43550.0,44000.0,43200.0,43600.0,13297379
2019-02-18,MWG,43450.0,43500.0,42700.0,43200.0,13794702
2019-02-19,MWG,43200.0,43300.0,42250.0,42750.0,15864400
2019-02-20,MWG,43050.0,43150.0,42500.0,42500.0,11885528
2019-02-21,MWG,42250.0,43550.0,41900.0,43300.0,14635114
2019-02-22,MWG,43350.0,43450.0,42900.0,43200.0,8285201
2019-02-25,MWG,43100.0,43400.0,42100.0,42400.0,12987918
2019-02-26,MWG,42100.0,42300.0,41750.0,41950.0,8254242
2019-02-27,MWG,41800.0,41850.0,41100.0,41200.0,12322983
2019-02-28,MWG,41350.0,41650.0,40300.0,40650.0,13532113
2019-03-01,MWG,40550.0,41000.0,40300.0,40650.0,8463772
2019-03-04,MWG,40550.0,40700.0,39550.0,39650.0,10600994
2019-03-05,MWG,39700.0,39800.0,38500.0,38600.0,16031371
2019-03-06,MWG,38600.0,38750.0,37650.0,37700.0,11019751
2019-03-07,MWG,37550.0,37550.0,36550.0,36950.0,15831379
2019-03-08,MWG,36850.0,37350.0,36750.0,37250.0,12508020
2019-03-11,MWG,37150.0,37300.0,36900.0,37050.0,12901608
2019-03-12,MWG,36900.0,38250.0,36650.0,37850.0,16153579
2019-03-13,MWG,38050.0,38950.0,37800.0,38900.0,15606022
2019-03-14,MWG,39000.0,39100.0,37900.0,38600.0,13641503
2019-03-15,MWG,38750.0,38800.0,38650.0,38650.0,11130264
2019-03-18,MWG,38550.0,39650.0,38350.0,39300.0,15310062
2019-03-19,MWG,39350.0,40350.0,39100.0,40250.0,10311440
2019-03-20,MWG,40550.0,40700.0,39300.0,39300.0,14325883
2019-03-21,MWG,39450.0,39500.0,38950.0,39350.0,11855745
2019-03-22,MWG,39400.0,39950.0,39250.0,39850.0,11288414
2019-03-25,MWG,39700.0,39750.0,39350.0,39550.0,8273272
2019-03-26,MWG,39400.0,40400.0,39350.0,40050.0,15843145
2019-03-27,MWG,40250.0,40400.0,38850.0,39000.0,13517650
2019-03-28,MWG,39200.0,40400.0,39100.0,40150.0,16061419
2019-03-29,MWG,40100.0,40200.0,38900.0,39150.0,16921293
2019-04-01,MWG,39150.0,39150.0,37600.0,37950.0,17650191
2019-04-02,MWG,38100.0,38700.0,38000.0,38250.0,8320312
2019-04-03,MWG,38300.0,38850.0,38200.0,38650.0,11794162
2019-04-04,MWG,38550.0,38850.0,38150.0,38200.0,9589983
2019-04-05,MWG,38700.0,38700.0,36150.0,36300.0,16092921
2019-04-08,MWG,36250.0,36500.0,35650.0,35900.0,9292889
2019-04-09,MWG,35900.0,36550.0,35600.0,36450.0,14637370
2019-04-10,MWG,36200.0,36550.0,36200.0,36450.0,13216708
2019-04-11,MWG,36550.0,37800.0,36450.0,37400.0,15954115
2019-04-12,MWG,37350.0,37650.0,37200.0,37450.0,9122400
2019-04-15,MWG,37200.0,37300.0,37100.0,37250.0,11215468
2019-04-16,MWG,37450.0,37450.0,36300.0,36500.0,11163752
2019-04-17,MWG,36600.0,36750.0,36350.0,36500.0,10733148
2019-04-18,MWG,36350.0,37650.0,36150.0,37550.0,11535107
2019-04-19,MWG,37450.0,38150.0,37150.0,38150.0,11379438
2019-04-22,MWG,38200.0,38250.0,38000.0,38150.0,9432397
2019-04-23,MWG,37850.0,38300.0,37250.0,37300.0,10795012
2019-04-24,MWG,37200.0,38500.0,37000.0,38200.0,14118236
2019-04-25,MWG,38400.0,38800.0,37450.0,37500.0,12271078
2019-04-26,MWG,37550.0,38350.0,37150.0,38150.0,14514130
2019-04-29,MWG,38100.0,39050.0,37900.0,39050.0,10565815
2019-04-30,MWG,39300.0,40600.0,38950.0,40250.0,17348274
2019-05-01,MWG,40250.0,40750.0,39700.0,39900.0,12774465
2019-05-02,MWG,40150.0,40350.0,39900.0,40050.0,11175914
2019-05-03,MWG,40000.0,41000.0,39600.0,40650.0,15955609
2019-05-06,MWG,40600.0,40750.0,39100.0,39250.0,11540031
2019-05-07,MWG,39100.0,39200.0,38800.0,38950.0,12945293
2019-05-08,MWG,38700.0,38750.0,38700.0,38700.0,11543185
2019-05-09,MWG,38900.0,39150.0,38050.0,38050.0,12856522
2019-05-10,MWG,38200.0,38900.0,38050.0,38700.0,14145339
2019-05-13,MWG,39050.0,39250.0,38800.0,38850.0,9604586
2019-05-14,MWG,38500.0,38800.0,37650.0,37650.0,15071033
2019-05-15,MWG,37800.0,37900.0,36950.0,37050.0,10530714
2019-05-16,MWG,37150.0,37250.0,36550.0,36950.0,11477250
2019-05-17,MWG,37050.0,37800.0,36800.0,37450.0,11371393
2019-05-20,MWG,37250.0,39000.0,37100.0,38400.0,18527233
2019-05-21,MWG,38600.0,39650.0,38500.0,39450.0,14371150
2019-05-22,MWG,39850.0,40250.0,39450.0,40200.0,8979590
2019-05-23,MWG,40350.0,40400.0,39550.0,39600.0,14773115
2019-05-24,MWG,39650.0,41550.0,39400.0,41250.0,17247581
2019-05-27,MWG,41000.0,42000.0,41000.0,41800.0,12986376
2019-05-28,MWG,41800.0,42100.0,41550.0,42000.0,13413622
2019-05-29,MWG,42150.0,42150.0,41650.0,42000.0,10216942
2019-05-30,MWG,41900.0,42050.0,40650.0,40800.0,10479896
2019-05-31,MWG,40750.0,40800.0,39250.0,39300.0,14578987
2019-06-03,MWG,39200.0,41100.0,38850.0,40850.0,14203646
2019-06-04,MWG,40900.0,41350.0,39900.0,40050.0,10763534
2019-06-05,MWG,40100.0,40200.0,38500.0,38850.0,15059607
2019-06-06,MWG,39000.0,40600.0,38950.0,40500.0,17022426
2019-06-07,MWG,40750.0,41800.0,40400.0,41500.0,15075520
2019-06-10,MWG,41300.0,42000.0,41250.0,41850.0,13674162
2019-06-11,MWG,41850.0,42200.0,41200.0,41550.0,13375167
2019-06-12,MWG,41450.0,42000.0,40950.0,41850.0,12655489
2019-06-13,MWG,41800.0,42300.0,41350.0,41600.0,9673208
2019-06-14,MWG,41650.0,43350.0,41600.0,42950.0,12402442
2019-06-17,MWG,42650.0,44900.0,42300.0,44250.0,19942761
2019-06-18,MWG,44150.0,45200.0,44100.0,45050.0,13293635
2019-06-19,MWG,44850.0,45200.0,44700.0,44850.0,11298259
2019-06-20,MWG,44600.0,44700.0,44200.0,44650.0,14008536
2019-06-21,MWG,44850.0,45050.0,44700.0,44700.0,13576828
2019-06-24,MWG,44500.0,45550.0,44200.0,45000.0,12274864
2019-06-25,MWG,45300.0,47000.0,44900.0,46600.0,13014561
2019-06-26,MWG,46400.0,47550.0,46050.0,47100.0,12851349
2019-06-27,MWG,46900.0,46950.0,46750.0,46850.0,11241259
2019-06-28,MWG,46850.0,47750.0,46700.0,47250.0,13511009
2019-07-01,MWG,47400.0,48250.0,47200.0,47800.0,14122237
2019-07-02,MWG,47850.0,47850.0,45900.0,46350.0,17276007
2019-07-03,MWG,46800.0,47300.0,45700.0,46300.0,12931692
2019-07-04,MWG,46200.0,47200.0,46150.0,47100.0,14046470
2019-07-05,MWG,47250.0,48350.0,47200.0,48050.0,9883656
2019-07-08,MWG,48000.0,48150.0,45250.0,45700.0,16948473
2019-07-09,MWG,45800.0,46050.0,45000.0,45150.0,8915263
2019-07-10,MWG,44750.0,44950.0,44100.0,44350.0,10728367
2019-07-11,MWG,44150.0,45850.0,43700.0,45650.0,16958502
2019-07-12,MWG,46050.0,47100.0,46000.0,47100.0,11352410
2019-07-15,MWG,47100.0,47150.0,45950.0,46000.0,14045855
2019-07-16,MWG,46050.0,46400.0,45000.0,45050.0,12711950
2019-07-17,MWG,45050.0,45300.0,43750.0,43850.0,15870788
2019-07-18,MWG,43850.0,45600.0,43650.0,45500.0,15819535
2019-07-19,MWG,45500.0,46850.0,45500.0,46800.0,16359710
2019-07-22,MWG,46700.0,46900.0,45700.0,45800.0,13470631
2019-07-23,MWG,45850.0,45900.0,44950.0,45050.0,13919014
2019-07-24,MWG,44800.0,45000.0,43550.0,43600.0,14686550
2019-07-25,MWG,43750.0,43850.0,42650.0,43300.0,15991140
2019-07-26,MWG,43300.0,45350.0,43100.0,45100.0,12702861
2019-07-29,MWG,45250.0,46000.0,45150.0,45850.0,14109200
2019-07-30,MWG,45800.0,46050.0,45250.0,45300.0,11004113
2019-07-31,MWG,45250.0,47850.0,44900.0,47750.0,19838341
2019-08-01,MWG,47900.0,48300.0,47050.0,47200.0,13262995
2019-08-02,MWG,47600.0,47900.0,47300.0,47700.0,13128675
2019-08-05,MWG,47600.0,49100.0,47550.0,48850.0,11852406
2019-08-06,MWG,48550.0,48900.0,47500.0,48200.0,15654124
2019-08-07,MWG,47850.0,47950.0,47000.0,47200.0,10717734
2019-08-08,MWG,47200.0,49400.0,46850.0,49100.0,19163899
2019-08-09,MWG,49050.0,49100.0,48000.0,48050.0,10274230
2019-08-12,MWG,48200.0,48550.0,47000.0,47050.0,12346992
2019-08-13,MWG,47150.0,48650.0,47100.0,48500.0,10648028
2019-08-14,MWG,48600.0,50400.0,48350.0,50250.0,12081010
2019-08-15,MWG,50500.0,52550.0,49600.0,52250.0,17024645
2019-08-16,MWG,52100.0,53800.0,52100.0,53250.0,12484726
2019-08-19,MWG,53500.0,53650.0,52300.0,52350.0,9892068
2019-08-20,MWG,52150.0,52450.0,49800.0,50350.0,18791175
2019-08-21,MWG,50400.0,50850.0,49700.0,49800.0,14856139
2019-08-22,MWG,49750.0,50550.0,49650.0,50500.0,8493253
2019-08-23,MWG,50700.0,51000.0,48900.0,49250.0,13201544
2019-08-26,MWG,49000.0,49100.0,48400.0,48850.0,9836568
2019-08-27,MWG,48850.0,50400.0,48700.0,50300.0,14597313
2019-08-28,MWG,50250.0,50750.0,50050.0,50550.0,8339795
2019-08-29,MWG,50700.0,51350.0,49350.0,49950.0,14665324
2019-08-30,MWG,49800.0,50950.0,49800.0,50750.0,11557736
2019-09-02,MWG,50750.0,50900.0,50600.0,50800.0,11597706
2019-09-03,MWG,51100.0,51350.0,49900.0,50250.0,13142312
2019-09-04,MWG,50300.0,50600.0,50000.0,50050.0,9543331
2019-09-05,MWG,50050.0,50250.0,49900.0,49950.0,8132131
2019-09-06,MWG,50100.0,50450.0,49750.0,50000.0,11202595
2019-09-09,MWG,49650.0,50250.0,48000.0,48250.0,18451143
2019-09-10,MWG,48200.0,48450.0,48000.0,48300.0,8366305
2019-09-11,MWG,48200.0,48500.0,47950.0,48350.0,9750425
2019-09-12,MWG,48150.0,49450.0,48100.0,49250.0,15105014
2019-09-13,MWG,48950.0,50150.0,48800.0,49500.0,10605113
2019-09-16,MWG,49450.0,49900.0,48550.0,48850.0,9801664
2019-09-17,MWG,48700.0,48900.0,48700.0,48800.0,9840199
2019-09-18,MWG,48550.0,50450.0,48350.0,50250.0,12346529
2019-09-19,MWG,50350.0,50350.0,49450.0,49800.0,13455730
2019-09-20,MWG,49850.0,50100.0,47150.0,48000.0,20235108
2019-09-23,MWG,47950.0,48000.0,47200.0,47250.0,14538419
2019-09-24,MWG,47250.0,49150.0,47250.0,48950.0,15140365
2019-09-25,MWG,49300.0,49550.0,49300.0,49400.0,13269410
2019-09-26,MWG,49450.0,49650.0,48450.0,48650.0,10277540
2019-09-27,MWG,48700.0,48950.0,48150.0,48400.0,9127736
2019-09-30,MWG,48200.0,48950.0,47650.0,48900.0,12264269
2019-10-01,MWG,48750.0,48950.0,48550.0,48750.0,11368633
2019-10-02,MWG,48600.0,48800.0,47200.0,47500.0,11244862
2019-10-03,MWG,47200.0,47350.0,46650.0,46800.0,11021996
2019-10-04,MWG,46600.0,47050.0,46550.0,46900.0,9842227
2019-10-07,MWG,47200.0,47400.0,46100.0,46350.0,14512954
2019-10-08,MWG,46400.0,46450.0,45650.0,45800.0,9306020
2019-10-09,MWG,45900.0,47500.0,45700.0,47400.0,11279306
2019-10-10,MWG,47650.0,47750.0,45000.0,45050.0,16924847
2019-10-11,MWG,45050.0,46350.0,45050.0,46200.0,14544270
2019-10-14,MWG,46450.0,48000.0,46400.0,47650.0,10260584
2019-10-15,MWG,47750.0,48100.0,47350.0,48000.0,14531932
2019-10-16,MWG,48000.0,48350.0,46850.0,47200.0,13965124
2019-10-17,MWG,47200.0,47350.0,45850.0,45850.0,14372249
2019-10-18,MWG,46000.0,47450.0,45800.0,47400.0,12509109
2019-10-21,MWG,47600.0,49200.0,47050.0,49000.0,15942221
2019-10-22,MWG,48900.0,49800.0,48700.0,49500.0,15259408
2019-10-23,MWG,49350.0,49650.0,48500.0,48800.0,13285856
2019-10-24,MWG,49050.0,49350.0,48750.0,49200.0,11700325
2019-10-25,MWG,49300.0,49750.0,49200.0,49500.0,11294472
2019-10-28,MWG,49600.0,50600.0,49450.0,50200.0,13155650
2019-10-29,MWG,49950.0,50200.0,48950.0,49200.0,9988289
2019-10-30,MWG,49400.0,49700.0,48400.0,48700.0,13661969
2019-10-31,MWG,48850.0,50400.0,48500.0,50000.0,11658219
2019-11-01,MWG,50100.0,50550.0,49800.0,50400.0,13057078
2019-11-04,MWG,50350.0,50650.0,50100.0,50200.0,8722366
2019-11-05,MWG,50250.0,51950.0,49850.0,51300.0,11623133
2019-11-06,MWG,51300.0,51800.0,51300.0,51650.0,10237437
2019-11-07,MWG,51750.0,54050.0,51700.0,53700.0,14385689
2019-11-08,MWG,53950.0,54000.0,52100.0,52250.0,15748079
2019-11-11,MWG,52400.0,53350.0,52300.0,53300.0,13044696
2019-11-12,MWG,53250.0,54650.0,53150.0,54350.0,12953688
2019-11-13,MWG,54150.0,55450.0,54100.0,55250.0,15134836
2019-11-14,MWG,54950.0,56650.0,54650.0,56300.0,11151682
2019-11-15,MWG,56600.0,57450.0,56400.0,57350.0,15007825
2019-11-18,MWG,57500.0,58000.0,57150.0,57800.0,14429403
2019-11-19,MWG,58050.0,58150.0,57700.0,57900.0,13013260
2019-11-20,MWG,58500.0,59200.0,58450.0,58700.0,8613893
2019-11-21,MWG,58750.0,60100.0,58150.0,59850.0,11976645
2019-11-22,MWG,59750.0,61050.0,59750.0,60800.0,13367232
2019-11-25,MWG,60900.0,62300.0,60850.0,61800.0,11140712
2019-11-26,MWG,62150.0,62200.0,60850.0,61150.0,15016002
2019-11-27,MWG,60950.0,61450.0,60600.0,60700.0,13069249
2019-11-28,MWG,60900.0,61600.0,60500.0,61550.0,10964431
2019-11-29,MWG,61550.0,61650.0,60800.0,61150.0,9801711
2019-12-02,MWG,61150.0,61350.0,60650.0,60850.0,9473895
2019-12-03,MWG,60700.0,62900.0,60450.0,62450.0,14354673
2019-12-04,MWG,62900.0,63100.0,60200.0,60750.0,12643561
2019-12-05,MWG,60100.0,61550.0,59400.0,61250.0,11891103
2019-12-06,MWG,61450.0,62500.0,60800.0,60850.0,13926379
2019-12-09,MWG,60950.0,61250.0,60950.0,61000.0,11731176
2019-12-10,MWG,60700.0,61200.0,59300.0,60050.0,13935103
2019-12-11,MWG,60100.0,60300.0,57100.0,57500.0,18475241
2019-12-12,MWG,57550.0,57850.0,57100.0,57100.0,9944970
2019-12-13,MWG,57200.0,57200.0,55900.0,56200.0,12387729
2019-12-16,MWG,56350.0,58000.0,55900.0,57500.0,14562232
2019-12-17,MWG,57750.0,57950.0,56600.0,56850.0,14765229
2019-12-18,MWG,56950.0,57200.0,56500.0,56950.0,12495684
2019-12-19,MWG,56950.0,58350.0,56900.0,58250.0,12792068
2019-12-20,MWG,57950.0,58350.0,57700.0,58000.0,12189840
2019-12-23,MWG,57800.0,59200.0,57400.0,58850.0,12246367
2019-12-24,MWG,59050.0,63100.0,58800.0,62650.0,21385902
2019-12-25,MWG,62700.0,63100.0,59600.0,60000.0,17362603
2019-12-26,MWG,60150.0,60600.0,57800.0,58550.0,18513000
2019-12-27,MWG,58850.0,61200.0,58600.0,60950.0,13445547
2019-12-30,MWG,60850.0,62550.0,60500.0,62500.0,14745281
2019-12-31,MWG,62250.0,62750.0,62000.0,62250.0,8043955
2020-01-01,MWG,62250.0,63450.0,62050.0,63300.0,15418842
2020-01-02,MWG,63500.0,64150.0,63500.0,63850.0,10448874
2020-01-03,MWG,63950.0,66300.0,63750.0,66200.0,15349349
2020-01-06,MWG,65700.0,67000.0,65200.0,66650.0,13667077
2020-01-07,MWG,66850.0,66950.0,63400.0,63500.0,15499869
2020-01-08,MWG,63700.0,63700.0,60600.0,61250.0,17430505
2020-01-09,MWG,61650.0,62650.0,61450.0,62050.0,13292699
2020-01-10,MWG,61950.0,62750.0,61500.0,61950.0,9407684
2020-01-13,MWG,62050.0,62950.0,61500.0,62650.0,9375015
2020-01-14,MWG,62700.0,63500.0,62350.0,63400.0,8380524
2020-01-15,MWG,63750.0,64900.0,61750.0,62100.0,13985593
2020-01-16,MWG,61750.0,62500.0,61300.0,62200.0,11928312
2020-01-17,MWG,62300.0,64200.0,61850.0,64200.0,13109681
2020-01-20,MWG,64100.0,64250.0,61700.0,61800.0,16775630
2020-01-21,MWG,61800.0,62650.0,61350.0,61700.0,9023969
2020-01-22,MWG,61700.0,62050.0,60150.0,60550.0,14819469
2020-01-23,MWG,60600.0,62100.0,60500.0,62000.0,11826443
2020-01-24,MWG,62150.0,63050.0,61800.0,62900.0,12865261
2020-01-27,MWG,62950.0,65400.0,62800.0,65300.0,15964219
2020-01-28,MWG,65400.0,67300.0,65300.0,66700.0,14045713
2020-01-29,MWG,66900.0,67700.0,66150.0,67200.0,10704618
2020-01-30,MWG,67000.0,67200.0,65650.0,66150.0,12826340
2020-01-31,MWG,66000.0,66650.0,65800.0,66200.0,7984253
2020-02-03,MWG,65900.0,66300.0,63800.0,64400.0,12186439
2020-02-04,MWG,64100.0,64900.0,62550.0,62650.0,14884843
2020-02-05,MWG,62850.0,65450.0,62400.0,65050.0,18656233
2020-02-06,MWG,64900.0,66650.0,64600.0,66150.0,14724225
2020-02-07,MWG,66100.0,68850.0,66050.0,68800.0,13588665
2020-02-10,MWG,69600.0,70500.0,69000.0,69450.0,14017813
2020-02-11,MWG,69150.0,69500.0,68750.0,69250.0,10710160
2020-02-12,MWG,69050.0,69350.0,67450.0,67450.0,12253662
2020-02-13,MWG,67600.0,68300.0,65150.0,65450.0,18539411
2020-02-14,MWG,65300.0,65400.0,64750.0,64950.0,13494020
2020-02-17,MWG,64900.0,68150.0,64850.0,68100.0,13822119
2020-02-18,MWG,67950.0,69300.0,67600.0,68700.0,11483831
2020-02-19,MWG,68800.0,69000.0,67350.0,67700.0,12329771
2020-02-20,MWG,67700.0,68150.0,66850.0,67050.0,10197118
2020-02-21,MWG,66750.0,67250.0,66500.0,67250.0,7776057
2020-02-24,MWG,67250.0,68050.0,67050.0,68000.0,12753596
2020-02-25,MWG,67900.0,68000.0,67700.0,67850.0,10700717
2020-02-26,MWG,67750.0,68100.0,67650.0,67700.0,11741045
2020-02-27,MWG,67350.0,69500.0,67150.0,69000.0,11990526
2020-02-28,MWG,69300.0,72200.0,68700.0,71800.0,15409604
2020-03-02,MWG,72050.0,73900.0,71800.0,73850.0,13161035
2020-03-03,MWG,73400.0,73600.0,72950.0,73000.0,13083530
2020-03-04,MWG,73050.0,73250.0,70350.0,70400.0,13004101
2020-03-05,MWG,70800.0,71700.0,70500.0,71500.0,11255226
2020-03-06,MWG,71350.0,71500.0,70400.0,70650.0,10664855
2020-03-09,MWG,70750.0,72800.0,69950.0,72750.0,11635890
2020-03-10,MWG,72850.0,74250.0,72350.0,74100.0,10180393
2020-03-11,MWG,74250.0,74650.0,73150.0,73200.0,9881895
2020-03-12,MWG,73350.0,73700.0,71700.0,72200.0,14807312
2020-03-13,MWG,72250.0,73100.0,71500.0,72700.0,8790158
2020-03-16,MWG,72900.0,72900.0,71750.0,72100.0,14782326
2020-03-17,MWG,72350.0,73250.0,71950.0,73150.0,10080497
2020-03-18,MWG,73200.0,73650.0,70550.0,70900.0,17034361
2020-03-19,MWG,70800.0,72950.0,69950.0,72800.0,12490538
2020-03-20,MWG,72850.0,73800.0,72800.0,73350.0,12603049
2020-03-23,MWG,73500.0,74850.0,73350.0,74600.0,10761232
2020-03-24,MWG,73700.0,75700.0,73300.0,74850.0,10359470
2020-03-25,MWG,75000.0,76800.0,74900.0,76400.0,9620374
2020-03-26,MWG,77050.0,77500.0,73950.0,74000.0,13109193
2020-03-27,MWG,73900.0,74200.0,71650.0,71950.0,17229612
2020-03-30,MWG,72150.0,72200.0,70850.0,71200.0,13447836
2020-03-31,MWG,71200.0,71450.0,70000.0,70200.0,14739134
2020-04-01,MWG,70100.0,72100.0,70000.0,71550.0,10036446
2020-04-02,MWG,71550.0,71700.0,70550.0,70850.0,12579317
2020-04-03,MWG,70550.0,70850.0,68400.0,68950.0,16506353
2020-04-06,MWG,69000.0,70200.0,68350.0,70100.0,11246549
2020-04-07,MWG,70100.0,72700.0,69750.0,72350.0,15961798
2020-04-08,MWG,72550.0,72700.0,70600.0,70700.0,11897228
2020-04-09,MWG,70850.0,71800.0,70850.0,71500.0,8494161
2020-04-10,MWG,71650.0,73250.0,71400.0,73150.0,13599772
2020-04-13,MWG,73150.0,73500.0,71450.0,71900.0,9781441
2020-04-14,MWG,71500.0,71900.0,70050.0,70100.0,15997299
2020-04-15,MWG,70600.0,71350.0,70000.0,71000.0,10804153
2020-04-16,MWG,71200.0,72650.0,71000.0,72250.0,10818238
2020-04-17,MWG,72200.0,72300.0,70600.0,70950.0,13286298
2020-04-20,MWG,70850.0,71900.0,70800.0,71450.0,12256093
2020-04-21,MWG,72100.0,72800.0,71500.0,71700.0,15040714
2020-04-22,MWG,71450.0,74000.0,70650.0,73700.0,13628962
2020-04-23,MWG,73950.0,74400.0,70800.0,71100.0,18232892
2020-04-24,MWG,71300.0,71950.0,70600.0,71650.0,14049542
2020-04-27,MWG,71700.0,73400.0,71300.0,72850.0,12350878
2020-04-28,MWG,72800.0,73950.0,72400.0,73450.0,14293920
2020-04-29,MWG,73600.0,73800.0,72600.0,72600.0,14360469
2020-04-30,MWG,72350.0,73500.0,72100.0,73250.0,14599083
2020-05-01,MWG,73000.0,75650.0,72750.0,75150.0,15149921
2020-05-04,MWG,74950.0,76150.0,74050.0,75600.0,15903478
2020-05-05,MWG,75600.0,75700.0,73650.0,73700.0,11535284
2020-05-06,MWG,73700.0,74900.0,73250.0,74700.0,11212875
2020-05-07,MWG,75150.0,75600.0,72650.0,73100.0,15181828
2020-05-08,MWG,73250.0,73800.0,72950.0,73250.0,8392657
2020-05-11,MWG,73700.0,75000.0,73500.0,74500.0,14446930
2020-05-12,MWG,74450.0,76550.0,73850.0,76400.0,16217300
2020-05-13,MWG,76650.0,77350.0,74850.0,75200.0,10245451
2020-05-14,MWG,75100.0,78900.0,74950.0,78700.0,12714716
2020-05-15,MWG,79050.0,79600.0,78100.0,78400.0,12006400
2020-05-18,MWG,77400.0,78300.0,75800.0,76150.0,15739008
2020-05-19,MWG,76550.0,78350.0,76450.0,77700.0,9523997
2020-05-20,MWG,77850.0,79400.0,77550.0,78600.0,14102571
2020-05-21,MWG,78650.0,79750.0,78250.0,79700.0,14816528
2020-05-22,MWG,79450.0,80050.0,78700.0,80050.0,9553575
2020-05-25,MWG,80200.0,81200.0,80000.0,81050.0,10311425
2020-05-26,MWG,81200.0,82500.0,78650.0,79250.0,13361360
2020-05-27,MWG,79300.0,79600.0,77250.0,77850.0,14349326
2020-05-28,MWG,78100.0,78650.0,74700.0,75250.0,14526052
2020-05-29,MWG,75800.0,76200.0,71000.0,71750.0,16076099
2020-06-01,MWG,71600.0,72150.0,71000.0,71850.0,8229095
2020-06-02,MWG,71900.0,71950.0,71350.0,71850.0,8020949
2020-06-03,MWG,72150.0,72650.0,68550.0,69050.0,13598462
2020-06-04,MWG,69200.0,70100.0,68400.0,69600.0,11072016
2020-06-05,MWG,70200.0,70350.0,68500.0,68550.0,12224919
2020-06-08,MWG,68050.0,68650.0,66700.0,66750.0,14720834
2020-06-09,MWG,67000.0,70150.0,66750.0,69950.0,12785809
2020-06-10,MWG,69550.0,69900.0,68600.0,68900.0,12326870
2020-06-11,MWG,69200.0,70750.0,69050.0,70600.0,13404545
2020-06-12,MWG,70150.0,70300.0,69550.0,69650.0,7382707
2020-06-15,MWG,69800.0,72650.0,69600.0,71450.0,16470837
2020-06-16,MWG,71650.0,71900.0,70100.0,70350.0,12730788
2020-06-17,MWG,70150.0,71000.0,68650.0,69300.0,14849773
2020-06-18,MWG,68850.0,69400.0,68350.0,68550.0,9783754
2020-06-19,MWG,67900.0,68750.0,67700.0,68450.0,8093637
2020-06-22,MWG,68450.0,68700.0,67700.0,68100.0,10636827
2020-06-23,MWG,68350.0,68500.0,66700.0,66800.0,11196931
2020-06-24,MWG,66550.0,67550.0,65850.0,67550.0,9402785
2020-06-25,MWG,67600.0,69450.0,67450.0,69150.0,13522962
2020-06-26,MWG,69250.0,70800.0,69000.0,70650.0,13089870
2020-06-29,MWG,70350.0,71750.0,70100.0,71400.0,9217378
2020-06-30,MWG,71850.0,72600.0,71300.0,71650.0,13430663
2020-07-01,MWG,71900.0,75700.0,70950.0,75450.0,19991906
2020-07-02,MWG,75500.0,76250.0,72650.0,73450.0,15546097
2020-07-03,MWG,73800.0,74300.0,73800.0,73900.0,10015976
2020-07-06,MWG,73650.0,76450.0,73250.0,76250.0,13398125
2020-07-07,MWG,76300.0,77900.0,76050.0,77700.0,11590242
2020-07-08,MWG,77950.0,78400.0,76100.0,76500.0,13647563
2020-07-09,MWG,76600.0,77600.0,75000.0,75100.0,12429978
2020-07-10,MWG,75000.0,75850.0,74850.0,75300.0,12580948
2020-07-13,MWG,75300.0,75600.0,73900.0,74550.0,10189034
2020-07-14,MWG,74900.0,75550.0,74700.0,75200.0,10622993
2020-07-15,MWG,74700.0,75350.0,71400.0,71700.0,14710291
2020-07-16,MWG,72050.0,72500.0,67900.0,68000.0,20674812
2020-07-17,MWG,68250.0,68300.0,67850.0,68150.0,8350155
2020-07-20,MWG,68000.0,68750.0,67950.0,68350.0,13727255
2020-07-21,MWG,68500.0,68850.0,66800.0,67150.0,12077938
2020-07-22,MWG,67150.0,69250.0,66900.0,68550.0,11688365
2020-07-23,MWG,68950.0,69650.0,68200.0,69550.0,15065335
2020-07-24,MWG,69600.0,71100.0,69050.0,70500.0,14349433
2020-07-27,MWG,70950.0,71250.0,68800.0,69400.0,12597282
2020-07-28,MWG,69350.0,69550.0,68000.0,68100.0,9548348
2020-07-29,MWG,68350.0,68650.0,67450.0,67500.0,10159279
2020-07-30,MWG,67000.0,67600.0,64800.0,65050.0,12239628
2020-07-31,MWG,64900.0,65600.0,64350.0,65600.0,13146151
2020-08-03,MWG,65650.0,67750.0,65250.0,67100.0,15107333
2020-08-04,MWG,67150.0,67550.0,64250.0,64800.0,12808470
2020-08-05,MWG,64550.0,66300.0,64100.0,66100.0,16733517
2020-08-06,MWG,65900.0,66400.0,64950.0,65000.0,15136494
2020-08-07,MWG,64700.0,65050.0,63150.0,63250.0,13153090
2020-08-10,MWG,63400.0,63450.0,62100.0,62150.0,12493271
2020-08-11,MWG,62600.0,63450.0,62400.0,63400.0,10712561
2020-08-12,MWG,63350.0,65400.0,63150.0,64700.0,10663069
2020-08-13,MWG,64900.0,65300.0,64700.0,65200.0,11847618
2020-08-14,MWG,65150.0,68000.0,64650.0,67200.0,16574224
2020-08-17,MWG,67450.0,68050.0,66900.0,67550.0,12607182
2020-08-18,MWG,67450.0,69050.0,67450.0,69000.0,13794562
2020-08-19,MWG,68850.0,68850.0,64950.0,65600.0,19325335
2020-08-20,MWG,65450.0,67900.0,65150.0,67050.0,15260685
2020-08-21,MWG,67250.0,67850.0,66950.0,67050.0,14429829
2020-08-24,MWG,67400.0,67800.0,65600.0,65750.0,12457274
2020-08-25,MWG,66300.0,66400.0,64600.0,65300.0,13871497
2020-08-26,MWG,64950.0,66800.0,64800.0,66150.0,12272501
2020-08-27,MWG,66300.0,66600.0,64300.0,65000.0,10600086
2020-08-28,MWG,64950.0,65850.0,64500.0,65850.0,13175504
2020-08-31,MWG,65750.0,66450.0,64300.0,64550.0,10756859
2020-09-01,MWG,64750.0,65300.0,64200.0,64300.0,10350890
2020-09-02,MWG,64550.0,64800.0,63800.0,63950.0,11843361
2020-09-03,MWG,63900.0,65150.0,63400.0,65050.0,12122425
2020-09-04,MWG,64750.0,65300.0,64750.0,65000.0,7882760
2020-09-07,MWG,65250.0,65950.0,63500.0,63850.0,16383744
2020-09-08,MWG,63550.0,64050.0,63350.0,63600.0,10983495
2020-09-09,MWG,63250.0,63850.0,62150.0,62450.0,9740014
2020-09-10,MWG,62150.0,62450.0,61800.0,61900.0,11442035
2020-09-11,MWG,62050.0,62250.0,61050.0,61100.0,8724823
2020-09-14,MWG,61050.0,62700.0,60650.0,62400.0,14491608
2020-09-15,MWG,62250.0,64350.0,62000.0,64200.0,13472224
2020-09-16,MWG,64300.0,65450.0,64100.0,65400.0,11259548
2020-09-17,MWG,65700.0,66850.0,65650.0,66650.0,14129372
2020-09-18,MWG,66600.0,66750.0,66200.0,66500.0,11577602
2020-09-21,MWG,66750.0,69050.0,66450.0,68400.0,16316631
2020-09-22,MWG,68350.0,70500.0,67800.0,70300.0,17619572
2020-09-23,MWG,70350.0,70950.0,69850.0,70950.0,13084046
2020-09-24,MWG,70600.0,71100.0,69400.0,69800.0,12657919
2020-09-25,MWG,70000.0,70350.0,69650.0,70250.0,12414061
2020-09-28,MWG,70600.0,71150.0,68100.0,68350.0,15474507
2020-09-29,MWG,68650.0,69500.0,68600.0,68850.0,8320376
2020-09-30,MWG,68850.0,69050.0,68800.0,68850.0,8444793
2020-10-01,MWG,68650.0,70050.0,68500.0,69650.0,14935704
2020-10-02,MWG,69550.0,71200.0,68800.0,70300.0,13466711
2020-10-05,MWG,69800.0,71150.0,69500.0,70900.0,12583582
2020-10-06,MWG,70850.0,70850.0,66650.0,67300.0,17051602
2020-10-07,MWG,66650.0,66700.0,66200.0,66250.0,12693954
2020-10-08,MWG,65800.0,66700.0,65400.0,66550.0,11838601
2020-10-09,MWG,66700.0,69350.0,66550.0,68600.0,13014200
2020-10-12,MWG,68550.0,69200.0,66750.0,66900.0,16960138
2020-10-13,MWG,66850.0,67700.0,66200.0,67350.0,15556347
2020-10-14,MWG,67250.0,67350.0,65250.0,65350.0,13977545
2020-10-15,MWG,65550.0,70050.0,65400.0,69750.0,20829717
2020-10-16,MWG,69950.0,71700.0,69650.0,70750.0,15770571
2020-10-19,MWG,71000.0,71200.0,70850.0,71050.0,11112282
2020-10-20,MWG,70900.0,75800.0,70550.0,75400.0,21557814
2020-10-21,MWG,75100.0,75150.0,72200.0,72350.0,17591848
2020-10-22,MWG,72000.0,72150.0,71250.0,71300.0,9697084
2020-10-23,MWG,71300.0,72350.0,70650.0,72050.0,13950439
2020-10-26,MWG,72200.0,72250.0,71400.0,71500.0,9221803
2020-10-27,MWG,71700.0,73400.0,71400.0,73250.0,14714833
2020-10-28,MWG,72600.0,75150.0,72400.0,74950.0,11813862
2020-10-29,MWG,74700.0,74950.0,72750.0,72950.0,13168003
2020-10-30,MWG,72900.0,73950.0,72800.0,73750.0,9070709
2020-11-02,MWG,73200.0,75200.0,73150.0,74350.0,10685231
2020-11-03,MWG,74350.0,75400.0,73550.0,74000.0,12729368
2020-11-04,MWG,73950.0,76350.0,72850.0,76050.0,15019600
2020-11-05,MWG,76200.0,76350.0,73650.0,73850.0,16186850
2020-11-06,MWG,73650.0,74850.0,72950.0,74650.0,11221401
2020-11-09,MWG,75150.0,75900.0,74750.0,75050.0,10261803
2020-11-10,MWG,74700.0,75450.0,74600.0,75400.0,10525882
2020-11-11,MWG,75000.0,75400.0,74900.0,75050.0,8571941
2020-11-12,MWG,75300.0,75700.0,74350.0,74950.0,11991490
2020-11-13,MWG,75350.0,75700.0,73050.0,73950.0,12646187
2020-11-16,MWG,73550.0,73750.0,72200.0,72400.0,13649101
2020-11-17,MWG,72650.0,72650.0,71550.0,71900.0,12525905
2020-11-18,MWG,71750.0,72050.0,70900.0,71250.0,13647828
2020-11-19,MWG,71100.0,71750.0,70100.0,70650.0,13516196
2020-11-20,MWG,70950.0,73100.0,70850.0,72900.0,11168295
2020-11-23,MWG,73000.0,75300.0,72950.0,74200.0,14047336
2020-11-24,MWG,74400.0,74700.0,73350.0,73350.0,11249062
2020-11-25,MWG,73350.0,73450.0,70100.0,70300.0,18259289
2020-11-26,MWG,70300.0,72250.0,70200.0,71850.0,16241882
2020-11-27,MWG,71800.0,72250.0,71500.0,71550.0,11905535
2020-11-30,MWG,71850.0,72000.0,70800.0,71000.0,12727670
2020-12-01,MWG,70300.0,70450.0,69650.0,69900.0,10586210
2020-12-02,MWG,69650.0,72000.0,69200.0,71650.0,16558387
2020-12-03,MWG,71650.0,71650.0,70550.0,71000.0,11428215
2020-12-04,MWG,70900.0,70950.0,69700.0,70050.0,9120629
2020-12-07,MWG,69650.0,69800.0,68300.0,68700.0,12769150
2020-12-08,MWG,68150.0,68500.0,65900.0,66300.0,14261378
2020-12-09,MWG,66000.0,67150.0,65950.0,67100.0,9565550
2020-12-10,MWG,66850.0,67850.0,66700.0,66950.0,13608668
2020-12-11,MWG,67200.0,67900.0,67050.0,67600.0,13121283
2020-12-14,MWG,67600.0,67900.0,65950.0,66150.0,11251093
2020-12-15,MWG,65950.0,66000.0,64600.0,64750.0,10717443
2020-12-16,MWG,64900.0,65000.0,62500.0,63100.0,13517632
2020-12-17,MWG,62850.0,64050.0,62500.0,63300.0,13222275
2020-12-18,MWG,63600.0,64000.0,61800.0,62450.0,11699612
2020-12-21,MWG,62300.0,62650.0,61350.0,61400.0,11268975
2020-12-22,MWG,61600.0,64900.0,60700.0,64100.0,17122884
2020-12-23,MWG,64250.0,64550.0,63350.0,63500.0,13514412
2020-12-24,MWG,63700.0,64100.0,62150.0,62800.0,16454652
2020-12-25,MWG,62750.0,62950.0,60500.0,61250.0,16502676
2020-12-28,MWG,61350.0,61350.0,59750.0,60550.0,11888751
2020-12-29,MWG,60250.0,60500.0,59500.0,59650.0,12587587
2020-12-30,MWG,59500.0,60400.0,58850.0,59800.0,12253761
2020-12-31,MWG,60300.0,60600.0,58350.0,58500.0,16597791
2021-01-01,MWG,58600.0,58700.0,56800.0,57150.0,12140814
2021-01-04,MWG,57400.0,57550.0,56750.0,56850.0,12713518
2021-01-05,MWG,57100.0,57200.0,56500.0,56550.0,10028888
2021-01-06,MWG,56500.0,59200.0,55450.0,59200.0,16630964
2021-01-07,MWG,59250.0,60500.0,59200.0,60250.0,12497486
2021-01-08,MWG,60150.0,61700.0,60150.0,61600.0,11903173
2021-01-11,MWG,61650.0,61650.0,60750.0,60800.0,13268791
2021-01-12,MWG,61100.0,61400.0,60650.0,60750.0,9976360
2021-01-13,MWG,60750.0,61500.0,60400.0,61000.0,14475018
2021-01-14,MWG,60850.0,61050.0,60450.0,60800.0,7502360
2021-01-15,MWG,60400.0,63900.0,59800.0,63500.0,14774098
2021-01-18,MWG,63750.0,64500.0,63750.0,64400.0,9467421
2021-01-19,MWG,64300.0,64850.0,64100.0,64800.0,12743297
2021-01-20,MWG,64450.0,65850.0,64300.0,65500.0,10407935
2021-01-21,MWG,65250.0,68800.0,65250.0,68800.0,17032238
2021-01-22,MWG,69350.0,71300.0,69100.0,70950.0,10211373
2021-01-25,MWG,70800.0,73050.0,70650.0,72850.0,14224907
2021-01-26,MWG,73350.0,74300.0,73050.0,73750.0,8824475
2021-01-27,MWG,73750.0,74100.0,70400.0,70950.0,14887435
2021-01-28,MWG,70950.0,71150.0,69050.0,69150.0,13435587
2021-01-29,MWG,69250.0,70850.0,68850.0,70350.0,11173123
2021-02-01,MWG,70600.0,73250.0,70400.0,73200.0,12966619
2021-02-02,MWG,73400.0,75350.0,72800.0,74150.0,14210040
2021-02-03,MWG,73900.0,75250.0,73850.0,75200.0,13816123
2021-02-04,MWG,75150.0,75150.0,74600.0,74800.0,11324331
2021-02-05,MWG,74900.0,76350.0,74700.0,76150.0,10976957
2021-02-08,MWG,75950.0,76450.0,74650.0,75000.0,11089686
2021-02-09,MWG,74900.0,76200.0,74850.0,76150.0,8520806
2021-02-10,MWG,76150.0,76350.0,73550.0,74100.0,11589795
2021-02-11,MWG,74100.0,74150.0,71500.0,71900.0,15216895
2021-02-12,MWG,72000.0,74100.0,71750.0,73500.0,10070103
2021-02-15,MWG,73900.0,74100.0,72850.0,72950.0,11773919
2021-02-16,MWG,72800.0,74450.0,71900.0,74200.0,15227036
2021-02-17,MWG,74300.0,76750.0,74050.0,76550.0,12843872
2021-02-18,MWG,76300.0,76700.0,74750.0,76100.0,11181056
2021-02-19,MWG,75850.0,76850.0,75100.0,75250.0,14235510
2021-02-22,MWG,74850.0,75650.0,74750.0,75400.0,8763573
2021-02-23,MWG,75200.0,75850.0,74800.0,75700.0,11131550
2021-02-24,MWG,76250.0,79100.0,76100.0,78350.0,14759494
2021-02-25,MWG,78800.0,80550.0,78750.0,79700.0,10400482
2021-02-26,MWG,79900.0,79900.0,79100.0,79250.0,8892647
2021-03-01,MWG,79150.0,80450.0,79100.0,80450.0,12937820
2021-03-02,MWG,80350.0,81000.0,80100.0,80800.0,13181523
2021-03-03,MWG,80650.0,81250.0,80300.0,80750.0,10928540
2021-03-04,MWG,80350.0,81050.0,78200.0,78600.0,10710357
2021-03-05,MWG,78350.0,79650.0,77650.0,79300.0,13307067
2021-03-08,MWG,79200.0,80100.0,77850.0,78250.0,14075113
2021-03-09,MWG,78100.0,78450.0,75850.0,76050.0,14477598
2021-03-10,MWG,75600.0,78050.0,75200.0,77800.0,10864851
2021-03-11,MWG,78200.0,79900.0,78200.0,79800.0,9539833
2021-03-12,MWG,79900.0,80650.0,79450.0,80300.0,10145785
2021-03-15,MWG,80450.0,81400.0,79650.0,81200.0,13119736
2021-03-16,MWG,81000.0,81000.0,79950.0,80100.0,12192625
2021-03-17,MWG,80250.0,81500.0,79900.0,81500.0,8746006
2021-03-18,MWG,81550.0,81900.0,77500.0,77550.0,18873915
2021-03-19,MWG,78050.0,78550.0,76750.0,77100.0,11935884
2021-03-22,MWG,76800.0,77850.0,76600.0,77800.0,12248646
2021-03-23,MWG,77850.0,79400.0,77650.0,78950.0,12275517
2021-03-24,MWG,79250.0,79350.0,78500.0,79300.0,9115556
2021-03-25,MWG,79500.0,79700.0,77200.0,77500.0,13643336
2021-03-26,MWG,77200.0,77650.0,76700.0,77400.0,12842142
2021-03-29,MWG,77150.0,77350.0,75050.0,75400.0,11178531
2021-03-30,MWG,75500.0,76200.0,73200.0,73300.0,13783536
2021-03-31,MWG,73200.0,75500.0,72550.0,74700.0,16225613
2021-04-01,MWG,74500.0,74700.0,72800.0,73450.0,9375907
2021-04-02,MWG,73500.0,75850.0,73300.0,75150.0,16392899
2021-04-05,MWG,74800.0,76750.0,74400.0,76100.0,9955916
2021-04-06,MWG,75950.0,76550.0,74050.0,74150.0,14130738
2021-04-07,MWG,73950.0,74150.0,71250.0,72250.0,17551944
2021-04-08,MWG,72150.0,74150.0,72100.0,73700.0,16181195
2021-04-09,MWG,73650.0,77050.0,73100.0,76400.0,17882401
2021-04-12,MWG,76250.0,79300.0,75950.0,78950.0,17178936
2021-04-13,MWG,78650.0,81050.0,78050.0,80950.0,14797496
2021-04-14,MWG,80650.0,81050.0,79650.0,80400.0,9080832
2021-04-15,MWG,80650.0,81050.0,80000.0,80400.0,12888337
2021-04-16,MWG,80650.0,82000.0,80550.0,81900.0,13159756
2021-04-19,MWG,82350.0,84050.0,82100.0,83850.0,10735598
2021-04-20,MWG,84000.0,85000.0,83550.0,84800.0,13847193
2021-04-21,MWG,85300.0,85700.0,84350.0,85550.0,12689708
2021-04-22,MWG,85950.0,86100.0,83350.0,83500.0,15549961
2021-04-23,MWG,84100.0,84150.0,81150.0,81400.0,16474389
2021-04-26,MWG,81700.0,84850.0,81550.0,84700.0,12239886
2021-04-27,MWG,83950.0,84050.0,80900.0,80900.0,14791781
2021-04-28,MWG,81350.0,81700.0,78550.0,78850.0,13458579
2021-04-29,MWG,79350.0,81800.0,79100.0,81100.0,10465220
2021-04-30,MWG,80950.0,83150.0,80800.0,83150.0,13682848
2021-05-03,MWG,83300.0,84100.0,82800.0,83500.0,10072387
2021-05-04,MWG,82950.0,84400.0,82500.0,84250.0,15546452
2021-05-05,MWG,84150.0,84750.0,82500.0,82600.0,15022219
2021-05-06,MWG,82050.0,82250.0,78700.0,78950.0,17556383
2021-05-07,MWG,78950.0,82700.0,78650.0,82450.0,18504369
2021-05-10,MWG,82350.0,82750.0,82250.0,82300.0,9079929
2021-05-11,MWG,82350.0,82450.0,81400.0,81600.0,8370684
2021-05-12,MWG,81050.0,84700.0,80550.0,84350.0,18167859
2021-05-13,MWG,84750.0,85950.0,84400.0,85850.0,10212481
2021-05-14,MWG,85700.0,87350.0,85050.0,86800.0,14349416
2021-05-17,MWG,86650.0,86750.0,85500.0,85650.0,12008263
2021-05-18,MWG,85450.0,86500.0,85050.0,85050.0,14865089
2021-05-19,MWG,85200.0,86800.0,85000.0,86050.0,10986026
2021-05-20,MWG,85300.0,88650.0,85200.0,87850.0,14695257
2021-05-21,MWG,88250.0,88800.0,86650.0,86750.0,10240904
2021-05-24,MWG,86550.0,88950.0,86350.0,88200.0,12679647
2021-05-25,MWG,87850.0,88300.0,83600.0,84050.0,16490049
2021-05-26,MWG,84050.0,84350.0,83800.0,83950.0,12621466
2021-05-27,MWG,83950.0,84400.0,82200.0,82650.0,12054406
2021-05-28,MWG,82800.0,83300.0,80300.0,80550.0,16658052
2021-05-31,MWG,80050.0,81750.0,79950.0,81300.0,13227493
2021-06-01,MWG,81900.0,83050.0,76700.0,77150.0,22273954
2021-06-02,MWG,76750.0,77650.0,76200.0,77150.0,8571170
2021-06-03,MWG,77000.0,77300.0,75050.0,75950.0,12013475
2021-06-04,MWG,76500.0,76650.0,75050.0,75250.0,14403426
2021-06-07,MWG,75150.0,75600.0,73100.0,73550.0,15952349
2021-06-08,MWG,73650.0,73900.0,72700.0,73300.0,12702596
2021-06-09,MWG,73250.0,74900.0,73250.0,74700.0,15215816
2021-06-10,MWG,74900.0,75500.0,74600.0,75200.0,11344526
2021-06-11,MWG,75100.0,75650.0,73600.0,74050.0,10977585
2021-06-14,MWG,74350.0,74650.0,73450.0,73700.0,13043286
2021-06-15,MWG,73000.0,73150.0,72150.0,73000.0,12739142
2021-06-16,MWG,72750.0,73600.0,72250.0,72450.0,11573431
2021-06-17,MWG,72550.0,75500.0,72500.0,74900.0,11405919
2021-06-18,MWG,75050.0,75400.0,72750.0,72750.0,13426969
2021-06-21,MWG,72800.0,74400.0,72600.0,73850.0,15042611
2021-06-22,MWG,73500.0,73900.0,71150.0,71450.0,11951601
2021-06-23,MWG,71400.0,74900.0,71300.0,73350.0,14449256
2021-06-24,MWG,74050.0,75200.0,73350.0,74700.0,14134101
2021-06-25,MWG,75100.0,75650.0,74500.0,75350.0,8188024
2021-06-28,MWG,75000.0,77200.0,75000.0,76600.0,11460225
2021-06-29,MWG,76450.0,76600.0,75750.0,75900.0,8532932
2021-06-30,MWG,75750.0,76850.0,75450.0,76700.0,11164507
2021-07-01,MWG,76900.0,77300.0,73400.0,74200.0,13343910
2021-07-02,MWG,74250.0,74300.0,73550.0,73800.0,9806326
2021-07-05,MWG,73300.0,74900.0,72700.0,74400.0,16469190
2021-07-06,MWG,74400.0,75050.0,74250.0,74950.0,8723709
2021-07-07,MWG,75100.0,75650.0,73800.0,73900.0,14490653
2021-07-08,MWG,74200.0,76150.0,73900.0,75900.0,12585580
2021-07-09,MWG,76100.0,76150.0,74200.0,74200.0,15946280
2021-07-12,MWG,74250.0,74450.0,73100.0,73700.0,12874634
2021-07-13,MWG,73900.0,74350.0,73200.0,73700.0,10951303
2021-07-14,MWG,73750.0,74150.0,72900.0,74100.0,8289328
2021-07-15,MWG,74400.0,75000.0,72050.0,72200.0,17548791
2021-07-16,MWG,72050.0,72250.0,71150.0,71300.0,9424411
2021-07-19,MWG,71800.0,72100.0,68800.0,69450.0,17067494
2021-07-20,MWG,69300.0,72850.0,69000.0,72650.0,14147383
2021-07-21,MWG,72900.0,76400.0,72350.0,76050.0,15744096
2021-07-22,MWG,75750.0,75950.0,75300.0,75650.0,9234479
2021-07-23,MWG,75250.0,75900.0,73900.0,74500.0,10111880
2021-07-26,MWG,74400.0,74750.0,71900.0,71900.0,11094943
2021-07-27,MWG,70800.0,71450.0,68150.0,68900.0,12687478
2021-07-28,MWG,68750.0,71100.0,67450.0,70500.0,18814428
2021-07-29,MWG,71000.0,72000.0,70950.0,71650.0,13194696
2021-07-30,MWG,71750.0,71950.0,69500.0,69750.0,16968222
2021-08-02,MWG,70050.0,70300.0,68750.0,68850.0,11089566
2021-08-03,MWG,68700.0,68750.0,67050.0,67400.0,11072702
2021-08-04,MWG,67450.0,68950.0,67300.0,68900.0,14608783
2021-08-05,MWG,68850.0,68900.0,66650.0,67800.0,12391063
2021-08-06,MWG,68150.0,69200.0,67950.0,68600.0,8724879
2021-08-09,MWG,68650.0,69200.0,68500.0,69050.0,7352373
2021-08-10,MWG,69100.0,69250.0,66050.0,66350.0,14583801
2021-08-11,MWG,66850.0,67050.0,65650.0,66000.0,13446855
2021-08-12,MWG,65900.0,66650.0,65750.0,66150.0,9216900
2021-08-13,MWG,65850.0,66050.0,65450.0,65700.0,13422088
2021-08-16,MWG,65650.0,66700.0,65300.0,66550.0,9878818
2021-08-17,MWG,66550.0,66550.0,65200.0,65300.0,14745938
2021-08-18,MWG,64950.0,65300.0,64050.0,64450.0,11704156
2021-08-19,MWG,64550.0,69100.0,64500.0,68150.0,15418869
2021-08-20,MWG,68000.0,68350.0,67100.0,67450.0,13841176
2021-08-23,MWG,67350.0,68700.0,66800.0,68300.0,13145943
2021-08-24,MWG,68350.0,68650.0,68300.0,68450.0,10872778
2021-08-25,MWG,68350.0,69400.0,67950.0,69050.0,10442009
2021-08-26,MWG,69250.0,71000.0,68950.0,70850.0,12505726
2021-08-27,MWG,70800.0,73450.0,70400.0,72900.0,11918969
2021-08-30,MWG,72800.0,75850.0,72350.0,75600.0,15443373
2021-08-31,MWG,75550.0,75700.0,74450.0,74800.0,10162092
2021-09-01,MWG,75250.0,75700.0,75200.0,75450.0,11802955
2021-09-02,MWG,75250.0,77150.0,74950.0,77100.0,13634681
2021-09-03,MWG,77100.0,79000.0,76700.0,78750.0,10223492
2021-09-06,MWG,79100.0,79850.0,77550.0,78100.0,10720965
2021-09-07,MWG,78250.0,78600.0,76200.0,76400.0,11174568
2021-09-08,MWG,76550.0,77900.0,75850.0,77550.0,10588272
2021-09-09,MWG,77300.0,77850.0,76850.0,77650.0,13206116
2021-09-10,MWG,77350.0,78000.0,75100.0,75400.0,13405211
2021-09-13,MWG,75550.0,75600.0,73500.0,74000.0,10001318
2021-09-14,MWG,73500.0,74200.0,72850.0,73950.0,10089874
2021-09-15,MWG,73800.0,73850.0,73050.0,73150.0,12783021
2021-09-16,MWG,73100.0,74350.0,72950.0,74300.0,12814651
2021-09-17,MWG,74100.0,74500.0,74100.0,74500.0,7768779
2021-09-20,MWG,74950.0,75650.0,74550.0,75650.0,12468313
2021-09-21,MWG,75200.0,75450.0,73400.0,73450.0,12883278
2021-09-22,MWG,73400.0,75050.0,72800.0,74600.0,12463589
2021-09-23,MWG,74450.0,75100.0,74050.0,74550.0,13083848
2021-09-24,MWG,74700.0,75300.0,74600.0,75050.0,12958739
2021-09-27,MWG,74750.0,75350.0,72200.0,72650.0,15399232
2021-09-28,MWG,73500.0,73650.0,72700.0,73000.0,8578608
2021-09-29,MWG,73050.0,75850.0,72800.0,74800.0,12669407
2021-09-30,MWG,74750.0,75100.0,74350.0,74550.0,10575864
2021-10-01,MWG,75050.0,75300.0,71200.0,71950.0,17594919
2021-10-04,MWG,71800.0,72100.0,69900.0,70150.0,13033801
2021-10-05,MWG,70000.0,71100.0,69400.0,70450.0,14299041
2021-10-06,MWG,70950.0,71050.0,68950.0,69800.0,15331891
2021-10-07,MWG,69750.0,69750.0,69650.0,69750.0,9476384
2021-10-08,MWG,69350.0,69550.0,67700.0,67850.0,10823735
2021-10-11,MWG,67750.0,67850.0,67000.0,67150.0,11040130
2021-10-12,MWG,66700.0,67800.0,66300.0,67650.0,10089332
2021-10-13,MWG,67350.0,68400.0,66950.0,68200.0,8721584
2021-10-14,MWG,68150.0,68650.0,67050.0,67200.0,15487289
2021-10-15,MWG,67050.0,69050.0,66400.0,68850.0,17646076
2021-10-18,MWG,68300.0,69050.0,68000.0,68750.0,11576471
2021-10-19,MWG,69000.0,69900.0,68850.0,69750.0,12069627
2021-10-20,MWG,69750.0,70050.0,68850.0,68950.0,10596815
2021-10-21,MWG,68900.0,70500.0,68400.0,70300.0,15431564
2021-10-22,MWG,70550.0,73650.0,70350.0,72900.0,16246231
2021-10-25,MWG,72500.0,72700.0,67750.0,68100.0,20168361
2021-10-26,MWG,67950.0,68600.0,67650.0,68000.0,8827649
2021-10-27,MWG,68700.0,70600.0,68500.0,70050.0,11569640
2021-10-28,MWG,70000.0,70400.0,69800.0,70100.0,9529878
2021-10-29,MWG,70100.0,70500.0,68750.0,69250.0,13634909
2021-11-01,MWG,69100.0,69100.0,68600.0,68850.0,10914701
2021-11-02,MWG,69300.0,69500.0,67300.0,67800.0,10172503
2021-11-03,MWG,68250.0,69950.0,68000.0,69650.0,11617829
2021-11-04,MWG,69250.0,72100.0,69050.0,71450.0,13347497
2021-11-05,MWG,70900.0,71450.0,69850.0,70150.0,12912040
2021-11-08,MWG,70000.0,70300.0,69000.0,69400.0,12751940
2021-11-09,MWG,69650.0,70900.0,69300.0,70550.0,14712680
2021-11-10,MWG,70550.0,72500.0,69850.0,72350.0,11049312
2021-11-11,MWG,72500.0,73450.0,72200.0,73000.0,8968596
2021-11-12,MWG,72850.0,73850.0,72200.0,73000.0,15215310
2021-11-15,MWG,73300.0,73600.0,73150.0,73550.0,12759271
2021-11-16,MWG,73550.0,73650.0,70550.0,71250.0,16327803
2021-11-17,MWG,71550.0,71900.0,68550.0,69000.0,17643167
2021-11-18,MWG,68450.0,70150.0,68250.0,69400.0,14274203
2021-11-19,MWG,69400.0,72900.0,69300.0,72800.0,14431282
2021-11-22,MWG,73050.0,73750.0,72800.0,73100.0,12060860
2021-11-23,MWG,73550.0,74450.0,73500.0,74000.0,13671427
2021-11-24,MWG,74700.0,75050.0,71800.0,72100.0,17913317
2021-11-25,MWG,72250.0,73300.0,68200.0,68400.0,21356059
2021-11-26,MWG,68300.0,68900.0,68000.0,68600.0,12699115
2021-11-29,MWG,68500.0,69400.0,68450.0,69150.0,9621662
2021-11-30,MWG,69100.0,71400.0,68750.0,71100.0,15343908
2021-12-01,MWG,71250.0,73250.0,71000.0,72800.0,10984844
2021-12-02,MWG,72150.0,74450.0,71550.0,73250.0,15731209
2021-12-03,MWG,73350.0,73900.0,72000.0,72250.0,15224484
2021-12-06,MWG,72550.0,73200.0,71750.0,72350.0,12213905
2021-12-07,MWG,72650.0,73050.0,71750.0,72950.0,9433691
2021-12-08,MWG,73050.0,73550.0,72850.0,73400.0,11765483
2021-12-09,MWG,72800.0,73250.0,72650.0,72900.0,11401628
2021-12-10,MWG,72600.0,73400.0,70800.0,71300.0,16890835
2021-12-13,MWG,71450.0,71950.0,70450.0,70650.0,13662352
2021-12-14,MWG,70650.0,71050.0,70400.0,70550.0,10879447
2021-12-15,MWG,70700.0,70800.0,68050.0,68500.0,16992638
2021-12-16,MWG,68200.0,68250.0,67250.0,67300.0,9454275
2021-12-17,MWG,67500.0,67800.0,65850.0,66650.0,13095401
2021-12-20,MWG,66950.0,67300.0,64450.0,64750.0,15916930
2021-12-21,MWG,64850.0,65450.0,64700.0,65250.0,12690907
2021-12-22,MWG,65150.0,66750.0,64900.0,66350.0,10657480
2021-12-23,MWG,66200.0,67200.0,65650.0,66400.0,11019510
2021-12-24,MWG,66450.0,66500.0,64100.0,64400.0,10752591
2021-12-27,MWG,64250.0,66250.0,63850.0,65800.0,17238550
2021-12-28,MWG,65700.0,65800.0,65100.0,65450.0,8438977
2021-12-29,MWG,65350.0,65650.0,64500.0,64950.0,9874470
2021-12-30,MWG,65200.0,66950.0,65050.0,66650.0,9790795
2021-12-31,MWG,66400.0,66400.0,65900.0,66050.0,8413459
2022-01-03,MWG,66400.0,67300.0,64550.0,65150.0,12670199
2022-01-04,MWG,65200.0,65750.0,65200.0,65700.0,11707686
2022-01-05,MWG,65800.0,68450.0,65600.0,67650.0,17705168
2022-01-06,MWG,67900.0,68600.0,67800.0,68200.0,13432428
2022-01-07,MWG,68200.0,70200.0,67800.0,70200.0,14378055
2022-01-10,MWG,70150.0,70550.0,69450.0,69600.0,12699098
2022-01-11,MWG,69750.0,70200.0,68750.0,69100.0,12288260
2022-01-12,MWG,69150.0,69150.0,67000.0,67350.0,10876906
2022-01-13,MWG,67050.0,67100.0,66450.0,66700.0,11863435
2022-01-14,MWG,66600.0,69550.0,66550.0,69300.0,13169417
2022-01-17,MWG,69750.0,70950.0,69500.0,70700.0,10873834
2022-01-18,MWG,71200.0,72550.0,71050.0,72350.0,10998521
2022-01-19,MWG,72600.0,74150.0,72050.0,73500.0,9955101
2022-01-20,MWG,73150.0,75300.0,72550.0,75250.0,17223835
2022-01-21,MWG,75250.0,75500.0,71100.0,71550.0,18418051
2022-01-24,MWG,71350.0,71650.0,69400.0,69550.0,10207686
2022-01-25,MWG,69850.0,71300.0,69450.0,70950.0,15798740
2022-01-26,MWG,70900.0,71800.0,70450.0,71150.0,12760895
2022-01-27,MWG,70900.0,71100.0,70400.0,70900.0,7373788
2022-01-28,MWG,70600.0,73050.0,70350.0,72750.0,12122928
2022-01-31,MWG,72850.0,73750.0,71700.0,72300.0,10481986
2022-02-01,MWG,72450.0,73950.0,72400.0,73450.0,10928038
2022-02-02,MWG,73550.0,76100.0,73100.0,75750.0,13758868
2022-02-03,MWG,75550.0,75550.0,72900.0,73250.0,13699618
2022-02-04,MWG,73400.0,76100.0,73000.0,75850.0,17428218
2022-02-07,MWG,75600.0,76400.0,75500.0,76200.0,14056433
2022-02-08,MWG,76200.0,77600.0,75950.0,77300.0,13818126
2022-02-09,MWG,77650.0,79300.0,77400.0,78400.0,12977847
2022-02-10,MWG,78550.0,78850.0,77600.0,78150.0,10584633
2022-02-11,MWG,78150.0,78750.0,77700.0,77800.0,14044992
2022-02-14,MWG,77550.0,78050.0,77400.0,77450.0,8745626
2022-02-15,MWG,77500.0,78150.0,77150.0,77800.0,7914609
2022-02-16,MWG,77800.0,78700.0,76200.0,76250.0,11361314
2022-02-17,MWG,75950.0,79150.0,75750.0,78650.0,15018842
2022-02-18,MWG,78350.0,79050.0,78250.0,78900.0,8510044
2022-02-21,MWG,78700.0,79750.0,78600.0,79350.0,13286889
2022-02-22,MWG,80200.0,80700.0,79500.0,80200.0,12599021
2022-02-23,MWG,80200.0,82800.0,79900.0,82750.0,17204795
2022-02-24,MWG,82800.0,85550.0,82750.0,84450.0,14968723
2022-02-25,MWG,85050.0,86050.0,83900.0,84100.0,13714229
2022-02-28,MWG,84150.0,86200.0,83850.0,85650.0,12320808
2022-03-01,MWG,85700.0,86650.0,80500.0,80800.0,16847478
2022-03-02,MWG,80900.0,82200.0,80850.0,82200.0,14738989
2022-03-03,MWG,82300.0,82650.0,81000.0,81200.0,9128274
2022-03-04,MWG,80750.0,81450.0,80500.0,81000.0,12784067
2022-03-07,MWG,80750.0,81150.0,79550.0,79850.0,9199738
2022-03-08,MWG,79250.0,80650.0,78750.0,80500.0,10379047
2022-03-09,MWG,80650.0,84100.0,80400.0,84000.0,17632576
2022-03-10,MWG,83950.0,87200.0,83250.0,87000.0,16651559
2022-03-11,MWG,87050.0,87700.0,86200.0,86250.0,11583001
2022-03-14,MWG,86550.0,87100.0,86000.0,86350.0,8002504
2022-03-15,MWG,86500.0,86500.0,85850.0,86250.0,9276495
2022-03-16,MWG,86150.0,87100.0,85650.0,86300.0,12820080
2022-03-17,MWG,86550.0,86700.0,85600.0,85900.0,12914284
2022-03-18,MWG,85700.0,86100.0,80950.0,81600.0,20547264
2022-03-21,MWG,81800.0,84850.0,81750.0,84550.0,14019047
2022-03-22,MWG,84400.0,84700.0,80850.0,81400.0,17553973
2022-03-23,MWG,81700.0,82100.0,79500.0,80350.0,12858093
2022-03-24,MWG,80800.0,81850.0,80600.0,80950.0,10675907
2022-03-25,MWG,80600.0,81750.0,80500.0,81500.0,9989865
2022-03-28,MWG,81800.0,82750.0,79750.0,80000.0,11631876
2022-03-29,MWG,80900.0,81300.0,80250.0,80650.0,9805840
2022-03-30,MWG,80850.0,81150.0,80000.0,80200.0,8592179
2022-03-31,MWG,80250.0,82950.0,79950.0,82600.0,10655685
2022-04-01,MWG,82800.0,83500.0,80850.0,81000.0,16589449
2022-04-04,MWG,80850.0,83400.0,80750.0,83000.0,15691252
2022-04-05,MWG,83050.0,83400.0,81850.0,82100.0,11461848
2022-04-06,MWG,82000.0,83400.0,81750.0,83350.0,9466245
2022-04-07,MWG,82900.0,85550.0,82800.0,85300.0,16326282
2022-04-08,MWG,85700.0,87400.0,84450.0,86450.0,16172303
2022-04-11,MWG,86450.0,87300.0,84500.0,84600.0,11141764
2022-04-12,MWG,84450.0,87400.0,84450.0,86150.0,11390427
2022-04-13,MWG,86300.0,86950.0,85600.0,85700.0,12407038
2022-04-14,MWG,86300.0,86600.0,85950.0,86050.0,12367577
2022-04-15,MWG,85600.0,86650.0,84850.0,86250.0,13547744
2022-04-18,MWG,86150.0,86200.0,84700.0,85600.0,14057183
2022-04-19,MWG,85400.0,85600.0,82700.0,83050.0,11829677
2022-04-20,MWG,83500.0,83750.0,81750.0,82100.0,9911674
2022-04-21,MWG,81550.0,81750.0,80900.0,81500.0,12900969
2022-04-22,MWG,81450.0,83400.0,81250.0,82700.0,14906214
2022-04-25,MWG,82300.0,83200.0,81650.0,82900.0,14403886
2022-04-26,MWG,82900.0,84400.0,82550.0,84300.0,8925736
2022-04-27,MWG,84250.0,84750.0,82150.0,82600.0,11427360
2022-04-28,MWG,82350.0,82450.0,81200.0,82300.0,12495283
2022-04-29,MWG,82100.0,84800.0,81350.0,84200.0,13571766
2022-05-02,MWG,84350.0,84800.0,80400.0,80500.0,17894665
2022-05-03,MWG,80700.0,81150.0,79850.0,80300.0,13319314
2022-05-04,MWG,80000.0,80100.0,79800.0,80050.0,12571465
2022-05-05,MWG,79500.0,79550.0,79250.0,79500.0,12534594
2022-05-06,MWG,79550.0,79650.0,76150.0,76250.0,13309232
2022-05-09,MWG,76450.0,78400.0,76200.0,77200.0,15511342
2022-05-10,MWG,77400.0,79150.0,77000.0,78650.0,10849415
2022-05-11,MWG,78150.0,79500.0,77950.0,79450.0,11773616
2022-05-12,MWG,79300.0,82150.0,78950.0,81800.0,15858766
2022-05-13,MWG,81350.0,81550.0,78950.0,80100.0,10907021
2022-05-16,MWG,80150.0,80350.0,77900.0,78350.0,10530428
2022-05-17,MWG,77700.0,80650.0,77000.0,80250.0,16194946
2022-05-18,MWG,80350.0,81600.0,79900.0,81350.0,13141774
2022-05-19,MWG,81350.0,81450.0,78000.0,78300.0,16878409
2022-05-20,MWG,78400.0,79850.0,78100.0,79050.0,10408486
2022-05-23,MWG,79450.0,79750.0,77400.0,77700.0,12965832
2022-05-24,MWG,77900.0,78200.0,76400.0,77550.0,13654199
2022-05-25,MWG,78000.0,78500.0,76150.0,76550.0,10187597
2022-05-26,MWG,76450.0,80300.0,76050.0,79150.0,17491927
2022-05-27,MWG,79300.0,80000.0,75150.0,75750.0,16047714
2022-05-30,MWG,76150.0,76550.0,76050.0,76450.0,11866344
2022-05-31,MWG,76500.0,77000.0,73250.0,74050.0,19100614
2022-06-01,MWG,73750.0,74100.0,72600.0,73150.0,11738660
2022-06-02,MWG,73100.0,73750.0,71900.0,72050.0,14101913
2022-06-03,MWG,72150.0,72400.0,71500.0,71900.0,9903343
2022-06-06,MWG,72300.0,72750.0,70150.0,70650.0,12137702
2022-06-07,MWG,70600.0,70650.0,69850.0,69900.0,13555047
2022-06-08,MWG,69650.0,69650.0,67900.0,67950.0,12906703
2022-06-09,MWG,67850.0,70200.0,67700.0,70100.0,13489900
2022-06-10,MWG,69900.0,70350.0,68850.0,69000.0,9659334
2022-06-13,MWG,69200.0,70650.0,68900.0,70200.0,10081522
2022-06-14,MWG,70050.0,71050.0,69850.0,70800.0,13720584
2022-06-15,MWG,70500.0,70950.0,69950.0,70900.0,14239948
2022-06-16,MWG,71050.0,71200.0,68800.0,69100.0,11255359
2022-06-17,MWG,69200.0,69550.0,68850.0,69000.0,10231513
2022-06-20,MWG,68750.0,69900.0,67550.0,69900.0,11962625
2022-06-21,MWG,69600.0,74450.0,69600.0,74050.0,17049943
2022-06-22,MWG,74450.0,74950.0,73400.0,74350.0,14115826
2022-06-23,MWG,74500.0,75300.0,72600.0,73300.0,10933717
2022-06-24,MWG,72900.0,72950.0,70400.0,70950.0,11764671
2022-06-27,MWG,71200.0,71250.0,68100.0,68850.0,14767174
2022-06-28,MWG,68650.0,69050.0,68200.0,69000.0,11714155
2022-06-29,MWG,69050.0,69350.0,67350.0,67400.0,12046190
2022-06-30,MWG,66900.0,67250.0,66700.0,67150.0,10211185
2022-07-01,MWG,67150.0,69550.0,66750.0,69100.0,11389011
2022-07-04,MWG,68900.0,69850.0,68550.0,69550.0,11667514
2022-07-05,MWG,69600.0,71050.0,69300.0,71000.0,10637881
2022-07-06,MWG,70900.0,71700.0,69750.0,69950.0,13207964
2022-07-07,MWG,69950.0,71850.0,69350.0,71150.0,11885555
2022-07-08,MWG,70650.0,71150.0,70150.0,70650.0,12755051
2022-07-11,MWG,70150.0,70800.0,69950.0,70250.0,13670711
2022-07-12,MWG,70050.0,74600.0,69400.0,74550.0,20261671
2022-07-13,MWG,75100.0,75700.0,75000.0,75250.0,13015658
2022-07-14,MWG,74850.0,75600.0,74800.0,75300.0,14036916
2022-07-15,MWG,75500.0,75600.0,75000.0,75600.0,10237490
2022-07-18,MWG,75200.0,75600.0,73750.0,74350.0,10162614
2022-07-19,MWG,74750.0,75450.0,73450.0,74000.0,12409965
2022-07-20,MWG,73750.0,75800.0,73700.0,75800.0,10439191
2022-07-21,MWG,76550.0,76700.0,71050.0,71500.0,18940104
2022-07-22,MWG,71300.0,71550.0,69200.0,69200.0,14822464
2022-07-25,MWG,69400.0,69900.0,67550.0,67800.0,15570249
2022-07-26,MWG,67550.0,69400.0,67200.0,69000.0,13432993
2022-07-27,MWG,68700.0,69900.0,67750.0,69750.0,10804821
2022-07-28,MWG,69550.0,70150.0,66550.0,66750.0,13514674
2022-07-29,MWG,67150.0,67350.0,67000.0,67150.0,9593549
2022-08-01,MWG,66700.0,67350.0,66650.0,66950.0,12929709
2022-08-02,MWG,67150.0,67950.0,65600.0,66100.0,11428443
2022-08-03,MWG,66100.0,66600.0,65800.0,65850.0,11917240
2022-08-04,MWG,65200.0,65500.0,64400.0,64600.0,14538795
2022-08-05,MWG,64400.0,65250.0,63500.0,63750.0,15184995
2022-08-08,MWG,63400.0,64300.0,62850.0,64100.0,12490413
2022-08-09,MWG,64000.0,64050.0,61300.0,61300.0,14462040
2022-08-10,MWG,61600.0,61850.0,60600.0,61000.0,10685662
2022-08-11,MWG,61200.0,62550.0,61200.0,62100.0,10282997
2022-08-12,MWG,62150.0,63000.0,62050.0,63000.0,11629857
2022-08-15,MWG,63300.0,64750.0,62950.0,64600.0,14108000
2022-08-16,MWG,64700.0,66500.0,64200.0,66450.0,11645866
2022-08-17,MWG,66300.0,67000.0,65400.0,66800.0,10904161
2022-08-18,MWG,67200.0,67700.0,64150.0,64550.0,17121016
2022-08-19,MWG,64300.0,64300.0,63700.0,64150.0,8759089
2022-08-22,MWG,64150.0,64300.0,63050.0,63200.0,11983639
2022-08-23,MWG,63300.0,63350.0,61300.0,61700.0,15027674
2022-08-24,MWG,61850.0,62750.0,60850.0,60950.0,15609142
2022-08-25,MWG,60650.0,61500.0,60650.0,61500.0,8123501
2022-08-26,MWG,61800.0,62000.0,60050.0,60350.0,10827586
2022-08-29,MWG,60200.0,60550.0,60050.0,60200.0,8388742
2022-08-30,MWG,60350.0,61000.0,58350.0,58750.0,11764902
2022-08-31,MWG,58500.0,60950.0,58000.0,60700.0,12342461
2022-09-01,MWG,61000.0,61200.0,59000.0,59350.0,11904460
2022-09-02,MWG,59250.0,59400.0,58000.0,58100.0,9365579
2022-09-05,MWG,58150.0,58500.0,57250.0,57650.0,12989385
2022-09-06,MWG,57600.0,58150.0,57150.0,57750.0,8273352
2022-09-07,MWG,57600.0,58400.0,57450.0,57850.0,8471233
2022-09-08,MWG,57850.0,58650.0,57600.0,58000.0,10003034
2022-09-09,MWG,57850.0,57900.0,57100.0,57100.0,13907830
2022-09-12,MWG,56950.0,58800.0,56250.0,58750.0,14979894
2022-09-13,MWG,58850.0,60500.0,58850.0,60300.0,11964522
2022-09-14,MWG,60550.0,60550.0,59150.0,59250.0,10750831
2022-09-15,MWG,59200.0,59750.0,59100.0,59450.0,9837958
2022-09-16,MWG,59350.0,59650.0,58400.0,58700.0,11632384
2022-09-19,MWG,58800.0,59100.0,57350.0,57550.0,11857371
2022-09-20,MWG,57550.0,59950.0,57100.0,59500.0,16428324
2022-09-21,MWG,59450.0,59450.0,59200.0,59250.0,7983230
2022-09-22,MWG,59050.0,59400.0,56350.0,56900.0,13353300
2022-09-23,MWG,56850.0,58600.0,56850.0,58500.0,10098822
2022-09-26,MWG,58650.0,59400.0,58200.0,59300.0,11674035
2022-09-27,MWG,59250.0,59350.0,58700.0,59300.0,9005009
2022-09-28,MWG,59050.0,60050.0,58950.0,59800.0,14666946
2022-09-29,MWG,59600.0,59850.0,58150.0,58650.0,13843487
2022-09-30,MWG,58450.0,58600.0,57550.0,57800.0,14737070
2022-10-03,MWG,57950.0,59000.0,57900.0,58500.0,9265212
2022-10-04,MWG,57950.0,58800.0,57300.0,58450.0,10424225
2022-10-05,MWG,58650.0,58750.0,57800.0,58000.0,13238820
2022-10-06,MWG,58250.0,58500.0,56850.0,57450.0,15938246
2022-10-07,MWG,57450.0,57750.0,56700.0,57200.0,13694664
2022-10-10,MWG,57300.0,57800.0,57050.0,57600.0,11270060
2022-10-11,MWG,57650.0,57800.0,55800.0,55900.0,14547422
2022-10-12,MWG,55500.0,56600.0,55000.0,55900.0,10081751
2022-10-13,MWG,55900.0,56050.0,54750.0,54750.0,9885194
2022-10-14,MWG,54650.0,54750.0,54500.0,54700.0,12833163
2022-10-17,MWG,55150.0,55350.0,53900.0,54450.0,15805279
2022-10-18,MWG,54900.0,55100.0,53900.0,54150.0,9329637
2022-10-19,MWG,53500.0,53600.0,52350.0,52900.0,13547190
2022-10-20,MWG,53000.0,53800.0,52850.0,53600.0,8333902
2022-10-21,MWG,53300.0,53800.0,53250.0,53300.0,11271539
2022-10-24,MWG,53650.0,53700.0,51150.0,51400.0,14978462
2022-10-25,MWG,51050.0,51900.0,51000.0,51800.0,9202251
2022-10-26,MWG,51950.0,52500.0,50400.0,50600.0,13565724
2022-10-27,MWG,50400.0,50500.0,49250.0,49650.0,14445379
2022-10-28,MWG,49500.0,51900.0,49400.0,51500.0,12878536
2022-10-31,MWG,51350.0,51550.0,50250.0,50550.0,11669349
2022-11-01,MWG,50950.0,50950.0,50100.0,50150.0,11370525
2022-11-02,MWG,50300.0,50800.0,48250.0,48400.0,14117713
2022-11-03,MWG,48300.0,49600.0,48250.0,49350.0,10230369
2022-11-04,MWG,49250.0,51100.0,49200.0,51050.0,15948410
2022-11-07,MWG,51100.0,51400.0,50350.0,50900.0,9112040
2022-11-08,MWG,50950.0,52200.0,50500.0,52050.0,12630455
2022-11-09,MWG,51750.0,52600.0,51700.0,52400.0,9063843
2022-11-10,MWG,52250.0,52350.0,52000.0,52200.0,10716673
2022-11-11,MWG,52150.0,52450.0,51150.0,51650.0,15479754
2022-11-14,MWG,51750.0,52850.0,51600.0,52550.0,13174853
2022-11-15,MWG,52850.0,53100.0,51150.0,51300.0,15725278
2022-11-16,MWG,51200.0,51400.0,50800.0,50900.0,8703908
2022-11-17,MWG,51100.0,51200.0,50150.0,50650.0,10661751
2022-11-18,MWG,50650.0,51650.0,50450.0,51250.0,12323602
2022-11-21,MWG,51450.0,51650.0,51350.0,51500.0,7720620
2022-11-22,MWG,51400.0,51700.0,51350.0,51550.0,8254280
2022-11-23,MWG,51500.0,53750.0,51300.0,52950.0,18579895
2022-11-24,MWG,52950.0,53500.0,52750.0,53450.0,10014326
2022-11-25,MWG,53500.0,54350.0,53400.0,54000.0,10361666
2022-11-28,MWG,54400.0,55050.0,52700.0,52800.0,13782141
2022-11-29,MWG,52500.0,53050.0,51750.0,51850.0,9288470
2022-11-30,MWG,51800.0,51950.0,51050.0,51200.0,12246498
2022-12-01,MWG,50850.0,51150.0,49750.0,49950.0,12272051
2022-12-02,MWG,50150.0,53400.0,50050.0,53250.0,18947793
2022-12-05,MWG,53150.0,53450.0,52750.0,52950.0,8815693
2022-12-06,MWG,52750.0,52900.0,51800.0,52350.0,15062127
2022-12-07,MWG,52500.0,52700.0,52100.0,52100.0,13260307
2022-12-08,MWG,52100.0,52400.0,50650.0,50850.0,13581505
2022-12-09,MWG,50700.0,52050.0,50300.0,51750.0,10615023
2022-12-12,MWG,51900.0,53800.0,51850.0,53250.0,15468808
2022-12-13,MWG,53100.0,53300.0,52000.0,52400.0,10123060
2022-12-14,MWG,52450.0,52650.0,51950.0,52400.0,8825605
2022-12-15,MWG,52150.0,52600.0,51700.0,51800.0,12633401
2022-12-16,MWG,51850.0,52950.0,51500.0,52700.0,10702436
2022-12-19,MWG,52500.0,52550.0,52100.0,52450.0,10933279
2022-12-20,MWG,52400.0,52450.0,50350.0,50850.0,14655706
2022-12-21,MWG,50900.0,51250.0,50600.0,50650.0,8499933
2022-12-22,MWG,50400.0,50600.0,49600.0,50150.0,13774992
2022-12-23,MWG,49900.0,50650.0,49650.0,49650.0,13886103
2022-12-26,MWG,49650.0,50000.0,48300.0,48600.0,13543036
2022-12-27,MWG,48750.0,48800.0,48150.0,48600.0,13352699
2022-12-28,MWG,48400.0,48850.0,48150.0,48850.0,12535323
2022-12-29,MWG,48700.0,49100.0,48700.0,48700.0,12118286
2022-12-30,MWG,48850.0,48950.0,48350.0,48450.0,10915315
2023-01-02,MWG,48350.0,49450.0,48100.0,49150.0,14583282
2023-01-03,MWG,49100.0,50600.0,49000.0,49900.0,15657487
2023-01-04,MWG,49700.0,50500.0,49550.0,49800.0,9259926
2023-01-05,MWG,49600.0,49700.0,48200.0,48250.0,11771637
2023-01-06,MWG,48550.0,48650.0,47850.0,48300.0,14133908
2023-01-09,MWG,48450.0,48800.0,46500.0,47000.0,16895761
2023-01-10,MWG,46900.0,47400.0,46600.0,46750.0,11380674
2023-01-11,MWG,47050.0,48750.0,47050.0,48700.0,11519571
2023-01-12,MWG,48900.0,48950.0,47650.0,47750.0,15572094
2023-01-13,MWG,47800.0,48200.0,47500.0,47950.0,12456286
2023-01-16,MWG,47950.0,49100.0,47900.0,48650.0,10130197
2023-01-17,MWG,48650.0,48700.0,47550.0,48050.0,14155180
2023-01-18,MWG,48150.0,48550.0,47800.0,48250.0,8385323
2023-01-19,MWG,48700.0,50750.0,48550.0,50400.0,16734369
2023-01-20,MWG,50100.0,50500.0,49900.0,50200.0,7660715
2023-01-23,MWG,50000.0,50800.0,50000.0,50250.0,11713646
2023-01-24,MWG,50350.0,51450.0,50150.0,51050.0,10063591
2023-01-25,MWG,50650.0,50800.0,50200.0,50600.0,7807200
2023-01-26,MWG,50250.0,51650.0,50150.0,51100.0,11624203
2023-01-27,MWG,51200.0,51200.0,50000.0,50200.0,12824903
2023-01-30,MWG,50200.0,50450.0,49800.0,50000.0,7736753
2023-01-31,MWG,49850.0,50750.0,49750.0,50500.0,8949313
2023-02-01,MWG,50550.0,51100.0,50400.0,50800.0,12687062
2023-02-02,MWG,50950.0,51350.0,50550.0,51250.0,9698167
2023-02-03,MWG,51250.0,51650.0,51000.0,51100.0,9312424
2023-02-06,MWG,51100.0,52450.0,51050.0,52300.0,13930138
2023-02-07,MWG,52400.0,52500.0,52250.0,52450.0,8219472
2023-02-08,MWG,52400.0,52650.0,52300.0,52300.0,11383659
2023-02-09,MWG,52500.0,52750.0,52000.0,52050.0,12957708
2023-02-10,MWG,51850.0,52300.0,51800.0,51950.0,11831572
2023-02-13,MWG,51800.0,51800.0,51400.0,51450.0,8818359
2023-02-14,MWG,51500.0,51600.0,49600.0,49900.0,12051645
2023-02-15,MWG,50150.0,50200.0,49100.0,49550.0,11006237
2023-02-16,MWG,49450.0,49450.0,48950.0,49200.0,12668459
2023-02-17,MWG,49250.0,49650.0,48300.0,48500.0,12837498
2023-02-20,MWG,48750.0,48800.0,47750.0,48350.0,14908303
2023-02-21,MWG,48250.0,48300.0,48050.0,48100.0,9228405
2023-02-22,MWG,48300.0,48450.0,47350.0,47600.0,15346431
2023-02-23,MWG,47750.0,47800.0,46400.0,46800.0,12180308
2023-02-24,MWG,47000.0,47050.0,45350.0,45850.0,10734456
2023-02-27,MWG,45850.0,46250.0,43600.0,44000.0,13720206
2023-02-28,MWG,44000.0,44150.0,42350.0,42500.0,15072198
2023-03-01,MWG,42350.0,42850.0,42150.0,42150.0,11889543
2023-03-02,MWG,41900.0,42050.0,40700.0,40750.0,16846614
2023-03-03,MWG,40600.0,40700.0,39200.0,39350.0,11558018
2023-03-06,MWG,39350.0,39650.0,37650.0,37800.0,17799725
2023-03-07,MWG,38050.0,38400.0,37400.0,37450.0,15916060
2023-03-08,MWG,37650.0,37750.0,36050.0,36100.0,18417760
2023-03-09,MWG,35950.0,36050.0,35850.0,35950.0,11103821
2023-03-10,MWG,35950.0,36200.0,35250.0,35950.0,13107746
2023-03-13,MWG,36050.0,36350.0,35650.0,35900.0,12863589
2023-03-14,MWG,35850.0,36250.0,35750.0,36150.0,12687058
2023-03-15,MWG,36200.0,36600.0,35800.0,35900.0,15545130
2023-03-16,MWG,35600.0,36950.0,35250.0,36800.0,13336280
2023-03-17,MWG,36550.0,36900.0,36000.0,36050.0,9579362
2023-03-20,MWG,35900.0,37850.0,35850.0,37550.0,18364006
2023-03-21,MWG,37450.0,38850.0,37100.0,38700.0,14023096
2023-03-22,MWG,38600.0,39800.0,38250.0,39700.0,14212452
2023-03-23,MWG,39700.0,39900.0,38300.0,38550.0,11728062
2023-03-24,MWG,38600.0,39100.0,38550.0,38700.0,10336730
2023-03-27,MWG,38800.0,39050.0,38550.0,38900.0,11692305
2023-03-28,MWG,39100.0,39350.0,38550.0,38600.0,15374853
2023-03-29,MWG,38550.0,39350.0,38500.0,39150.0,10620224
2023-03-30,MWG,39100.0,39150.0,37950.0,38300.0,10137815
2023-03-31,MWG,38150.0,38300.0,37600.0,37900.0,12450876
2023-04-03,MWG,38050.0,38900.0,38000.0,38450.0,12502353
2023-04-04,MWG,38150.0,39550.0,38100.0,39500.0,16431659
2023-04-05,MWG,39800.0,39850.0,38950.0,39200.0,13168905
2023-04-06,MWG,39000.0,39850.0,38950.0,39650.0,9518405
2023-04-07,MWG,39600.0,40050.0,38750.0,39100.0,11140746
2023-04-10,MWG,38850.0,39400.0,38550.0,39050.0,9083992
2023-04-11,MWG,38800.0,40650.0,38800.0,40300.0,17339736
2023-04-12,MWG,40400.0,40450.0,40050.0,40150.0,9006685
2023-04-13,MWG,39850.0,40850.0,39700.0,40650.0,10113071
2023-04-14,MWG,40750.0,42100.0,40750.0,42050.0,15078733
2023-04-17,MWG,42150.0,42250.0,41050.0,41250.0,13132237
2023-04-18,MWG,41250.0,42250.0,41100.0,42050.0,13946812
2023-04-19,MWG,42250.0,42250.0,41000.0,41250.0,15802806
2023-04-20,MWG,41050.0,41300.0,40450.0,40550.0,11049607
2023-04-21,MWG,40800.0,41200.0,39700.0,39800.0,16816928
2023-04-24,MWG,39700.0,39800.0,37750.0,37750.0,16566466
2023-04-25,MWG,37600.0,37800.0,37200.0,37400.0,13385856
2023-04-26,MWG,37450.0,37450.0,36950.0,37000.0,14320477
2023-04-27,MWG,36800.0,37300.0,36650.0,37250.0,14347703
2023-04-28,MWG,37150.0,37350.0,35900.0,36050.0,16291411
2023-05-01,MWG,36150.0,36500.0,35700.0,36500.0,8947514
2023-05-02,MWG,36300.0,36700.0,35800.0,36650.0,10115259
2023-05-03,MWG,36350.0,37600.0,36000.0,37400.0,14313542
2023-05-04,MWG,37550.0,38900.0,37550.0,38450.0,15080224
2023-05-05,MWG,38400.0,38600.0,37750.0,37900.0,12162676
2023-05-08,MWG,38000.0,38900.0,37800.0,38700.0,13218695
2023-05-09,MWG,38850.0,39700.0,38850.0,39400.0,14209400
2023-05-10,MWG,38950.0,39100.0,38800.0,39000.0,13148433
2023-05-11,MWG,39050.0,39350.0,38350.0,38450.0,9454461
2023-05-12,MWG,38350.0,39600.0,38250.0,39350.0,12732574
2023-05-15,MWG,39300.0,40200.0,39100.0,40200.0,11185733
2023-05-16,MWG,40100.0,40500.0,39900.0,40100.0,13035144
2023-05-17,MWG,39750.0,40750.0,39350.0,40650.0,13588241
2023-05-18,MWG,40350.0,42750.0,40300.0,42450.0,16175097
2023-05-19,MWG,42400.0,42950.0,42200.0,42950.0,14830035
2023-05-22,MWG,42800.0,42900.0,42000.0,42200.0,10302556
2023-05-23,MWG,42050.0,44250.0,41700.0,43900.0,16115651
2023-05-24,MWG,43900.0,44600.0,43250.0,43650.0,11265629
2023-05-25,MWG,43950.0,44100.0,40900.0,41350.0,17778912
2023-05-26,MWG,41100.0,41600.0,40600.0,41500.0,11384231
2023-05-29,MWG,41450.0,43700.0,40850.0,43150.0,18112112
2023-05-30,MWG,43200.0,44050.0,43150.0,44000.0,10972243
2023-05-31,MWG,44350.0,44700.0,43950.0,44050.0,14360440
2023-06-01,MWG,44050.0,44550.0,41950.0,42100.0,15775901
2023-06-02,MWG,42100.0,42200.0,41150.0,41250.0,14916682
2023-06-05,MWG,41300.0,41600.0,41000.0,41000.0,11159703
2023-06-06,MWG,40950.0,41400.0,40950.0,41350.0,7374603
2023-06-07,MWG,41400.0,42400.0,41100.0,42200.0,13499469
2023-06-08,MWG,42400.0,42500.0,41650.0,41700.0,9249407
2023-06-09,MWG,41600.0,41700.0,40350.0,40500.0,12170185
2023-06-12,MWG,40550.0,40550.0,39900.0,40000.0,8308215
2023-06-13,MWG,40000.0,40800.0,39400.0,39550.0,12297768
2023-06-14,MWG,39600.0,39650.0,38800.0,38950.0,11369308
2023-06-15,MWG,39050.0,39200.0,38350.0,38500.0,13640249
2023-06-16,MWG,38550.0,38850.0,37450.0,37550.0,12971190
2023-06-19,MWG,37650.0,38550.0,37450.0,38250.0,14732329
2023-06-20,MWG,38150.0,38850.0,38100.0,38750.0,8474371
2023-06-21,MWG,38900.0,39950.0,38450.0,39750.0,16253344
2023-06-22,MWG,39800.0,40950.0,39650.0,40950.0,15529428
2023-06-23,MWG,41050.0,41800.0,40800.0,41150.0,12732770
2023-06-26,MWG,41200.0,41250.0,40800.0,40800.0,11443366
2023-06-27,MWG,40750.0,41100.0,39900.0,40050.0,16187724
2023-06-28,MWG,40000.0,40100.0,38400.0,38600.0,13337049
2023-06-29,MWG,38550.0,38600.0,37650.0,38200.0,12593060
2023-06-30,MWG,38250.0,38400.0,37950.0,38150.0,11206693
2023-07-03,MWG,37850.0,38500.0,37600.0,38350.0,12051885
2023-07-04,MWG,38450.0,39150.0,38250.0,39000.0,11950615
2023-07-05,MWG,38950.0,39100.0,38700.0,38900.0,10304226
2023-07-06,MWG,39050.0,40000.0,38750.0,40000.0,16405153
2023-07-07,MWG,39900.0,40550.0,39900.0,39950.0,13041093
2023-07-10,MWG,40000.0,40050.0,39500.0,40000.0,14290095
2023-07-11,MWG,39900.0,41000.0,39850.0,40850.0,14500623
2023-07-12,MWG,40700.0,41100.0,40550.0,40600.0,10575269
2023-07-13,MWG,40550.0,42100.0,40450.0,41900.0,17083823
2023-07-14,MWG,41600.0,41750.0,41150.0,41150.0,11109517
2023-07-17,MWG,41400.0,41650.0,41100.0,41400.0,8694081
2023-07-18,MWG,41450.0,41600.0,40750.0,41000.0,10775321
2023-07-19,MWG,41100.0,42250.0,40850.0,41650.0,11126512
2023-07-20,MWG,41850.0,42100.0,41300.0,41750.0,13714685
2023-07-21,MWG,41850.0,44900.0,41700.0,44550.0,18953144
2023-07-24,MWG,44600.0,44850.0,44050.0,44100.0,8678263
2023-07-25,MWG,44000.0,44150.0,42600.0,42600.0,15206317
2023-07-26,MWG,42700.0,42900.0,42300.0,42300.0,8520320
2023-07-27,MWG,42400.0,43200.0,42200.0,42950.0,14482829
2023-07-28,MWG,42900.0,43050.0,41900.0,42350.0,11229303
2023-07-31,MWG,42300.0,42300.0,41650.0,42000.0,9946491
2023-08-01,MWG,42050.0,42350.0,41700.0,41850.0,12254325
2023-08-02,MWG,41750.0,43150.0,41550.0,43150.0,15177130
2023-08-03,MWG,43150.0,43350.0,41950.0,42150.0,13646178
2023-08-04,MWG,42300.0,42400.0,40450.0,40550.0,16228990
2023-08-07,MWG,40600.0,40700.0,40400.0,40650.0,8361577
2023-08-08,MWG,40850.0,41150.0,40350.0,41100.0,11022838
2023-08-09,MWG,40950.0,41500.0,40700.0,41300.0,9173328
2023-08-10,MWG,41450.0,41800.0,41100.0,41700.0,9186947
2023-08-11,MWG,41800.0,42050.0,41550.0,42050.0,12119271
2023-08-14,MWG,42000.0,42100.0,41450.0,41550.0,8750877
2023-08-15,MWG,41650.0,42400.0,41650.0,42350.0,9991605
2023-08-16,MWG,42150.0,42350.0,41800.0,42050.0,13862322
2023-08-17,MWG,41950.0,42300.0,41450.0,41550.0,13504153
2023-08-18,MWG,41750.0,41850.0,41050.0,41200.0,11914520
2023-08-21,MWG,41450.0,41550.0,39950.0,40150.0,16896106
2023-08-22,MWG,40250.0,41350.0,40200.0,41200.0,14930623
2023-08-23,MWG,41150.0,41150.0,39700.0,39900.0,14798392
2023-08-24,MWG,40050.0,40600.0,39700.0,39750.0,8848765
2023-08-25,MWG,39750.0,40150.0,39400.0,39500.0,12005372
2023-08-28,MWG,39350.0,39500.0,39050.0,39450.0,11755837
2023-08-29,MWG,39300.0,39400.0,38100.0,38250.0,13508436
2023-08-30,MWG,38200.0,38250.0,37850.0,38150.0,13943310
2023-08-31,MWG,38100.0,38150.0,37000.0,37000.0,15501167
2023-09-01,MWG,36750.0,37150.0,36350.0,36650.0,12734536
2023-09-04,MWG,36500.0,36500.0,36350.0,36500.0,7164855
2023-09-05,MWG,36350.0,36550.0,36000.0,36400.0,13058509
2023-09-06,MWG,36450.0,36450.0,35700.0,35750.0,14131715
2023-09-07,MWG,35650.0,37050.0,35650.0,36800.0,15273456
2023-09-08,MWG,36800.0,36900.0,36100.0,36350.0,11366879
2023-09-11,MWG,36100.0,36650.0,35900.0,36400.0,11708851
2023-09-12,MWG,36750.0,37000.0,36700.0,36750.0,11181330
2023-09-13,MWG,36900.0,36950.0,36450.0,36600.0,8731384
2023-09-14,MWG,36800.0,37150.0,36750.0,37100.0,9376495
2023-09-15,MWG,36950.0,37600.0,36900.0,37600.0,11549712
2023-09-18,MWG,37550.0,39150.0,37450.0,38950.0,16873026
2023-09-19,MWG,38900.0,39150.0,38200.0,38200.0,12983138
2023-09-20,MWG,37850.0,39850.0,37600.0,39800.0,16898123
2023-09-21,MWG,39600.0,40950.0,39450.0,40700.0,11511280
2023-09-22,MWG,40950.0,41250.0,40500.0,40750.0,11264857
2023-09-25,MWG,40850.0,40950.0,39450.0,39500.0,12641540
2023-09-26,MWG,39300.0,39350.0,38650.0,38800.0,9017445
2023-09-27,MWG,38700.0,38850.0,37200.0,37350.0,17323050
2023-09-28,MWG,37050.0,37450.0,36850.0,37400.0,12339191
2023-09-29,MWG,37800.0,37850.0,37550.0,37650.0,9996833
2023-10-02,MWG,37750.0,38450.0,37650.0,38400.0,11162920
2023-10-03,MWG,38350.0,39450.0,38250.0,39250.0,10037482
2023-10-04,MWG,39350.0,39450.0,37500.0,37800.0,13491848
2023-10-05,MWG,37900.0,38250.0,37350.0,37400.0,13865828
2023-10-06,MWG,37250.0,37350.0,35950.0,36200.0,16385580
2023-10-09,MWG,36100.0,36700.0,35850.0,36650.0,14423087
2023-10-10,MWG,36700.0,37150.0,36400.0,36950.0,12525781
2023-10-11,MWG,36800.0,37300.0,36750.0,37050.0,8544294
2023-10-12,MWG,37050.0,37500.0,36150.0,36200.0,11957797
2023-10-13,MWG,36350.0,36450.0,36000.0,36100.0,10005012
2023-10-16,MWG,36400.0,36500.0,36150.0,36400.0,8233458
2023-10-17,MWG,36400.0,37000.0,36350.0,36850.0,9811569
2023-10-18,MWG,36650.0,36750.0,36200.0,36600.0,10117474
2023-10-19,MWG,36900.0,37100.0,35750.0,36150.0,13996216
2023-10-20,MWG,36200.0,36550.0,34650.0,34900.0,14523962
2023-10-23,MWG,34950.0,35150.0,34700.0,35050.0,13073481
2023-10-24,MWG,34900.0,35900.0,34900.0,35700.0,13610154
2023-10-25,MWG,35550.0,35600.0,34450.0,34450.0,10224957
2023-10-26,MWG,34550.0,35250.0,34100.0,35200.0,16776105
2023-10-27,MWG,35350.0,35400.0,35200.0,35250.0,8495570
2023-10-30,MWG,35300.0,35500.0,35000.0,35050.0,11868326
2023-10-31,MWG,35050.0,35150.0,32950.0,33150.0,18471383
2023-11-01,MWG,33200.0,34650.0,32950.0,34500.0,13836399
2023-11-02,MWG,34150.0,36200.0,33950.0,36050.0,15856642
2023-11-03,MWG,36000.0,36050.0,34350.0,34450.0,16161564
2023-11-06,MWG,34550.0,35350.0,34350.0,35250.0,14303632
2023-11-07,MWG,35100.0,35200.0,35050.0,35100.0,8425361
2023-11-08,MWG,35100.0,36400.0,34750.0,36250.0,17018201
2023-11-09,MWG,36200.0,36350.0,35800.0,35800.0,11265381
2023-11-10,MWG,35700.0,35800.0,34400.0,34550.0,17534109
2023-11-13,MWG,34600.0,35200.0,34550.0,34850.0,12989171
2023-11-14,MWG,34750.0,34750.0,33500.0,33550.0,17325416
2023-11-15,MWG,33550.0,33650.0,33550.0,33600.0,9498777
2023-11-16,MWG,33600.0,33700.0,33450.0,33500.0,10235931
2023-11-17,MWG,33300.0,34050.0,33050.0,34000.0,16036028
2023-11-20,MWG,34000.0,34050.0,33350.0,33400.0,11252131
2023-11-21,MWG,33550.0,33550.0,33050.0,33400.0,14044793
2023-11-22,MWG,33400.0,33450.0,32200.0,32500.0,15079326
2023-11-23,MWG,32400.0,32950.0,32350.0,32850.0,12877303
2023-11-24,MWG,32850.0,33950.0,32700.0,33850.0,10999408
2023-11-27,MWG,33900.0,34000.0,33300.0,33300.0,8844740
2023-11-28,MWG,33150.0,33600.0,32400.0,32700.0,15227003
2023-11-29,MWG,32950.0,33850.0,32900.0,33750.0,10784240
2023-11-30,MWG,33750.0,34750.0,33350.0,34350.0,17639508
2023-12-01,MWG,34450.0,35250.0,34350.0,35050.0,10491721
2023-12-04,MWG,35050.0,35250.0,34850.0,34950.0,12861163
2023-12-05,MWG,34850.0,35500.0,34600.0,35350.0,13885201
2023-12-06,MWG,35250.0,36150.0,35200.0,36100.0,10094417
2023-12-07,MWG,36200.0,36400.0,35850.0,35900.0,8517266
2023-12-08,MWG,36000.0,36100.0,35400.0,35400.0,12678090
2023-12-11,MWG,35450.0,35700.0,35350.0,35400.0,9843706
2023-12-12,MWG,35650.0,35700.0,34700.0,34900.0,12573645
2023-12-13,MWG,34800.0,35600.0,34600.0,35300.0,13380172
2023-12-14,MWG,35350.0,36250.0,35300.0,36100.0,14877301
2023-12-15,MWG,36300.0,36950.0,36100.0,36850.0,12325815
2023-12-18,MWG,36750.0,36850.0,36000.0,36050.0,14326890
2023-12-19,MWG,36250.0,36600.0,35050.0,35050.0,11915588
2023-12-20,MWG,34950.0,35000.0,34150.0,34400.0,11452934
2023-12-21,MWG,34500.0,34950.0,34450.0,34850.0,11732424
2023-12-22,MWG,34900.0,35100.0,34700.0,35000.0,9066069
2023-12-25,MWG,35100.0,35450.0,34200.0,34250.0,16517062
2023-12-26,MWG,34250.0,34600.0,34000.0,34150.0,14391040
2023-12-27,MWG,34050.0,34600.0,33800.0,34550.0,14039691
2023-12-28,MWG,34450.0,34650.0,33400.0,33600.0,13340665
2023-12-29,MWG,33450.0,33500.0,32450.0,32450.0,12561134
2024-01-01,MWG,32450.0,32900.0,32100.0,32850.0,10289564
2024-01-02,MWG,32950.0,33400.0,31950.0,32200.0,16821397
2024-01-03,MWG,32450.0,32650.0,32450.0,32550.0,9574432
2024-01-04,MWG,32350.0,32350.0,32200.0,32200.0,10334106
2024-01-05,MWG,32200.0,32450.0,32150.0,32300.0,7466563
2024-01-08,MWG,32350.0,33050.0,32100.0,32900.0,15711451
2024-01-09,MWG,32900.0,33100.0,32550.0,32900.0,9981256
2024-01-10,MWG,32850.0,32950.0,32050.0,32100.0,9972524
2024-01-11,MWG,31950.0,32300.0,31500.0,31650.0,10852558
2024-01-12,MWG,31650.0,33200.0,31650.0,32900.0,18213929
2024-01-15,MWG,33000.0,33100.0,32450.0,32550.0,9506316
2024-01-16,MWG,32500.0,33250.0,32450.0,33100.0,14671114
2024-01-17,MWG,33000.0,33000.0,32700.0,32750.0,7333622
2024-01-18,MWG,32700.0,32800.0,32500.0,32750.0,12845407
2024-01-19,MWG,32850.0,33050.0,31950.0,32100.0,10352342
2024-01-22,MWG,32200.0,33300.0,32200.0,33200.0,12458251
2024-01-23,MWG,33000.0,33700.0,32950.0,33600.0,12834315
2024-01-24,MWG,33600.0,34550.0,33550.0,34350.0,15126117
2024-01-25,MWG,34450.0,34800.0,34250.0,34400.0,12907171
2024-01-26,MWG,34250.0,34350.0,34250.0,34250.0,7105141
2024-01-29,MWG,34100.0,34450.0,34000.0,34300.0,11247432
2024-01-30,MWG,34200.0,34750.0,34000.0,34650.0,15020202
2024-01-31,MWG,34850.0,35000.0,34700.0,34800.0,13095453
2024-02-01,MWG,34700.0,35700.0,34500.0,35300.0,15828322
2024-02-02,MWG,35350.0,36500.0,35100.0,36250.0,16155472
2024-02-05,MWG,36300.0,36350.0,34850.0,35100.0,17339591
2024-02-06,MWG,35150.0,35750.0,34550.0,35550.0,12021997
2024-02-07,MWG,35550.0,35650.0,34800.0,35000.0,9370140
2024-02-08,MWG,35200.0,35200.0,34700.0,34750.0,13866353
2024-02-09,MWG,34600.0,34650.0,34450.0,34550.0,8640071
2024-02-12,MWG,34500.0,34950.0,34200.0,34850.0,10139746
2024-02-13,MWG,34950.0,36000.0,34700.0,35450.0,11189554
2024-02-14,MWG,35600.0,35650.0,34000.0,34050.0,16133344
2024-02-15,MWG,33950.0,34400.0,33750.0,34250.0,15136405
2024-02-16,MWG,34250.0,34600.0,33900.0,34100.0,13088344
2024-02-19,MWG,34100.0,34450.0,33300.0,33550.0,11446964
2024-02-20,MWG,33650.0,33700.0,33250.0,33650.0,9328361
2024-02-21,MWG,33650.0,34750.0,33200.0,34400.0,16377555
2024-02-22,MWG,34250.0,34800.0,34200.0,34650.0,12600295
2024-02-23,MWG,34800.0,35050.0,34250.0,34250.0,15501054
2024-02-26,MWG,34550.0,34600.0,34250.0,34350.0,13036776
2024-02-27,MWG,34200.0,34200.0,33000.0,33050.0,16586000
2024-02-28,MWG,32950.0,33000.0,32550.0,32750.0,12944996
2024-02-29,MWG,33000.0,33150.0,32300.0,32450.0,10442342
2024-03-01,MWG,32250.0,33300.0,32150.0,33100.0,11827429
2024-03-04,MWG,33350.0,33400.0,33050.0,33150.0,11721459
2024-03-05,MWG,33150.0,33900.0,32700.0,33600.0,13586751
2024-03-06,MWG,33500.0,33850.0,33250.0,33850.0,9088464
2024-03-07,MWG,34000.0,34750.0,33950.0,34350.0,14948728
2024-03-08,MWG,34300.0,34850.0,33950.0,34850.0,11504538
2024-03-11,MWG,35000.0,36500.0,35000.0,36000.0,14499378
2024-03-12,MWG,35850.0,36050.0,34850.0,35100.0,13730511
2024-03-13,MWG,35000.0,35100.0,34500.0,34800.0,9977492
2024-03-14,MWG,35100.0,35250.0,34900.0,35100.0,8964137
2024-03-15,MWG,35300.0,35500.0,34650.0,34700.0,9930199
2024-03-18,MWG,34600.0,34800.0,34350.0,34500.0,8706851
2024-03-19,MWG,34450.0,35650.0,34400.0,35450.0,15067862
2024-03-20,MWG,35350.0,35450.0,35050.0,35200.0,8505058
2024-03-21,MWG,35200.0,35250.0,34450.0,34600.0,14826410
2024-03-22,MWG,34600.0,35500.0,34350.0,35400.0,10912566
2024-03-25,MWG,35350.0,36300.0,35100.0,36250.0,12672246
2024-03-26,MWG,36400.0,36850.0,36250.0,36700.0,11995842
2024-03-27,MWG,36450.0,37350.0,36250.0,37000.0,16290494
2024-03-28,MWG,37000.0,37850.0,36850.0,37800.0,14648630
2024-03-29,MWG,38100.0,38350.0,37700.0,38250.0,9128572
2024-04-01,MWG,38300.0,38500.0,37950.0,38250.0,11139705
2024-04-02,MWG,38250.0,38550.0,37950.0,38300.0,12967858
2024-04-03,MWG,38300.0,38800.0,37950.0,38450.0,12973943
2024-04-04,MWG,38500.0,39000.0,38200.0,38800.0,15129351
2024-04-05,MWG,38800.0,39850.0,38800.0,39800.0,12005917
2024-04-08,MWG,39850.0,40050.0,38200.0,38250.0,17792091
2024-04-09,MWG,38300.0,39850.0,38150.0,39500.0,15963674
2024-04-10,MWG,39600.0,39750.0,39000.0,39300.0,10335271
2024-04-11,MWG,39100.0,39250.0,38400.0,38450.0,12630230
2024-04-12,MWG,38300.0,38350.0,37850.0,37950.0,8741352
2024-04-15,MWG,37900.0,39000.0,37750.0,38900.0,16556606
2024-04-16,MWG,38850.0,39300.0,37750.0,38100.0,17190663
2024-04-17,MWG,38150.0,38800.0,36700.0,37000.0,15159715
2024-04-18,MWG,37050.0,37250.0,36050.0,36050.0,16212954
2024-04-19,MWG,36000.0,36050.0,35500.0,35650.0,8747996
2024-04-22,MWG,35650.0,35850.0,33850.0,34150.0,19471510
2024-04-23,MWG,34200.0,34350.0,33750.0,33800.0,14141333
2024-04-24,MWG,33750.0,34100.0,33500.0,34000.0,9459356
2024-04-25,MWG,33950.0,35600.0,33850.0,35500.0,16713142
2024-04-26,MWG,35500.0,35600.0,35250.0,35250.0,13708748
2024-04-29,MWG,35150.0,35350.0,33900.0,34300.0,12180075
2024-04-30,MWG,34250.0,34300.0,33550.0,33800.0,10188883
2024-05-01,MWG,33550.0,35150.0,33500.0,34900.0,15743167
2024-05-02,MWG,34900.0,35250.0,34500.0,35150.0,9771317
2024-05-03,MWG,35100.0,36250.0,34750.0,36100.0,11825982
2024-05-06,MWG,36050.0,36450.0,35450.0,35500.0,14253962
2024-05-07,MWG,35500.0,35900.0,35300.0,35800.0,14091381
2024-05-08,MWG,35950.0,36400.0,35900.0,36250.0,9785282
2024-05-09,MWG,36300.0,36900.0,36200.0,36700.0,14715909
2024-05-10,MWG,36550.0,36700.0,34650.0,35250.0,15647758
2024-05-13,MWG,35400.0,35800.0,34850.0,35300.0,15112550
2024-05-14,MWG,35200.0,35250.0,34350.0,34450.0,10320652
2024-05-15,MWG,34550.0,34650.0,34250.0,34550.0,11773266
2024-05-16,MWG,34550.0,34850.0,33400.0,33550.0,14890216
2024-05-17,MWG,33600.0,33700.0,33350.0,33550.0,13717031
2024-05-20,MWG,33600.0,33950.0,33400.0,33750.0,13990038
2024-05-21,MWG,33800.0,33900.0,33250.0,33450.0,10378100
2024-05-22,MWG,33200.0,34050.0,33000.0,33800.0,13874022
2024-05-23,MWG,33600.0,34700.0,33450.0,34650.0,14724576
2024-05-24,MWG,34550.0,34650.0,33750.0,33800.0,13149571
2024-05-27,MWG,34000.0,34000.0,32600.0,32850.0,14238804
2024-05-28,MWG,32950.0,33150.0,32850.0,33100.0,11806990
2024-05-29,MWG,33250.0,33300.0,32250.0,32300.0,12829429
2024-05-30,MWG,32450.0,32950.0,32350.0,32650.0,13827635
2024-05-31,MWG,32400.0,33650.0,32350.0,33400.0,15971449
2024-06-03,MWG,33250.0,33300.0,33000.0,33200.0,10792375
2024-06-04,MWG,33150.0,33350.0,33000.0,33200.0,12746726
2024-06-05,MWG,33150.0,33150.0,32850.0,32900.0,13801339
2024-06-06,MWG,33000.0,33150.0,32400.0,32500.0,13512346
2024-06-07,MWG,32550.0,32600.0,31800.0,31850.0,15004696
2024-06-10,MWG,31900.0,32150.0,31700.0,32150.0,8624146
2024-06-11,MWG,32250.0,32400.0,32200.0,32350.0,11422556
2024-06-12,MWG,32400.0,32500.0,31250.0,31350.0,15062540
2024-06-13,MWG,31300.0,32750.0,31000.0,32350.0,13765302
2024-06-14,MWG,32450.0,32700.0,30750.0,30850.0,17753924
2024-06-17,MWG,30900.0,31950.0,30600.0,31750.0,17122338
2024-06-18,MWG,31650.0,31700.0,31100.0,31250.0,11532724
2024-06-19,MWG,31150.0,32200.0,30800.0,32050.0,11580727
2024-06-20,MWG,32100.0,33200.0,32050.0,33150.0,14033961
2024-06-21,MWG,33100.0,34100.0,33000.0,33850.0,15951392
2024-06-24,MWG,33950.0,34200.0,33250.0,33500.0,14942779
2024-06-25,MWG,33350.0,33650.0,32500.0,32550.0,14050566
2024-06-26,MWG,32650.0,32850.0,31700.0,32050.0,16328064
2024-06-27,MWG,32000.0,32000.0,31400.0,31550.0,12700711
2024-06-28,MWG,31500.0,31550.0,30850.0,31000.0,15288719
2024-07-01,MWG,31000.0,31650.0,30900.0,31450.0,12253352
2024-07-02,MWG,31250.0,31500.0,31150.0,31450.0,7961358
2024-07-03,MWG,31500.0,32450.0,31450.0,32150.0,13602844
2024-07-04,MWG,32350.0,32400.0,31450.0,31650.0,10122924
2024-07-05,MWG,31600.0,32350.0,31300.0,32100.0,13892042
2024-07-08,MWG,32150.0,32200.0,32050.0,32100.0,7624955
2024-07-09,MWG,32000.0,32500.0,31750.0,32500.0,9329457
2024-07-10,MWG,32400.0,32450.0,32200.0,32400.0,12765592
2024-07-11,MWG,32600.0,33750.0,32600.0,33700.0,14319116
2024-07-12,MWG,33950.0,34000.0,32950.0,33600.0,11195348
2024-07-15,MWG,33500.0,33800.0,32950.0,33050.0,14182194
2024-07-16,MWG,32850.0,33050.0,32750.0,33000.0,12215109
2024-07-17,MWG,32850.0,33800.0,32650.0,33750.0,10636811
2024-07-18,MWG,33600.0,33750.0,33450.0,33650.0,13249190
2024-07-19,MWG,33700.0,33800.0,32950.0,33050.0,15219640
2024-07-22,MWG,32850.0,33500.0,32800.0,33250.0,9363650
2024-07-23,MWG,33150.0,33650.0,32950.0,33350.0,11894291
2024-07-24,MWG,33350.0,34250.0,33100.0,34100.0,13427039
2024-07-25,MWG,34150.0,34350.0,32700.0,32800.0,15264579
2024-07-26,MWG,32900.0,33000.0,32600.0,32650.0,8921939
2024-07-29,MWG,32700.0,33300.0,32700.0,33100.0,13610559
2024-07-30,MWG,33150.0,33700.0,32900.0,32950.0,14498969
2024-07-31,MWG,32950.0,33000.0,32050.0,32250.0,11729988
2024-08-01,MWG,32150.0,32350.0,31750.0,31850.0,11933408
2024-08-02,MWG,31850.0,32450.0,31750.0,32200.0,15066317
2024-08-05,MWG,32350.0,32600.0,31900.0,32150.0,14848678
2024-08-06,MWG,32300.0,33100.0,32150.0,32850.0,9743727
2024-08-07,MWG,32950.0,32950.0,32600.0,32600.0,13094733
2024-08-08,MWG,32700.0,33150.0,32600.0,33100.0,8465986
2024-08-09,MWG,33150.0,35400.0,33050.0,35050.0,20459073
2024-08-12,MWG,35100.0,35250.0,34550.0,34850.0,13237768
2024-08-13,MWG,35000.0,35000.0,34200.0,34300.0,15123648
2024-08-14,MWG,34200.0,34200.0,32400.0,32550.0,17890858
2024-08-15,MWG,32400.0,33750.0,32300.0,33300.0,12352313
2024-08-16,MWG,33550.0,33550.0,31550.0,32000.0,14254033
2024-08-19,MWG,31900.0,32400.0,31300.0,31400.0,16315100
2024-08-20,MWG,31500.0,31500.0,30700.0,30750.0,14806678
2024-08-21,MWG,30500.0,30700.0,29950.0,30600.0,14354319
2024-08-22,MWG,30600.0,30800.0,30350.0,30750.0,12180301
2024-08-23,MWG,30800.0,31100.0,30300.0,30550.0,16082869
2024-08-26,MWG,30700.0,31000.0,30050.0,30100.0,11159668
2024-08-27,MWG,30050.0,30100.0,29650.0,29800.0,11629515
2024-08-28,MWG,29800.0,31000.0,29650.0,30750.0,16586263
2024-08-29,MWG,30900.0,31050.0,30100.0,30200.0,14275064
2024-08-30,MWG,30250.0,30750.0,30200.0,30750.0,12591635
2024-09-02,MWG,30600.0,31500.0,30600.0,31450.0,15720083
2024-09-03,MWG,31400.0,31800.0,30500.0,30600.0,15484777
2024-09-04,MWG,30550.0,30900.0,30050.0,30100.0,15371114
2024-09-05,MWG,30150.0,30350.0,29650.0,29800.0,13223257
2024-09-06,MWG,29850.0,29950.0,29600.0,29750.0,13418545
2024-09-09,MWG,29800.0,31950.0,29750.0,31800.0,14820821
2024-09-10,MWG,31800.0,31900.0,31350.0,31550.0,10317810
2024-09-11,MWG,31550.0,31750.0,30800.0,30850.0,14632621
2024-09-12,MWG,30600.0,31750.0,30250.0,31650.0,18707168
2024-09-13,MWG,31700.0,31800.0,31550.0,31800.0,13389426
2024-09-16,MWG,31750.0,31750.0,30750.0,31050.0,11543470
2024-09-17,MWG,31300.0,31550.0,30850.0,31100.0,12091214
2024-09-18,MWG,31050.0,31100.0,29200.0,29250.0,18277495
2024-09-19,MWG,29250.0,29450.0,29150.0,29250.0,12249160
2024-09-20,MWG,29200.0,29350.0,28900.0,29150.0,9598683
2024-09-23,MWG,29050.0,30300.0,28950.0,30150.0,13621433
2024-09-24,MWG,30200.0,31350.0,30200.0,31300.0,17044558
2024-09-25,MWG,31000.0,31050.0,30350.0,30550.0,11736834
2024-09-26,MWG,30600.0,30700.0,29850.0,30200.0,9652263
2024-09-27,MWG,29950.0,30300.0,29550.0,30200.0,9710876
2024-09-30,MWG,30200.0,30200.0,29850.0,30000.0,11550242
2024-10-01,MWG,30200.0,30300.0,29850.0,29850.0,8453850
2024-10-02,MWG,29950.0,30200.0,28750.0,28800.0,12447430
2024-10-03,MWG,28700.0,28950.0,28500.0,28900.0,12176292
2024-10-04,MWG,28900.0,29400.0,28750.0,29150.0,10686698
2024-10-07,MWG,29200.0,29900.0,29100.0,29800.0,15548959
2024-10-08,MWG,29750.0,30850.0,29550.0,30800.0,16786175
2024-10-09,MWG,30700.0,30800.0,29850.0,30100.0,13782145
2024-10-10,MWG,30300.0,30400.0,29650.0,29750.0,12086070
2024-10-11,MWG,29850.0,31050.0,29800.0,31050.0,13427177
2024-10-14,MWG,30950.0,31950.0,30700.0,31600.0,15420212
2024-10-15,MWG,31650.0,32500.0,31450.0,32500.0,12653358
2024-10-16,MWG,32600.0,32950.0,32600.0,32850.0,11985852
2024-10-17,MWG,32850.0,32950.0,32800.0,32800.0,13176318
2024-10-18,MWG,32900.0,33050.0,32350.0,32650.0,11211066
2024-10-21,MWG,32650.0,33600.0,32650.0,33400.0,11948211
2024-10-22,MWG,33400.0,35400.0,33100.0,35200.0,16873726
2024-10-23,MWG,35250.0,35400.0,35250.0,35350.0,12942893
2024-10-24,MWG,35400.0,35400.0,34300.0,34550.0,11805334
2024-10-25,MWG,34500.0,35650.0,34450.0,35600.0,16859460
2024-10-28,MWG,35650.0,35800.0,35250.0,35650.0,10762148
2024-10-29,MWG,35700.0,36750.0,35350.0,36500.0,15499037
2024-10-30,MWG,36450.0,36550.0,36200.0,36200.0,11909125
2024-10-31,MWG,36000.0,37700.0,35950.0,37400.0,12741172
2024-11-01,MWG,37300.0,39150.0,37250.0,38700.0,17790944
2024-11-04,MWG,38800.0,39550.0,38600.0,39050.0,13040830
2024-11-05,MWG,39100.0,39250.0,38700.0,38900.0,9108895
2024-11-06,MWG,38850.0,39050.0,38750.0,38750.0,8184553
2024-11-07,MWG,38750.0,38900.0,37350.0,37750.0,17665462
2024-11-08,MWG,37600.0,38650.0,37400.0,38600.0,11262875
2024-11-11,MWG,38400.0,39600.0,38350.0,39400.0,12940811
2024-11-12,MWG,39050.0,40600.0,39050.0,40350.0,16580956
2024-11-13,MWG,40000.0,41700.0,39400.0,41400.0,17702853
2024-11-14,MWG,41650.0,42150.0,41400.0,41450.0,9108278
2024-11-15,MWG,41300.0,42100.0,41100.0,41800.0,11237688
2024-11-18,MWG,41850.0,42100.0,40600.0,40800.0,13417901
2024-11-19,MWG,40600.0,40750.0,39850.0,40050.0,9786878
2024-11-20,MWG,39950.0,40200.0,38950.0,39100.0,14434676
2024-11-21,MWG,39200.0,39200.0,37950.0,38200.0,15193485
2024-11-22,MWG,38300.0,39300.0,38250.0,38950.0,11304074
2024-11-25,MWG,39000.0,39750.0,38900.0,39700.0,11320788
2024-11-26,MWG,39900.0,40250.0,37750.0,37900.0,14553472
2024-11-27,MWG,38050.0,38550.0,37850.0,38550.0,12245277
2024-11-28,MWG,38750.0,39200.0,38700.0,39200.0,12070727
2024-11-29,MWG,39150.0,39150.0,38350.0,38500.0,12911623
2024-12-02,MWG,38800.0,38900.0,38500.0,38850.0,12021350
2024-12-03,MWG,39100.0,40100.0,38800.0,39750.0,14789274
2024-12-04,MWG,39900.0,40050.0,39100.0,39450.0,10985432
2024-12-05,MWG,39400.0,39400.0,39150.0,39350.0,7663854
2024-12-06,MWG,39350.0,39900.0,39200.0,39850.0,10918203
2024-12-09,MWG,40100.0,40400.0,38950.0,39350.0,16327700
2024-12-10,MWG,39450.0,39850.0,38950.0,39200.0,10138850
2024-12-11,MWG,39100.0,39150.0,38550.0,38700.0,14505738
2024-12-12,MWG,38900.0,39350.0,38700.0,39250.0,14762650
2024-12-13,MWG,39300.0,39550.0,38750.0,38850.0,8684189
2024-12-16,MWG,39000.0,39000.0,37200.0,37350.0,16652704
2024-12-17,MWG,37150.0,37700.0,36800.0,37050.0,14630745
2024-12-18,MWG,37000.0,37250.0,36900.0,37200.0,12893358
2024-12-19,MWG,37050.0,37800.0,36650.0,37650.0,16090123
2024-12-20,MWG,37550.0,38150.0,37400.0,38000.0,13125910
2024-12-23,MWG,37900.0,38350.0,37450.0,37700.0,14561906
2024-12-24,MWG,37700.0,38250.0,37650.0,37750.0,11335753
2024-12-25,MWG,37650.0,37700.0,37250.0,37500.0,8046290
2024-12-26,MWG,37500.0,37850.0,36000.0,36250.0,18550424
2024-12-27,MWG,36550.0,36650.0,35850.0,35900.0,12642210
2024-12-30,MWG,35750.0,35850.0,35600.0,35700.0,12923696
2024-12-31,MWG,35600.0,35750.0,35400.0,35400.0,12185111
2025-01-01,MWG,35550.0,35650.0,35100.0,35100.0,10016394
2025-01-02,MWG,35050.0,35200.0,34850.0,35150.0,11196896
2025-01-03,MWG,35200.0,36500.0,35050.0,35900.0,17356591
2025-01-06,MWG,36150.0,36400.0,35350.0,35350.0,16490929
2025-01-07,MWG,35350.0,35850.0,34150.0,34400.0,18113985
2025-01-08,MWG,34450.0,34650.0,34000.0,34250.0,14527655
2025-01-09,MWG,34250.0,34750.0,34100.0,34350.0,10555202
2025-01-10,MWG,34450.0,35800.0,34350.0,35500.0,15366691
2025-01-13,MWG,35450.0,35500.0,35300.0,35300.0,8435703
2025-01-14,MWG,35450.0,37700.0,35400.0,37200.0,20023180
2025-01-15,MWG,37200.0,37250.0,36550.0,36700.0,9481697
2025-01-16,MWG,36800.0,37750.0,36750.0,37400.0,14263386
2025-01-17,MWG,37550.0,37700.0,36950.0,37150.0,8531899
2025-01-20,MWG,37000.0,38400.0,36850.0,38400.0,14435266
2025-01-21,MWG,38600.0,38750.0,37650.0,37750.0,16157185
2025-01-22,MWG,37700.0,38000.0,37600.0,37700.0,7572742
2025-01-23,MWG,37700.0,37850.0,36550.0,36600.0,13411003
2025-01-24,MWG,36350.0,37350.0,36250.0,37150.0,12767042
2025-01-27,MWG,37150.0,37200.0,37150.0,37150.0,6702369
2025-01-28,MWG,37150.0,37150.0,36300.0,36750.0,13960055
2025-01-29,MWG,36600.0,37050.0,36550.0,36950.0,9058467
2025-01-30,MWG,36800.0,39100.0,36400.0,38900.0,16346655
2025-01-31,MWG,39000.0,39150.0,37400.0,37450.0,14189294
2025-02-03,MWG,37450.0,37550.0,36250.0,36450.0,14702863
2025-02-04,MWG,36750.0,37450.0,36550.0,37250.0,9342549
2025-02-05,MWG,37100.0,37850.0,36900.0,37700.0,13614298
2025-02-06,MWG,37650.0,37950.0,36800.0,36900.0,14077965
2025-02-07,MWG,36600.0,36800.0,36350.0,36600.0,10554942
2025-02-10,MWG,36600.0,36850.0,36350.0,36500.0,10627579
2025-02-11,MWG,36650.0,37050.0,35600.0,35850.0,15958397
2025-02-12,MWG,35950.0,36100.0,34950.0,35400.0,14463858
2025-02-13,MWG,35300.0,35350.0,33900.0,33950.0,13433998
2025-02-14,MWG,33750.0,34100.0,33000.0,33000.0,14775313
2025-02-17,MWG,32900.0,33150.0,32800.0,32900.0,12448093
2025-02-18,MWG,32850.0,33100.0,32000.0,32350.0,13137441
2025-02-19,MWG,32250.0,32350.0,31750.0,31800.0,10297854
2025-02-20,MWG,31750.0,32700.0,31600.0,32550.0,11241369
2025-02-21,MWG,32600.0,33200.0,32500.0,33000.0,9634743
2025-02-24,MWG,33150.0,33400.0,32550.0,32900.0,11810300
2025-02-25,MWG,33050.0,33600.0,32850.0,33400.0,13676065
2025-02-26,MWG,33300.0,33700.0,32800.0,33500.0,11890400
2025-02-27,MWG,33300.0,33900.0,33200.0,33300.0,12587457
2025-02-28,MWG,33300.0,33350.0,32750.0,32800.0,11445114
2025-03-03,MWG,32700.0,33250.0,32700.0,33100.0,13789219
2025-03-04,MWG,32950.0,33000.0,32650.0,32700.0,8577783
2025-03-05,MWG,32700.0,32950.0,32300.0,32550.0,14683795
2025-03-06,MWG,32550.0,32800.0,31650.0,31800.0,11797511
2025-03-07,MWG,31750.0,31800.0,31400.0,31450.0,11711972
2025-03-10,MWG,31400.0,31450.0,31100.0,31100.0,12327209
2025-03-11,MWG,31200.0,33200.0,31100.0,32850.0,17626492
2025-03-12,MWG,32700.0,33250.0,32650.0,33050.0,9502003
2025-03-13,MWG,33150.0,33200.0,33100.0,33200.0,9214084
2025-03-14,MWG,33150.0,33950.0,32850.0,33600.0,11331418
2025-03-17,MWG,33650.0,34000.0,33300.0,33450.0,13436317
2025-03-18,MWG,33300.0,33500.0,32200.0,32300.0,14778032
2025-03-19,MWG,32300.0,32450.0,31850.0,32000.0,9268155
2025-03-20,MWG,32200.0,32300.0,31950.0,32300.0,10042752
2025-03-21,MWG,32300.0,33300.0,32050.0,33050.0,11125474
2025-03-24,MWG,32900.0,33000.0,32500.0,32750.0,9508900
2025-03-25,MWG,32650.0,33900.0,32600.0,33550.0,16261913
2025-03-26,MWG,33650.0,33850.0,33250.0,33300.0,10022605
2025-03-27,MWG,33350.0,33800.0,33300.0,33550.0,9259435
2025-03-28,MWG,33350.0,33500.0,32750.0,33100.0,14939177
2025-03-31,MWG,33050.0,33750.0,32850.0,33650.0,10967821
2025-04-01,MWG,33750.0,33800.0,32700.0,32800.0,15147213
2025-04-02,MWG,32850.0,33550.0,32750.0,33400.0,11290704
2025-04-03,MWG,33400.0,33600.0,32950.0,33300.0,9715192
2025-04-04,MWG,33300.0,33800.0,33050.0,33550.0,11220490
2025-04-07,MWG,33400.0,34000.0,33250.0,33950.0,12343870
2025-04-08,MWG,33900.0,34150.0,33850.0,33900.0,11391036
2025-04-09,MWG,34050.0,34250.0,33500.0,33850.0,11234188
2025-04-10,MWG,34000.0,36000.0,33900.0,35850.0,14949744
2025-04-11,MWG,35850.0,35900.0,35500.0,35650.0,10479307
2025-04-14,MWG,35750.0,36700.0,35550.0,36550.0,15600096
2025-04-15,MWG,36750.0,37350.0,36550.0,37200.0,9549030
2025-04-16,MWG,37150.0,37250.0,37050.0,37100.0,10062209
2025-04-17,MWG,37150.0,37700.0,37150.0,37650.0,13972494
2025-04-18,MWG,37950.0,38300.0,35100.0,35550.0,23342023
2025-04-21,MWG,35650.0,35900.0,35100.0,35200.0,10532077
2025-04-22,MWG,35050.0,35350.0,34850.0,35100.0,12928897
2025-04-23,MWG,35150.0,35850.0,35050.0,35750.0,10536480
2025-04-24,MWG,35900.0,36000.0,34700.0,35000.0,15006947
2025-04-25,MWG,34950.0,35300.0,34750.0,35200.0,11706923
2025-04-28,MWG,35100.0,35200.0,34500.0,34500.0,8842715
2025-04-29,MWG,34500.0,35050.0,34350.0,35050.0,9006274
2025-04-30,MWG,34900.0,35000.0,33500.0,33550.0,15232163
2025-05-01,MWG,33900.0,35000.0,33750.0,34850.0,14246139
2025-05-02,MWG,34700.0,34800.0,34600.0,34750.0,9446712
2025-05-05,MWG,34950.0,35100.0,34800.0,35000.0,7886628
2025-05-06,MWG,34700.0,35700.0,34550.0,35500.0,12855816
2025-05-07,MWG,35400.0,35550.0,34400.0,34500.0,12444366
2025-05-08,MWG,34550.0,35000.0,34050.0,34300.0,10139269
2025-05-09,MWG,34450.0,34450.0,33650.0,33900.0,13435352
2025-05-12,MWG,33750.0,33900.0,33700.0,33850.0,11486329
2025-05-13,MWG,33700.0,34000.0,32550.0,32750.0,11956478
2025-05-14,MWG,32800.0,33000.0,32400.0,32450.0,10767396
2025-05-15,MWG,32600.0,33350.0,32400.0,33150.0,9805845
2025-05-16,MWG,33200.0,33850.0,33100.0,33800.0,13699425
2025-05-19,MWG,33650.0,35200.0,33500.0,35150.0,16973539
2025-05-20,MWG,35350.0,36250.0,35150.0,36200.0,11147427
2025-05-21,MWG,36200.0,37750.0,36150.0,37650.0,14050000
2025-05-22,MWG,37700.0,38450.0,37350.0,38350.0,12665327
2025-05-23,MWG,38250.0,38350.0,37500.0,37600.0,10718316
2025-05-26,MWG,37650.0,38050.0,37600.0,38050.0,9368566
2025-05-27,MWG,38400.0,38450.0,35550.0,36100.0,19642065
2025-05-28,MWG,36200.0,36200.0,35700.0,35700.0,8473729
2025-05-29,MWG,35800.0,35900.0,35550.0,35600.0,13195366
2025-05-30,MWG,35650.0,37100.0,35600.0,36700.0,13393071
2025-06-02,MWG,36550.0,36650.0,35300.0,35400.0,12781588
2025-06-03,MWG,35550.0,35900.0,35150.0,35850.0,10423243
2025-06-04,MWG,35850.0,35900.0,35300.0,35450.0,11862329
2025-06-05,MWG,35400.0,35750.0,34950.0,35000.0,9092351
2025-06-06,MWG,35200.0,35350.0,34450.0,34500.0,15405993
2025-06-09,MWG,34300.0,34350.0,32900.0,32950.0,17864749
2025-06-10,MWG,32900.0,33050.0,32300.0,32450.0,14488945
2025-06-11,MWG,32550.0,32700.0,32450.0,32650.0,10563056
2025-06-12,MWG,32600.0,32650.0,32000.0,32250.0,10959623
2025-06-13,MWG,32150.0,33400.0,32050.0,33050.0,15259395
2025-06-16,MWG,33150.0,33400.0,32650.0,32700.0,12296942
2025-06-17,MWG,32600.0,32650.0,32200.0,32350.0,12497429
2025-06-18,MWG,32300.0,32900.0,32250.0,32750.0,11913200
2025-06-19,MWG,32900.0,33500.0,32750.0,33450.0,12457175
2025-06-20,MWG,33550.0,34000.0,33400.0,33950.0,10045254
2025-06-23,MWG,34000.0,34000.0,33150.0,33150.0,10772631
2025-06-24,MWG,33000.0,34250.0,32950.0,33900.0,16813030
2025-06-25,MWG,33950.0,34000.0,33250.0,33350.0,15127368
2025-06-26,MWG,33200.0,33500.0,33150.0,33450.0,12525573
2025-06-27,MWG,33350.0,33500.0,33250.0,33350.0,12980425
2025-06-30,MWG,33400.0,33450.0,32750.0,32800.0,9705926
2025-07-01,MWG,32900.0,33600.0,32900.0,33500.0,9095348
2025-07-02,MWG,33550.0,33650.0,33000.0,33150.0,14305189
2025-07-03,MWG,33300.0,33550.0,33250.0,33400.0,11769146
2025-07-04,MWG,33550.0,34100.0,33500.0,33750.0,12225813
2025-07-07,MWG,33650.0,33800.0,32450.0,32600.0,13222980
2025-07-08,MWG,32550.0,34000.0,32450.0,33750.0,13486955
2025-07-09,MWG,33750.0,33850.0,31850.0,31950.0,19604342
2025-07-10,MWG,32100.0,32950.0,31850.0,32550.0,12077421
2025-07-11,MWG,32700.0,34450.0,32650.0,34250.0,19012481
2025-07-14,MWG,34200.0,34400.0,32850.0,32950.0,13944024
2025-07-15,MWG,32900.0,32900.0,32400.0,32750.0,13917814
2025-07-16,MWG,32750.0,32900.0,32000.0,32200.0,10591806
2025-07-17,MWG,32200.0,32450.0,32050.0,32350.0,8101385
2025-07-18,MWG,32300.0,33600.0,32050.0,33200.0,16652442
2025-07-21,MWG,33450.0,33550.0,32350.0,32550.0,15721383
2025-07-22,MWG,32500.0,32550.0,31500.0,31550.0,13869239
2025-07-23,MWG,31350.0,31500.0,30900.0,31300.0,14028700
2025-07-24,MWG,31400.0,31600.0,30500.0,30850.0,13116758
2025-07-25,MWG,30600.0,31950.0,30500.0,31600.0,17984260
2025-07-28,MWG,31450.0,31500.0,31250.0,31400.0,7448144
2025-07-29,MWG,31450.0,31600.0,30850.0,30900.0,12678722
2025-07-30,MWG,30800.0,31100.0,30650.0,31050.0,9216823
2025-07-31,MWG,31000.0,31400.0,30950.0,31300.0,12242698
2025-08-01,MWG,31050.0,31850.0,30850.0,31800.0,12733926
2025-08-04,MWG,31850.0,32600.0,31650.0,32400.0,11532581
2025-08-05,MWG,32400.0,32850.0,32100.0,32150.0,9272066
2025-08-06,MWG,32300.0,32300.0,31050.0,31200.0,16490584
2025-08-07,MWG,31300.0,31500.0,31250.0,31400.0,8547386
2025-08-08,MWG,31350.0,31450.0,29650.0,29900.0,18979930
2025-08-11,MWG,29750.0,30850.0,29700.0,30750.0,14130242
2025-08-12,MWG,30700.0,31250.0,30500.0,30950.0,10874382
2025-08-13,MWG,30950.0,31900.0,30850.0,31600.0,16193183
2025-08-14,MWG,31450.0,32250.0,31350.0,31900.0,15548533
2025-08-15,MWG,31950.0,32400.0,31850.0,32350.0,14897056
2025-08-18,MWG,32300.0,33700.0,32250.0,33650.0,17614618
2025-08-19,MWG,33750.0,34200.0,33650.0,34000.0,9190178
2025-08-20,MWG,33800.0,35150.0,33650.0,34950.0,14274971
2025-08-21,MWG,34850.0,35200.0,34750.0,35200.0,9744527
2025-08-22,MWG,35250.0,36450.0,35100.0,36400.0,16543099
2025-08-25,MWG,36400.0,36850.0,35000.0,35050.0,16366869
2025-08-26,MWG,35050.0,35150.0,33900.0,34100.0,14678637
2025-08-27,MWG,34150.0,35450.0,34000.0,35250.0,11335168
2025-08-28,MWG,35250.0,35400.0,35000.0,35000.0,8335328
2025-08-29,MWG,34950.0,35250.0,34150.0,34200.0,10681491
2025-09-01,MWG,34200.0,35100.0,34150.0,35050.0,15923183
2025-09-02,MWG,35250.0,35400.0,34450.0,35050.0,10572050
2025-09-03,MWG,35050.0,35200.0,34950.0,35100.0,9365655
2025-09-04,MWG,35150.0,35450.0,34850.0,34850.0,11014382
2025-09-05,MWG,34600.0,35700.0,34600.0,35300.0,13536391
2025-09-08,MWG,35450.0,35850.0,34900.0,35000.0,12447161
2025-09-09,MWG,34850.0,34950.0,33950.0,34200.0,15583143
2025-09-10,MWG,34350.0,34450.0,33150.0,33300.0,13846169
2025-09-11,MWG,33150.0,33200.0,32400.0,32500.0,13473271
2025-09-12,MWG,32450.0,32800.0,31800.0,31900.0,14449055
2025-09-15,MWG,31750.0,32050.0,31650.0,32000.0,8976995
2025-09-16,MWG,31750.0,32100.0,31700.0,31950.0,13707626
2025-09-17,MWG,31750.0,31800.0,31550.0,31600.0,7993616
2025-09-18,MWG,31450.0,32900.0,31450.0,32650.0,18244683
2025-09-19,MWG,32650.0,33300.0,32550.0,33200.0,15277998
2025-09-22,MWG,33400.0,34450.0,32900.0,34250.0,17712812
2025-09-23,MWG,34550.0,34700.0,33950.0,34050.0,13533600
2025-09-24,MWG,34300.0,35400.0,34150.0,35200.0,12190686
2025-09-25,MWG,35200.0,35850.0,35100.0,35750.0,8888687
2025-09-26,MWG,35750.0,35950.0,34550.0,34750.0,13262024
2025-09-29,MWG,34850.0,35300.0,34550.0,35250.0,14076167
2025-09-30,MWG,35450.0,35700.0,35300.0,35350.0,8216741
2025-10-01,MWG,35350.0,35950.0,35150.0,35650.0,9328530
2025-10-02,MWG,35800.0,36400.0,35550.0,36150.0,14185286
2025-10-03,MWG,36250.0,37050.0,36000.0,36750.0,14524028
2025-10-06,MWG,36650.0,36850.0,36250.0,36300.0,14811781
2025-10-07,MWG,36100.0,36200.0,34850.0,35200.0,13455604
2025-10-08,MWG,35350.0,35400.0,34650.0,35000.0,11071588
2025-10-09,MWG,35200.0,35300.0,34150.0,34200.0,14395956
2025-10-10,MWG,34050.0,34400.0,33450.0,34300.0,11653715
2025-10-13,MWG,34200.0,34250.0,33050.0,33150.0,15087863
2025-10-14,MWG,33300.0,33350.0,32550.0,32700.0,14752737
2025-10-15,MWG,32600.0,32750.0,31700.0,31750.0,13380141
2025-10-16,MWG,31800.0,32400.0,31550.0,32350.0,9338740
2025-10-17,MWG,32200.0,32400.0,31900.0,32350.0,9982814
2025-10-20,MWG,32250.0,32550.0,31850.0,32100.0,10738025
2025-10-21,MWG,32100.0,32600.0,31950.0,32500.0,9730231
2025-10-22,MWG,32250.0,32400.0,31350.0,31350.0,14564169
2025-10-23,MWG,31600.0,31750.0,31600.0,31650.0,9328743
2025-10-24,MWG,31650.0,32600.0,31600.0,32250.0,10799672
2025-10-27,MWG,32350.0,32500.0,32250.0,32450.0,9231318
2025-10-28,MWG,32350.0,32500.0,32100.0,32100.0,12452471
2025-10-29,MWG,32000.0,32750.0,31950.0,32700.0,13648526
2025-10-30,MWG,32650.0,33350.0,32050.0,33300.0,14620032
2025-10-31,MWG,33400.0,33450.0,32250.0,32450.0,15206168
2025-11-03,MWG,32450.0,32850.0,32250.0,32650.0,10088815
2025-11-04,MWG,32800.0,32900.0,32550.0,32650.0,11902509
2025-11-05,MWG,32650.0,32700.0,32450.0,32600.0,10899500
2025-11-06,MWG,32950.0,33000.0,31050.0,31200.0,17153044
2025-11-07,MWG,31350.0,31800.0,31300.0,31650.0,8746830
2025-11-10,MWG,31900.0,32550.0,31850.0,32200.0,10589298
2025-11-11,MWG,32250.0,33000.0,32150.0,32950.0,10473909
2025-11-12,MWG,32800.0,33000.0,32600.0,32850.0,14079640
2025-11-13,MWG,32950.0,34000.0,32750.0,34000.0,14935922
2025-11-14,MWG,33950.0,35000.0,33900.0,34800.0,13442470
2025-11-17,MWG,34500.0,35100.0,34250.0,34900.0,14636214
2025-11-18,MWG,35100.0,35750.0,35100.0,35600.0,12352288
2025-11-19,MWG,35650.0,35800.0,34500.0,34550.0,13022026
2025-11-20,MWG,34600.0,34900.0,33600.0,33650.0,12235970
2025-11-21,MWG,33850.0,35050.0,33800.0,34850.0,11838533
2025-11-24,MWG,34950.0,35000.0,33900.0,34250.0,12607115
2025-11-25,MWG,34050.0,34150.0,33100.0,33150.0,13615554
2025-11-26,MWG,33400.0,33550.0,33150.0,33150.0,12439431
2025-11-27,MWG,33300.0,33700.0,32100.0,32100.0,16111456
2025-11-28,MWG,32050.0,33750.0,31850.0,33450.0,15827610
2025-12-01,MWG,33750.0,33800.0,32400.0,32400.0,14763990
2025-12-02,MWG,32200.0,32250.0,31350.0,31450.0,15678680
2025-12-03,MWG,31400.0,31450.0,30550.0,30800.0,15539148
2025-12-04,MWG,30900.0,31100.0,30750.0,30800.0,9942185
2025-12-05,MWG,30750.0,30850.0,29550.0,29850.0,16776546
2025-12-08,MWG,29700.0,30750.0,29700.0,30600.0,10973612
2025-12-09,MWG,30900.0,31100.0,28500.0,28500.0,21072511
2025-12-10,MWG,28500.0,28700.0,27900.0,28000.0,12438513
2025-12-11,MWG,28000.0,28250.0,27500.0,27500.0,11805394
2025-12-12,MWG,27450.0,28450.0,27100.0,28350.0,13617017
2025-12-15,MWG,28250.0,28700.0,27850.0,28550.0,10327426
2025-12-16,MWG,28450.0,28900.0,28200.0,28900.0,14090073
2025-12-17,MWG,28800.0,30050.0,28750.0,29800.0,13613302
2025-12-18,MWG,29700.0,30200.0,29650.0,29950.0,13588300
2025-12-19,MWG,30000.0,30150.0,29850.0,29950.0,12223479
2025-12-22,MWG,30000.0,30300.0,29450.0,29500.0,14990960
2025-12-23,MWG,29500.0,30650.0,29350.0,30550.0,12113383
2025-12-24,MWG,30450.0,30650.0,30250.0,30350.0,10992969
2025-12-25,MWG,30550.0,30650.0,30050.0,30200.0,9670363
2025-12-26,MWG,30050.0,30250.0,29150.0,29300.0,12994218
2025-12-29,MWG,29550.0,29600.0,28750.0,28950.0,11469133
2025-12-30,MWG,28900.0,29150.0,28900.0,28900.0,10973027
2025-12-31,MWG,28800.0,29050.0,28500.0,28900.0,9122848
2026-01-01,MWG,29000.0,29750.0,28800.0,29550.0,10168959
2026-01-02,MWG,29500.0,29650.0,29000.0,29050.0,10359419
2026-01-05,MWG,28900.0,28900.0,28700.0,28750.0,11943049
2026-01-06,MWG,28850.0,29550.0,28750.0,29350.0,11095438
2026-01-07,MWG,29400.0,29400.0,28300.0,28500.0,16361465
2026-01-08,MWG,28450.0,28750.0,28300.0,28750.0,8322577
2026-01-09,MWG,28800.0,29300.0,28600.0,29250.0,9896596
2026-01-12,MWG,29200.0,29200.0,28950.0,29100.0,13220667
2026-01-13,MWG,29050.0,30200.0,28950.0,29800.0,15495548
2026-01-14,MWG,29800.0,30250.0,29550.0,30100.0,10543209
2026-01-15,MWG,29950.0,30850.0,29850.0,30750.0,14324396
2026-01-16,MWG,30800.0,30850.0,30750.0,30800.0,12058592
2026-01-19,MWG,30700.0,31000.0,28950.0,29000.0,16011251
2026-01-20,MWG,29050.0,29200.0,28600.0,28700.0,9813827
2026-01-21,MWG,28700.0,28850.0,28550.0,28650.0,8028343
2026-01-22,MWG,28700.0,29250.0,28650.0,29250.0,10012034
2026-01-23,MWG,29050.0,29100.0,28850.0,29100.0,7488370
2026-01-26,MWG,29050.0,29200.0,28850.0,29050.0,10660621
2026-01-27,MWG,28900.0,28900.0,28550.0,28600.0,10176423
2026-01-28,MWG,28600.0,28700.0,28200.0,28350.0,8322076
2026-01-29,MWG,28250.0,28950.0,28250.0,28800.0,11992103
2026-01-30,MWG,28550.0,28650.0,28000.0,28100.0,11160075
2026-02-02,MWG,28200.0,28400.0,28000.0,28150.0,13500076
2026-02-03,MWG,28200.0,28650.0,27950.0,28450.0,15353932
2026-02-04,MWG,28550.0,28850.0,27800.0,28000.0,11506415
2026-02-05,MWG,28000.0,28200.0,27150.0,27200.0,15567480
2026-02-06,MWG,27150.0,27750.0,27100.0,27650.0,15156713
2026-02-09,MWG,27650.0,27750.0,27150.0,27300.0,15517128
2026-02-10,MWG,27350.0,27850.0,27150.0,27600.0,11985051
2026-02-11,MWG,27450.0,27500.0,27000.0,27250.0,8691547
2026-02-12,MWG,27050.0,27900.0,26900.0,27700.0,14219164
2026-02-13,MWG,27800.0,29100.0,27750.0,28900.0,14418152
2026-02-16,MWG,28850.0,29250.0,28750.0,29250.0,12752438
2026-02-17,MWG,29300.0,29400.0,29200.0,29300.0,7772534
2026-02-18,MWG,29200.0,30150.0,29150.0,30100.0,12097466
2026-02-19,MWG,30050.0,30450.0,30050.0,30350.0,12068673
2026-02-20,MWG,30150.0,30450.0,30100.0,30150.0,12955149
2026-02-23,MWG,30350.0,30400.0,29150.0,29200.0,17036043
2026-02-24,MWG,29150.0,29500.0,28750.0,29250.0,11290725
2026-02-25,MWG,29400.0,29500.0,28000.0,28300.0,13123158
2026-02-26,MWG,28200.0,29050.0,27950.0,28950.0,13358514
2026-02-27,MWG,29000.0,29000.0,27750.0,28100.0,17699049
2026-03-02,MWG,27900.0,28100.0,27650.0,27900.0,14189402
2026-03-03,MWG,27850.0,28650.0,27800.0,28600.0,12511341
2026-03-04,MWG,28700.0,29250.0,28550.0,29100.0,10463887
2026-03-05,MWG,29300.0,29350.0,28650.0,28800.0,15843691
2026-03-06,MWG,28850.0,29000.0,28100.0,28150.0,16046212
2026-03-09,MWG,28350.0,28750.0,27150.0,27300.0,18123867
2026-03-10,MWG,27250.0,28350.0,26950.0,28200.0,16950356
2026-03-11,MWG,28200.0,28350.0,27800.0,28000.0,12215028
2026-03-12,MWG,27900.0,27950.0,27400.0,27450.0,12417996
2026-03-13,MWG,27500.0,28050.0,27450.0,27850.0,13657054
2026-03-16,MWG,27950.0,28200.0,27800.0,28050.0,13845374
2026-03-17,MWG,28100.0,28350.0,27450.0,27450.0,11948623
2026-03-18,MWG,27550.0,27700.0,25800.0,26000.0,16722871
2026-03-19,MWG,26100.0,26200.0,26000.0,26150.0,7870181
2026-03-20,MWG,26250.0,26400.0,25850.0,25900.0,12022595
2026-03-23,MWG,25900.0,26050.0,25800.0,25850.0,7844506
2026-03-24,MWG,25900.0,26000.0,24850.0,25000.0,17976159
2026-03-25,MWG,25150.0,25950.0,25050.0,25900.0,13035213
2026-03-26,MWG,25850.0,25950.0,25800.0,25850.0,10847232
2026-03-27,MWG,25700.0,25950.0,24700.0,24950.0,15479381
2026-03-30,MWG,24850.0,25000.0,24550.0,24750.0,9772068
2026-03-31,MWG,24550.0,24600.0,23800.0,23900.0,11574060
2026-04-01,MWG,23900.0,24950.0,23850.0,24800.0,12278163
2026-04-02,MWG,24700.0,25100.0,24600.0,25000.0,11116106
2026-04-03,MWG,24850.0,25250.0,24550.0,25200.0,11821428
2026-04-06,MWG,25200.0,25200.0,24900.0,25000.0,12922565
2026-04-07,MWG,25050.0,25150.0,24350.0,24600.0,16161301
2026-04-08,MWG,24400.0,24500.0,23950.0,24100.0,9878077
2026-04-09,MWG,24000.0,24650.0,23900.0,24550.0,12860151
2026-04-10,MWG,24500.0,24850.0,24200.0,24650.0,12116520
2026-04-13,MWG,24500.0,24900.0,24300.0,24850.0,13037857
2026-04-14,MWG,24950.0,25300.0,24900.0,25200.0,8450031
2026-04-15,MWG,25000.0,25000.0,24650.0,24700.0,13886778
2026-04-16,MWG,24650.0,25100.0,24500.0,25050.0,12127864
2026-04-17,MWG,25150.0,25300.0,24950.0,25050.0,14037022
2026-04-20,MWG,25200.0,25250.0,25100.0,25150.0,10127032
2026-04-21,MWG,25250.0,25550.0,25100.0,25400.0,8816072
2026-04-22,MWG,25350.0,26000.0,25350.0,25850.0,15586700
2026-04-23,MWG,25900.0,27150.0,25750.0,27100.0,18066049
2026-04-24,MWG,26900.0,27200.0,26700.0,27050.0,13125065
2026-04-27,MWG,26900.0,27000.0,26750.0,26950.0,7975775
2026-04-28,MWG,26850.0,27350.0,26750.0,27200.0,14420040
2026-04-29,MWG,27050.0,29450.0,26850.0,29050.0,18100472
2026-04-30,MWG,28800.0,29600.0,28700.0,29400.0,16459879
2026-05-01,MWG,29400.0,29600.0,28300.0,28600.0,15380794
2026-05-04,MWG,28550.0,28650.0,28450.0,28600.0,13237992
2026-05-05,MWG,28600.0,28600.0,26800.0,27150.0,15973223
2026-05-06,MWG,27300.0,27350.0,26700.0,26900.0,15581154
2026-05-07,MWG,26900.0,27150.0,26650.0,27150.0,9750081
2026-05-08,MWG,27200.0,28200.0,27200.0,28000.0,16025242
2026-05-11,MWG,28000.0,28000.0,27300.0,27450.0,14050553
2026-05-12,MWG,27400.0,27550.0,26500.0,26550.0,15757190
2026-05-13,MWG,26650.0,27100.0,26450.0,27100.0,13954551
2026-05-14,MWG,27100.0,27650.0,27050.0,27450.0,14221969
2026-05-15,MWG,27450.0,27650.0,27050.0,27250.0,14552553
2026-05-18,MWG,27150.0,28400.0,27050.0,28350.0,14520016
2026-05-19,MWG,28400.0,28500.0,27200.0,27250.0,16158875
2026-05-20,MWG,27200.0,28050.0,27150.0,27950.0,15619521
2026-05-21,MWG,27900.0,28000.0,27500.0,27650.0,14328342
2026-05-22,MWG,27600.0,28450.0,27400.0,28300.0,16010408
2026-05-25,MWG,28600.0,28800.0,28400.0,28500.0,12805829
2026-05-26,MWG,28450.0,28550.0,28050.0,28200.0,9808731
2026-05-27,MWG,28250.0,28400.0,28150.0,28400.0,13721895
2026-05-28,MWG,28350.0,29600.0,28300.0,29450.0,12977987
2026-05-29,MWG,29300.0,29950.0,29300.0,29700.0,11982206
2026-06-01,MWG,29800.0,30050.0,29600.0,29650.0,11547554
2026-06-02,MWG,29700.0,29950.0,29700.0,29850.0,13445008
2026-06-03,MWG,29950.0,30350.0,29750.0,30200.0,9808525
2026-06-04,MWG,30250.0,30550.0,30150.0,30300.0,9191272
2026-06-05,MWG,30250.0,31050.0,30050.0,30650.0,15268892
2026-06-08,MWG,30400.0,31900.0,30050.0,31750.0,17557137
2026-06-09,MWG,31750.0,31800.0,30950.0,31150.0,14175578
2026-06-10,MWG,31000.0,31400.0,30700.0,31400.0,11005582
2026-06-11,MWG,31350.0,31750.0,31000.0,31700.0,10682408
2026-06-12,MWG,31800.0,32800.0,31550.0,32650.0,13428202
2026-06-15,MWG,32950.0,33350.0,32000.0,32300.0,12176761
2026-06-16,MWG,32350.0,32750.0,32300.0,32500.0,9005560
2026-06-17,MWG,32500.0,33300.0,32250.0,33050.0,14851455
2026-06-18,MWG,33100.0,33450.0,33000.0,33400.0,10398164
2026-06-19,MWG,33500.0,33600.0,33200.0,33250.0,10644959
2026-06-22,MWG,33300.0,33950.0,33100.0,33750.0,9613355
2026-06-23,MWG,33750.0,33950.0,32000.0,32000.0,18777312
2026-06-24,MWG,31900.0,33600.0,31900.0,33600.0,13059000
2026-06-25,MWG,33700.0,33900.0,32250.0,32500.0,17686502
2026-06-26,MWG,32550.0,33300.0,32450.0,33150.0,10765388
2026-06-29,MWG,33150.0,34600.0,32950.0,34350.0,15774877
2026-06-30,MWG,34400.0,34500.0,34350.0,34450.0,10598988
2026-07-01,MWG,34600.0,35350.0,34200.0,35100.0,11815281
2026-07-02,MWG,35050.0,35200.0,34650.0,34800.0,8385784
2026-07-03,MWG,34700.0,34900.0,34500.0,34800.0,13845106
2026-07-06,MWG,34650.0,35900.0,34550.0,35900.0,17076681
2026-07-07,MWG,35800.0,36250.0,35550.0,36100.0,14628032
2026-07-08,MWG,36200.0,36300.0,36050.0,36100.0,11246638
2026-07-09,MWG,36000.0,36800.0,35600.0,36700.0,11475690
2026-07-10,MWG,36750.0,38750.0,36750.0,38650.0,13230670
2026-07-13,MWG,38500.0,39950.0,38200.0,39650.0,14955972
2026-07-14,MWG,39600.0,41550.0,39300.0,41100.0,17628491
2026-07-15,MWG,41000.0,42350.0,40850.0,42250.0,13536887
2026-07-16,MWG,42300.0,43250.0,42250.0,43150.0,10689577
2026-07-17,MWG,43450.0,43500.0,42100.0,42300.0,15589347
2026-07-20,MWG,42050.0,42550.0,41850.0,42350.0,13961473
2026-07-21,MWG,42650.0,42650.0,42450.0,42650.0,13244855
2026-07-22,MWG,42900.0,43500.0,42500.0,42550.0,14977472
2026-07-23,MWG,42350.0,42350.0,42100.0,42200.0,11455309
2026-07-24,MWG,42150.0,42450.0,40950.0,41000.0,15717081
2026-07-27,MWG,40900.0,41700.0,40500.0,41650.0,11800340
2026-07-28,MWG,41550.0,41700.0,40600.0,40800.0,9594457
2026-07-29,MWG,40750.0,41000.0,40550.0,40900.0,13015435
2026-07-30,MWG,40900.0,41100.0,40350.0,40450.0,10110153
2026-07-31,MWG,40300.0,41000.0,39950.0,40800.0,14336063
2026-08-03,MWG,40900.0,41100.0,39000.0,39150.0,16038708
2026-08-04,MWG,39050.0,39750.0,39050.0,39750.0,12660815
2026-08-05,MWG,39800.0,40250.0,39800.0,40250.0,9091669
2026-08-06,MWG,40500.0,40750.0,39650.0,39950.0,10427972
2026-08-07,MWG,40000.0,41300.0,39950.0,41150.0,10636708
2026-08-10,MWG,41050.0,42200.0,41000.0,41750.0,13696579
2026-08-11,MWG,41800.0,42950.0,41750.0,42700.0,12778846
2026-08-12,MWG,42500.0,44700.0,42250.0,44600.0,15209909
2026-08-13,MWG,44450.0,45450.0,43800.0,45400.0,11894630
2026-08-14,MWG,44950.0,46400.0,44900.0,46150.0,15275241
2026-08-17,MWG,46400.0,46850.0,45350.0,45450.0,13003556
2026-08-18,MWG,45900.0,45950.0,44150.0,44450.0,13207646
2026-08-19,MWG,44750.0,45050.0,43100.0,43150.0,15705572
2026-08-20,MWG,43200.0,43650.0,43000.0,43150.0,8499964
2026-08-21,MWG,43500.0,43700.0,43100.0,43100.0,9259195
2026-08-24,MWG,43000.0,43100.0,42800.0,43050.0,8456017
2026-08-25,MWG,43100.0,43150.0,42100.0,42300.0,9979259
2026-08-26,MWG,42150.0,42200.0,41100.0,41450.0,15320284
2026-08-27,MWG,41250.0,42450.0,41050.0,42100.0,10413827
2026-08-28,MWG,42200.0,43550.0,42050.0,43400.0,12769133
2026-08-31,MWG,43450.0,44250.0,43350.0,44150.0,8859592
