Date,Symbol,Open,High,Low,Close,Volume
2018-01-01,SSI,17950.0,18100.0,17950.0,18000.0,30482176
2018-01-02,SSI,17900.0,18050.0,17650.0,17850.0,28160770
2018-01-03,SSI,17850.0,18150.0,17800.0,18100.0,25019275
2018-01-04,SSI,18200.0,18900.0,18100.0,18550.0,35571893
2018-01-05,SSI,18500.0,18700.0,18200.0,18350.0,40336225
2018-01-08,SSI,18450.0,19450.0,18450.0,19300.0,34682646
2018-01-09,SSI,19400.0,19750.0,19250.0,19650.0,26490650
2018-01-10,SSI,19650.0,19700.0,18500.0,18600.0,42119383
2018-01-11,SSI,18600.0,18600.0,18450.0,18550.0,31133925
2018-01-12,SSI,18400.0,19200.0,18300.0,19150.0,43289274
2018-01-15,SSI,19100.0,19450.0,19050.0,19300.0,34990000
2018-01-16,SSI,19250.0,19650.0,19150.0,19550.0,31621849
2018-01-17,SSI,19500.0,19800.0,19400.0,19750.0,22246353
2018-01-18,SSI,19800.0,20250.0,19650.0,20050.0,36176070
2018-01-19,SSI,20050.0,20050.0,19350.0,19350.0,33317179
2018-01-22,SSI,19400.0,19400.0,19150.0,19200.0,24546949
2018-01-23,SSI,19250.0,19450.0,19100.0,19400.0,27123414
2018-01-24,SSI,19350.0,19600.0,18800.0,18800.0,30374597
2018-01-25,SSI,18750.0,19050.0,18700.0,18800.0,29535468
2018-01-26,SSI,18800.0,18900.0,18500.0,18600.0,27285616
2018-01-29,SSI,18700.0,18900.0,18700.0,18800.0,29998203
2018-01-30,SSI,18850.0,18950.0,18350.0,18400.0,28578603
2018-01-31,SSI,18400.0,19400.0,18350.0,19400.0,36807631
2018-02-01,SSI,19350.0,19500.0,18650.0,18750.0,39150142
2018-02-02,SSI,18750.0,19850.0,18550.0,19800.0,39800214
2018-02-05,SSI,19850.0,20000.0,19250.0,19350.0,35050352
2018-02-06,SSI,19350.0,20250.0,19250.0,20100.0,45025836
2018-02-07,SSI,20150.0,20200.0,19200.0,19200.0,45732255
2018-02-08,SSI,19150.0,19400.0,19000.0,19350.0,24648975
2018-02-09,SSI,19350.0,19500.0,19100.0,19200.0,29633664
2018-02-12,SSI,19300.0,19350.0,18850.0,19000.0,35515390
2018-02-13,SSI,19000.0,19050.0,18700.0,18750.0,28400586
2018-02-14,SSI,18800.0,19900.0,18750.0,19850.0,40638677
2018-02-15,SSI,19950.0,20050.0,19650.0,19750.0,28283007
2018-02-16,SSI,19650.0,20100.0,19650.0,20050.0,24602830
2018-02-19,SSI,20050.0,20250.0,19950.0,20200.0,21614467
2018-02-20,SSI,20200.0,20550.0,20100.0,20500.0,39557982
2018-02-21,SSI,20450.0,20800.0,20400.0,20750.0,36700388
2018-02-22,SSI,20650.0,21300.0,20550.0,21250.0,33676587
2018-02-23,SSI,21450.0,21600.0,21300.0,21600.0,20349779
2018-02-26,SSI,21750.0,21850.0,21250.0,21350.0,41972413
2018-02-27,SSI,21300.0,21400.0,20900.0,21000.0,39857024
2018-02-28,SSI,21000.0,21150.0,20850.0,21000.0,22746813
2018-03-01,SSI,20950.0,21050.0,20700.0,20900.0,27771568
2018-03-02,SSI,20900.0,20900.0,20050.0,20150.0,36446150
2018-03-05,SSI,20100.0,20650.0,20050.0,20550.0,25376316
2018-03-06,SSI,20400.0,21300.0,20350.0,21100.0,44765661
2018-03-07,SSI,21050.0,21100.0,20250.0,20350.0,46162958
2018-03-08,SSI,20300.0,21250.0,20200.0,20950.0,39260263
2018-03-09,SSI,21050.0,21050.0,20750.0,20800.0,27355692
2018-03-12,SSI,20750.0,21150.0,20600.0,21000.0,33104896
2018-03-13,SSI,21050.0,21400.0,21050.0,21200.0,31391858
2018-03-14,SSI,21100.0,21650.0,20900.0,21650.0,31189901
2018-03-15,SSI,21750.0,21750.0,20600.0,20850.0,35663770
2018-03-16,SSI,21050.0,21200.0,19800.0,20050.0,38483578
2018-03-19,SSI,20050.0,20600.0,20000.0,20400.0,37432378
2018-03-20,SSI,20500.0,21200.0,20500.0,21100.0,31437191
2018-03-21,SSI,21200.0,21550.0,21150.0,21300.0,26357274
2018-03-22,SSI,21200.0,22350.0,21050.0,21950.0,50237943
2018-03-23,SSI,21950.0,22750.0,21950.0,22600.0,31194543
2018-03-26,SSI,22650.0,22700.0,21750.0,21800.0,34102200
2018-03-27,SSI,21850.0,22600.0,21800.0,22500.0,27312959
2018-03-28,SSI,22650.0,23050.0,22550.0,23050.0,30808986
2018-03-29,SSI,23000.0,23000.0,22800.0,23000.0,21776035
2018-03-30,SSI,23150.0,23300.0,23100.0,23150.0,24675241
2018-04-02,SSI,23200.0,23300.0,22500.0,22550.0,28995794
2018-04-03,SSI,22600.0,22850.0,22400.0,22800.0,25322716
2018-04-04,SSI,22800.0,22900.0,22400.0,22450.0,38140546
2018-04-05,SSI,22400.0,23350.0,22350.0,23150.0,32796818
2018-04-06,SSI,23100.0,23500.0,22800.0,23450.0,41053610
2018-04-09,SSI,23450.0,24500.0,23350.0,24450.0,41167325
2018-04-10,SSI,24450.0,24550.0,23650.0,23700.0,32057442
2018-04-11,SSI,23750.0,23800.0,23400.0,23450.0,29143470
2018-04-12,SSI,23550.0,23700.0,23100.0,23150.0,28381959
2018-04-13,SSI,23150.0,23600.0,22850.0,23450.0,36129052
2018-04-16,SSI,23650.0,23800.0,23150.0,23350.0,27279409
2018-04-17,SSI,23400.0,24350.0,23150.0,24250.0,37889302
2018-04-18,SSI,24400.0,24550.0,23200.0,23350.0,48416348
2018-04-19,SSI,23450.0,23450.0,22600.0,22900.0,34999944
2018-04-20,SSI,22850.0,22950.0,22300.0,22300.0,37348262
2018-04-23,SSI,22250.0,22400.0,22000.0,22100.0,24990123
2018-04-24,SSI,22100.0,22200.0,21850.0,22000.0,20881050
2018-04-25,SSI,22150.0,22250.0,21850.0,21900.0,29191651
2018-04-26,SSI,22050.0,22300.0,21950.0,22050.0,32371491
2018-04-27,SSI,21950.0,22100.0,21800.0,22050.0,26572020
2018-04-30,SSI,22150.0,22250.0,22050.0,22100.0,28168811
2018-05-01,SSI,22150.0,22800.0,22050.0,22750.0,37061266
2018-05-02,SSI,22800.0,22850.0,22650.0,22750.0,22098851
2018-05-03,SSI,22850.0,23000.0,22500.0,22950.0,29228338
2018-05-04,SSI,23150.0,23150.0,22000.0,22050.0,47830712
2018-05-07,SSI,22100.0,22350.0,22000.0,22250.0,27443833
2018-05-08,SSI,22250.0,23150.0,22050.0,22900.0,45783014
2018-05-09,SSI,22850.0,23300.0,22750.0,23150.0,32631885
2018-05-10,SSI,23350.0,23450.0,22500.0,22700.0,39006967
2018-05-11,SSI,22850.0,23300.0,22600.0,23250.0,26777118
2018-05-14,SSI,23300.0,24750.0,23100.0,24700.0,43309140
2018-05-15,SSI,24650.0,25050.0,24650.0,24700.0,20874806
2018-05-16,SSI,24850.0,25700.0,24700.0,25600.0,31553611
2018-05-17,SSI,25550.0,25950.0,25150.0,25200.0,27819257
2018-05-18,SSI,25000.0,25950.0,24950.0,25900.0,32298720
2018-05-21,SSI,26000.0,26350.0,25850.0,26250.0,24064522
2018-05-22,SSI,26400.0,26450.0,26100.0,26350.0,21986337
2018-05-23,SSI,26600.0,26650.0,25600.0,25950.0,42591714
2018-05-24,SSI,25900.0,26500.0,25900.0,26450.0,29534559
2018-05-25,SSI,26450.0,26450.0,26200.0,26250.0,29824861
2018-05-28,SSI,26350.0,26450.0,25950.0,26150.0,24643728
2018-05-29,SSI,26150.0,26350.0,24300.0,24450.0,53289130
2018-05-30,SSI,24350.0,24350.0,24200.0,24200.0,34615180
2018-05-31,SSI,24100.0,24250.0,23050.0,23350.0,48321405
2018-06-01,SSI,23300.0,23950.0,23200.0,23800.0,30970063
2018-06-04,SSI,23700.0,24050.0,23600.0,23950.0,34982918
2018-06-05,SSI,23950.0,24600.0,23950.0,24350.0,33663953
2018-06-06,SSI,24350.0,25800.0,24350.0,25800.0,47871603
2018-06-07,SSI,25750.0,26600.0,25750.0,26550.0,30942909
2018-06-08,SSI,26550.0,26550.0,26000.0,26250.0,23033370
2018-06-11,SSI,26400.0,27050.0,26100.0,26800.0,36273296
2018-06-12,SSI,26550.0,27000.0,26400.0,26900.0,25033898
2018-06-13,SSI,27050.0,28450.0,26950.0,28400.0,50313802
2018-06-14,SSI,28400.0,29250.0,28200.0,29150.0,36319414
2018-06-15,SSI,29300.0,29300.0,29150.0,29250.0,30575449
2018-06-18,SSI,29200.0,29200.0,28250.0,28500.0,32322380
2018-06-19,SSI,28450.0,28550.0,27600.0,27850.0,33526240
2018-06-20,SSI,28000.0,28200.0,27500.0,27750.0,28169634
2018-06-21,SSI,27550.0,28200.0,27300.0,28200.0,40971904
2018-06-22,SSI,28200.0,29500.0,28100.0,29200.0,42891684
2018-06-25,SSI,29100.0,29650.0,29050.0,29500.0,28557954
2018-06-26,SSI,29350.0,30450.0,29100.0,30400.0,41912374
2018-06-27,SSI,30450.0,31250.0,30150.0,30950.0,34559831
2018-06-28,SSI,30950.0,31350.0,30900.0,31000.0,32904259
2018-06-29,SSI,31150.0,31250.0,30800.0,31050.0,26949738
2018-07-02,SSI,30950.0,31500.0,30850.0,31350.0,26184871
2018-07-03,SSI,31150.0,31200.0,31100.0,31150.0,22043013
2018-07-04,SSI,31150.0,31350.0,30150.0,30400.0,28572823
2018-07-05,SSI,30600.0,31200.0,30550.0,31150.0,29130774
2018-07-06,SSI,31150.0,31800.0,31000.0,31750.0,27274849
2018-07-09,SSI,31700.0,31750.0,31500.0,31650.0,25310650
2018-07-10,SSI,31650.0,31850.0,30250.0,30500.0,38835481
2018-07-11,SSI,30550.0,30850.0,29750.0,29850.0,29667963
2018-07-12,SSI,29800.0,29850.0,28900.0,28950.0,36540344
2018-07-13,SSI,28900.0,30650.0,28900.0,30400.0,46648482
2018-07-16,SSI,30400.0,30500.0,28750.0,28850.0,38900927
2018-07-17,SSI,28800.0,30650.0,28750.0,30400.0,46664278
2018-07-18,SSI,30450.0,30700.0,29650.0,29900.0,31977346
2018-07-19,SSI,29750.0,30300.0,29450.0,30250.0,29691600
2018-07-20,SSI,30500.0,30700.0,29600.0,29650.0,37311808
2018-07-23,SSI,29650.0,29850.0,28250.0,28400.0,40310611
2018-07-24,SSI,28350.0,29150.0,28200.0,29050.0,27383784
2018-07-25,SSI,29250.0,30250.0,29200.0,30000.0,36149861
2018-07-26,SSI,29950.0,30350.0,28250.0,28600.0,42094594
2018-07-27,SSI,28450.0,30150.0,28300.0,30150.0,49204751
2018-07-30,SSI,30150.0,30200.0,29500.0,29500.0,40063993
2018-07-31,SSI,29500.0,29550.0,28450.0,28700.0,29984297
2018-08-01,SSI,28750.0,29600.0,28650.0,29550.0,29036837
2018-08-02,SSI,29800.0,30000.0,28900.0,29050.0,28341677
2018-08-03,SSI,28900.0,29000.0,28350.0,28600.0,35282174
2018-08-06,SSI,28600.0,29350.0,28550.0,29350.0,31196026
2018-08-07,SSI,29350.0,31100.0,29150.0,30900.0,45594601
2018-08-08,SSI,31050.0,33050.0,30850.0,33050.0,38622547
2018-08-09,SSI,33100.0,33200.0,32800.0,32900.0,20117163
2018-08-10,SSI,33050.0,33300.0,32100.0,32150.0,30545193
2018-08-13,SSI,32200.0,32350.0,31850.0,32250.0,28407703
2018-08-14,SSI,32200.0,34050.0,32200.0,33900.0,43723845
2018-08-15,SSI,34050.0,34150.0,33850.0,34000.0,20457223
2018-08-16,SSI,34000.0,35250.0,33950.0,34950.0,31622819
2018-08-17,SSI,35250.0,35400.0,35050.0,35200.0,22285830
2018-08-20,SSI,35050.0,35150.0,34600.0,34750.0,29663856
2018-08-21,SSI,34850.0,34950.0,34800.0,34900.0,33889468
2018-08-22,SSI,34700.0,35200.0,34450.0,34900.0,28078591
2018-08-23,SSI,34950.0,37150.0,34900.0,36750.0,41435829
2018-08-24,SSI,36650.0,36850.0,36500.0,36600.0,23468726
2018-08-27,SSI,36750.0,36950.0,36000.0,36500.0,25658350
2018-08-28,SSI,36300.0,37250.0,36300.0,37200.0,36062449
2018-08-29,SSI,37450.0,39200.0,37450.0,39150.0,45866288
2018-08-30,SSI,39000.0,39300.0,38650.0,39200.0,37267112
2018-08-31,SSI,39350.0,39500.0,39050.0,39300.0,23896947
2018-09-03,SSI,39200.0,40450.0,39050.0,40450.0,35601647
2018-09-04,SSI,40650.0,41100.0,38200.0,38250.0,55879323
2018-09-05,SSI,38000.0,40050.0,37650.0,40000.0,46507006
2018-09-06,SSI,40250.0,40350.0,39150.0,39150.0,31126487
2018-09-07,SSI,39100.0,39250.0,37850.0,38250.0,33912049
2018-09-10,SSI,38200.0,38200.0,36350.0,36650.0,46452485
2018-09-11,SSI,36700.0,36800.0,36300.0,36750.0,27175743
2018-09-12,SSI,37050.0,37250.0,36700.0,36950.0,30034371
2018-09-13,SSI,37100.0,37600.0,37050.0,37150.0,32090432
2018-09-14,SSI,37150.0,37400.0,35900.0,36350.0,29877102
2018-09-17,SSI,36450.0,37200.0,36350.0,37100.0,31533803
2018-09-18,SSI,37150.0,37250.0,36000.0,36100.0,43742174
2018-09-19,SSI,35800.0,36000.0,35300.0,35350.0,31332829
2018-09-20,SSI,35450.0,36150.0,35400.0,36050.0,30445903
2018-09-21,SSI,36050.0,37550.0,36000.0,37300.0,35322653
2018-09-24,SSI,37400.0,37750.0,37350.0,37650.0,36227873
2018-09-25,SSI,37700.0,37750.0,37150.0,37150.0,32557610
2018-09-26,SSI,37250.0,39000.0,36800.0,39000.0,50678042
2018-09-27,SSI,38950.0,39150.0,36900.0,37200.0,44722023
2018-09-28,SSI,37050.0,37350.0,36900.0,37150.0,29220546
2018-10-01,SSI,37250.0,37500.0,36100.0,36250.0,29734653
2018-10-02,SSI,36550.0,36900.0,36350.0,36500.0,30234143
2018-10-03,SSI,36450.0,38200.0,36150.0,38050.0,43576883
2018-10-04,SSI,37950.0,38200.0,37800.0,38150.0,26205697
2018-10-05,SSI,38250.0,39550.0,38050.0,39250.0,36267454
2018-10-08,SSI,39100.0,39650.0,36900.0,37100.0,43557771
2018-10-09,SSI,37050.0,37350.0,36300.0,36800.0,30943426
2018-10-10,SSI,36800.0,37500.0,36800.0,37400.0,26472160
2018-10-11,SSI,37700.0,37900.0,36250.0,36450.0,38448886
2018-10-12,SSI,36450.0,38450.0,36400.0,38450.0,45796046
2018-10-15,SSI,38300.0,39400.0,38250.0,39150.0,39231824
2018-10-16,SSI,38800.0,41400.0,38650.0,40900.0,38234531
2018-10-17,SSI,41250.0,41500.0,39250.0,39650.0,35452491
2018-10-18,SSI,39750.0,39900.0,38850.0,38950.0,26925212
2018-10-19,SSI,39100.0,40000.0,38850.0,39550.0,38729114
2018-10-22,SSI,39400.0,40650.0,39350.0,40650.0,29979010
2018-10-23,SSI,40500.0,40950.0,39700.0,39750.0,34636993
2018-10-24,SSI,39850.0,40150.0,38600.0,38650.0,29892968
2018-10-25,SSI,38500.0,38500.0,36850.0,37000.0,44897290
2018-10-26,SSI,36950.0,38400.0,36800.0,38200.0,34925011
2018-10-29,SSI,38200.0,38400.0,36200.0,36300.0,40359095
2018-10-30,SSI,36400.0,36750.0,36250.0,36500.0,25399894
2018-10-31,SSI,36450.0,36950.0,35650.0,35700.0,39396929
2018-11-01,SSI,36050.0,37200.0,35800.0,36950.0,40253515
2018-11-02,SSI,36950.0,37500.0,36350.0,36600.0,37491099
2018-11-05,SSI,36600.0,36650.0,35850.0,35900.0,28571554
2018-11-06,SSI,36100.0,36350.0,34450.0,34650.0,48173111
2018-11-07,SSI,34650.0,35600.0,34450.0,35550.0,34343025
2018-11-08,SSI,35550.0,35700.0,35000.0,35050.0,30353692
2018-11-09,SSI,35050.0,35100.0,34700.0,34850.0,36325782
2018-11-12,SSI,35050.0,35200.0,34750.0,34800.0,34841040
2018-11-13,SSI,35000.0,35250.0,34000.0,34100.0,44924924
2018-11-14,SSI,34400.0,35650.0,34350.0,35650.0,30669784
2018-11-15,SSI,35800.0,35900.0,33400.0,33600.0,54578005
2018-11-16,SSI,33650.0,34200.0,33500.0,34000.0,34637122
2018-11-19,SSI,33950.0,35350.0,33850.0,35300.0,45807939
2018-11-20,SSI,35150.0,36050.0,35100.0,35950.0,25422999
2018-11-21,SSI,36250.0,36350.0,34700.0,34900.0,42178147
2018-11-22,SSI,35000.0,35200.0,34950.0,35050.0,29940772
2018-11-23,SSI,34950.0,35050.0,33000.0,33150.0,36179049
2018-11-26,SSI,33200.0,33350.0,32950.0,33250.0,21895448
2018-11-27,SSI,33350.0,34100.0,33200.0,33900.0,36588110
2018-11-28,SSI,33900.0,34050.0,33200.0,33300.0,28033625
2018-11-29,SSI,33000.0,33900.0,32950.0,33900.0,40394662
2018-11-30,SSI,33850.0,33900.0,33750.0,33800.0,21301232
2018-12-03,SSI,33650.0,33900.0,33650.0,33800.0,25653856
2018-12-04,SSI,33850.0,34100.0,33150.0,33200.0,26679348
2018-12-05,SSI,33100.0,33350.0,32350.0,32800.0,37070104
2018-12-06,SSI,33050.0,33200.0,32000.0,32050.0,30604293
2018-12-07,SSI,32000.0,32850.0,31950.0,32800.0,41779548
2018-12-10,SSI,32750.0,32800.0,32250.0,32300.0,35031611
2018-12-11,SSI,32450.0,32700.0,31400.0,31650.0,45922454
2018-12-12,SSI,31650.0,31900.0,31550.0,31650.0,23308747
2018-12-13,SSI,31750.0,32150.0,31100.0,31250.0,38223676
2018-12-14,SSI,31200.0,31350.0,30150.0,30550.0,29201334
2018-12-17,SSI,30450.0,32350.0,30250.0,32200.0,54370725
2018-12-18,SSI,32250.0,32550.0,31750.0,31800.0,29997711
2018-12-19,SSI,31700.0,31700.0,31050.0,31300.0,26343238
2018-12-20,SSI,31250.0,31250.0,29800.0,29950.0,34086397
2018-12-21,SSI,30050.0,30650.0,30050.0,30500.0,29153029
2018-12-24,SSI,30550.0,30950.0,30500.0,30750.0,31537874
2018-12-25,SSI,30850.0,30900.0,30050.0,30250.0,33969162
2018-12-26,SSI,30400.0,30800.0,30350.0,30550.0,30188792
2018-12-27,SSI,30650.0,31000.0,30650.0,30700.0,19582663
2018-12-28,SSI,30500.0,30900.0,30400.0,30550.0,22772347
2018-12-31,SSI,30350.0,30550.0,30150.0,30250.0,32539686
2019-01-01,SSI,30150.0,30350.0,30150.0,30300.0,25881757
2019-01-02,SSI,30050.0,30250.0,30000.0,30200.0,33342429
2019-01-03,SSI,30200.0,30500.0,29450.0,29500.0,44131352
2019-01-04,SSI,29600.0,29900.0,29350.0,29550.0,26228606
2019-01-07,SSI,29700.0,29700.0,29150.0,29200.0,25549904
2019-01-08,SSI,29150.0,29350.0,28800.0,28850.0,32115128
2019-01-09,SSI,28700.0,30850.0,28700.0,30850.0,51069030
2019-01-10,SSI,30950.0,31650.0,30850.0,31650.0,24634734
2019-01-11,SSI,31600.0,33100.0,31200.0,33050.0,45451364
2019-01-14,SSI,33100.0,34600.0,32800.0,34150.0,46948265
2019-01-15,SSI,34250.0,34800.0,34100.0,34800.0,29183112
2019-01-16,SSI,35150.0,35300.0,33500.0,33600.0,38147981
2019-01-17,SSI,33500.0,33900.0,32950.0,33800.0,31128707
2019-01-18,SSI,33700.0,34400.0,33450.0,34350.0,40445809
2019-01-21,SSI,34250.0,35300.0,34250.0,34750.0,25431961
2019-01-22,SSI,34650.0,35850.0,34600.0,35600.0,28359386
2019-01-23,SSI,35400.0,36950.0,35050.0,36600.0,49810016
2019-01-24,SSI,36650.0,36900.0,36100.0,36450.0,24454875
2019-01-25,SSI,36450.0,36600.0,33800.0,34100.0,45552943
2019-01-28,SSI,34050.0,34350.0,33650.0,34100.0,25090403
2019-01-29,SSI,34300.0,34450.0,32950.0,33000.0,36733653
2019-01-30,SSI,32750.0,34400.0,32600.0,33850.0,42601419
2019-01-31,SSI,33700.0,33800.0,32650.0,32800.0,29679422
2019-02-01,SSI,32850.0,34850.0,32750.0,34700.0,50103684
2019-02-04,SSI,35050.0,35700.0,34900.0,35600.0,29759136
2019-02-05,SSI,35400.0,35400.0,35050.0,35200.0,20953581
2019-02-06,SSI,35150.0,36200.0,35100.0,35800.0,32389137
2019-02-07,SSI,36200.0,36600.0,36200.0,36550.0,36279405
2019-02-08,SSI,36700.0,38550.0,36600.0,38200.0,43714922
2019-02-11,SSI,38150.0,38500.0,38150.0,38300.0,18432215
2019-02-12,SSI,38150.0,38350.0,37700.0,37750.0,37628306
2019-02-13,SSI,37850.0,38000.0,37600.0,37900.0,21167425
2019-02-14,SSI,37950.0,38100.0,37350.0,37450.0,38037517
2019-02-15,SSI,37550.0,37750.0,37500.0,37600.0,30362070
2019-02-18,SSI,37700.0,37700.0,36000.0,36450.0,35734253
2019-02-19,SSI,36450.0,36550.0,36200.0,36300.0,34930770
2019-02-20,SSI,36200.0,36400.0,36150.0,36300.0,26988912
2019-02-21,SSI,36400.0,36850.0,36350.0,36800.0,34961965
2019-02-22,SSI,36850.0,37300.0,36700.0,37150.0,21377002
2019-02-25,SSI,37200.0,37300.0,36550.0,36750.0,29510509
2019-02-26,SSI,36750.0,39300.0,36700.0,39250.0,45701385
2019-02-27,SSI,39300.0,39400.0,38200.0,38250.0,33572351
2019-02-28,SSI,38350.0,38350.0,37800.0,38150.0,21322636
2019-03-01,SSI,38050.0,40050.0,37750.0,39650.0,38853083
2019-03-04,SSI,39700.0,40250.0,37400.0,37800.0,50850989
2019-03-05,SSI,37800.0,39450.0,37700.0,39050.0,30963491
2019-03-06,SSI,39050.0,39100.0,38400.0,38400.0,24743612
2019-03-07,SSI,38200.0,38500.0,37200.0,37450.0,43110074
2019-03-08,SSI,37100.0,37150.0,36450.0,37150.0,37181143
2019-03-11,SSI,37200.0,38200.0,37100.0,37950.0,31353662
2019-03-12,SSI,37700.0,37900.0,37450.0,37700.0,21339149
2019-03-13,SSI,37550.0,37750.0,37300.0,37500.0,19538686
2019-03-14,SSI,37600.0,37650.0,37300.0,37500.0,21377336
2019-03-15,SSI,37400.0,38600.0,37250.0,38300.0,43887544
2019-03-18,SSI,38450.0,38700.0,37700.0,38100.0,34636163
2019-03-19,SSI,38000.0,39500.0,37950.0,39350.0,35991329
2019-03-20,SSI,39100.0,39250.0,37600.0,37650.0,30476091
2019-03-21,SSI,37500.0,37600.0,36350.0,36750.0,29477053
2019-03-22,SSI,36550.0,36550.0,35650.0,35700.0,27191230
2019-03-25,SSI,35900.0,36100.0,34950.0,35100.0,38454040
2019-03-26,SSI,34900.0,35150.0,34900.0,34950.0,21899669
2019-03-27,SSI,34850.0,36200.0,34800.0,36050.0,41793380
2019-03-28,SSI,36000.0,36200.0,34550.0,34650.0,36435672
2019-03-29,SSI,34600.0,34750.0,33100.0,33150.0,34439996
2019-04-01,SSI,33200.0,33550.0,33100.0,33400.0,30971178
2019-04-02,SSI,33600.0,33700.0,32700.0,32950.0,33379730
2019-04-03,SSI,33100.0,34150.0,33000.0,33950.0,28796087
2019-04-04,SSI,34150.0,34550.0,33750.0,34200.0,29002140
2019-04-05,SSI,34200.0,34600.0,33650.0,34100.0,34587334
2019-04-08,SSI,34450.0,35800.0,34350.0,35750.0,41510169
2019-04-09,SSI,35700.0,37700.0,35500.0,37550.0,51961217
2019-04-10,SSI,37700.0,37750.0,37400.0,37650.0,35997123
2019-04-11,SSI,37900.0,38150.0,37850.0,38050.0,32035974
2019-04-12,SSI,38000.0,38150.0,36850.0,36950.0,29348559
2019-04-15,SSI,36950.0,38450.0,36900.0,38100.0,30069181
2019-04-16,SSI,38350.0,38400.0,37400.0,37850.0,29334777
2019-04-17,SSI,37900.0,38150.0,37650.0,38100.0,22039072
2019-04-18,SSI,38050.0,38250.0,36750.0,36850.0,42936971
2019-04-19,SSI,36800.0,38150.0,36350.0,37950.0,44713956
2019-04-22,SSI,37800.0,37950.0,37150.0,37600.0,39977627
2019-04-23,SSI,37700.0,37850.0,37250.0,37300.0,30119069
2019-04-24,SSI,37150.0,38400.0,37000.0,38400.0,34104332
2019-04-25,SSI,38350.0,38350.0,37800.0,37850.0,21035988
2019-04-26,SSI,37700.0,39300.0,37500.0,39200.0,33733385
2019-04-29,SSI,39650.0,39750.0,39250.0,39450.0,30729600
2019-04-30,SSI,39400.0,40750.0,39100.0,40550.0,44011180
2019-05-01,SSI,40450.0,40450.0,40300.0,40400.0,19618165
2019-05-02,SSI,40350.0,41300.0,40300.0,41100.0,35130253
2019-05-03,SSI,41000.0,43450.0,40850.0,43000.0,48399715
2019-05-06,SSI,43350.0,43950.0,40550.0,40900.0,46485576
2019-05-07,SSI,41000.0,41650.0,40600.0,41350.0,36142465
2019-05-08,SSI,41400.0,41600.0,40650.0,41100.0,24175638
2019-05-09,SSI,41100.0,43100.0,40550.0,43050.0,43857372
2019-05-10,SSI,43000.0,43150.0,41600.0,41650.0,42445174
2019-05-13,SSI,41550.0,43250.0,41500.0,43000.0,43722589
2019-05-14,SSI,43000.0,43200.0,42800.0,43100.0,29978764
2019-05-15,SSI,43000.0,45600.0,42750.0,45050.0,49302552
2019-05-16,SSI,45150.0,45650.0,44250.0,44500.0,29851029
2019-05-17,SSI,44500.0,44550.0,43550.0,43800.0,34039251
2019-05-20,SSI,43800.0,43800.0,43300.0,43400.0,23281933
2019-05-21,SSI,43250.0,43250.0,41050.0,41400.0,47694999
2019-05-22,SSI,41450.0,42000.0,40700.0,40850.0,29408950
2019-05-23,SSI,40650.0,42000.0,40600.0,41900.0,27424293
2019-05-24,SSI,41900.0,42050.0,41250.0,41500.0,38467514
2019-05-27,SSI,41650.0,42400.0,41300.0,42050.0,27710683
2019-05-28,SSI,42200.0,42450.0,42000.0,42150.0,35433945
2019-05-29,SSI,42300.0,44700.0,41950.0,44700.0,38462020
2019-05-30,SSI,44750.0,45350.0,44450.0,45100.0,37202375
2019-05-31,SSI,45150.0,45350.0,43750.0,44100.0,42430894
2019-06-03,SSI,44150.0,44150.0,44000.0,44150.0,24934348
2019-06-04,SSI,44050.0,44150.0,42900.0,43350.0,40378802
2019-06-05,SSI,43600.0,44700.0,43350.0,44550.0,31859007
2019-06-06,SSI,44650.0,45150.0,44350.0,44900.0,27437270
2019-06-07,SSI,44900.0,47250.0,44800.0,46900.0,46499322
2019-06-10,SSI,46850.0,50100.0,46850.0,50100.0,53366875
2019-06-11,SSI,50300.0,50900.0,48800.0,48850.0,41982086
2019-06-12,SSI,48850.0,49000.0,47800.0,47800.0,27106193
2019-06-13,SSI,47900.0,48000.0,45350.0,45600.0,50883122
2019-06-14,SSI,45700.0,47450.0,45700.0,47100.0,27892208
2019-06-17,SSI,47200.0,47600.0,45500.0,46100.0,33810409
2019-06-18,SSI,46000.0,46100.0,43350.0,43850.0,53022560
2019-06-19,SSI,44050.0,45400.0,43800.0,44750.0,29159661
2019-06-20,SSI,44900.0,45050.0,43800.0,44050.0,32412658
2019-06-21,SSI,44350.0,45500.0,44100.0,45200.0,36696821
2019-06-24,SSI,45400.0,45950.0,44600.0,44600.0,36579584
2019-06-25,SSI,44450.0,44600.0,43500.0,43650.0,40897840
2019-06-26,SSI,43550.0,43650.0,43000.0,43050.0,36739908
2019-06-27,SSI,43200.0,44500.0,43100.0,44450.0,30665193
2019-06-28,SSI,44250.0,45450.0,43850.0,45400.0,31849270
2019-07-01,SSI,45650.0,46150.0,45400.0,46100.0,37639642
2019-07-02,SSI,46200.0,46300.0,45050.0,45650.0,28184478
2019-07-03,SSI,45400.0,45650.0,42950.0,43050.0,49091664
2019-07-04,SSI,43050.0,43150.0,43000.0,43100.0,29752687
2019-07-05,SSI,43150.0,43200.0,41950.0,42250.0,29390492
2019-07-08,SSI,42400.0,43950.0,42250.0,43600.0,29359896
2019-07-09,SSI,43400.0,43450.0,43300.0,43450.0,16998960
2019-07-10,SSI,43450.0,43800.0,42650.0,42800.0,36435115
2019-07-11,SSI,42750.0,44250.0,42550.0,44150.0,36323486
2019-07-12,SSI,44050.0,44400.0,42900.0,43400.0,34078342
2019-07-15,SSI,43250.0,44150.0,42900.0,43950.0,25642603
2019-07-16,SSI,44200.0,45050.0,43700.0,45000.0,35898166
2019-07-17,SSI,44950.0,48150.0,44650.0,48100.0,45266677
2019-07-18,SSI,48250.0,48600.0,46550.0,47000.0,45503034
2019-07-19,SSI,46900.0,46950.0,46500.0,46550.0,33014532
2019-07-22,SSI,46500.0,46700.0,45750.0,45800.0,25848935
2019-07-23,SSI,45750.0,45900.0,43750.0,43850.0,32093927
2019-07-24,SSI,43850.0,44500.0,43650.0,44500.0,34677551
2019-07-25,SSI,44350.0,44550.0,44300.0,44400.0,25548292
2019-07-26,SSI,44350.0,44900.0,42250.0,42500.0,36760871
2019-07-29,SSI,42800.0,43250.0,41300.0,41350.0,45188847
2019-07-30,SSI,41300.0,42800.0,41050.0,42650.0,34180726
2019-07-31,SSI,42650.0,42850.0,41500.0,41550.0,34045171
2019-08-01,SSI,41800.0,41950.0,39300.0,39650.0,50483046
2019-08-02,SSI,39800.0,39950.0,38750.0,38800.0,35743426
2019-08-05,SSI,38900.0,39000.0,37600.0,37900.0,42573678
2019-08-06,SSI,37850.0,38450.0,37700.0,38400.0,33847421
2019-08-07,SSI,38300.0,38350.0,36800.0,36900.0,37944681
2019-08-08,SSI,36950.0,37400.0,36850.0,37100.0,29307659
2019-08-09,SSI,36950.0,37050.0,36900.0,37000.0,19318979
2019-08-12,SSI,36700.0,37000.0,36600.0,36800.0,28256704
2019-08-13,SSI,36750.0,37950.0,36450.0,37800.0,35711453
2019-08-14,SSI,38050.0,38350.0,37850.0,38050.0,25595366
2019-08-15,SSI,38000.0,38250.0,37300.0,37300.0,39253179
2019-08-16,SSI,37600.0,38950.0,37450.0,38650.0,44001636
2019-08-19,SSI,38450.0,38800.0,37650.0,37900.0,31003373
2019-08-20,SSI,37850.0,37950.0,37400.0,37700.0,20796923
2019-08-21,SSI,37950.0,40350.0,37850.0,40250.0,47893653
2019-08-22,SSI,40450.0,40600.0,39250.0,39550.0,37150725
2019-08-23,SSI,39550.0,39850.0,39450.0,39800.0,23693220
2019-08-26,SSI,39750.0,39800.0,39050.0,39100.0,29560725
2019-08-27,SSI,38900.0,39550.0,38850.0,39400.0,38698404
2019-08-28,SSI,39600.0,39700.0,37900.0,38050.0,39381730
2019-08-29,SSI,37900.0,40400.0,37850.0,40300.0,53642156
2019-08-30,SSI,40450.0,40650.0,39400.0,39500.0,32830797
2019-09-02,SSI,39450.0,40900.0,39050.0,40700.0,47479752
2019-09-03,SSI,40850.0,42000.0,40600.0,41900.0,33743776
2019-09-04,SSI,41800.0,42150.0,40950.0,41150.0,26688513
2019-09-05,SSI,41150.0,42400.0,40950.0,42400.0,28274750
2019-09-06,SSI,42350.0,43000.0,42150.0,42750.0,31763463
2019-09-09,SSI,43000.0,44150.0,42950.0,43800.0,31029944
2019-09-10,SSI,43800.0,46200.0,43450.0,45950.0,40170169
2019-09-11,SSI,46150.0,46600.0,46050.0,46550.0,36831407
2019-09-12,SSI,46450.0,47800.0,46400.0,47100.0,36153039
2019-09-13,SSI,47050.0,47300.0,45550.0,45550.0,42224041
2019-09-16,SSI,45350.0,45550.0,45150.0,45550.0,23981029
2019-09-17,SSI,45700.0,46450.0,45450.0,46400.0,28055605
2019-09-18,SSI,46550.0,46600.0,45150.0,45200.0,27333879
2019-09-19,SSI,45100.0,45350.0,42250.0,42350.0,44768443
2019-09-20,SSI,42400.0,42700.0,41350.0,41400.0,40461988
2019-09-23,SSI,41550.0,41800.0,40450.0,40550.0,33683950
2019-09-24,SSI,40400.0,41350.0,40100.0,40900.0,29708544
2019-09-25,SSI,40750.0,41450.0,40450.0,41300.0,24900691
2019-09-26,SSI,41150.0,41550.0,40000.0,40150.0,37510552
2019-09-27,SSI,39900.0,40300.0,39800.0,39900.0,27397496
2019-09-30,SSI,39700.0,40800.0,39400.0,40400.0,38433235
2019-10-01,SSI,40400.0,40850.0,40300.0,40650.0,25922401
2019-10-02,SSI,40500.0,40900.0,38950.0,39150.0,32665597
2019-10-03,SSI,39100.0,39250.0,38200.0,38350.0,38306980
2019-10-04,SSI,38200.0,38500.0,37100.0,37450.0,34335077
2019-10-07,SSI,37250.0,38250.0,37100.0,38000.0,29287299
2019-10-08,SSI,38200.0,39400.0,37800.0,39300.0,30241728
2019-10-09,SSI,39350.0,39850.0,39100.0,39750.0,38972270
2019-10-10,SSI,39950.0,40050.0,39850.0,39950.0,29276008
2019-10-11,SSI,39800.0,40100.0,39600.0,39900.0,25618067
2019-10-14,SSI,39950.0,41800.0,39800.0,41400.0,34464968
2019-10-15,SSI,41250.0,41300.0,40450.0,40800.0,28714827
2019-10-16,SSI,40700.0,40950.0,39300.0,39650.0,33594837
2019-10-17,SSI,39700.0,39800.0,39550.0,39650.0,33762080
2019-10-18,SSI,39500.0,40400.0,39150.0,40150.0,29948028
2019-10-21,SSI,40200.0,40200.0,39400.0,39750.0,34016053
2019-10-22,SSI,39750.0,41450.0,39700.0,41100.0,44155611
2019-10-23,SSI,41100.0,42900.0,40750.0,42450.0,36977453
2019-10-24,SSI,42650.0,42750.0,41450.0,41550.0,39765481
2019-10-25,SSI,41800.0,41800.0,41350.0,41400.0,35962065
2019-10-28,SSI,41450.0,41650.0,40650.0,40700.0,32200756
2019-10-29,SSI,40950.0,41000.0,38250.0,38650.0,43509576
2019-10-30,SSI,38600.0,38900.0,37400.0,37600.0,42935151
2019-10-31,SSI,37500.0,37950.0,37350.0,37900.0,29463524
2019-11-01,SSI,37800.0,37800.0,37200.0,37200.0,35353039
2019-11-04,SSI,37050.0,37300.0,35800.0,36250.0,32007699
2019-11-05,SSI,36050.0,38650.0,35800.0,38100.0,52865944
2019-11-06,SSI,38100.0,38300.0,37400.0,37600.0,28733368
2019-11-07,SSI,37750.0,37950.0,36600.0,36700.0,41163312
2019-11-08,SSI,36800.0,37000.0,36600.0,36800.0,23454026
2019-11-11,SSI,36800.0,37850.0,36600.0,37700.0,39381673
2019-11-12,SSI,37700.0,38000.0,37400.0,37900.0,30997223
2019-11-13,SSI,37800.0,39500.0,37650.0,39450.0,40577162
2019-11-14,SSI,39350.0,39700.0,39200.0,39500.0,25630605
2019-11-15,SSI,39350.0,40900.0,39100.0,40800.0,44414411
2019-11-18,SSI,40800.0,41250.0,40350.0,41100.0,37032978
2019-11-19,SSI,41300.0,41600.0,39700.0,39900.0,41314390
2019-11-20,SSI,40100.0,40950.0,39750.0,40400.0,29478866
2019-11-21,SSI,40600.0,40950.0,40600.0,40850.0,21083266
2019-11-22,SSI,40850.0,41500.0,40850.0,41400.0,26744282
2019-11-25,SSI,41400.0,42850.0,41100.0,42700.0,33920199
2019-11-26,SSI,42800.0,43000.0,42450.0,42650.0,21093009
2019-11-27,SSI,42700.0,42800.0,42500.0,42750.0,24895129
2019-11-28,SSI,42800.0,42850.0,41750.0,42000.0,36463908
2019-11-29,SSI,42100.0,42500.0,41800.0,41950.0,22128710
2019-12-02,SSI,42000.0,42400.0,41750.0,42300.0,30898103
2019-12-03,SSI,42350.0,42600.0,41600.0,41850.0,31447521
2019-12-04,SSI,41700.0,42000.0,41550.0,41550.0,24863889
2019-12-05,SSI,41550.0,41800.0,41200.0,41500.0,30991478
2019-12-06,SSI,41650.0,41750.0,40850.0,41150.0,24190596
2019-12-09,SSI,41000.0,42400.0,41000.0,42400.0,39562675
2019-12-10,SSI,42400.0,43450.0,42400.0,43300.0,37028760
2019-12-11,SSI,43200.0,44000.0,42950.0,43950.0,33481337
2019-12-12,SSI,43900.0,44000.0,43400.0,43600.0,28130034
2019-12-13,SSI,43300.0,43750.0,42650.0,42950.0,25337157
2019-12-16,SSI,42650.0,42800.0,42200.0,42800.0,37493373
2019-12-17,SSI,42850.0,42950.0,41900.0,42300.0,32159843
2019-12-18,SSI,42000.0,42000.0,41200.0,41700.0,33309650
2019-12-19,SSI,41950.0,42150.0,40100.0,40650.0,34657530
2019-12-20,SSI,40400.0,40600.0,39400.0,39500.0,40786307
2019-12-23,SSI,39400.0,40400.0,39300.0,40000.0,36608042
2019-12-24,SSI,40000.0,40100.0,38800.0,38850.0,31650002
2019-12-25,SSI,38800.0,38900.0,38350.0,38750.0,36895192
2019-12-26,SSI,38650.0,40450.0,38650.0,40300.0,34398797
2019-12-27,SSI,40100.0,41950.0,39700.0,41800.0,43513974
2019-12-30,SSI,41800.0,44300.0,41750.0,44000.0,35646759
2019-12-31,SSI,44200.0,45500.0,43650.0,45150.0,40786760
2020-01-01,SSI,45350.0,45400.0,42150.0,42450.0,52052731
2020-01-02,SSI,42400.0,42550.0,40500.0,40850.0,40926633
2020-01-03,SSI,40700.0,40800.0,39400.0,39550.0,35098458
2020-01-06,SSI,39650.0,41200.0,39400.0,40950.0,37590745
2020-01-07,SSI,40800.0,43450.0,40450.0,43100.0,55907400
2020-01-08,SSI,42950.0,43550.0,40750.0,41350.0,38976685
2020-01-09,SSI,41500.0,41500.0,39050.0,39150.0,39929364
2020-01-10,SSI,39250.0,40150.0,39250.0,39650.0,30044519
2020-01-13,SSI,39750.0,41400.0,39450.0,41300.0,39641149
2020-01-14,SSI,41300.0,41300.0,40900.0,41200.0,33428868
2020-01-15,SSI,41100.0,41200.0,39750.0,40050.0,28821392
2020-01-16,SSI,39900.0,39900.0,39250.0,39600.0,27483562
2020-01-17,SSI,39650.0,39650.0,39200.0,39300.0,21039453
2020-01-20,SSI,39200.0,40250.0,39050.0,39950.0,35454558
2020-01-21,SSI,40150.0,41400.0,40150.0,41250.0,42137530
2020-01-22,SSI,41200.0,41500.0,40800.0,41100.0,21897655
2020-01-23,SSI,40950.0,41300.0,40700.0,41000.0,20331108
2020-01-24,SSI,40750.0,41100.0,40250.0,40450.0,30522479
2020-01-27,SSI,40500.0,41550.0,40100.0,41550.0,35478436
2020-01-28,SSI,41400.0,41500.0,40850.0,41050.0,24426273
2020-01-29,SSI,41150.0,41700.0,40800.0,40800.0,29008488
2020-01-30,SSI,40800.0,40900.0,39900.0,40050.0,26333164
2020-01-31,SSI,40400.0,40650.0,38200.0,38250.0,41803359
2020-02-03,SSI,38300.0,38350.0,37550.0,37650.0,38923793
2020-02-04,SSI,37850.0,38200.0,37500.0,38000.0,23814511
2020-02-05,SSI,37950.0,38050.0,37800.0,37950.0,25161583
2020-02-06,SSI,37850.0,39500.0,37700.0,39350.0,46382085
2020-02-07,SSI,39250.0,39400.0,38700.0,38850.0,22468924
2020-02-10,SSI,38750.0,40100.0,38300.0,39750.0,43592101
2020-02-11,SSI,39950.0,41950.0,39700.0,41150.0,33723009
2020-02-12,SSI,41200.0,41200.0,40400.0,40800.0,24273420
2020-02-13,SSI,40500.0,40800.0,40150.0,40750.0,34747760
2020-02-14,SSI,40800.0,40950.0,39200.0,39350.0,37638535
2020-02-17,SSI,39500.0,39800.0,39450.0,39800.0,33195257
2020-02-18,SSI,39800.0,42450.0,39400.0,42450.0,42831877
2020-02-19,SSI,42550.0,42700.0,42250.0,42450.0,21390431
2020-02-20,SSI,42050.0,43350.0,41900.0,43200.0,30186118
2020-02-21,SSI,43350.0,43500.0,42150.0,42800.0,40772717
2020-02-24,SSI,42750.0,42800.0,41750.0,42000.0,33635542
2020-02-25,SSI,41950.0,42350.0,41650.0,41900.0,25566118
2020-02-26,SSI,41750.0,43200.0,41650.0,42800.0,30046755
2020-02-27,SSI,42850.0,44850.0,42750.0,44550.0,45064818
2020-02-28,SSI,44750.0,45100.0,43250.0,43350.0,31009673
2020-03-02,SSI,42750.0,43150.0,42550.0,42600.0,35592345
2020-03-03,SSI,42350.0,43900.0,42200.0,43850.0,43840908
2020-03-04,SSI,44000.0,44050.0,43600.0,43950.0,27936441
2020-03-05,SSI,44200.0,44400.0,43450.0,43550.0,27951303
2020-03-06,SSI,43350.0,43450.0,41700.0,41950.0,39260604
2020-03-09,SSI,42100.0,42100.0,40650.0,41200.0,39770042
2020-03-10,SSI,41300.0,41700.0,41150.0,41600.0,34931485
2020-03-11,SSI,41500.0,43550.0,41300.0,43500.0,46264856
2020-03-12,SSI,43350.0,43900.0,42500.0,42750.0,27375739
2020-03-13,SSI,42450.0,44300.0,42300.0,43800.0,45685650
2020-03-16,SSI,43950.0,44300.0,42900.0,43250.0,33870661
2020-03-17,SSI,43150.0,43250.0,41950.0,42200.0,37409636
2020-03-18,SSI,42250.0,42450.0,40600.0,40800.0,46475130
2020-03-19,SSI,40600.0,40800.0,37850.0,38150.0,43491297
2020-03-20,SSI,38200.0,39250.0,37950.0,38950.0,34560842
2020-03-23,SSI,39150.0,39200.0,37250.0,37500.0,49130422
2020-03-24,SSI,37850.0,38250.0,37500.0,38200.0,28856991
2020-03-25,SSI,38300.0,39450.0,38250.0,39400.0,40052295
2020-03-26,SSI,39450.0,40250.0,39350.0,39800.0,25331714
2020-03-27,SSI,40050.0,41900.0,39900.0,41500.0,41286829
2020-03-30,SSI,41550.0,41700.0,41000.0,41600.0,28036963
2020-03-31,SSI,41550.0,42850.0,41150.0,42750.0,39367901
2020-04-01,SSI,42800.0,43050.0,41850.0,42000.0,32563437
2020-04-02,SSI,42100.0,42800.0,41900.0,42650.0,26366562
2020-04-03,SSI,42300.0,42900.0,42100.0,42600.0,37349421
2020-04-06,SSI,42350.0,42400.0,40550.0,40600.0,34292268
2020-04-07,SSI,40850.0,41950.0,40850.0,41850.0,37249882
2020-04-08,SSI,41700.0,42150.0,40400.0,40900.0,36590737
2020-04-09,SSI,40800.0,41100.0,39650.0,39800.0,42038321
2020-04-10,SSI,39950.0,40550.0,39700.0,40250.0,30178209
2020-04-13,SSI,40200.0,40300.0,39950.0,40200.0,20172949
2020-04-14,SSI,40250.0,40550.0,40200.0,40400.0,20781999
2020-04-15,SSI,40150.0,41850.0,40050.0,41700.0,43341094
2020-04-16,SSI,41700.0,43950.0,41400.0,43900.0,51452776
2020-04-17,SSI,44000.0,44750.0,43850.0,44750.0,36087662
2020-04-20,SSI,44650.0,45750.0,44500.0,45700.0,35779071
2020-04-21,SSI,45750.0,47250.0,45100.0,47000.0,41370836
2020-04-22,SSI,46900.0,47300.0,46900.0,47250.0,32393063
2020-04-23,SSI,47400.0,47550.0,46850.0,46900.0,32810028
2020-04-24,SSI,46950.0,47600.0,46650.0,46850.0,36653705
2020-04-27,SSI,46950.0,47000.0,45700.0,45900.0,36003021
2020-04-28,SSI,45800.0,47300.0,45400.0,47050.0,40339554
2020-04-29,SSI,46750.0,48050.0,46700.0,47850.0,38676169
2020-04-30,SSI,48100.0,48700.0,47550.0,47950.0,40320002
2020-05-01,SSI,48100.0,48200.0,46100.0,46150.0,44599743
2020-05-04,SSI,46300.0,46650.0,46100.0,46150.0,24343590
2020-05-05,SSI,46050.0,49550.0,46000.0,49350.0,55447293
2020-05-06,SSI,49100.0,49250.0,47950.0,48150.0,31093657
2020-05-07,SSI,48150.0,49900.0,47800.0,49500.0,32622058
2020-05-08,SSI,49600.0,50000.0,48100.0,48300.0,37019100
2020-05-11,SSI,48150.0,50200.0,48100.0,50000.0,46336344
2020-05-12,SSI,50150.0,50200.0,47800.0,48200.0,44635703
2020-05-13,SSI,48450.0,51200.0,48100.0,51050.0,41472022
2020-05-14,SSI,51700.0,52300.0,48700.0,48750.0,53543578
2020-05-15,SSI,48750.0,50550.0,48650.0,50450.0,37483780
2020-05-18,SSI,50300.0,50450.0,49650.0,49950.0,37417581
2020-05-19,SSI,50000.0,50450.0,49700.0,49850.0,21168006
2020-05-20,SSI,49600.0,51750.0,49250.0,51550.0,42195657
2020-05-21,SSI,51100.0,52100.0,51050.0,52050.0,30514442
2020-05-22,SSI,52200.0,52400.0,51250.0,51600.0,32098344
2020-05-25,SSI,51450.0,52100.0,51050.0,51700.0,30171838
2020-05-26,SSI,51700.0,51950.0,50950.0,51150.0,24170939
2020-05-27,SSI,50700.0,51950.0,50500.0,51800.0,25936521
2020-05-28,SSI,51950.0,55700.0,51900.0,55350.0,39136109
2020-05-29,SSI,54900.0,55550.0,51750.0,52500.0,41015233
2020-06-01,SSI,52450.0,54650.0,51850.0,54550.0,40658622
2020-06-02,SSI,54350.0,55450.0,54150.0,55450.0,23852767
2020-06-03,SSI,55300.0,56000.0,55250.0,55750.0,21814927
2020-06-04,SSI,55400.0,55400.0,54500.0,54500.0,31244822
2020-06-05,SSI,54450.0,54600.0,54200.0,54250.0,29657438
2020-06-08,SSI,54250.0,56150.0,54000.0,56000.0,29241929
2020-06-09,SSI,56050.0,56550.0,55800.0,55850.0,23271436
2020-06-10,SSI,56100.0,56250.0,54650.0,54800.0,25999392
2020-06-11,SSI,54900.0,56100.0,54450.0,55600.0,39175418
2020-06-12,SSI,55750.0,56100.0,55650.0,55850.0,21584023
2020-06-15,SSI,55850.0,57050.0,55750.0,56900.0,34068607
2020-06-16,SSI,57350.0,57400.0,55500.0,55500.0,37455330
2020-06-17,SSI,55250.0,57500.0,55200.0,57300.0,28810015
2020-06-18,SSI,57100.0,57200.0,55800.0,55900.0,34369706
2020-06-19,SSI,55900.0,57300.0,55450.0,57000.0,43033023
2020-06-22,SSI,57000.0,57050.0,53750.0,54000.0,40751049
2020-06-23,SSI,53850.0,53950.0,52500.0,52600.0,29753515
2020-06-24,SSI,52450.0,54500.0,51900.0,54050.0,41971213
2020-06-25,SSI,54150.0,54650.0,53450.0,54050.0,27114942
2020-06-26,SSI,54200.0,54450.0,52850.0,53250.0,25781785
2020-06-29,SSI,53200.0,53600.0,52350.0,52700.0,28133452
2020-06-30,SSI,52750.0,55950.0,52650.0,55400.0,36762877
2020-07-01,SSI,55100.0,55200.0,52100.0,52450.0,39075776
2020-07-02,SSI,52200.0,54400.0,52150.0,54200.0,29276615
2020-07-03,SSI,54150.0,54550.0,53200.0,53250.0,30132474
2020-07-06,SSI,53150.0,53700.0,52650.0,53450.0,33733973
2020-07-07,SSI,53300.0,53300.0,51700.0,52500.0,31990850
2020-07-08,SSI,52550.0,52950.0,51450.0,51450.0,26483480
2020-07-09,SSI,51750.0,51800.0,51050.0,51300.0,27289737
2020-07-10,SSI,51000.0,52200.0,50950.0,52200.0,29174157
2020-07-13,SSI,52350.0,53250.0,52300.0,53050.0,28509537
2020-07-14,SSI,53050.0,55650.0,52900.0,55350.0,49287207
2020-07-15,SSI,55300.0,55300.0,54350.0,54800.0,32756695
2020-07-16,SSI,55050.0,56050.0,54450.0,55700.0,36155358
2020-07-17,SSI,56100.0,56650.0,52700.0,52850.0,45770181
2020-07-20,SSI,53150.0,53350.0,50900.0,51200.0,47125931
2020-07-21,SSI,51300.0,51350.0,49750.0,49900.0,34837209
2020-07-22,SSI,50050.0,50200.0,49000.0,49650.0,27240009
2020-07-23,SSI,49850.0,52700.0,49650.0,52550.0,36917830
2020-07-24,SSI,52650.0,53050.0,49750.0,50100.0,53651722
2020-07-27,SSI,50150.0,50300.0,49000.0,49100.0,35315039
2020-07-28,SSI,48850.0,50650.0,48550.0,49950.0,36459289
2020-07-29,SSI,50350.0,50650.0,48600.0,48650.0,43939868
2020-07-30,SSI,48300.0,51300.0,48050.0,50800.0,40561640
2020-07-31,SSI,50750.0,53650.0,50650.0,53500.0,50402260
2020-08-03,SSI,53600.0,54550.0,53350.0,54450.0,31693251
2020-08-04,SSI,54650.0,55200.0,52950.0,53200.0,30406767
2020-08-05,SSI,53650.0,54350.0,53150.0,53950.0,26667591
2020-08-06,SSI,54400.0,54650.0,54300.0,54400.0,24532388
2020-08-07,SSI,54150.0,54750.0,53900.0,54600.0,20642338
2020-08-10,SSI,54400.0,54750.0,53100.0,53250.0,28446116
2020-08-11,SSI,52850.0,53700.0,52450.0,52850.0,35099872
2020-08-12,SSI,52700.0,55700.0,52350.0,55650.0,38596282
2020-08-13,SSI,55600.0,55650.0,54100.0,54200.0,40984766
2020-08-14,SSI,54250.0,54400.0,52950.0,53300.0,33625929
2020-08-17,SSI,52950.0,53550.0,52050.0,52100.0,35512351
2020-08-18,SSI,51950.0,52300.0,51550.0,51650.0,35218638
2020-08-19,SSI,51550.0,52350.0,51450.0,52100.0,31892812
2020-08-20,SSI,51650.0,51950.0,51450.0,51550.0,27339628
2020-08-21,SSI,51700.0,52600.0,51400.0,52400.0,30594129
2020-08-24,SSI,52200.0,52300.0,50250.0,50450.0,40894984
2020-08-25,SSI,50700.0,51350.0,50600.0,51250.0,28650491
2020-08-26,SSI,51600.0,51700.0,51000.0,51150.0,24909145
2020-08-27,SSI,51600.0,52350.0,51050.0,51500.0,35007046
2020-08-28,SSI,51400.0,51400.0,51150.0,51150.0,17643501
2020-08-31,SSI,51150.0,52300.0,50750.0,51900.0,37886564
2020-09-01,SSI,52050.0,52250.0,50000.0,50050.0,39413139
2020-09-02,SSI,49550.0,50100.0,49100.0,49700.0,25369080
2020-09-03,SSI,49350.0,51200.0,49250.0,51150.0,32352689
2020-09-04,SSI,50900.0,52950.0,50600.0,52950.0,35569521
2020-09-07,SSI,53000.0,54050.0,52850.0,53750.0,32000644
2020-09-08,SSI,53950.0,54400.0,53450.0,53550.0,36783515
2020-09-09,SSI,53500.0,54050.0,51450.0,52100.0,46178425
2020-09-10,SSI,52300.0,52350.0,51250.0,51350.0,31377430
2020-09-11,SSI,51300.0,51450.0,48250.0,48400.0,53644291
2020-09-14,SSI,47950.0,48200.0,45350.0,45550.0,45995036
2020-09-15,SSI,45400.0,46250.0,45400.0,46200.0,37745724
2020-09-16,SSI,46600.0,47050.0,46500.0,46850.0,27654004
2020-09-17,SSI,47000.0,47200.0,46850.0,46950.0,25215777
2020-09-18,SSI,46950.0,48550.0,46850.0,48500.0,36470820
2020-09-21,SSI,48600.0,49150.0,48000.0,48250.0,27021443
2020-09-22,SSI,48700.0,49050.0,47000.0,47350.0,43275518
2020-09-23,SSI,47200.0,49700.0,47100.0,49700.0,42623879
2020-09-24,SSI,49900.0,51100.0,49450.0,50900.0,29312980
2020-09-25,SSI,50850.0,52800.0,50050.0,52750.0,43584691
2020-09-28,SSI,52350.0,52650.0,50550.0,50650.0,36890689
2020-09-29,SSI,50650.0,50850.0,49600.0,49850.0,41254874
2020-09-30,SSI,49700.0,49900.0,47600.0,47750.0,41940767
2020-10-01,SSI,47900.0,49600.0,47800.0,49350.0,28213813
2020-10-02,SSI,49250.0,50150.0,48750.0,49500.0,30463759
2020-10-05,SSI,49400.0,49650.0,49350.0,49650.0,34782473
2020-10-06,SSI,49500.0,49600.0,47700.0,47750.0,35873500
2020-10-07,SSI,47900.0,50200.0,47550.0,49950.0,34666745
2020-10-08,SSI,50200.0,50600.0,49150.0,49250.0,27775276
2020-10-09,SSI,49300.0,50550.0,49250.0,50350.0,24928779
2020-10-12,SSI,50750.0,51700.0,50300.0,51350.0,25307510
2020-10-13,SSI,51300.0,51550.0,50500.0,50700.0,36352617
2020-10-14,SSI,51000.0,51050.0,49300.0,49500.0,37350220
2020-10-15,SSI,49200.0,49350.0,47150.0,47300.0,37147308
2020-10-16,SSI,47300.0,48150.0,46650.0,47950.0,29995318
2020-10-19,SSI,47900.0,48100.0,46750.0,46800.0,31514361
2020-10-20,SSI,46600.0,47200.0,46250.0,47200.0,25623524
2020-10-21,SSI,47650.0,48050.0,45350.0,45350.0,38561146
2020-10-22,SSI,45550.0,46500.0,45200.0,46300.0,38831144
2020-10-23,SSI,46500.0,46550.0,46000.0,46300.0,32299790
2020-10-26,SSI,46600.0,47750.0,46200.0,47600.0,36528358
2020-10-27,SSI,47500.0,47750.0,47350.0,47500.0,30295052
2020-10-28,SSI,47450.0,49000.0,47450.0,48850.0,38100924
2020-10-29,SSI,48600.0,51050.0,48450.0,50600.0,49545389
2020-10-30,SSI,50800.0,51950.0,50450.0,51500.0,30849924
2020-11-02,SSI,51350.0,51600.0,50300.0,50500.0,35565685
2020-11-03,SSI,50800.0,52500.0,50550.0,52100.0,35119722
2020-11-04,SSI,51750.0,51950.0,50750.0,50900.0,33328228
2020-11-05,SSI,50950.0,51150.0,50050.0,50400.0,25487734
2020-11-06,SSI,50350.0,51250.0,50200.0,51050.0,35843413
2020-11-09,SSI,50900.0,52900.0,50900.0,52450.0,41922706
2020-11-10,SSI,52500.0,53250.0,52350.0,52700.0,29698287
2020-11-11,SSI,52850.0,53250.0,52550.0,53150.0,29295302
2020-11-12,SSI,53200.0,53300.0,50100.0,50350.0,48980107
2020-11-13,SSI,50400.0,50650.0,47850.0,47900.0,35554449
2020-11-16,SSI,48050.0,48400.0,47150.0,47400.0,32735154
2020-11-17,SSI,47400.0,48050.0,47200.0,47950.0,32324830
2020-11-18,SSI,48200.0,48900.0,45600.0,46150.0,43265877
2020-11-19,SSI,46250.0,46950.0,44150.0,44300.0,45757346
2020-11-20,SSI,43900.0,44400.0,43850.0,44150.0,31575822
2020-11-23,SSI,44050.0,44150.0,43800.0,44000.0,23477058
2020-11-24,SSI,43850.0,44100.0,42600.0,42750.0,29314423
2020-11-25,SSI,42800.0,42800.0,42350.0,42700.0,23630656
2020-11-26,SSI,42700.0,43100.0,41200.0,41300.0,43755234
2020-11-27,SSI,41400.0,43600.0,41400.0,43050.0,46733429
2020-11-30,SSI,43050.0,43550.0,42900.0,43350.0,37146926
2020-12-01,SSI,43300.0,44000.0,43050.0,43750.0,37699366
2020-12-02,SSI,44050.0,44400.0,41600.0,41650.0,50326793
2020-12-03,SSI,42050.0,42200.0,41050.0,41150.0,39407724
2020-12-04,SSI,41150.0,41500.0,39850.0,40000.0,44263487
2020-12-07,SSI,39950.0,40050.0,37800.0,38450.0,41729638
2020-12-08,SSI,38450.0,39500.0,38350.0,39300.0,27402907
2020-12-09,SSI,39250.0,41700.0,39000.0,41300.0,43923289
2020-12-10,SSI,41250.0,42750.0,41250.0,42700.0,37169382
2020-12-11,SSI,42800.0,43600.0,42500.0,43150.0,32590467
2020-12-14,SSI,42950.0,44250.0,42850.0,44200.0,30243436
2020-12-15,SSI,44300.0,46100.0,44200.0,45850.0,43737381
2020-12-16,SSI,46100.0,47750.0,45550.0,47450.0,39384110
2020-12-17,SSI,47450.0,47550.0,46900.0,47200.0,30173777
2020-12-18,SSI,46950.0,47400.0,46500.0,46650.0,29986665
2020-12-21,SSI,46600.0,47400.0,46350.0,47100.0,39420541
2020-12-22,SSI,47150.0,47600.0,47050.0,47550.0,28240375
2020-12-23,SSI,47600.0,49650.0,47450.0,49650.0,34670551
2020-12-24,SSI,49800.0,49850.0,48150.0,48350.0,42598534
2020-12-25,SSI,48450.0,48900.0,48050.0,48650.0,32188454
2020-12-28,SSI,48550.0,48600.0,47150.0,47550.0,32256432
2020-12-29,SSI,47600.0,49050.0,47300.0,48750.0,38341353
2020-12-30,SSI,48950.0,49200.0,46700.0,47250.0,42639072
2020-12-31,SSI,47250.0,47350.0,47000.0,47250.0,32704647
2021-01-01,SSI,47300.0,48400.0,46900.0,48300.0,29420936
2021-01-04,SSI,48300.0,48500.0,45600.0,45700.0,39917763
2021-01-05,SSI,45750.0,45850.0,44700.0,45050.0,38878397
2021-01-06,SSI,45400.0,45850.0,42550.0,42650.0,54401010
2021-01-07,SSI,42550.0,42900.0,42100.0,42250.0,22830916
2021-01-08,SSI,42350.0,42800.0,42050.0,42500.0,36547763
2021-01-11,SSI,42450.0,42500.0,41400.0,41500.0,30538701
2021-01-12,SSI,41150.0,41300.0,40100.0,40350.0,28101532
2021-01-13,SSI,40450.0,41350.0,40150.0,40950.0,42134393
2021-01-14,SSI,41150.0,41850.0,41050.0,41500.0,38278687
2021-01-15,SSI,41750.0,42150.0,40700.0,40700.0,36230001
2021-01-18,SSI,40500.0,42800.0,40450.0,42750.0,33603449
2021-01-19,SSI,42650.0,43000.0,42500.0,42950.0,33792035
2021-01-20,SSI,42800.0,44850.0,42350.0,44700.0,42006332
2021-01-21,SSI,44700.0,44900.0,44400.0,44650.0,22644436
2021-01-22,SSI,44850.0,46650.0,44750.0,46500.0,42662901
2021-01-25,SSI,46300.0,46800.0,45150.0,45600.0,40324868
2021-01-26,SSI,45750.0,48200.0,45650.0,47950.0,48183448
2021-01-27,SSI,48250.0,48600.0,47400.0,47750.0,27902461
2021-01-28,SSI,47700.0,47950.0,44450.0,44450.0,42975220
2021-01-29,SSI,44650.0,45200.0,42250.0,42650.0,55587475
2021-02-01,SSI,42800.0,42950.0,42300.0,42850.0,31782995
2021-02-02,SSI,43000.0,43550.0,42550.0,42650.0,39080105
2021-02-03,SSI,42650.0,42800.0,42100.0,42450.0,21207412
2021-02-04,SSI,42500.0,42650.0,41300.0,41350.0,31336429
2021-02-05,SSI,41350.0,41400.0,38700.0,39000.0,49981091
2021-02-08,SSI,39000.0,40650.0,38650.0,40500.0,39354800
2021-02-09,SSI,40750.0,42150.0,40700.0,41700.0,42452842
2021-02-10,SSI,41700.0,41950.0,41150.0,41350.0,30626791
2021-02-11,SSI,41550.0,41750.0,39350.0,39700.0,37374179
2021-02-12,SSI,39650.0,39750.0,38650.0,39050.0,29659655
2021-02-15,SSI,38950.0,39400.0,38400.0,38550.0,25509108
2021-02-16,SSI,38550.0,38700.0,38300.0,38650.0,25727719
2021-02-17,SSI,38500.0,39300.0,38500.0,39150.0,34379918
2021-02-18,SSI,38750.0,39500.0,38250.0,39300.0,41787442
2021-02-19,SSI,39350.0,39800.0,39200.0,39700.0,27601119
2021-02-22,SSI,39500.0,39650.0,38650.0,38700.0,31182202
2021-02-23,SSI,38400.0,39800.0,38400.0,39800.0,28131642
2021-02-24,SSI,39600.0,40350.0,39300.0,40050.0,40874700
2021-02-25,SSI,40350.0,40700.0,40000.0,40650.0,30815839
2021-02-26,SSI,40700.0,43850.0,40550.0,43400.0,50360669
2021-03-01,SSI,43350.0,43850.0,42100.0,42150.0,38566228
2021-03-02,SSI,42000.0,42250.0,41950.0,41950.0,19931639
2021-03-03,SSI,42300.0,42450.0,40950.0,41200.0,42946922
2021-03-04,SSI,40900.0,41250.0,40650.0,40850.0,29515494
2021-03-05,SSI,40500.0,40700.0,40250.0,40300.0,27833746
2021-03-08,SSI,40200.0,41650.0,40050.0,41650.0,29705928
2021-03-09,SSI,41450.0,41450.0,39650.0,39650.0,43805303
2021-03-10,SSI,39700.0,39700.0,37600.0,37700.0,45279851
2021-03-11,SSI,37950.0,38300.0,37500.0,37500.0,23352963
2021-03-12,SSI,37200.0,37550.0,36950.0,37100.0,35300126
2021-03-15,SSI,37100.0,37250.0,36400.0,36450.0,34392555
2021-03-16,SSI,36400.0,36450.0,35400.0,35500.0,31017147
2021-03-17,SSI,35650.0,35850.0,35200.0,35250.0,36291818
2021-03-18,SSI,35400.0,35400.0,34150.0,34350.0,30360484
2021-03-19,SSI,34250.0,35300.0,33750.0,35250.0,44827093
2021-03-22,SSI,35300.0,35650.0,34900.0,35000.0,35309289
2021-03-23,SSI,34900.0,35400.0,33300.0,33650.0,49277209
2021-03-24,SSI,33800.0,35250.0,33750.0,35050.0,30803508
2021-03-25,SSI,35000.0,35350.0,33600.0,33750.0,42216200
2021-03-26,SSI,33800.0,34700.0,33700.0,34650.0,24970808
2021-03-29,SSI,34350.0,34450.0,33950.0,33950.0,22830851
2021-03-30,SSI,34100.0,34350.0,33500.0,33650.0,40152769
2021-03-31,SSI,33700.0,33800.0,31800.0,31900.0,39652947
2021-04-01,SSI,31750.0,31900.0,30450.0,30550.0,44860960
2021-04-02,SSI,30550.0,30600.0,28350.0,28700.0,51896584
2021-04-05,SSI,28750.0,29300.0,28750.0,29200.0,22871886
2021-04-06,SSI,29250.0,30100.0,28950.0,30050.0,43040995
2021-04-07,SSI,30150.0,30500.0,29050.0,29300.0,33850786
2021-04-08,SSI,29250.0,31150.0,29150.0,30800.0,42965234
2021-04-09,SSI,30900.0,31750.0,30900.0,31700.0,40270849
2021-04-12,SSI,31750.0,32400.0,31700.0,32350.0,29704489
2021-04-13,SSI,32450.0,33950.0,32300.0,33950.0,45609114
2021-04-14,SSI,34050.0,34250.0,32350.0,32550.0,46330795
2021-04-15,SSI,32650.0,32850.0,31150.0,31300.0,48426626
2021-04-16,SSI,31350.0,31350.0,30750.0,30950.0,24640926
2021-04-19,SSI,31000.0,32500.0,30950.0,32350.0,35516815
2021-04-20,SSI,32450.0,32900.0,32150.0,32650.0,34343904
2021-04-21,SSI,32600.0,32650.0,32300.0,32350.0,30007057
2021-04-22,SSI,32300.0,32500.0,31800.0,32250.0,36573139
2021-04-23,SSI,32350.0,32650.0,31150.0,31550.0,38202323
2021-04-26,SSI,31500.0,32050.0,31500.0,32000.0,24918009
2021-04-27,SSI,31750.0,32600.0,31600.0,32600.0,35232453
2021-04-28,SSI,32750.0,32850.0,31900.0,31900.0,35125828
2021-04-29,SSI,32000.0,33750.0,31950.0,33500.0,34843321
2021-04-30,SSI,33450.0,33950.0,33000.0,33600.0,38341595
2021-05-03,SSI,33500.0,34250.0,33250.0,34050.0,30579382
2021-05-04,SSI,34250.0,34500.0,33850.0,33900.0,31628593
2021-05-05,SSI,33750.0,34100.0,32750.0,33000.0,37487372
2021-05-06,SSI,32850.0,34900.0,32800.0,34750.0,49539901
2021-05-07,SSI,34900.0,35100.0,33750.0,33800.0,33121469
2021-05-10,SSI,33750.0,36500.0,33350.0,36050.0,54486635
2021-05-11,SSI,36000.0,36200.0,35350.0,35400.0,29975860
2021-05-12,SSI,35200.0,38100.0,35200.0,37850.0,51059061
2021-05-13,SSI,37900.0,37950.0,36450.0,36600.0,39773385
2021-05-14,SSI,36600.0,37550.0,36500.0,37150.0,25299274
2021-05-17,SSI,37450.0,38250.0,37100.0,38150.0,29531402
2021-05-18,SSI,38350.0,39550.0,38300.0,39500.0,38516877
2021-05-19,SSI,39400.0,41200.0,39200.0,41050.0,44090700
2021-05-20,SSI,41250.0,41650.0,39300.0,39350.0,40931972
2021-05-21,SSI,39500.0,41000.0,39200.0,40750.0,44982666
2021-05-24,SSI,40800.0,42100.0,40650.0,42000.0,33225640
2021-05-25,SSI,41950.0,42050.0,41850.0,42000.0,22768291
2021-05-26,SSI,42250.0,42250.0,40100.0,40350.0,48031321
2021-05-27,SSI,40200.0,41000.0,40000.0,40950.0,27998266
2021-05-28,SSI,40800.0,41600.0,40700.0,41400.0,24368530
2021-05-31,SSI,41350.0,41450.0,40200.0,40350.0,37946744
2021-06-01,SSI,40450.0,40550.0,39400.0,39700.0,31849912
2021-06-02,SSI,39850.0,40450.0,39500.0,40450.0,25561568
2021-06-03,SSI,40500.0,40750.0,39700.0,39950.0,33296156
2021-06-04,SSI,39900.0,40600.0,39850.0,40450.0,28822471
2021-06-07,SSI,40300.0,40550.0,39950.0,40200.0,26612754
2021-06-08,SSI,40250.0,42250.0,40050.0,42050.0,49986363
2021-06-09,SSI,42250.0,42550.0,41850.0,42150.0,23046416
2021-06-10,SSI,42200.0,43750.0,42150.0,43550.0,33490023
2021-06-11,SSI,43250.0,43400.0,42300.0,42500.0,37328655
2021-06-14,SSI,42350.0,43050.0,42050.0,42900.0,28445531
2021-06-15,SSI,42750.0,42950.0,42000.0,42000.0,31761210
2021-06-16,SSI,41850.0,42250.0,40300.0,40650.0,37065474
2021-06-17,SSI,40600.0,40750.0,40000.0,40400.0,26980652
2021-06-18,SSI,40250.0,40300.0,38950.0,39300.0,37532563
2021-06-21,SSI,39250.0,40650.0,39200.0,40050.0,32136418
2021-06-22,SSI,40100.0,40200.0,39400.0,39650.0,32615480
2021-06-23,SSI,39850.0,39950.0,37250.0,37650.0,40351543
2021-06-24,SSI,37750.0,38000.0,37500.0,37800.0,34836441
2021-06-25,SSI,37850.0,38800.0,37550.0,38500.0,34847739
2021-06-28,SSI,38550.0,38750.0,38150.0,38750.0,32265321
2021-06-29,SSI,38450.0,38550.0,37400.0,37650.0,31090629
2021-06-30,SSI,37700.0,38050.0,36300.0,36650.0,39554960
2021-07-01,SSI,36600.0,38850.0,36550.0,38750.0,49109540
2021-07-02,SSI,38600.0,38750.0,38000.0,38200.0,30327232
2021-07-05,SSI,38300.0,38600.0,37600.0,37700.0,26492671
2021-07-06,SSI,37850.0,37950.0,37450.0,37450.0,33537026
2021-07-07,SSI,37300.0,37800.0,36950.0,37650.0,23194344
2021-07-08,SSI,37550.0,37750.0,36150.0,36350.0,45205398
2021-07-09,SSI,36400.0,36500.0,35350.0,35600.0,41785331
2021-07-12,SSI,35350.0,35600.0,33500.0,33800.0,53244111
2021-07-13,SSI,33600.0,34650.0,33350.0,34550.0,37599590
2021-07-14,SSI,34400.0,34500.0,33200.0,33450.0,33482593
2021-07-15,SSI,33500.0,33600.0,32100.0,32300.0,41100579
2021-07-16,SSI,32150.0,33750.0,32050.0,33650.0,36177907
2021-07-19,SSI,33550.0,34150.0,33500.0,34050.0,28183998
2021-07-20,SSI,34050.0,35600.0,34050.0,35350.0,42118328
2021-07-21,SSI,35350.0,36200.0,35200.0,36100.0,26730229
2021-07-22,SSI,36150.0,36450.0,35050.0,35100.0,33415599
2021-07-23,SSI,35100.0,35150.0,34300.0,34500.0,28004171
2021-07-26,SSI,34500.0,34750.0,33850.0,34550.0,35464942
2021-07-27,SSI,34500.0,34650.0,33750.0,33800.0,41022878
2021-07-28,SSI,33700.0,34150.0,33650.0,33950.0,34669127
2021-07-29,SSI,34050.0,34200.0,33350.0,33350.0,31908469
2021-07-30,SSI,33250.0,33400.0,33000.0,33100.0,31926187
2021-08-02,SSI,33250.0,33600.0,33100.0,33600.0,24394678
2021-08-03,SSI,33500.0,33900.0,33400.0,33700.0,37063854
2021-08-04,SSI,33800.0,33900.0,33450.0,33850.0,28381761
2021-08-05,SSI,33900.0,33950.0,32300.0,32450.0,35038370
2021-08-06,SSI,32250.0,32450.0,31300.0,31350.0,40443033
2021-08-09,SSI,31400.0,31750.0,31250.0,31500.0,29564623
2021-08-10,SSI,31550.0,31650.0,31200.0,31200.0,36666081
2021-08-11,SSI,30950.0,31150.0,30450.0,30500.0,39711749
2021-08-12,SSI,30400.0,30450.0,29850.0,30050.0,37169035
2021-08-13,SSI,30150.0,31200.0,29950.0,30900.0,38604012
2021-08-16,SSI,31050.0,31150.0,30250.0,30400.0,26918086
2021-08-17,SSI,30550.0,30900.0,29250.0,29450.0,46412099
2021-08-18,SSI,29350.0,30350.0,29300.0,30150.0,42928933
2021-08-19,SSI,30150.0,31300.0,29750.0,31250.0,32493738
2021-08-20,SSI,31450.0,31650.0,31300.0,31400.0,29916569
2021-08-23,SSI,31600.0,32000.0,29600.0,29850.0,52245317
2021-08-24,SSI,30000.0,31750.0,29900.0,31450.0,49350067
2021-08-25,SSI,31150.0,32100.0,30950.0,32050.0,28476770
2021-08-26,SSI,31900.0,31950.0,30850.0,31000.0,29591891
2021-08-27,SSI,30800.0,31150.0,30600.0,30650.0,35424007
2021-08-30,SSI,30900.0,31250.0,30900.0,31250.0,33409217
2021-08-31,SSI,31250.0,31350.0,29050.0,29050.0,54918241
2021-09-01,SSI,29150.0,29350.0,27850.0,27900.0,41610667
2021-09-02,SSI,27950.0,29650.0,27800.0,29300.0,48784730
2021-09-03,SSI,29200.0,30500.0,29100.0,30200.0,30826024
2021-09-06,SSI,30100.0,30250.0,29600.0,29850.0,39741375
2021-09-07,SSI,29700.0,29900.0,28600.0,28800.0,47254595
2021-09-08,SSI,28600.0,28800.0,28500.0,28650.0,19388845
2021-09-09,SSI,28600.0,28850.0,27750.0,28000.0,42271809
2021-09-10,SSI,28000.0,28050.0,27800.0,27850.0,21354411
2021-09-13,SSI,27800.0,28400.0,27550.0,28400.0,38431269
2021-09-14,SSI,28500.0,28750.0,27600.0,27800.0,39004943
2021-09-15,SSI,27850.0,28200.0,27800.0,28100.0,24620154
2021-09-16,SSI,28050.0,29700.0,27900.0,29150.0,40976194
2021-09-17,SSI,29200.0,29400.0,29150.0,29200.0,22655570
2021-09-20,SSI,29200.0,29350.0,29150.0,29300.0,31097714
2021-09-21,SSI,29400.0,29700.0,29050.0,29650.0,30186840
2021-09-22,SSI,29600.0,31400.0,29500.0,31250.0,51574990
2021-09-23,SSI,31050.0,32400.0,30650.0,32350.0,45380683
2021-09-24,SSI,32350.0,32400.0,31400.0,31500.0,27051504
2021-09-27,SSI,31600.0,32100.0,31550.0,32000.0,27901864
2021-09-28,SSI,32100.0,32700.0,32050.0,32650.0,24706214
2021-09-29,SSI,32500.0,34700.0,32100.0,34450.0,56504386
2021-09-30,SSI,34450.0,34500.0,33200.0,33400.0,39772860
2021-10-01,SSI,33300.0,33400.0,32550.0,32650.0,27701179
2021-10-04,SSI,32700.0,32700.0,32400.0,32650.0,31432315
2021-10-05,SSI,32550.0,34200.0,32400.0,34150.0,46811040
2021-10-06,SSI,34300.0,34850.0,34200.0,34750.0,25140043
2021-10-07,SSI,34950.0,36250.0,34900.0,36000.0,42919475
2021-10-08,SSI,36150.0,36500.0,35750.0,35900.0,38119913
2021-10-11,SSI,35800.0,36200.0,35400.0,35900.0,33242689
2021-10-12,SSI,35850.0,37250.0,35550.0,37050.0,31888470
2021-10-13,SSI,37100.0,37800.0,37000.0,37650.0,23613151
2021-10-14,SSI,38000.0,38100.0,36900.0,37250.0,42094332
2021-10-15,SSI,37300.0,37900.0,37050.0,37750.0,29461075
2021-10-18,SSI,37750.0,37950.0,37200.0,37200.0,26265365
2021-10-19,SSI,37300.0,37400.0,35650.0,36000.0,36795327
2021-10-20,SSI,36050.0,36550.0,36000.0,36500.0,21850855
2021-10-21,SSI,36750.0,37000.0,36200.0,36500.0,28981940
2021-10-22,SSI,36600.0,36700.0,36350.0,36400.0,34479520
2021-10-25,SSI,36350.0,36750.0,34800.0,35000.0,48749913
2021-10-26,SSI,35050.0,35500.0,34950.0,35300.0,33098685
2021-10-27,SSI,35300.0,35450.0,34950.0,35200.0,37138961
2021-10-28,SSI,35350.0,37350.0,35200.0,37150.0,50876697
2021-10-29,SSI,37000.0,37150.0,36900.0,37050.0,27960453
2021-11-01,SSI,37050.0,39150.0,36800.0,39000.0,36925023
2021-11-02,SSI,38950.0,40000.0,38900.0,39750.0,27739580
2021-11-03,SSI,39700.0,41200.0,39400.0,40900.0,38951268
2021-11-04,SSI,40700.0,41300.0,40550.0,41000.0,38687385
2021-11-05,SSI,41100.0,42650.0,40800.0,42350.0,40527239
2021-11-08,SSI,42250.0,43250.0,41600.0,43050.0,32887311
2021-11-09,SSI,42900.0,42950.0,42250.0,42500.0,25233626
2021-11-10,SSI,42500.0,43250.0,41850.0,43050.0,30834642
2021-11-11,SSI,43050.0,43400.0,43050.0,43400.0,30138265
2021-11-12,SSI,43850.0,46100.0,43600.0,45500.0,46297783
2021-11-15,SSI,45550.0,46900.0,45000.0,46250.0,37236536
2021-11-16,SSI,45900.0,46900.0,45650.0,46750.0,27609509
2021-11-17,SSI,46500.0,47050.0,45850.0,45900.0,26715515
2021-11-18,SSI,45800.0,47300.0,45600.0,47100.0,30933171
2021-11-19,SSI,46950.0,47350.0,46550.0,46900.0,34845801
2021-11-22,SSI,47100.0,48950.0,47100.0,48750.0,41240065
2021-11-23,SSI,49100.0,49300.0,46950.0,47450.0,47133318
2021-11-24,SSI,47750.0,48100.0,46200.0,46400.0,32987465
2021-11-25,SSI,46550.0,46850.0,43800.0,43850.0,47388007
2021-11-26,SSI,44300.0,44350.0,43300.0,43600.0,32139907
2021-11-29,SSI,43650.0,45700.0,43600.0,45550.0,32112938
2021-11-30,SSI,45650.0,45800.0,43900.0,44000.0,31141804
2021-12-01,SSI,43650.0,44750.0,43500.0,44600.0,39412820
2021-12-02,SSI,44700.0,44750.0,44200.0,44450.0,25686445
2021-12-03,SSI,44600.0,44700.0,43650.0,43850.0,38249847
2021-12-06,SSI,43650.0,43750.0,43100.0,43350.0,23571618
2021-12-07,SSI,43300.0,43550.0,42250.0,42550.0,31046857
2021-12-08,SSI,42950.0,43900.0,42900.0,43800.0,34264233
2021-12-09,SSI,44100.0,46350.0,43850.0,46000.0,46619916
2021-12-10,SSI,45850.0,45950.0,44100.0,44200.0,32857036
2021-12-13,SSI,44350.0,45300.0,44100.0,45300.0,24295850
2021-12-14,SSI,45400.0,45550.0,44800.0,45150.0,26337427
2021-12-15,SSI,44950.0,45550.0,44450.0,45550.0,32147660
2021-12-16,SSI,45550.0,45950.0,44300.0,44500.0,37080432
2021-12-17,SSI,44600.0,46100.0,44350.0,45800.0,45417804
2021-12-20,SSI,45800.0,47100.0,45400.0,46950.0,43942143
2021-12-21,SSI,46850.0,46850.0,46100.0,46500.0,28607175
2021-12-22,SSI,46800.0,48200.0,46400.0,48050.0,33193704
2021-12-23,SSI,47900.0,50100.0,47800.0,49950.0,37256499
2021-12-24,SSI,50150.0,50750.0,49750.0,50400.0,36080208
2021-12-27,SSI,50300.0,50600.0,49650.0,50150.0,24547781
2021-12-28,SSI,50300.0,50300.0,47550.0,48050.0,49358873
2021-12-29,SSI,48250.0,50350.0,47600.0,50250.0,35187012
2021-12-30,SSI,50100.0,52300.0,49600.0,52200.0,45292819
2021-12-31,SSI,52150.0,54900.0,51750.0,54450.0,49378788
2022-01-03,SSI,54250.0,55850.0,54050.0,55700.0,30791971
2022-01-04,SSI,55550.0,55550.0,51150.0,51900.0,59316189
2022-01-05,SSI,51800.0,52800.0,51700.0,52700.0,30972671
2022-01-06,SSI,52500.0,53200.0,51700.0,53050.0,39814105
2022-01-07,SSI,52900.0,52950.0,52350.0,52550.0,35989034
2022-01-10,SSI,52500.0,52800.0,50850.0,50950.0,28638537
2022-01-11,SSI,50650.0,50650.0,49600.0,49650.0,30175205
2022-01-12,SSI,49750.0,52200.0,49700.0,52150.0,38390738
2022-01-13,SSI,52450.0,52600.0,50900.0,51250.0,42350042
2022-01-14,SSI,51300.0,51800.0,48750.0,48850.0,36033749
2022-01-17,SSI,49150.0,49350.0,46200.0,46900.0,53412472
2022-01-18,SSI,46850.0,47850.0,46650.0,47600.0,39256926
2022-01-19,SSI,47750.0,47850.0,46650.0,46700.0,25131951
2022-01-20,SSI,46700.0,46700.0,46250.0,46600.0,30068497
2022-01-21,SSI,46850.0,47250.0,45350.0,45400.0,30426597
2022-01-24,SSI,45100.0,45350.0,44650.0,44650.0,35943277
2022-01-25,SSI,44450.0,44550.0,43650.0,43800.0,34622251
2022-01-26,SSI,43900.0,44300.0,42950.0,43300.0,43181215
2022-01-27,SSI,43250.0,44050.0,43200.0,43750.0,36003206
2022-01-28,SSI,43650.0,45000.0,43450.0,44650.0,43143241
2022-01-31,SSI,44750.0,44800.0,43450.0,43500.0,35295751
2022-02-01,SSI,43450.0,43550.0,42100.0,42250.0,38078696
2022-02-02,SSI,42050.0,42350.0,40850.0,41200.0,30168602
2022-02-03,SSI,41400.0,42150.0,41000.0,42000.0,31411041
2022-02-04,SSI,42150.0,44900.0,41850.0,44200.0,50858858
2022-02-07,SSI,43800.0,46550.0,43350.0,46450.0,47272887
2022-02-08,SSI,46600.0,47150.0,46550.0,47000.0,27516925
2022-02-09,SSI,47250.0,47300.0,46850.0,47000.0,28998913
2022-02-10,SSI,46650.0,47450.0,46400.0,46950.0,26481143
2022-02-11,SSI,46850.0,48450.0,46600.0,48350.0,40046188
2022-02-14,SSI,48450.0,48550.0,46450.0,46650.0,38548216
2022-02-15,SSI,46650.0,46850.0,45300.0,45500.0,29693138
2022-02-16,SSI,45350.0,46200.0,44850.0,46050.0,31197662
2022-02-17,SSI,45950.0,47050.0,45550.0,46700.0,26360615
2022-02-18,SSI,46900.0,48250.0,46700.0,47950.0,33459871
2022-02-21,SSI,48100.0,48200.0,47400.0,47500.0,28220963
2022-02-22,SSI,47900.0,48250.0,47500.0,48150.0,36303537
2022-02-23,SSI,48500.0,48800.0,48200.0,48550.0,23885582
2022-02-24,SSI,48700.0,49150.0,46500.0,46700.0,47877271
2022-02-25,SSI,46500.0,47600.0,46450.0,47300.0,26801264
2022-02-28,SSI,47350.0,47650.0,46550.0,46600.0,29024063
2022-03-01,SSI,46500.0,46700.0,45350.0,45400.0,33719134
2022-03-02,SSI,45650.0,46250.0,45400.0,46200.0,21629399
2022-03-03,SSI,46350.0,46800.0,44500.0,44750.0,42684416
2022-03-04,SSI,44650.0,45550.0,44500.0,45400.0,31079742
2022-03-07,SSI,45500.0,46200.0,45400.0,46100.0,28204459
2022-03-08,SSI,46200.0,46550.0,45400.0,45600.0,40023111
2022-03-09,SSI,45600.0,46000.0,43950.0,44300.0,37857258
2022-03-10,SSI,44150.0,44150.0,42000.0,42050.0,48224982
2022-03-11,SSI,41900.0,42050.0,40250.0,40350.0,39330104
2022-03-14,SSI,40100.0,42100.0,39650.0,41600.0,43998154
2022-03-15,SSI,41650.0,43050.0,41600.0,42750.0,41015478
2022-03-16,SSI,42550.0,42650.0,40700.0,40950.0,41907364
2022-03-17,SSI,41000.0,41200.0,40300.0,40650.0,34655644
2022-03-18,SSI,40750.0,40750.0,39950.0,40100.0,34664046
2022-03-21,SSI,40150.0,40250.0,39400.0,39650.0,38509258
2022-03-22,SSI,39600.0,40400.0,39000.0,40350.0,37079510
2022-03-23,SSI,40050.0,40850.0,39750.0,40750.0,29086590
2022-03-24,SSI,40700.0,41550.0,40350.0,41250.0,42293840
2022-03-25,SSI,41250.0,43950.0,41150.0,43800.0,45130997
2022-03-28,SSI,44200.0,45200.0,44150.0,44850.0,36184493
2022-03-29,SSI,45050.0,45150.0,44150.0,44250.0,26223206
2022-03-30,SSI,44350.0,45550.0,44050.0,45300.0,38314512
2022-03-31,SSI,45100.0,45500.0,44350.0,44600.0,23939301
2022-04-01,SSI,44800.0,45650.0,44800.0,45450.0,38095584
2022-04-04,SSI,45500.0,45700.0,44300.0,44450.0,37581407
2022-04-05,SSI,44250.0,44450.0,42900.0,43150.0,27486219
2022-04-06,SSI,43450.0,45550.0,43400.0,45500.0,39931463
2022-04-07,SSI,45350.0,47200.0,45300.0,46850.0,33389096
2022-04-08,SSI,46950.0,49250.0,46700.0,49100.0,45037954
2022-04-11,SSI,49450.0,49650.0,47950.0,48150.0,42925564
2022-04-12,SSI,48350.0,48400.0,46950.0,47200.0,33880572
2022-04-13,SSI,47150.0,48450.0,46700.0,48300.0,43170233
2022-04-14,SSI,48400.0,49050.0,47800.0,48900.0,30428224
2022-04-15,SSI,48800.0,49000.0,47650.0,47950.0,38083159
2022-04-18,SSI,47950.0,48900.0,47900.0,48800.0,30613495
2022-04-19,SSI,48700.0,49750.0,48650.0,49700.0,39876937
2022-04-20,SSI,49350.0,49850.0,49300.0,49550.0,19065912
2022-04-21,SSI,49800.0,49950.0,49350.0,49700.0,29650739
2022-04-22,SSI,49700.0,49850.0,49500.0,49750.0,17909539
2022-04-25,SSI,50100.0,50300.0,48950.0,49100.0,30350854
2022-04-26,SSI,49050.0,50600.0,49000.0,50200.0,40964075
2022-04-27,SSI,50050.0,50400.0,49250.0,49550.0,32580477
2022-04-28,SSI,49400.0,49550.0,48400.0,48700.0,26880712
2022-04-29,SSI,48500.0,49950.0,48400.0,49900.0,26384619
2022-05-02,SSI,49800.0,49900.0,47300.0,47600.0,44068942
2022-05-03,SSI,47900.0,48400.0,47900.0,48200.0,21421942
2022-05-04,SSI,48250.0,49850.0,47850.0,49250.0,41535887
2022-05-05,SSI,49450.0,49650.0,47350.0,47950.0,46844730
2022-05-06,SSI,47850.0,49150.0,47800.0,48700.0,36784441
2022-05-09,SSI,48400.0,50850.0,47800.0,50250.0,51617039
2022-05-10,SSI,49950.0,50400.0,48900.0,49300.0,37196202
2022-05-11,SSI,49650.0,49900.0,49200.0,49350.0,32786584
2022-05-12,SSI,49350.0,49450.0,46750.0,47300.0,47401295
2022-05-13,SSI,47250.0,47300.0,46050.0,46300.0,36992984
2022-05-16,SSI,46650.0,47750.0,46400.0,47550.0,39847354
2022-05-17,SSI,47500.0,48300.0,47450.0,48050.0,27952737
2022-05-18,SSI,47750.0,47950.0,46300.0,46400.0,35248037
2022-05-19,SSI,46500.0,46600.0,46000.0,46400.0,30851705
2022-05-20,SSI,46500.0,46900.0,46350.0,46850.0,29727607
2022-05-23,SSI,46900.0,48950.0,46900.0,48950.0,43674387
2022-05-24,SSI,48900.0,49050.0,47550.0,47600.0,33831476
2022-05-25,SSI,47950.0,48500.0,47950.0,48050.0,23149389
2022-05-26,SSI,47900.0,47950.0,47250.0,47250.0,35601959
2022-05-27,SSI,47200.0,47600.0,46300.0,46400.0,39015059
2022-05-30,SSI,46450.0,46500.0,42950.0,43200.0,46812581
2022-05-31,SSI,43500.0,43550.0,42100.0,42200.0,28811847
2022-06-01,SSI,42050.0,42250.0,41550.0,41700.0,37488443
2022-06-02,SSI,41650.0,41900.0,39750.0,39950.0,44352015
2022-06-03,SSI,39950.0,40600.0,39350.0,40150.0,39677897
2022-06-06,SSI,40100.0,40350.0,39250.0,39400.0,29317393
2022-06-07,SSI,39450.0,40150.0,39350.0,40050.0,33194119
2022-06-08,SSI,40100.0,40850.0,39600.0,40700.0,33525790
2022-06-09,SSI,40550.0,41900.0,40500.0,41800.0,27709111
2022-06-10,SSI,41900.0,42050.0,40650.0,40750.0,35881922
2022-06-13,SSI,40500.0,41050.0,39900.0,41050.0,38833891
2022-06-14,SSI,41100.0,42250.0,41000.0,41750.0,26427928
2022-06-15,SSI,41700.0,41800.0,39850.0,40100.0,38770442
2022-06-16,SSI,40050.0,40250.0,39950.0,40200.0,31351336
2022-06-17,SSI,40400.0,41300.0,40300.0,41200.0,26871783
2022-06-20,SSI,41400.0,42950.0,41250.0,42750.0,42309004
2022-06-21,SSI,42700.0,43250.0,42550.0,43150.0,35186469
2022-06-22,SSI,43250.0,45400.0,43100.0,45250.0,38616039
2022-06-23,SSI,45100.0,45750.0,44800.0,45550.0,31821727
2022-06-24,SSI,45600.0,48050.0,45500.0,47900.0,36277194
2022-06-27,SSI,47850.0,48850.0,47700.0,48650.0,36900432
2022-06-28,SSI,48650.0,49100.0,47250.0,47650.0,36595879
2022-06-29,SSI,47550.0,47600.0,45850.0,46200.0,40382081
2022-06-30,SSI,45900.0,46600.0,45800.0,46350.0,33144162
2022-07-01,SSI,46350.0,46500.0,46200.0,46200.0,21288492
2022-07-04,SSI,46250.0,48550.0,46150.0,48550.0,42966659
2022-07-05,SSI,48700.0,48900.0,46250.0,46450.0,50874341
2022-07-06,SSI,46350.0,48500.0,46250.0,48150.0,35565454
2022-07-07,SSI,48200.0,48450.0,46050.0,46300.0,40189042
2022-07-08,SSI,46550.0,46700.0,45500.0,45650.0,36413517
2022-07-11,SSI,45550.0,45600.0,43300.0,43300.0,43023802
2022-07-12,SSI,43450.0,43700.0,43350.0,43600.0,26715070
2022-07-13,SSI,43750.0,45050.0,43450.0,44850.0,30819724
2022-07-14,SSI,45150.0,45250.0,43400.0,43550.0,41498271
2022-07-15,SSI,43500.0,43600.0,43000.0,43300.0,30851859
2022-07-18,SSI,43350.0,43700.0,42600.0,42900.0,36415796
2022-07-19,SSI,42950.0,44300.0,42650.0,44200.0,41508523
2022-07-20,SSI,44100.0,44450.0,42200.0,42600.0,36333150
2022-07-21,SSI,42650.0,43300.0,42300.0,43250.0,35049664
2022-07-22,SSI,43300.0,44800.0,43050.0,44750.0,40996727
2022-07-25,SSI,45150.0,45300.0,44400.0,45050.0,24536347
2022-07-26,SSI,45000.0,46900.0,44750.0,46750.0,38703745
2022-07-27,SSI,46500.0,46850.0,46200.0,46300.0,31214055
2022-07-28,SSI,46550.0,46750.0,45100.0,45150.0,30068845
2022-07-29,SSI,45200.0,45950.0,45150.0,45750.0,36275905
2022-08-01,SSI,45500.0,45800.0,44000.0,44000.0,40626502
2022-08-02,SSI,43900.0,44150.0,43150.0,43300.0,34918916
2022-08-03,SSI,43150.0,43500.0,41700.0,42450.0,36879709
2022-08-04,SSI,42800.0,44800.0,42650.0,44650.0,48723635
2022-08-05,SSI,44750.0,44750.0,43300.0,43500.0,32781940
2022-08-08,SSI,43400.0,44350.0,43350.0,43900.0,29645480
2022-08-09,SSI,44050.0,44600.0,43100.0,43200.0,42662801
2022-08-10,SSI,43150.0,44550.0,43000.0,44450.0,41891790
2022-08-11,SSI,44400.0,45150.0,44350.0,45100.0,34462797
2022-08-12,SSI,44850.0,45200.0,41900.0,41950.0,44731828
2022-08-15,SSI,42100.0,42400.0,40700.0,40800.0,36639902
2022-08-16,SSI,40950.0,42150.0,40500.0,42050.0,41945105
2022-08-17,SSI,42150.0,42250.0,41850.0,41950.0,22017754
2022-08-18,SSI,42050.0,42150.0,41950.0,41950.0,18491241
2022-08-19,SSI,41900.0,42150.0,40250.0,40300.0,39350593
2022-08-22,SSI,40250.0,40400.0,39650.0,39700.0,37584568
2022-08-23,SSI,39750.0,40900.0,39500.0,40750.0,26917194
2022-08-24,SSI,40950.0,41300.0,40150.0,40200.0,28302199
2022-08-25,SSI,40250.0,41700.0,40100.0,41500.0,38354818
2022-08-26,SSI,41350.0,41500.0,40300.0,40350.0,41701708
2022-08-29,SSI,40250.0,41450.0,39850.0,41400.0,36450480
2022-08-30,SSI,41100.0,42400.0,41050.0,42150.0,37584448
2022-08-31,SSI,42100.0,42300.0,41000.0,41300.0,31316822
2022-09-01,SSI,41400.0,41450.0,40550.0,40750.0,31366294
2022-09-02,SSI,40550.0,41050.0,40450.0,40800.0,23260883
2022-09-05,SSI,40600.0,41000.0,40500.0,40800.0,36200945
2022-09-06,SSI,41150.0,41550.0,40000.0,40150.0,44556021
2022-09-07,SSI,40250.0,40850.0,40000.0,40600.0,25245234
2022-09-08,SSI,40950.0,41150.0,39450.0,39500.0,42239914
2022-09-09,SSI,39700.0,39800.0,38200.0,38250.0,30347594
2022-09-12,SSI,38200.0,38450.0,38150.0,38350.0,30398929
2022-09-13,SSI,38150.0,38350.0,38100.0,38200.0,24060734
2022-09-14,SSI,38200.0,38250.0,36850.0,37050.0,36125865
2022-09-15,SSI,37200.0,37400.0,36250.0,36400.0,39096751
2022-09-16,SSI,36150.0,36350.0,35750.0,35900.0,23047282
2022-09-19,SSI,35750.0,35900.0,34550.0,34650.0,36532453
2022-09-20,SSI,34700.0,34900.0,34300.0,34500.0,22494305
2022-09-21,SSI,34700.0,35300.0,34700.0,34950.0,34529459
2022-09-22,SSI,35050.0,36850.0,35000.0,36750.0,41546921
2022-09-23,SSI,36750.0,37350.0,36650.0,37200.0,34912482
2022-09-26,SSI,37100.0,37150.0,36050.0,36350.0,26060350
2022-09-27,SSI,36200.0,37400.0,35650.0,37250.0,42076804
2022-09-28,SSI,37250.0,37600.0,35550.0,35800.0,47838653
2022-09-29,SSI,36100.0,36150.0,34500.0,34550.0,46484658
2022-09-30,SSI,34650.0,35400.0,34500.0,35300.0,37705775
2022-10-03,SSI,35150.0,35150.0,34750.0,35050.0,33986526
2022-10-04,SSI,35100.0,35400.0,34700.0,34750.0,37781772
2022-10-05,SSI,34750.0,35000.0,34100.0,34250.0,38354165
2022-10-06,SSI,34250.0,34300.0,33600.0,33600.0,25081923
2022-10-07,SSI,33750.0,33800.0,31900.0,32150.0,47755343
2022-10-10,SSI,32000.0,32000.0,30650.0,31150.0,45321417
2022-10-11,SSI,31100.0,31200.0,30900.0,31150.0,20741862
2022-10-12,SSI,31050.0,31600.0,30950.0,31050.0,23162652
2022-10-13,SSI,31250.0,31550.0,31100.0,31400.0,22701286
2022-10-14,SSI,31250.0,31550.0,30600.0,30600.0,35403122
2022-10-17,SSI,30750.0,31400.0,30600.0,31200.0,30793335
2022-10-18,SSI,31150.0,32600.0,30850.0,32350.0,48937744
2022-10-19,SSI,32350.0,32550.0,31750.0,31800.0,33781315
2022-10-20,SSI,31800.0,32700.0,31550.0,32650.0,27477109
2022-10-21,SSI,32650.0,35050.0,32250.0,34900.0,46410729
2022-10-24,SSI,34800.0,34850.0,33100.0,33200.0,42098676
2022-10-25,SSI,33050.0,33300.0,32600.0,32850.0,33454096
2022-10-26,SSI,32750.0,33000.0,32450.0,32600.0,23871911
2022-10-27,SSI,32650.0,32700.0,31550.0,31650.0,42545960
2022-10-28,SSI,31750.0,31950.0,31450.0,31500.0,25559557
2022-10-31,SSI,31600.0,31750.0,31250.0,31650.0,36572414
2022-11-01,SSI,31700.0,32800.0,31450.0,32750.0,30405937
2022-11-02,SSI,32800.0,33400.0,32800.0,33250.0,22429069
2022-11-03,SSI,33200.0,34100.0,32950.0,34000.0,42174700
2022-11-04,SSI,34000.0,35150.0,33650.0,34800.0,41683607
2022-11-07,SSI,34800.0,35100.0,34500.0,34600.0,26352968
2022-11-08,SSI,34850.0,35200.0,34400.0,34600.0,40225415
2022-11-09,SSI,34600.0,34650.0,33800.0,34050.0,37809266
2022-11-10,SSI,33800.0,34200.0,33700.0,34100.0,35165337
2022-11-11,SSI,34150.0,34850.0,34100.0,34700.0,38182132
2022-11-14,SSI,34900.0,35250.0,34550.0,35000.0,30752139
2022-11-15,SSI,35300.0,35450.0,34500.0,34650.0,40215256
2022-11-16,SSI,34600.0,36500.0,34550.0,36250.0,36522102
2022-11-17,SSI,36250.0,38800.0,36200.0,38450.0,41209546
2022-11-18,SSI,38300.0,38300.0,37500.0,37550.0,34443603
2022-11-21,SSI,37400.0,38200.0,37200.0,37950.0,32493540
2022-11-22,SSI,37900.0,37950.0,37250.0,37300.0,25286010
2022-11-23,SSI,37450.0,38300.0,37450.0,38150.0,39380627
2022-11-24,SSI,37850.0,38350.0,37750.0,38300.0,33591298
2022-11-25,SSI,38200.0,38750.0,37750.0,38450.0,35653758
2022-11-28,SSI,38350.0,39450.0,38150.0,39300.0,41159042
2022-11-29,SSI,39300.0,39350.0,38650.0,38750.0,30677669
2022-11-30,SSI,38800.0,39500.0,38800.0,39500.0,26970595
2022-12-01,SSI,39500.0,41900.0,39350.0,41700.0,51624831
2022-12-02,SSI,41750.0,42400.0,41050.0,41100.0,29027588
2022-12-05,SSI,41150.0,42950.0,40950.0,42550.0,31306058
2022-12-06,SSI,42500.0,42700.0,41050.0,41200.0,42510104
2022-12-07,SSI,41150.0,41200.0,40550.0,40750.0,37771386
2022-12-08,SSI,40600.0,40850.0,39700.0,39850.0,27995299
2022-12-09,SSI,40050.0,40100.0,39300.0,39400.0,29160084
2022-12-12,SSI,39500.0,40550.0,39350.0,40450.0,34867541
2022-12-13,SSI,40450.0,40650.0,40350.0,40500.0,21136447
2022-12-14,SSI,40550.0,41350.0,40300.0,40800.0,40276220
2022-12-15,SSI,40650.0,40900.0,38950.0,39150.0,42265473
2022-12-16,SSI,38850.0,40000.0,38500.0,39550.0,41429912
2022-12-19,SSI,39450.0,39600.0,38750.0,39050.0,30315900
2022-12-20,SSI,39050.0,39200.0,38750.0,39050.0,26014335
2022-12-21,SSI,39000.0,41200.0,38750.0,40750.0,47477421
2022-12-22,SSI,40600.0,41300.0,40500.0,40850.0,39261389
2022-12-23,SSI,40800.0,40900.0,39800.0,39950.0,28993736
2022-12-26,SSI,40250.0,40250.0,39850.0,40200.0,23663801
2022-12-27,SSI,40350.0,41800.0,40100.0,41450.0,32395171
2022-12-28,SSI,41350.0,42900.0,41250.0,42650.0,34763794
2022-12-29,SSI,42400.0,44350.0,41900.0,44150.0,36967778
2022-12-30,SSI,43950.0,44750.0,43750.0,44450.0,26406004
2023-01-02,SSI,44450.0,45100.0,44000.0,44800.0,36721326
2023-01-03,SSI,44750.0,45000.0,43900.0,44000.0,34010894
2023-01-04,SSI,44300.0,45550.0,44150.0,45200.0,34244062
2023-01-05,SSI,44750.0,45100.0,44250.0,44550.0,37824085
2023-01-06,SSI,44700.0,44750.0,43500.0,43600.0,37021230
2023-01-09,SSI,43600.0,45000.0,43500.0,44700.0,43614755
2023-01-10,SSI,44750.0,44950.0,42950.0,43400.0,37582049
2023-01-11,SSI,43450.0,44650.0,43350.0,44500.0,41356938
2023-01-12,SSI,44400.0,46150.0,44050.0,45750.0,38183785
2023-01-13,SSI,45800.0,45800.0,44400.0,44600.0,27641079
2023-01-16,SSI,44900.0,44950.0,44250.0,44400.0,29429333
2023-01-17,SSI,44150.0,44500.0,42650.0,42850.0,31662972
2023-01-18,SSI,42750.0,44350.0,42600.0,44200.0,34630955
2023-01-19,SSI,44050.0,44400.0,41800.0,41850.0,47018839
2023-01-20,SSI,41600.0,42750.0,41350.0,42650.0,31668877
2023-01-23,SSI,42700.0,44400.0,42450.0,44400.0,33558287
2023-01-24,SSI,44400.0,44450.0,44300.0,44350.0,33227039
2023-01-25,SSI,44550.0,44800.0,42900.0,43150.0,33046363
2023-01-26,SSI,43050.0,43350.0,43000.0,43250.0,32947168
2023-01-27,SSI,43150.0,43550.0,43050.0,43550.0,24337656
2023-01-30,SSI,43450.0,43850.0,41550.0,41800.0,45717828
2023-01-31,SSI,41900.0,42050.0,41650.0,41900.0,26690266
2023-02-01,SSI,42050.0,42050.0,40600.0,40800.0,38923097
2023-02-02,SSI,41050.0,41350.0,39900.0,39950.0,37956694
2023-02-03,SSI,39750.0,42300.0,39500.0,41500.0,42889589
2023-02-06,SSI,41600.0,42950.0,41550.0,42550.0,35982998
2023-02-07,SSI,42450.0,43500.0,41900.0,43400.0,31211347
2023-02-08,SSI,43350.0,43800.0,41600.0,42100.0,33731482
2023-02-09,SSI,42250.0,42550.0,40200.0,40350.0,41954723
2023-02-10,SSI,40500.0,41000.0,40100.0,40250.0,29315109
2023-02-13,SSI,40250.0,42650.0,40250.0,42500.0,35683721
2023-02-14,SSI,42250.0,42500.0,41900.0,42100.0,25159213
2023-02-15,SSI,42600.0,42800.0,41350.0,42000.0,28547596
2023-02-16,SSI,42100.0,43150.0,41750.0,42900.0,39797655
2023-02-17,SSI,42900.0,43950.0,42750.0,43900.0,38673471
2023-02-20,SSI,44000.0,44750.0,43800.0,44350.0,27126932
2023-02-21,SSI,44300.0,44550.0,41750.0,42100.0,53222003
2023-02-22,SSI,42400.0,42450.0,41500.0,41700.0,37709749
2023-02-23,SSI,41500.0,41850.0,40750.0,40800.0,29924787
2023-02-24,SSI,41000.0,42550.0,40800.0,42150.0,40940823
2023-02-27,SSI,41800.0,42400.0,41750.0,42350.0,30681769
2023-02-28,SSI,42250.0,43200.0,42200.0,43000.0,38008087
2023-03-01,SSI,42750.0,43850.0,42350.0,43700.0,30375994
2023-03-02,SSI,43700.0,45350.0,43550.0,45050.0,37338518
2023-03-03,SSI,45050.0,45550.0,44750.0,45050.0,26264277
2023-03-06,SSI,45150.0,45250.0,42950.0,43100.0,40624322
2023-03-07,SSI,43200.0,43400.0,43150.0,43350.0,22717223
2023-03-08,SSI,43400.0,45700.0,43000.0,44950.0,46055477
2023-03-09,SSI,44900.0,44950.0,43150.0,43700.0,39549629
2023-03-10,SSI,43500.0,43900.0,42650.0,42800.0,28467803
2023-03-13,SSI,42750.0,43650.0,42500.0,43200.0,37567413
2023-03-14,SSI,43150.0,44550.0,42950.0,44250.0,28302068
2023-03-15,SSI,44350.0,44350.0,42750.0,43350.0,45088964
2023-03-16,SSI,43300.0,43300.0,42450.0,42700.0,34072448
2023-03-17,SSI,42700.0,43650.0,42550.0,43600.0,27642644
2023-03-20,SSI,43500.0,44050.0,43450.0,43950.0,32978796
2023-03-21,SSI,43700.0,43900.0,43300.0,43450.0,34140066
2023-03-22,SSI,43300.0,43650.0,41900.0,41950.0,32642428
2023-03-23,SSI,41650.0,41750.0,39600.0,39850.0,46983734
2023-03-24,SSI,39800.0,41550.0,39700.0,41450.0,31790724
2023-03-27,SSI,41800.0,41950.0,40050.0,40150.0,41081125
2023-03-28,SSI,40250.0,40550.0,40200.0,40500.0,22664180
2023-03-29,SSI,40350.0,40900.0,40350.0,40800.0,20423140
2023-03-30,SSI,40650.0,42100.0,40600.0,41800.0,32665438
2023-03-31,SSI,42150.0,42300.0,40800.0,41350.0,31943960
2023-04-03,SSI,41200.0,41600.0,40500.0,40500.0,33939862
2023-04-04,SSI,40650.0,40800.0,39600.0,40050.0,27799284
2023-04-05,SSI,39950.0,41200.0,39800.0,41050.0,39984857
2023-04-06,SSI,40900.0,41400.0,40600.0,40900.0,28570168
2023-04-07,SSI,41000.0,41700.0,40850.0,41600.0,33233251
2023-04-10,SSI,41550.0,42100.0,41400.0,42050.0,28923719
2023-04-11,SSI,42150.0,42300.0,41400.0,41900.0,27899035
2023-04-12,SSI,42150.0,42350.0,40650.0,41050.0,38732400
2023-04-13,SSI,40950.0,41900.0,40750.0,41600.0,38680218
2023-04-14,SSI,41450.0,41950.0,41150.0,41450.0,32092603
2023-04-17,SSI,41500.0,42000.0,41350.0,41900.0,30833120
2023-04-18,SSI,41750.0,42900.0,41650.0,42300.0,35367660
2023-04-19,SSI,42350.0,42500.0,40500.0,40900.0,48706586
2023-04-20,SSI,40800.0,40900.0,40300.0,40500.0,27132779
2023-04-21,SSI,40000.0,43150.0,39950.0,42850.0,45570106
2023-04-24,SSI,43050.0,43100.0,41500.0,41550.0,41686704
2023-04-25,SSI,41600.0,41950.0,39900.0,39900.0,48330658
2023-04-26,SSI,40200.0,40550.0,38800.0,39150.0,44080133
2023-04-27,SSI,39400.0,40200.0,39050.0,40100.0,36084555
2023-04-28,SSI,40050.0,40200.0,37950.0,38050.0,47041760
2023-05-01,SSI,38200.0,38400.0,37950.0,38000.0,27648351
2023-05-02,SSI,38000.0,38050.0,36650.0,36750.0,30699112
2023-05-03,SSI,36700.0,36900.0,34450.0,34600.0,54974572
2023-05-04,SSI,34500.0,35950.0,34200.0,35600.0,42923308
2023-05-05,SSI,35600.0,36250.0,35600.0,36200.0,21463293
2023-05-08,SSI,36300.0,37250.0,36000.0,36850.0,34209027
2023-05-09,SSI,36850.0,37800.0,36850.0,37700.0,26972443
2023-05-10,SSI,37700.0,38400.0,37400.0,38400.0,28461374
2023-05-11,SSI,38300.0,40750.0,38250.0,40100.0,47517037
2023-05-12,SSI,40250.0,40700.0,38150.0,38800.0,49399339
2023-05-15,SSI,38550.0,38850.0,37400.0,37450.0,38931568
2023-05-16,SSI,37400.0,39700.0,37350.0,39600.0,40043463
2023-05-17,SSI,39300.0,39550.0,38450.0,38700.0,37958715
2023-05-18,SSI,38950.0,39900.0,38750.0,39500.0,32553260
2023-05-19,SSI,39250.0,40750.0,39000.0,40350.0,30396472
2023-05-22,SSI,40550.0,40550.0,39600.0,39900.0,28818637
2023-05-23,SSI,39950.0,40850.0,39700.0,40550.0,31863081
2023-05-24,SSI,40700.0,40850.0,40650.0,40750.0,22080361
2023-05-25,SSI,41000.0,41350.0,40650.0,41250.0,34445460
2023-05-26,SSI,41150.0,42950.0,41100.0,42850.0,34011143
2023-05-29,SSI,42700.0,43800.0,42300.0,43700.0,28618748
2023-05-30,SSI,43450.0,43850.0,40350.0,40700.0,46382801
2023-05-31,SSI,40650.0,40750.0,40600.0,40700.0,29304699
2023-06-01,SSI,40700.0,40850.0,40150.0,40250.0,23398371
2023-06-02,SSI,40300.0,42000.0,40100.0,41950.0,43564570
2023-06-05,SSI,41950.0,42100.0,41250.0,41450.0,27629943
2023-06-06,SSI,41500.0,41750.0,41350.0,41750.0,25420312
2023-06-07,SSI,41350.0,41750.0,39800.0,39850.0,45043922
2023-06-08,SSI,39750.0,41900.0,39500.0,41800.0,44385867
2023-06-09,SSI,41700.0,42300.0,41650.0,42000.0,26002277
2023-06-12,SSI,42200.0,42300.0,40800.0,41200.0,33595042
2023-06-13,SSI,41400.0,42700.0,41000.0,42550.0,41189021
2023-06-14,SSI,42450.0,42500.0,42200.0,42450.0,17961766
2023-06-15,SSI,42300.0,43100.0,42250.0,43000.0,33593756
2023-06-16,SSI,43100.0,43350.0,40350.0,40450.0,45033401
2023-06-19,SSI,40450.0,40850.0,40300.0,40500.0,31218658
2023-06-20,SSI,40550.0,42800.0,40300.0,42550.0,41383438
2023-06-21,SSI,42400.0,42600.0,41150.0,41350.0,37422337
2023-06-22,SSI,41000.0,43600.0,40600.0,43500.0,50894434
2023-06-23,SSI,43950.0,44200.0,43300.0,43400.0,24417478
2023-06-26,SSI,43500.0,43850.0,42100.0,42350.0,44628435
2023-06-27,SSI,42200.0,42850.0,41800.0,42800.0,38927939
2023-06-28,SSI,42700.0,43850.0,42550.0,43650.0,26907043
2023-06-29,SSI,43800.0,45550.0,43500.0,45350.0,30744550
2023-06-30,SSI,45600.0,46100.0,45300.0,45350.0,25900889
2023-07-03,SSI,45350.0,45400.0,44850.0,45150.0,32555676
2023-07-04,SSI,45350.0,46100.0,45200.0,45900.0,27507294
2023-07-05,SSI,45700.0,46050.0,45450.0,46050.0,28784778
2023-07-06,SSI,46100.0,47450.0,46050.0,47050.0,33959092
2023-07-07,SSI,47300.0,48150.0,46950.0,48150.0,29493450
2023-07-10,SSI,47900.0,48000.0,46550.0,47100.0,33147347
2023-07-11,SSI,46850.0,48600.0,46600.0,48300.0,36986923
2023-07-12,SSI,48200.0,48400.0,47750.0,48300.0,31918611
2023-07-13,SSI,48250.0,48850.0,47100.0,47650.0,36863211
2023-07-14,SSI,47600.0,48900.0,47500.0,48850.0,28502715
2023-07-17,SSI,48750.0,49000.0,46950.0,47100.0,33726634
2023-07-18,SSI,47200.0,47800.0,47150.0,47700.0,37347128
2023-07-19,SSI,47600.0,49050.0,47600.0,48950.0,40193260
2023-07-20,SSI,49100.0,49400.0,48650.0,49150.0,26868883
2023-07-21,SSI,49000.0,49450.0,48550.0,48750.0,38132394
2023-07-24,SSI,48700.0,50350.0,48600.0,50100.0,38329125
2023-07-25,SSI,50000.0,50100.0,48600.0,49000.0,31709924
2023-07-26,SSI,49000.0,49250.0,48250.0,48300.0,23732870
2023-07-27,SSI,48650.0,48850.0,48000.0,48250.0,35847467
2023-07-28,SSI,48300.0,48500.0,48000.0,48400.0,24350398
2023-07-31,SSI,48500.0,48550.0,47550.0,47650.0,32602401
2023-08-01,SSI,47800.0,48100.0,47300.0,48050.0,22052560
2023-08-02,SSI,48300.0,51700.0,47950.0,51350.0,54967273
2023-08-03,SSI,51550.0,52100.0,47650.0,47800.0,61626723
2023-08-04,SSI,47700.0,48400.0,44600.0,44950.0,58747141
2023-08-07,SSI,45250.0,45650.0,44900.0,45300.0,25669316
2023-08-08,SSI,45500.0,45750.0,44800.0,45100.0,36770034
2023-08-09,SSI,45350.0,45900.0,44650.0,45050.0,32477447
2023-08-10,SSI,44950.0,46000.0,44550.0,45900.0,42825464
2023-08-11,SSI,45550.0,46000.0,45000.0,45850.0,40050881
2023-08-14,SSI,45700.0,46300.0,45650.0,46200.0,26909168
2023-08-15,SSI,46050.0,46100.0,45600.0,45650.0,29728202
2023-08-16,SSI,45750.0,47100.0,45750.0,46900.0,30391753
2023-08-17,SSI,47000.0,47450.0,45500.0,45550.0,36764336
2023-08-18,SSI,45250.0,47800.0,45150.0,47400.0,48102094
2023-08-21,SSI,47700.0,48200.0,47350.0,48000.0,24549256
2023-08-22,SSI,48050.0,48300.0,45550.0,45900.0,43106438
2023-08-23,SSI,45950.0,46000.0,42650.0,42750.0,48909670
2023-08-24,SSI,42750.0,43000.0,40950.0,41000.0,35252777
2023-08-25,SSI,40850.0,41100.0,40450.0,40700.0,37286041
2023-08-28,SSI,40900.0,42950.0,40900.0,42650.0,46035887
2023-08-29,SSI,42950.0,44500.0,42900.0,44050.0,36695955
2023-08-30,SSI,44100.0,46450.0,43750.0,46200.0,46899892
2023-08-31,SSI,46150.0,46900.0,46000.0,46900.0,23226598
2023-09-01,SSI,46950.0,47400.0,46650.0,46700.0,26789659
2023-09-04,SSI,46700.0,46950.0,45450.0,45700.0,36347312
2023-09-05,SSI,45900.0,46050.0,44800.0,44800.0,26643581
2023-09-06,SSI,44450.0,46400.0,44450.0,46250.0,43358441
2023-09-07,SSI,46500.0,46550.0,45950.0,46400.0,34235128
2023-09-08,SSI,46550.0,46700.0,45000.0,45000.0,34967149
2023-09-11,SSI,45300.0,46750.0,45000.0,46500.0,42329704
2023-09-12,SSI,46450.0,46750.0,43850.0,44100.0,42723089
2023-09-13,SSI,44300.0,44550.0,43450.0,43500.0,25667664
2023-09-14,SSI,43550.0,44450.0,43300.0,44400.0,33110676
2023-09-15,SSI,44000.0,44150.0,41250.0,41350.0,52580778
2023-09-18,SSI,41450.0,42900.0,41300.0,42500.0,43283856
2023-09-19,SSI,42350.0,42700.0,42150.0,42350.0,32529042
2023-09-20,SSI,42500.0,44200.0,42400.0,43900.0,42660579
2023-09-21,SSI,43750.0,44950.0,43300.0,44750.0,28843428
2023-09-22,SSI,44950.0,44950.0,44550.0,44800.0,34776866
2023-09-25,SSI,45150.0,45200.0,44100.0,44100.0,39549838
2023-09-26,SSI,44200.0,47750.0,44200.0,47150.0,51061618
2023-09-27,SSI,47250.0,47600.0,45250.0,45300.0,42627896
2023-09-28,SSI,45200.0,47000.0,45100.0,46450.0,29915357
2023-09-29,SSI,46700.0,49300.0,46650.0,49250.0,41470790
2023-10-02,SSI,49350.0,49500.0,48050.0,48450.0,35849478
2023-10-03,SSI,48500.0,51400.0,47750.0,51400.0,54898235
2023-10-04,SSI,51500.0,51600.0,50650.0,50950.0,32285058
2023-10-05,SSI,51100.0,54650.0,50900.0,54200.0,40037703
2023-10-06,SSI,54100.0,54250.0,53650.0,54050.0,19701253
2023-10-09,SSI,54200.0,54350.0,52500.0,52700.0,33632339
2023-10-10,SSI,52700.0,53850.0,52250.0,53450.0,41059064
2023-10-11,SSI,53550.0,53800.0,53150.0,53450.0,23524058
2023-10-12,SSI,53150.0,54100.0,53050.0,53700.0,39386621
2023-10-13,SSI,54100.0,54700.0,52700.0,53050.0,39048717
2023-10-16,SSI,53400.0,54450.0,53000.0,54250.0,32224682
2023-10-17,SSI,54300.0,57000.0,54000.0,56750.0,48748219
2023-10-18,SSI,56800.0,56800.0,55550.0,55650.0,36410892
2023-10-19,SSI,55600.0,55750.0,54750.0,54800.0,26095797
2023-10-20,SSI,54600.0,54750.0,53650.0,53850.0,37107923
2023-10-23,SSI,54150.0,54200.0,53850.0,54000.0,18532138
2023-10-24,SSI,54100.0,54500.0,52900.0,53650.0,32211858
2023-10-25,SSI,53900.0,53950.0,53700.0,53800.0,19333968
2023-10-26,SSI,53800.0,56800.0,53500.0,56250.0,49326078
2023-10-27,SSI,56200.0,56300.0,53500.0,53550.0,46996420
2023-10-30,SSI,53700.0,54250.0,52350.0,52750.0,33226614
2023-10-31,SSI,52650.0,52900.0,49800.0,49850.0,40650584
2023-11-01,SSI,49600.0,51100.0,49250.0,51000.0,37450675
2023-11-02,SSI,51050.0,51200.0,48350.0,48550.0,50685987
2023-11-03,SSI,48250.0,48650.0,48050.0,48350.0,20561857
2023-11-06,SSI,48400.0,48700.0,47100.0,47250.0,40245181
2023-11-07,SSI,47250.0,49950.0,47150.0,49800.0,50547898
2023-11-08,SSI,49550.0,49700.0,47550.0,47700.0,31456479
2023-11-09,SSI,47800.0,48400.0,46450.0,46550.0,29460151
2023-11-10,SSI,46350.0,47250.0,46250.0,47250.0,36404600
2023-11-13,SSI,47300.0,48650.0,47150.0,48600.0,34377052
2023-11-14,SSI,48350.0,48550.0,47450.0,47550.0,34214745
2023-11-15,SSI,47300.0,49100.0,47050.0,48550.0,38064537
2023-11-16,SSI,48450.0,48500.0,47900.0,48050.0,30899726
2023-11-17,SSI,48100.0,48350.0,48050.0,48300.0,19186624
2023-11-20,SSI,48050.0,50000.0,47850.0,49850.0,39548588
2023-11-21,SSI,49950.0,52400.0,49600.0,51500.0,40640402
2023-11-22,SSI,51200.0,53000.0,51150.0,52600.0,40345228
2023-11-23,SSI,52400.0,54800.0,52150.0,54550.0,35069640
2023-11-24,SSI,55100.0,56950.0,54850.0,56900.0,28430287
2023-11-27,SSI,56950.0,57350.0,56650.0,57200.0,32399306
2023-11-28,SSI,57300.0,57350.0,57050.0,57200.0,17131855
2023-11-29,SSI,57850.0,58300.0,56950.0,57050.0,23582049
2023-11-30,SSI,56600.0,57350.0,56150.0,56950.0,24532417
2023-12-01,SSI,57050.0,57250.0,52850.0,53000.0,58513261
2023-12-04,SSI,52950.0,53600.0,52200.0,53200.0,28751472
2023-12-05,SSI,53100.0,54250.0,52650.0,53800.0,35830298
2023-12-06,SSI,53950.0,54250.0,51950.0,52250.0,37363184
2023-12-07,SSI,52250.0,52400.0,50000.0,50300.0,39484153
2023-12-08,SSI,50250.0,51900.0,50200.0,51000.0,43785845
2023-12-11,SSI,50950.0,51150.0,50950.0,51100.0,32498645
2023-12-12,SSI,51050.0,51200.0,50650.0,50950.0,22644370
2023-12-13,SSI,50900.0,52200.0,50750.0,51800.0,35059273
2023-12-14,SSI,51500.0,52750.0,51250.0,52650.0,39011110
2023-12-15,SSI,52250.0,54100.0,51950.0,54050.0,35954787
2023-12-18,SSI,54000.0,58150.0,53950.0,57500.0,50463209
2023-12-19,SSI,57700.0,57800.0,56450.0,56700.0,40652505
2023-12-20,SSI,56550.0,57400.0,55850.0,57350.0,26085798
2023-12-21,SSI,57100.0,60450.0,56850.0,59950.0,51795893
2023-12-22,SSI,59800.0,63350.0,59700.0,62250.0,48186462
2023-12-25,SSI,62250.0,62500.0,59700.0,60300.0,36215658
2023-12-26,SSI,60050.0,64800.0,59650.0,64400.0,43738718
2023-12-27,SSI,64400.0,65700.0,64100.0,65350.0,29838493
2023-12-28,SSI,65350.0,65500.0,63800.0,64200.0,27549440
2023-12-29,SSI,64050.0,64750.0,63500.0,63950.0,37059553
2024-01-01,SSI,63850.0,64350.0,61300.0,62000.0,48848801
2024-01-02,SSI,61750.0,61800.0,60650.0,60900.0,26296447
2024-01-03,SSI,60750.0,60950.0,60150.0,60550.0,29456425
2024-01-04,SSI,60450.0,60550.0,60100.0,60450.0,35361508
2024-01-05,SSI,60600.0,61050.0,59750.0,60050.0,29529852
2024-01-08,SSI,60050.0,60400.0,57400.0,57400.0,45681185
2024-01-09,SSI,57350.0,57900.0,57150.0,57900.0,34274290
2024-01-10,SSI,57950.0,61200.0,57750.0,60900.0,36626723
2024-01-11,SSI,60950.0,63350.0,60650.0,62850.0,38564162
2024-01-12,SSI,62700.0,65250.0,62550.0,64450.0,39926563
2024-01-15,SSI,64450.0,64850.0,63000.0,63550.0,26318681
2024-01-16,SSI,63250.0,63350.0,62300.0,62500.0,32971732
2024-01-17,SSI,62100.0,63950.0,62050.0,63800.0,29476750
2024-01-18,SSI,63850.0,65950.0,63750.0,65500.0,36250798
2024-01-19,SSI,65300.0,66800.0,64550.0,65950.0,40088204
2024-01-22,SSI,66200.0,66600.0,63700.0,64000.0,40309632
2024-01-23,SSI,64200.0,64450.0,63800.0,64100.0,33290450
2024-01-24,SSI,63500.0,65900.0,63500.0,65800.0,28949876
2024-01-25,SSI,66200.0,66650.0,65050.0,65400.0,24631863
2024-01-26,SSI,65550.0,70350.0,64900.0,69700.0,41368030
2024-01-29,SSI,69550.0,70950.0,69050.0,70500.0,38444162
2024-01-30,SSI,70650.0,71250.0,69800.0,70300.0,32940338
2024-01-31,SSI,69600.0,72250.0,69300.0,72250.0,32632172
2024-02-01,SSI,71950.0,73550.0,71400.0,72800.0,32017792
2024-02-02,SSI,73050.0,74750.0,72900.0,74400.0,34884087
2024-02-05,SSI,74450.0,74750.0,73100.0,74050.0,25450028
2024-02-06,SSI,73800.0,76250.0,73550.0,76100.0,39108546
2024-02-07,SSI,75950.0,76750.0,75500.0,76650.0,30468550
2024-02-08,SSI,76800.0,76950.0,76100.0,76500.0,31072901
2024-02-09,SSI,76300.0,77800.0,75900.0,77400.0,31148316
2024-02-12,SSI,77100.0,77750.0,74050.0,74200.0,43837022
2024-02-13,SSI,74150.0,74450.0,73700.0,73800.0,33572929
2024-02-14,SSI,73700.0,77950.0,72750.0,77550.0,50606281
2024-02-15,SSI,77050.0,77800.0,76800.0,77500.0,29114457
2024-02-16,SSI,77200.0,78600.0,76600.0,77700.0,38351771
2024-02-19,SSI,77750.0,78500.0,76250.0,76450.0,27230827
2024-02-20,SSI,76200.0,76500.0,70650.0,71150.0,60120427
2024-02-21,SSI,71350.0,72650.0,70550.0,71650.0,35962179
2024-02-22,SSI,71800.0,72950.0,71550.0,72700.0,37154796
2024-02-23,SSI,72300.0,72900.0,70150.0,70150.0,39664442
2024-02-26,SSI,70150.0,71300.0,70000.0,70500.0,32166581
2024-02-27,SSI,70500.0,72600.0,70050.0,72550.0,27346141
2024-02-28,SSI,72050.0,73650.0,71650.0,73450.0,36589253
2024-02-29,SSI,73700.0,74150.0,72450.0,72550.0,38268235
2024-03-01,SSI,72450.0,74600.0,72200.0,74350.0,30221597
2024-03-04,SSI,74150.0,74900.0,73650.0,74400.0,38402443
2024-03-05,SSI,74650.0,75000.0,70950.0,71400.0,44252220
2024-03-06,SSI,71150.0,73000.0,70950.0,72250.0,29631203
2024-03-07,SSI,72250.0,72350.0,68400.0,68950.0,50433385
2024-03-08,SSI,69000.0,69300.0,67350.0,67600.0,32369859
2024-03-11,SSI,67350.0,68050.0,66100.0,66250.0,25443119
2024-03-12,SSI,66050.0,66400.0,64600.0,65100.0,38161970
2024-03-13,SSI,64750.0,64900.0,63750.0,63950.0,23706180
2024-03-14,SSI,64200.0,64800.0,63900.0,64600.0,26527914
2024-03-15,SSI,64700.0,65650.0,64450.0,65550.0,22310685
2024-03-18,SSI,65450.0,65700.0,64050.0,64550.0,32075935
2024-03-19,SSI,65100.0,65350.0,64050.0,64850.0,28680354
2024-03-20,SSI,64800.0,64800.0,63250.0,63800.0,34967023
2024-03-21,SSI,63800.0,63900.0,62350.0,62350.0,41119605
2024-03-22,SSI,62600.0,62650.0,58900.0,59100.0,52423568
2024-03-25,SSI,59150.0,59300.0,57750.0,58000.0,36643262
2024-03-26,SSI,57800.0,61200.0,57550.0,60700.0,38512988
2024-03-27,SSI,61050.0,61300.0,59100.0,59550.0,29499556
2024-03-28,SSI,59750.0,60550.0,59700.0,60550.0,29312040
2024-03-29,SSI,60750.0,60800.0,60300.0,60450.0,34603599
2024-04-01,SSI,60550.0,61100.0,59300.0,59500.0,33193943
2024-04-02,SSI,59450.0,60450.0,59050.0,60150.0,38976769
2024-04-03,SSI,60250.0,60500.0,58700.0,58900.0,29593056
2024-04-04,SSI,58450.0,59000.0,58050.0,58750.0,24091062
2024-04-05,SSI,58650.0,61400.0,57850.0,61150.0,41353644
2024-04-08,SSI,60800.0,63250.0,60650.0,62850.0,41463477
2024-04-09,SSI,62650.0,63300.0,62100.0,63050.0,37271491
2024-04-10,SSI,62600.0,66250.0,62600.0,65900.0,44826950
2024-04-11,SSI,66050.0,66250.0,64500.0,64950.0,27019449
2024-04-12,SSI,65000.0,67250.0,64100.0,66950.0,37247174
2024-04-15,SSI,66650.0,66850.0,66200.0,66200.0,20604566
2024-04-16,SSI,65650.0,65800.0,65350.0,65500.0,26643962
2024-04-17,SSI,66050.0,66750.0,63600.0,64100.0,35151555
2024-04-18,SSI,64200.0,66900.0,63800.0,66800.0,38561787
2024-04-19,SSI,66650.0,66800.0,65350.0,65600.0,36883424
2024-04-22,SSI,65800.0,66500.0,65450.0,66050.0,25429230
2024-04-23,SSI,65900.0,67850.0,65750.0,67750.0,39697499
2024-04-24,SSI,67550.0,68000.0,64850.0,65100.0,39861491
2024-04-25,SSI,65050.0,65050.0,64250.0,64650.0,29729270
2024-04-26,SSI,64750.0,65200.0,64600.0,64600.0,25834556
2024-04-29,SSI,64650.0,65050.0,64600.0,64950.0,24574710
2024-04-30,SSI,64850.0,67400.0,64750.0,67100.0,30002361
2024-05-01,SSI,66900.0,71950.0,66400.0,71700.0,41887020
2024-05-02,SSI,71800.0,72000.0,66550.0,66750.0,59156053
2024-05-03,SSI,66650.0,68800.0,66350.0,68400.0,42625602
2024-05-06,SSI,68250.0,69850.0,67900.0,69600.0,28752371
2024-05-07,SSI,69850.0,69850.0,66250.0,66550.0,43828992
2024-05-08,SSI,66000.0,66300.0,65850.0,66200.0,24917897
2024-05-09,SSI,66200.0,67100.0,65800.0,67050.0,37778156
2024-05-10,SSI,67650.0,69650.0,67050.0,69300.0,34433931
2024-05-13,SSI,69000.0,71700.0,68700.0,71600.0,35797154
2024-05-14,SSI,71500.0,72050.0,69250.0,69600.0,43132220
2024-05-15,SSI,69050.0,69300.0,66700.0,67050.0,37583782
2024-05-16,SSI,66900.0,67000.0,65500.0,65700.0,23430536
2024-05-17,SSI,66050.0,69400.0,65650.0,68850.0,41002021
2024-05-20,SSI,69350.0,70500.0,68350.0,70450.0,30621837
2024-05-21,SSI,70500.0,75300.0,70100.0,74200.0,49758022
2024-05-22,SSI,74350.0,76700.0,74200.0,76700.0,29330357
2024-05-23,SSI,76750.0,77250.0,73500.0,73700.0,45432741
2024-05-24,SSI,73500.0,75950.0,73200.0,75800.0,28957446
2024-05-27,SSI,75850.0,77800.0,75850.0,77800.0,31538268
2024-05-28,SSI,78250.0,78950.0,76650.0,77100.0,34584479
2024-05-29,SSI,76950.0,77900.0,76800.0,77700.0,24858644
2024-05-30,SSI,77850.0,78050.0,75400.0,75950.0,34035365
2024-05-31,SSI,75450.0,75500.0,74550.0,74950.0,22356140
2024-06-03,SSI,74850.0,76400.0,74600.0,75900.0,32660266
2024-06-04,SSI,76150.0,76350.0,73000.0,73900.0,37766258
2024-06-05,SSI,73650.0,73750.0,72450.0,72800.0,30769467
2024-06-06,SSI,73100.0,73300.0,71650.0,71850.0,31655912
2024-06-07,SSI,71800.0,71900.0,70350.0,70750.0,27865090
2024-06-10,SSI,70750.0,70750.0,69250.0,69300.0,28171783
2024-06-11,SSI,69350.0,69400.0,68600.0,69000.0,28757181
2024-06-12,SSI,69000.0,69100.0,66800.0,66900.0,35148694
2024-06-13,SSI,66100.0,66900.0,65250.0,66300.0,38454325
2024-06-14,SSI,66300.0,67600.0,66050.0,67500.0,25702767
2024-06-17,SSI,67550.0,67600.0,65650.0,66000.0,39281645
2024-06-18,SSI,65600.0,67150.0,65050.0,67100.0,39329600
2024-06-19,SSI,66700.0,67850.0,66150.0,67600.0,38567594
2024-06-20,SSI,68000.0,69800.0,67450.0,68200.0,38231368
2024-06-21,SSI,67650.0,69750.0,67000.0,69650.0,44170146
2024-06-24,SSI,69850.0,72100.0,69300.0,71050.0,34430732
2024-06-25,SSI,71300.0,72100.0,71050.0,71700.0,27971336
2024-06-26,SSI,71500.0,71650.0,70350.0,71000.0,28820677
2024-06-27,SSI,71350.0,72000.0,71300.0,71300.0,24616692
2024-06-28,SSI,71550.0,71800.0,69950.0,70350.0,27194857
2024-07-01,SSI,70150.0,70900.0,67850.0,68100.0,32055988
2024-07-02,SSI,68100.0,71000.0,68100.0,70200.0,35774095
2024-07-03,SSI,70000.0,70050.0,69400.0,69950.0,32824071
2024-07-04,SSI,69700.0,71300.0,69550.0,71250.0,29247489
2024-07-05,SSI,71150.0,71900.0,70650.0,71350.0,31218548
2024-07-08,SSI,71600.0,72250.0,68850.0,69450.0,47588127
2024-07-09,SSI,69300.0,69500.0,67900.0,68550.0,32829023
2024-07-10,SSI,68100.0,68850.0,67300.0,68650.0,24338219
2024-07-11,SSI,68500.0,68750.0,65050.0,65250.0,45326025
2024-07-12,SSI,65650.0,65800.0,65050.0,65550.0,31975272
2024-07-15,SSI,65600.0,65800.0,63750.0,64250.0,39417267
2024-07-16,SSI,64050.0,65800.0,63800.0,65300.0,42094894
2024-07-17,SSI,64800.0,67500.0,64750.0,67150.0,40752103
2024-07-18,SSI,66950.0,69000.0,66400.0,68650.0,34116240
2024-07-19,SSI,68650.0,70300.0,68650.0,69800.0,30651943
2024-07-22,SSI,69900.0,70600.0,69800.0,70400.0,32760047
2024-07-23,SSI,70300.0,74200.0,69700.0,73600.0,51420336
2024-07-24,SSI,73300.0,73450.0,71600.0,71950.0,24897070
2024-07-25,SSI,71800.0,74350.0,71800.0,74300.0,35854308
2024-07-26,SSI,74850.0,76700.0,74500.0,76350.0,36515976
2024-07-29,SSI,76200.0,76750.0,75850.0,76150.0,30693783
2024-07-30,SSI,76000.0,80300.0,75600.0,80150.0,36837333
2024-07-31,SSI,79950.0,81000.0,76200.0,77600.0,39589713
2024-08-01,SSI,77300.0,77950.0,76850.0,77100.0,37630407
2024-08-02,SSI,77100.0,77100.0,75700.0,76550.0,24273044
2024-08-05,SSI,76300.0,76600.0,74250.0,74600.0,41320264
2024-08-06,SSI,74300.0,74700.0,73800.0,74000.0,31600574
2024-08-07,SSI,73800.0,74200.0,73150.0,73700.0,22578078
2024-08-08,SSI,73250.0,73500.0,70700.0,71550.0,31479763
2024-08-09,SSI,71200.0,73550.0,70900.0,72950.0,44237484
2024-08-12,SSI,73100.0,75250.0,72800.0,75050.0,40851847
2024-08-13,SSI,75000.0,76600.0,74750.0,75900.0,30578948
2024-08-14,SSI,75800.0,76150.0,72200.0,73150.0,47835301
2024-08-15,SSI,73050.0,73750.0,73050.0,73700.0,23241217
2024-08-16,SSI,74050.0,74300.0,70950.0,71150.0,31921825
2024-08-19,SSI,70450.0,70900.0,69800.0,70700.0,25532516
2024-08-20,SSI,70300.0,70300.0,67150.0,67150.0,46953473
2024-08-21,SSI,67100.0,70200.0,67000.0,69600.0,44908668
2024-08-22,SSI,69250.0,69600.0,68200.0,69150.0,35456657
2024-08-23,SSI,69250.0,69400.0,65150.0,65550.0,40868113
2024-08-26,SSI,66300.0,66800.0,60350.0,61050.0,63839645
2024-08-27,SSI,60950.0,61500.0,60350.0,61450.0,27700357
2024-08-28,SSI,61100.0,61400.0,60900.0,60950.0,25165755
2024-08-29,SSI,60700.0,61300.0,59700.0,60150.0,39810418
2024-08-30,SSI,60100.0,62150.0,59950.0,61600.0,35199695
2024-09-02,SSI,61800.0,61800.0,60400.0,60850.0,35868914
2024-09-03,SSI,61150.0,61600.0,59850.0,60050.0,30046893
2024-09-04,SSI,59950.0,62750.0,59900.0,62100.0,32055506
2024-09-05,SSI,62200.0,62700.0,61200.0,61900.0,31131654
2024-09-06,SSI,61850.0,62050.0,61550.0,61900.0,26739446
2024-09-09,SSI,62150.0,62350.0,61400.0,61750.0,25938566
2024-09-10,SSI,62200.0,65450.0,61400.0,65350.0,39259023
2024-09-11,SSI,65250.0,65700.0,64250.0,64450.0,30145436
2024-09-12,SSI,64600.0,64750.0,64150.0,64500.0,25718064
2024-09-13,SSI,64800.0,66200.0,64200.0,66000.0,28940002
2024-09-16,SSI,66050.0,66700.0,64450.0,64850.0,27709679
2024-09-17,SSI,64700.0,65250.0,64000.0,65000.0,26651344
2024-09-18,SSI,64700.0,65050.0,63600.0,64750.0,31717626
2024-09-19,SSI,64450.0,65050.0,62900.0,63450.0,34218220
2024-09-20,SSI,63150.0,65050.0,63050.0,65050.0,26153992
2024-09-23,SSI,65350.0,65750.0,62400.0,62500.0,44275259
2024-09-24,SSI,62550.0,62800.0,60100.0,60200.0,32776137
2024-09-25,SSI,60150.0,60800.0,59950.0,60250.0,34964133
2024-09-26,SSI,60550.0,60850.0,59850.0,60500.0,34186589
2024-09-27,SSI,60600.0,61500.0,58850.0,59000.0,39950806
2024-09-30,SSI,58800.0,59400.0,57900.0,58250.0,37348445
2024-10-01,SSI,58000.0,58050.0,55700.0,55950.0,34305233
2024-10-02,SSI,56250.0,56300.0,54000.0,54150.0,39158967
2024-10-03,SSI,53850.0,54650.0,53800.0,54600.0,22806557
2024-10-04,SSI,54500.0,54750.0,53150.0,53450.0,30589525
2024-10-07,SSI,53450.0,56050.0,53400.0,55700.0,31164082
2024-10-08,SSI,55350.0,55400.0,52200.0,52250.0,44194658
2024-10-09,SSI,52000.0,52750.0,51150.0,51700.0,39407158
2024-10-10,SSI,51750.0,51850.0,49600.0,49800.0,45410764
2024-10-11,SSI,49700.0,50050.0,47300.0,47300.0,48144684
2024-10-14,SSI,47350.0,47950.0,47050.0,47750.0,32745276
2024-10-15,SSI,47400.0,47450.0,47150.0,47350.0,29513504
2024-10-16,SSI,47400.0,47650.0,45600.0,45950.0,46989475
2024-10-17,SSI,45900.0,46050.0,44100.0,44200.0,44031678
2024-10-18,SSI,44150.0,44400.0,43800.0,43900.0,28248462
2024-10-21,SSI,43850.0,44000.0,43250.0,43550.0,24667472
2024-10-22,SSI,43400.0,44100.0,43400.0,43750.0,22418045
2024-10-23,SSI,43750.0,44250.0,43500.0,44100.0,35280246
2024-10-24,SSI,43950.0,46800.0,43700.0,46350.0,40433125
2024-10-25,SSI,46150.0,46300.0,45100.0,45350.0,32719576
2024-10-28,SSI,45350.0,45800.0,45200.0,45750.0,24886742
2024-10-29,SSI,45750.0,45850.0,45000.0,45500.0,29588936
2024-10-30,SSI,45400.0,45550.0,44300.0,44500.0,40990829
2024-10-31,SSI,44600.0,44650.0,43600.0,43900.0,39344115
2024-11-01,SSI,44100.0,44850.0,44000.0,44700.0,29263120
2024-11-04,SSI,45000.0,45100.0,44650.0,44800.0,23940202
2024-11-05,SSI,44850.0,46250.0,44700.0,46050.0,41540553
2024-11-06,SSI,45800.0,48600.0,45800.0,48250.0,37444280
2024-11-07,SSI,48300.0,48350.0,46000.0,46050.0,38020518
2024-11-08,SSI,46150.0,46900.0,46100.0,46850.0,22598759
2024-11-11,SSI,46850.0,47800.0,46100.0,47750.0,35124793
2024-11-12,SSI,47600.0,47800.0,47100.0,47250.0,28674948
2024-11-13,SSI,47150.0,47700.0,47100.0,47650.0,29381079
2024-11-14,SSI,47850.0,48050.0,45800.0,46100.0,47286218
2024-11-15,SSI,46000.0,47950.0,45850.0,47600.0,45041920
2024-11-18,SSI,47400.0,47650.0,46850.0,46850.0,22269498
2024-11-19,SSI,46700.0,46750.0,45850.0,46250.0,29145537
2024-11-20,SSI,46150.0,46200.0,44650.0,44750.0,29764941
2024-11-21,SSI,44750.0,44850.0,43650.0,43850.0,40997032
2024-11-22,SSI,43900.0,44000.0,42950.0,43550.0,30566938
2024-11-25,SSI,43400.0,43650.0,42550.0,42900.0,24505548
2024-11-26,SSI,42850.0,44250.0,42100.0,43800.0,33940664
2024-11-27,SSI,43850.0,44650.0,43700.0,44500.0,25680580
2024-11-28,SSI,44450.0,45250.0,44300.0,44900.0,29921002
2024-11-29,SSI,44800.0,46550.0,44700.0,46000.0,38323351
2024-12-02,SSI,45750.0,45950.0,44600.0,45050.0,42236363
2024-12-03,SSI,45050.0,46500.0,44900.0,46150.0,42737611
2024-12-04,SSI,46300.0,46350.0,45200.0,45550.0,38131819
2024-12-05,SSI,45350.0,47450.0,45150.0,47150.0,42723204
2024-12-06,SSI,47100.0,47150.0,44400.0,44850.0,44050479
2024-12-09,SSI,44650.0,45250.0,44500.0,44900.0,36388896
2024-12-10,SSI,44750.0,46100.0,44750.0,46000.0,33435740
2024-12-11,SSI,45750.0,46100.0,42700.0,43000.0,55563666
2024-12-12,SSI,42700.0,42700.0,40250.0,40750.0,41709471
2024-12-13,SSI,40750.0,42750.0,40700.0,42750.0,34208621
2024-12-16,SSI,42650.0,44500.0,42650.0,44200.0,41880302
2024-12-17,SSI,44250.0,44700.0,43350.0,43400.0,38696870
2024-12-18,SSI,43250.0,43400.0,42650.0,42900.0,38668591
2024-12-19,SSI,43050.0,43200.0,42600.0,42600.0,26478744
2024-12-20,SSI,42600.0,43000.0,42600.0,42850.0,29915744
2024-12-23,SSI,42400.0,42450.0,39700.0,40000.0,52678802
2024-12-24,SSI,39750.0,42400.0,39750.0,42200.0,41948439
2024-12-25,SSI,42050.0,42850.0,41900.0,42300.0,39002485
2024-12-26,SSI,42400.0,44350.0,42200.0,44200.0,32346476
2024-12-27,SSI,44350.0,44450.0,41950.0,42300.0,47780048
2024-12-30,SSI,42150.0,42250.0,41000.0,41550.0,29192969
2024-12-31,SSI,41600.0,42750.0,41500.0,42350.0,26254302
2025-01-01,SSI,42250.0,42550.0,40000.0,40250.0,43164499
2025-01-02,SSI,40150.0,40200.0,40050.0,40100.0,19136138
2025-01-03,SSI,40050.0,40150.0,38300.0,38400.0,37346013
2025-01-06,SSI,38500.0,38500.0,37650.0,37900.0,28698400
2025-01-07,SSI,38050.0,38400.0,37050.0,37200.0,41143866
2025-01-08,SSI,37150.0,37350.0,36950.0,37100.0,21531505
2025-01-09,SSI,37300.0,38200.0,37250.0,37950.0,38209943
2025-01-10,SSI,38100.0,38750.0,38050.0,38500.0,36543390
2025-01-13,SSI,38200.0,39750.0,38050.0,39550.0,42672818
2025-01-14,SSI,39850.0,40050.0,39150.0,39500.0,31063585
2025-01-15,SSI,39600.0,40300.0,37900.0,38150.0,50334816
2025-01-16,SSI,38050.0,38300.0,37900.0,37950.0,36298771
2025-01-17,SSI,37750.0,39400.0,37650.0,39250.0,45983301
2025-01-20,SSI,39050.0,39200.0,37950.0,38000.0,42369194
2025-01-21,SSI,38150.0,38300.0,37650.0,37900.0,24126138
2025-01-22,SSI,37650.0,37700.0,36500.0,37100.0,40847661
2025-01-23,SSI,36850.0,37750.0,36500.0,37700.0,31677099
2025-01-24,SSI,38000.0,38050.0,36950.0,37150.0,38567181
2025-01-27,SSI,37100.0,38250.0,36950.0,38050.0,43120649
2025-01-28,SSI,38000.0,38000.0,36600.0,36600.0,28306617
2025-01-29,SSI,36800.0,36850.0,36300.0,36650.0,31053615
2025-01-30,SSI,36750.0,36850.0,34850.0,35250.0,39750534
2025-01-31,SSI,35250.0,35400.0,35200.0,35250.0,32580377
2025-02-03,SSI,35200.0,35200.0,33900.0,33950.0,38917205
2025-02-04,SSI,33900.0,34300.0,32500.0,32700.0,50892665
2025-02-05,SSI,32750.0,33000.0,32450.0,32800.0,36850547
2025-02-06,SSI,32950.0,34850.0,32950.0,34700.0,38856025
2025-02-07,SSI,34950.0,35200.0,34450.0,34550.0,33619017
2025-02-10,SSI,34750.0,34800.0,33550.0,33550.0,36798804
2025-02-11,SSI,33450.0,33500.0,32800.0,33100.0,36135582
2025-02-12,SSI,33150.0,34700.0,32950.0,34650.0,41168055
2025-02-13,SSI,34700.0,34850.0,34350.0,34700.0,34188530
2025-02-14,SSI,34950.0,35550.0,34900.0,35550.0,31393635
2025-02-17,SSI,35850.0,35850.0,34950.0,35150.0,33066784
2025-02-18,SSI,35050.0,35200.0,33500.0,33650.0,36161655
2025-02-19,SSI,33550.0,34700.0,33150.0,34600.0,47251401
2025-02-20,SSI,34750.0,35250.0,34700.0,35000.0,32973480
2025-02-21,SSI,35150.0,35300.0,33700.0,33950.0,47084287
2025-02-24,SSI,34100.0,34900.0,33900.0,34650.0,34719458
2025-02-25,SSI,34550.0,34850.0,33350.0,33400.0,42714735
2025-02-26,SSI,33300.0,33400.0,32100.0,32300.0,36581459
2025-02-27,SSI,32500.0,33500.0,32200.0,33250.0,40646562
2025-02-28,SSI,33050.0,33150.0,31550.0,31550.0,42726839
2025-03-03,SSI,31450.0,31500.0,30750.0,30900.0,34531740
2025-03-04,SSI,31000.0,31500.0,30750.0,31350.0,38771717
2025-03-05,SSI,31250.0,31850.0,31150.0,31800.0,33748832
2025-03-06,SSI,31900.0,32100.0,30850.0,31100.0,42158708
2025-03-07,SSI,31200.0,32050.0,31100.0,31800.0,37233610
2025-03-10,SSI,31900.0,32650.0,31750.0,32350.0,41893596
2025-03-11,SSI,32300.0,33250.0,32250.0,33200.0,31000942
2025-03-12,SSI,33050.0,33450.0,32900.0,33400.0,26575021
2025-03-13,SSI,33300.0,34750.0,33100.0,34550.0,33810882
2025-03-14,SSI,34700.0,35450.0,34550.0,35300.0,25607501
2025-03-17,SSI,35350.0,35550.0,34900.0,34900.0,25162263
2025-03-18,SSI,35150.0,35550.0,34850.0,35550.0,36842678
2025-03-19,SSI,35550.0,35750.0,35300.0,35350.0,22142019
2025-03-20,SSI,35300.0,35550.0,34050.0,34300.0,43453895
2025-03-21,SSI,34350.0,34550.0,33150.0,33150.0,29359356
2025-03-24,SSI,33200.0,33200.0,31550.0,31850.0,49260926
2025-03-25,SSI,31650.0,32200.0,31650.0,32150.0,27787076
2025-03-26,SSI,32350.0,32350.0,29900.0,30200.0,56386114
2025-03-27,SSI,30200.0,30300.0,30150.0,30200.0,28658905
2025-03-28,SSI,30050.0,30150.0,29050.0,29150.0,28467029
2025-03-31,SSI,29100.0,29600.0,29100.0,29550.0,38031877
2025-04-01,SSI,29750.0,29800.0,29550.0,29650.0,20582871
2025-04-02,SSI,29550.0,30600.0,29450.0,30600.0,36797570
2025-04-03,SSI,30400.0,30550.0,29350.0,29500.0,38716964
2025-04-04,SSI,29400.0,29450.0,28950.0,29050.0,24874821
2025-04-07,SSI,29300.0,31100.0,29200.0,31000.0,52853080
2025-04-08,SSI,31150.0,31900.0,31100.0,31900.0,34352358
2025-04-09,SSI,32000.0,32100.0,31350.0,31350.0,24348322
2025-04-10,SSI,31350.0,31850.0,31100.0,31600.0,35691343
2025-04-11,SSI,31900.0,32100.0,31750.0,32050.0,21065853
2025-04-14,SSI,32050.0,32300.0,32000.0,32150.0,28900870
2025-04-15,SSI,32100.0,32300.0,29600.0,30200.0,53990580
2025-04-16,SSI,30450.0,30650.0,29350.0,29550.0,44172893
2025-04-17,SSI,29600.0,29600.0,29150.0,29150.0,34738720
2025-04-18,SSI,29300.0,30250.0,29100.0,30000.0,40367601
2025-04-21,SSI,30000.0,30450.0,29900.0,30350.0,28064464
2025-04-22,SSI,30250.0,30900.0,30100.0,30800.0,25624281
2025-04-23,SSI,30650.0,30800.0,30200.0,30300.0,26237196
2025-04-24,SSI,30250.0,30900.0,30150.0,30850.0,40019717
2025-04-25,SSI,30750.0,30800.0,30150.0,30350.0,39550513
2025-04-28,SSI,30350.0,30500.0,30350.0,30350.0,23346665
2025-04-29,SSI,30250.0,30850.0,29850.0,30800.0,32890171
2025-04-30,SSI,30750.0,30900.0,29950.0,30100.0,33719986
2025-05-01,SSI,30050.0,30450.0,29900.0,29950.0,28733722
2025-05-02,SSI,29800.0,29850.0,29450.0,29750.0,27840884
2025-05-05,SSI,29750.0,29950.0,29150.0,29400.0,27540368
2025-05-06,SSI,29450.0,29600.0,29150.0,29400.0,28450867
2025-05-07,SSI,29450.0,29600.0,28300.0,28450.0,34618304
2025-05-08,SSI,28500.0,29600.0,28450.0,29550.0,39939857
2025-05-09,SSI,29500.0,29550.0,28400.0,28500.0,36565806
2025-05-12,SSI,28500.0,29500.0,28400.0,29250.0,34649843
2025-05-13,SSI,29250.0,29450.0,29100.0,29200.0,33839796
2025-05-14,SSI,29150.0,29300.0,28500.0,28800.0,40842100
2025-05-15,SSI,28750.0,29200.0,28550.0,29200.0,39520234
2025-05-16,SSI,29400.0,29450.0,27950.0,28050.0,45987904
2025-05-19,SSI,28000.0,28050.0,27250.0,27350.0,34847511
2025-05-20,SSI,27450.0,27550.0,26350.0,26500.0,36956402
2025-05-21,SSI,26550.0,26650.0,26400.0,26450.0,34210238
2025-05-22,SSI,26500.0,26850.0,24950.0,25100.0,47068317
2025-05-23,SSI,25050.0,25150.0,24500.0,24750.0,25583132
2025-05-26,SSI,24650.0,24950.0,24350.0,24550.0,33418212
2025-05-27,SSI,24600.0,26400.0,24600.0,26250.0,38648226
2025-05-28,SSI,26250.0,27200.0,26200.0,26850.0,45185685
2025-05-29,SSI,26850.0,27750.0,26800.0,27300.0,27594824
2025-05-30,SSI,27300.0,28650.0,27300.0,28350.0,41880864
2025-06-02,SSI,28450.0,29000.0,28450.0,29000.0,29238766
2025-06-03,SSI,28950.0,29000.0,27350.0,27800.0,47163076
2025-06-04,SSI,28050.0,28250.0,28000.0,28250.0,31226785
2025-06-05,SSI,28200.0,28600.0,28100.0,28600.0,27711800
2025-06-06,SSI,28700.0,29450.0,28600.0,29450.0,28475410
2025-06-09,SSI,29650.0,29900.0,29600.0,29750.0,22917683
2025-06-10,SSI,29600.0,29700.0,28250.0,28300.0,37980192
2025-06-11,SSI,28200.0,29050.0,27850.0,29000.0,30853017
2025-06-12,SSI,28850.0,30650.0,28550.0,30600.0,52571907
2025-06-13,SSI,30800.0,31750.0,30550.0,31700.0,36684711
2025-06-16,SSI,31750.0,32700.0,31700.0,32550.0,26163835
2025-06-17,SSI,32350.0,33450.0,32100.0,33450.0,43702793
2025-06-18,SSI,33550.0,33700.0,33500.0,33650.0,24268448
2025-06-19,SSI,33450.0,34950.0,33200.0,34750.0,37769197
2025-06-20,SSI,34800.0,36250.0,34550.0,35750.0,31167502
2025-06-23,SSI,35850.0,36000.0,34650.0,34700.0,40907667
2025-06-24,SSI,34500.0,36350.0,34200.0,36300.0,50578232
2025-06-25,SSI,36350.0,36550.0,35400.0,35500.0,29806598
2025-06-26,SSI,35350.0,36150.0,35250.0,36000.0,33280416
2025-06-27,SSI,36100.0,36800.0,35700.0,36550.0,37056885
2025-06-30,SSI,36100.0,36250.0,35900.0,36200.0,26558940
2025-07-01,SSI,36200.0,38150.0,36100.0,38000.0,45412610
2025-07-02,SSI,38100.0,38200.0,37100.0,37300.0,34109822
2025-07-03,SSI,37400.0,38400.0,37250.0,38300.0,34914023
2025-07-04,SSI,38300.0,38400.0,37150.0,37450.0,34439751
2025-07-07,SSI,37600.0,37700.0,36450.0,36550.0,36928285
2025-07-08,SSI,36600.0,36800.0,36450.0,36750.0,26594149
2025-07-09,SSI,36750.0,37050.0,36700.0,36900.0,22586124
2025-07-10,SSI,37050.0,37150.0,35700.0,36050.0,33283042
2025-07-11,SSI,35800.0,38450.0,35450.0,38100.0,52411358
2025-07-14,SSI,38000.0,41000.0,37600.0,40700.0,56556389
2025-07-15,SSI,40550.0,41600.0,40300.0,41400.0,32540147
2025-07-16,SSI,41450.0,42050.0,40950.0,41450.0,30065551
2025-07-17,SSI,41500.0,42650.0,41450.0,42400.0,39738397
2025-07-18,SSI,42200.0,42250.0,40950.0,41050.0,40045541
2025-07-21,SSI,41100.0,41150.0,40350.0,40700.0,23523144
2025-07-22,SSI,40750.0,41850.0,40700.0,41700.0,30315695
2025-07-23,SSI,41600.0,41600.0,40300.0,40700.0,27995181
2025-07-24,SSI,40850.0,41100.0,40750.0,41050.0,22111089
2025-07-25,SSI,41050.0,42400.0,40500.0,42300.0,40310666
2025-07-28,SSI,42450.0,42700.0,42100.0,42400.0,26341237
2025-07-29,SSI,42300.0,42450.0,40450.0,41000.0,35673045
2025-07-30,SSI,41100.0,42050.0,40600.0,41350.0,35352209
2025-07-31,SSI,41250.0,43350.0,40900.0,43250.0,39383433
2025-08-01,SSI,43250.0,43550.0,42050.0,42300.0,38623766
2025-08-04,SSI,42550.0,43350.0,42450.0,43300.0,23801818
2025-08-05,SSI,43500.0,43750.0,42200.0,42300.0,31990305
2025-08-06,SSI,42100.0,43800.0,42100.0,43400.0,29341115
2025-08-07,SSI,43500.0,43600.0,40950.0,41200.0,46152134
2025-08-08,SSI,41100.0,42750.0,40850.0,42550.0,33406840
2025-08-11,SSI,42350.0,43850.0,42150.0,43800.0,29409111
2025-08-12,SSI,43900.0,44350.0,43800.0,44150.0,20929483
2025-08-13,SSI,44000.0,44100.0,42300.0,42650.0,41904487
2025-08-14,SSI,42650.0,43050.0,42500.0,42850.0,33974152
2025-08-15,SSI,42850.0,44750.0,42600.0,44650.0,40091243
2025-08-18,SSI,44550.0,46050.0,44550.0,45800.0,30178799
2025-08-19,SSI,45850.0,47700.0,45550.0,47100.0,31932106
2025-08-20,SSI,47250.0,50100.0,47050.0,49900.0,45826339
2025-08-21,SSI,50400.0,50700.0,49950.0,50200.0,33775022
2025-08-22,SSI,50400.0,51600.0,50100.0,51500.0,37931477
2025-08-25,SSI,51800.0,51850.0,50950.0,50950.0,28213136
2025-08-26,SSI,51100.0,51500.0,49550.0,49850.0,38191364
2025-08-27,SSI,49900.0,51300.0,49500.0,50950.0,27810228
2025-08-28,SSI,50750.0,52250.0,50500.0,51650.0,31657084
2025-08-29,SSI,51850.0,52400.0,51100.0,51550.0,28408735
2025-09-01,SSI,51250.0,53100.0,51100.0,52850.0,43758453
2025-09-02,SSI,52850.0,52900.0,51600.0,51800.0,30445218
2025-09-03,SSI,51750.0,51800.0,50500.0,50750.0,35320495
2025-09-04,SSI,50750.0,51350.0,50100.0,50200.0,27144618
2025-09-05,SSI,50150.0,50150.0,47250.0,47800.0,52900725
2025-09-08,SSI,48050.0,48650.0,47300.0,47950.0,35600284
2025-09-09,SSI,47850.0,50800.0,47750.0,50500.0,47616782
2025-09-10,SSI,50300.0,51350.0,50100.0,51250.0,40126225
2025-09-11,SSI,51350.0,51400.0,48950.0,49400.0,44202452
2025-09-12,SSI,49300.0,49650.0,48950.0,48950.0,30973719
2025-09-15,SSI,49000.0,52550.0,48650.0,52350.0,46573738
2025-09-16,SSI,52250.0,52400.0,51800.0,52200.0,25571059
2025-09-17,SSI,52300.0,53150.0,51950.0,53000.0,37123440
2025-09-18,SSI,53200.0,55250.0,52750.0,54700.0,33194599
2025-09-19,SSI,54500.0,55050.0,54400.0,54900.0,28469264
2025-09-22,SSI,55100.0,56050.0,54500.0,55700.0,33030946
2025-09-23,SSI,55600.0,55600.0,53450.0,53550.0,32703236
2025-09-24,SSI,53450.0,53600.0,50300.0,50400.0,42842178
2025-09-25,SSI,50100.0,50500.0,50000.0,50100.0,35224850
2025-09-26,SSI,50550.0,50950.0,48550.0,48800.0,48040083
2025-09-29,SSI,48550.0,49050.0,47600.0,47700.0,27532342
2025-09-30,SSI,47400.0,49950.0,47350.0,49450.0,48894230
2025-10-01,SSI,49400.0,51600.0,49200.0,51500.0,34314002
2025-10-02,SSI,51100.0,51700.0,49550.0,49600.0,31427804
2025-10-03,SSI,49650.0,51600.0,49400.0,51250.0,41790526
2025-10-06,SSI,51300.0,52400.0,51050.0,51800.0,27034399
2025-10-07,SSI,51700.0,52400.0,51200.0,51200.0,38556003
2025-10-08,SSI,51200.0,51750.0,50800.0,50850.0,37914515
2025-10-09,SSI,50950.0,51950.0,50500.0,51450.0,35609684
2025-10-10,SSI,51700.0,51750.0,48650.0,49050.0,48600121
2025-10-13,SSI,49150.0,49200.0,48050.0,48100.0,27168117
2025-10-14,SSI,48250.0,49500.0,48050.0,49000.0,30577229
2025-10-15,SSI,49000.0,50400.0,48900.0,50350.0,38774355
2025-10-16,SSI,50250.0,51200.0,49900.0,51150.0,32205173
2025-10-17,SSI,50650.0,51400.0,50550.0,51000.0,33720393
2025-10-20,SSI,50800.0,50850.0,50750.0,50850.0,27637370
2025-10-21,SSI,50400.0,50400.0,49150.0,49300.0,24461942
2025-10-22,SSI,49050.0,49500.0,48950.0,49450.0,30069395
2025-10-23,SSI,49350.0,49550.0,47050.0,47100.0,45393135
2025-10-24,SSI,46900.0,49200.0,46600.0,49100.0,44752991
2025-10-27,SSI,49300.0,52000.0,48950.0,51800.0,51499950
2025-10-28,SSI,51450.0,54150.0,51450.0,54000.0,34511100
2025-10-29,SSI,54150.0,54250.0,52350.0,52750.0,31781998
2025-10-30,SSI,53050.0,53650.0,52700.0,53600.0,21483745
2025-10-31,SSI,53400.0,54400.0,53400.0,53800.0,28658973
2025-11-03,SSI,53750.0,55950.0,53300.0,55750.0,45663214
2025-11-04,SSI,56150.0,56600.0,54650.0,54950.0,29501825
2025-11-05,SSI,55250.0,56900.0,55150.0,56250.0,33346733
2025-11-06,SSI,56350.0,58300.0,56300.0,57700.0,30976707
2025-11-07,SSI,57500.0,61300.0,56800.0,61300.0,43469630
2025-11-10,SSI,61400.0,61600.0,59500.0,59650.0,30214662
2025-11-11,SSI,59900.0,63300.0,59400.0,62800.0,51382969
2025-11-12,SSI,62800.0,63050.0,61850.0,62000.0,31224161
2025-11-13,SSI,61750.0,62350.0,61450.0,62200.0,35574145
2025-11-14,SSI,62250.0,62400.0,61000.0,61050.0,33129180
2025-11-17,SSI,60900.0,62350.0,60550.0,62250.0,32478381
2025-11-18,SSI,62100.0,64350.0,61750.0,64200.0,35112218
2025-11-19,SSI,63700.0,64850.0,63250.0,64700.0,36330414
2025-11-20,SSI,65050.0,65100.0,62450.0,63050.0,35839012
2025-11-21,SSI,63500.0,63650.0,62200.0,62500.0,39236750
2025-11-24,SSI,62600.0,64600.0,62500.0,63500.0,32540556
2025-11-25,SSI,63900.0,65100.0,62650.0,64700.0,34236258
2025-11-26,SSI,64950.0,65450.0,63650.0,63900.0,35709485
2025-11-27,SSI,63750.0,63800.0,63050.0,63350.0,31249486
2025-11-28,SSI,63500.0,64000.0,61900.0,62450.0,29927362
2025-12-01,SSI,62500.0,63150.0,62000.0,63000.0,36227166
2025-12-02,SSI,63050.0,63350.0,63000.0,63200.0,17730110
2025-12-03,SSI,62750.0,63700.0,62550.0,63650.0,32405080
2025-12-04,SSI,63450.0,65550.0,63100.0,65100.0,32362129
2025-12-05,SSI,65400.0,67300.0,65300.0,66900.0,30275866
2025-12-08,SSI,66850.0,66900.0,64100.0,64500.0,46920971
2025-12-09,SSI,64650.0,64950.0,62450.0,62500.0,34174964
2025-12-10,SSI,62750.0,63750.0,62600.0,63500.0,35388340
2025-12-11,SSI,63250.0,64200.0,61150.0,61550.0,44594198
2025-12-12,SSI,61400.0,63350.0,60900.0,62700.0,38156818
2025-12-15,SSI,62550.0,65450.0,62100.0,65400.0,43713224
2025-12-16,SSI,65300.0,67850.0,65000.0,67700.0,40746830
2025-12-17,SSI,67150.0,68350.0,66850.0,68050.0,35874341
2025-12-18,SSI,67600.0,67850.0,66700.0,66800.0,27370146
2025-12-19,SSI,67000.0,67800.0,66400.0,67550.0,25012463
2025-12-22,SSI,67700.0,70350.0,67050.0,70150.0,42405410
2025-12-23,SSI,69950.0,70500.0,67150.0,67600.0,46551903
2025-12-24,SSI,67950.0,69300.0,67150.0,68300.0,25847064
2025-12-25,SSI,68500.0,70900.0,68100.0,70450.0,29718589
2025-12-26,SSI,70400.0,72350.0,69950.0,71300.0,43552875
2025-12-29,SSI,71050.0,76750.0,70750.0,76200.0,57038676
2025-12-30,SSI,76150.0,76600.0,72900.0,73550.0,49586163
2025-12-31,SSI,73350.0,74950.0,73250.0,74900.0,27297446
2026-01-01,SSI,75250.0,75800.0,72950.0,73100.0,39612955
2026-01-02,SSI,73050.0,77050.0,72500.0,75950.0,43077551
2026-01-05,SSI,75650.0,78350.0,75300.0,78350.0,35532070
2026-01-06,SSI,78050.0,81250.0,77700.0,81000.0,41336554
2026-01-07,SSI,80750.0,81650.0,80450.0,80950.0,29224940
2026-01-08,SSI,81100.0,81800.0,78300.0,79300.0,36261084
2026-01-09,SSI,79450.0,80600.0,79050.0,80250.0,24372002
2026-01-12,SSI,80650.0,84200.0,79850.0,83600.0,48590032
2026-01-13,SSI,83800.0,84300.0,83000.0,83500.0,32588677
2026-01-14,SSI,83700.0,84250.0,83050.0,83350.0,23515494
2026-01-15,SSI,83750.0,83800.0,82150.0,82450.0,35860554
2026-01-16,SSI,83050.0,83150.0,82900.0,82900.0,27306603
2026-01-19,SSI,82850.0,84300.0,82600.0,84250.0,34667693
2026-01-20,SSI,84750.0,84950.0,84100.0,84650.0,29150238
2026-01-21,SSI,84950.0,85450.0,84900.0,85200.0,18818615
2026-01-22,SSI,85000.0,88200.0,84950.0,87550.0,43922844
2026-01-23,SSI,87900.0,88650.0,86900.0,87350.0,26415358
2026-01-26,SSI,87300.0,87450.0,84950.0,85100.0,25137022
2026-01-27,SSI,85400.0,85950.0,85050.0,85900.0,19001474
2026-01-28,SSI,86000.0,87250.0,85850.0,86800.0,22408637
2026-01-29,SSI,87100.0,88800.0,86850.0,88500.0,24998216
2026-01-30,SSI,87800.0,90850.0,87650.0,90350.0,41445594
2026-02-02,SSI,90250.0,90800.0,87750.0,88250.0,26890326
2026-02-03,SSI,88600.0,89850.0,87800.0,87950.0,31117606
2026-02-04,SSI,88100.0,88550.0,88000.0,88450.0,27550905
2026-02-05,SSI,88250.0,88750.0,86850.0,87400.0,27911042
2026-02-06,SSI,87350.0,87850.0,84350.0,84400.0,44657646
2026-02-09,SSI,84200.0,85000.0,83300.0,83400.0,32800779
2026-02-10,SSI,82750.0,86550.0,82600.0,86250.0,44608987
2026-02-11,SSI,86200.0,86250.0,85050.0,85950.0,21271403
2026-02-12,SSI,85550.0,86250.0,80600.0,81100.0,49389553
2026-02-13,SSI,80550.0,80800.0,79250.0,79400.0,27692698
2026-02-16,SSI,79500.0,79700.0,78200.0,78550.0,38593916
2026-02-17,SSI,78850.0,79350.0,78450.0,78450.0,31161027
2026-02-18,SSI,78750.0,79250.0,77950.0,78050.0,22502902
2026-02-19,SSI,78200.0,79200.0,77850.0,78650.0,22391223
2026-02-20,SSI,78600.0,78700.0,75900.0,76200.0,29255434
2026-02-23,SSI,76600.0,76900.0,74300.0,74500.0,38568254
2026-02-24,SSI,74100.0,75600.0,73050.0,75550.0,32933993
2026-02-25,SSI,75400.0,76300.0,75100.0,76150.0,26209864
2026-02-26,SSI,76100.0,78100.0,75950.0,78000.0,28822692
2026-02-27,SSI,77950.0,80850.0,77850.0,79950.0,42380512
2026-03-02,SSI,80300.0,80800.0,80100.0,80250.0,33039611
2026-03-03,SSI,80450.0,81250.0,76700.0,76950.0,48402919
2026-03-04,SSI,76800.0,77250.0,75250.0,75750.0,30614868
2026-03-05,SSI,75600.0,77150.0,75450.0,77100.0,22837976
2026-03-06,SSI,76750.0,77750.0,74150.0,74850.0,38762560
2026-03-09,SSI,74350.0,74600.0,71900.0,72200.0,44711154
2026-03-10,SSI,71800.0,73350.0,71150.0,73300.0,33460589
2026-03-11,SSI,73750.0,74000.0,70950.0,71200.0,46221239
2026-03-12,SSI,70750.0,73750.0,69850.0,73600.0,45110095
2026-03-13,SSI,73500.0,73500.0,70650.0,71150.0,33566657
2026-03-16,SSI,71150.0,71750.0,67600.0,68350.0,38651747
2026-03-17,SSI,68550.0,69700.0,68250.0,69600.0,27431273
2026-03-18,SSI,69350.0,70250.0,68850.0,70000.0,34148132
2026-03-19,SSI,69950.0,70550.0,67150.0,67500.0,32636824
2026-03-20,SSI,67650.0,69050.0,67200.0,68700.0,24604933
2026-03-23,SSI,68550.0,68900.0,67800.0,68000.0,22297462
2026-03-24,SSI,67800.0,68000.0,65800.0,65900.0,40200533
2026-03-25,SSI,66250.0,66800.0,64700.0,64800.0,27762864
2026-03-26,SSI,65150.0,69350.0,64950.0,69300.0,36595113
2026-03-27,SSI,69250.0,69500.0,68550.0,69000.0,28510979
2026-03-30,SSI,68950.0,69600.0,68800.0,69250.0,27361124
2026-03-31,SSI,68550.0,68950.0,67500.0,68050.0,37492342
2026-04-01,SSI,68050.0,68600.0,67850.0,68450.0,23425035
2026-04-02,SSI,68400.0,70750.0,67800.0,70250.0,34222317
2026-04-03,SSI,69950.0,70150.0,69700.0,69750.0,24673495
2026-04-06,SSI,69650.0,72000.0,69550.0,71250.0,30280000
2026-04-07,SSI,70950.0,71400.0,69600.0,70550.0,25666544
2026-04-08,SSI,70650.0,70700.0,69450.0,69550.0,23144326
2026-04-09,SSI,69850.0,73400.0,69100.0,72850.0,43916445
2026-04-10,SSI,72800.0,72900.0,69200.0,69400.0,49258187
2026-04-13,SSI,69600.0,70850.0,69100.0,70700.0,32477655
2026-04-14,SSI,70800.0,71450.0,70400.0,71150.0,36759244
2026-04-15,SSI,70500.0,70900.0,68300.0,68550.0,28761004
2026-04-16,SSI,68350.0,69800.0,67400.0,67700.0,41877864
2026-04-17,SSI,67900.0,69200.0,67900.0,68800.0,25816316
2026-04-20,SSI,68850.0,70400.0,68800.0,70000.0,26464217
2026-04-21,SSI,69650.0,73100.0,69300.0,72850.0,34525858
2026-04-22,SSI,73000.0,73750.0,71200.0,71350.0,35080711
2026-04-23,SSI,70900.0,73250.0,70850.0,73000.0,32545560
2026-04-24,SSI,73000.0,73500.0,69550.0,69650.0,49753160
2026-04-27,SSI,69500.0,71450.0,69300.0,70850.0,29628760
2026-04-28,SSI,71100.0,71550.0,70050.0,70700.0,28178133
2026-04-29,SSI,71000.0,71100.0,68950.0,69400.0,31053068
2026-04-30,SSI,69400.0,69700.0,65750.0,66150.0,39042576
2026-05-01,SSI,66650.0,66850.0,64300.0,64900.0,44482507
2026-05-04,SSI,64750.0,67050.0,64500.0,66700.0,43548506
2026-05-05,SSI,66650.0,69100.0,66200.0,68800.0,43689471
2026-05-06,SSI,69000.0,69000.0,67750.0,67850.0,35486757
2026-05-07,SSI,67450.0,69950.0,67400.0,69600.0,31240274
2026-05-08,SSI,69450.0,71350.0,68900.0,71150.0,32234061
2026-05-11,SSI,71600.0,72250.0,71000.0,71850.0,33644372
2026-05-12,SSI,71750.0,73050.0,70150.0,70200.0,34361920
2026-05-13,SSI,70150.0,70150.0,68300.0,68700.0,24624618
2026-05-14,SSI,68700.0,68800.0,68600.0,68750.0,33687181
2026-05-15,SSI,68600.0,68900.0,68400.0,68500.0,24270893
2026-05-18,SSI,68450.0,68750.0,67650.0,67950.0,24012352
2026-05-19,SSI,68300.0,69150.0,64700.0,64950.0,44648047
2026-05-20,SSI,65250.0,68050.0,64650.0,67650.0,33266052
2026-05-21,SSI,68050.0,69200.0,67500.0,69150.0,35195681
2026-05-22,SSI,69100.0,70150.0,69100.0,70050.0,29749300
2026-05-25,SSI,69750.0,72500.0,69350.0,72100.0,44683365
2026-05-26,SSI,72200.0,72500.0,70100.0,70350.0,30513080
2026-05-27,SSI,70350.0,70750.0,67800.0,68200.0,42366684
2026-05-28,SSI,68650.0,68900.0,67750.0,68400.0,28022307
2026-05-29,SSI,68600.0,69200.0,67950.0,68250.0,25670486
2026-06-01,SSI,68450.0,68750.0,64850.0,65350.0,38030323
2026-06-02,SSI,65400.0,67950.0,64950.0,67400.0,44704281
2026-06-03,SSI,67450.0,72550.0,66850.0,71600.0,52667858
2026-06-04,SSI,71800.0,74700.0,71300.0,74650.0,42150449
2026-06-05,SSI,74600.0,74700.0,74300.0,74550.0,24905454
2026-06-08,SSI,74650.0,74850.0,70150.0,71250.0,39708201
2026-06-09,SSI,71050.0,71400.0,68250.0,68550.0,33402950
2026-06-10,SSI,68100.0,72600.0,67250.0,72550.0,49206254
2026-06-11,SSI,72750.0,73950.0,72300.0,73650.0,38439276
2026-06-12,SSI,73300.0,76000.0,73150.0,75850.0,42624163
2026-06-15,SSI,76250.0,77000.0,70200.0,70600.0,59934526
2026-06-16,SSI,70050.0,70850.0,69350.0,69950.0,37686921
2026-06-17,SSI,70150.0,70600.0,69750.0,70050.0,29242440
2026-06-18,SSI,70200.0,73300.0,70100.0,73100.0,39452642
2026-06-19,SSI,72600.0,72750.0,71150.0,71800.0,26691919
2026-06-22,SSI,71250.0,71250.0,70200.0,71050.0,32298139
2026-06-23,SSI,71150.0,71800.0,70850.0,71500.0,28649355
2026-06-24,SSI,71650.0,74650.0,71200.0,74400.0,31035254
2026-06-25,SSI,74150.0,74250.0,71000.0,71500.0,40399116
2026-06-26,SSI,71750.0,72450.0,69350.0,69650.0,40309948
2026-06-29,SSI,69400.0,69650.0,68800.0,69000.0,24629660
2026-06-30,SSI,68900.0,69200.0,65250.0,65600.0,45628045
2026-07-01,SSI,65200.0,70300.0,64750.0,70150.0,51857055
2026-07-02,SSI,69950.0,70150.0,66000.0,66200.0,39769391
2026-07-03,SSI,66250.0,66750.0,63150.0,63400.0,43196203
2026-07-06,SSI,63200.0,65200.0,63000.0,64850.0,34138108
2026-07-07,SSI,64950.0,65000.0,63250.0,63650.0,30456655
2026-07-08,SSI,63300.0,64500.0,62850.0,64250.0,38602319
2026-07-09,SSI,64300.0,64650.0,64000.0,64200.0,23028845
2026-07-10,SSI,64050.0,65300.0,63300.0,64850.0,26258149
2026-07-13,SSI,65050.0,65150.0,63100.0,63150.0,30521429
2026-07-14,SSI,63100.0,63300.0,62100.0,62400.0,39291844
2026-07-15,SSI,62500.0,63350.0,62200.0,62650.0,31612564
2026-07-16,SSI,62400.0,65100.0,62350.0,64400.0,32097227
2026-07-17,SSI,64150.0,64550.0,62800.0,63000.0,31915585
2026-07-20,SSI,62650.0,62750.0,61500.0,61550.0,31428599
2026-07-21,SSI,61700.0,63550.0,61400.0,63000.0,36323722
2026-07-22,SSI,62950.0,63100.0,62050.0,62550.0,30247584
2026-07-23,SSI,62850.0,65450.0,62800.0,65400.0,36823760
2026-07-24,SSI,65150.0,65600.0,60900.0,61350.0,43734726
2026-07-27,SSI,61550.0,61950.0,60100.0,60300.0,25526895
2026-07-28,SSI,60100.0,61650.0,60050.0,61400.0,27938046
2026-07-29,SSI,61200.0,61250.0,61100.0,61250.0,27702164
2026-07-30,SSI,60950.0,61350.0,59300.0,59400.0,28417999
2026-07-31,SSI,59650.0,60000.0,58950.0,59800.0,27571784
2026-08-03,SSI,59300.0,60950.0,59050.0,60000.0,41179355
2026-08-04,SSI,59900.0,60200.0,58950.0,59000.0,33337484
2026-08-05,SSI,59150.0,59250.0,57450.0,57750.0,36321671
2026-08-06,SSI,57700.0,58050.0,57250.0,57900.0,27089515
2026-08-07,SSI,58050.0,58350.0,55400.0,55450.0,38497764
2026-08-10,SSI,55400.0,56000.0,55150.0,56000.0,31473020
2026-08-11,SSI,55900.0,57000.0,55250.0,56950.0,40787306
2026-08-12,SSI,57200.0,57350.0,57050.0,57050.0,34220789
2026-08-13,SSI,56900.0,57750.0,56650.0,57450.0,27257242
2026-08-14,SSI,57250.0,57950.0,57250.0,57800.0,31410767
2026-08-17,SSI,57700.0,58100.0,56700.0,56750.0,29335544
2026-08-18,SSI,56950.0,57150.0,55500.0,55500.0,31349750
2026-08-19,SSI,55050.0,55900.0,55000.0,55550.0,35293325
2026-08-20,SSI,55500.0,55850.0,54000.0,54050.0,40917947
2026-08-21,SSI,54050.0,54300.0,53450.0,54300.0,29329000
2026-08-24,SSI,54350.0,54450.0,53650.0,53900.0,25224048
2026-08-25,SSI,53900.0,54500.0,49850.0,50200.0,51403529
2026-08-26,SSI,50600.0,50950.0,49250.0,49700.0,37007526
2026-08-27,SSI,49550.0,50000.0,49150.0,49850.0,30680444
2026-08-28,SSI,49750.0,50450.0,49700.0,50450.0,24456580
2026-08-31,SSI,50600.0,51700.0,50100.0,51650.0,26124408
