Date,Symbol,Open,High,Low,Close,Volume
2018-01-01,STB,14050.0,14150.0,14000.0,14000.0,26264057
2018-01-02,STB,14100.0,14250.0,14000.0,14100.0,26413162
2018-01-03,STB,14100.0,14150.0,13950.0,13950.0,27464203
2018-01-04,STB,14000.0,14250.0,13950.0,14150.0,24940244
2018-01-05,STB,14150.0,14500.0,14150.0,14450.0,28977947
2018-01-08,STB,14450.0,15300.0,14300.0,15300.0,47519598
2018-01-09,STB,15350.0,15400.0,15300.0,15350.0,20670677
2018-01-10,STB,15250.0,15750.0,15150.0,15650.0,31032785
2018-01-11,STB,15700.0,15750.0,15650.0,15700.0,19576541
2018-01-12,STB,15600.0,15650.0,15550.0,15650.0,31744833
2018-01-15,STB,15650.0,15850.0,15500.0,15650.0,32973607
2018-01-16,STB,15650.0,16050.0,15450.0,16000.0,32130541
2018-01-17,STB,16000.0,16250.0,15950.0,16200.0,29455387
2018-01-18,STB,16200.0,16300.0,15600.0,15700.0,39758044
2018-01-19,STB,15750.0,15850.0,15500.0,15500.0,23428457
2018-01-22,STB,15650.0,16100.0,15650.0,15900.0,30776312
2018-01-23,STB,15800.0,16600.0,15750.0,16500.0,34657056
2018-01-24,STB,16500.0,16600.0,15750.0,15850.0,32346905
2018-01-25,STB,15950.0,16150.0,15900.0,16150.0,21247521
2018-01-26,STB,16250.0,16550.0,16150.0,16500.0,21303571
2018-01-29,STB,16500.0,16550.0,16150.0,16300.0,28775119
2018-01-30,STB,16400.0,16600.0,16300.0,16500.0,22364115
2018-01-31,STB,16450.0,17250.0,16400.0,17000.0,44558454
2018-02-01,STB,17100.0,17400.0,17050.0,17350.0,24081789
2018-02-02,STB,17350.0,17500.0,17300.0,17300.0,25385398
2018-02-05,STB,17300.0,17400.0,16700.0,16900.0,36572354
2018-02-06,STB,16800.0,16850.0,15900.0,15900.0,39282796
2018-02-07,STB,15900.0,15950.0,15350.0,15400.0,38129311
2018-02-08,STB,15500.0,15600.0,15450.0,15500.0,21790199
2018-02-09,STB,15400.0,15650.0,15300.0,15550.0,21504664
2018-02-12,STB,15600.0,15700.0,15100.0,15300.0,33824102
2018-02-13,STB,15400.0,15500.0,15250.0,15250.0,29058184
2018-02-14,STB,15250.0,15450.0,15050.0,15350.0,29684216
2018-02-15,STB,15400.0,15450.0,15150.0,15300.0,24000557
2018-02-16,STB,15350.0,15650.0,15300.0,15550.0,26532345
2018-02-19,STB,15550.0,16200.0,15500.0,16150.0,27209616
2018-02-20,STB,16100.0,16250.0,15450.0,15550.0,40488887
2018-02-21,STB,15450.0,16000.0,15350.0,15900.0,33858444
2018-02-22,STB,15900.0,16000.0,15600.0,15700.0,34940826
2018-02-23,STB,15750.0,15900.0,15600.0,15600.0,21347887
2018-02-26,STB,15700.0,16150.0,15650.0,15900.0,38476552
2018-02-27,STB,15850.0,16000.0,15350.0,15550.0,34350894
2018-02-28,STB,15600.0,15750.0,15450.0,15550.0,27787007
2018-03-01,STB,15600.0,15850.0,15550.0,15850.0,20090920
2018-03-02,STB,15900.0,15950.0,15550.0,15750.0,24095327
2018-03-05,STB,15750.0,16000.0,15700.0,15950.0,22060935
2018-03-06,STB,15950.0,16150.0,15900.0,16000.0,28244141
2018-03-07,STB,16000.0,16100.0,15700.0,15800.0,24448414
2018-03-08,STB,15800.0,16700.0,15750.0,16450.0,32844462
2018-03-09,STB,16400.0,17100.0,16400.0,17000.0,35809188
2018-03-12,STB,17200.0,17200.0,16900.0,16900.0,31118255
2018-03-13,STB,16900.0,16950.0,16450.0,16600.0,24740197
2018-03-14,STB,16550.0,16750.0,16300.0,16350.0,32107373
2018-03-15,STB,16450.0,16450.0,16250.0,16350.0,20989371
2018-03-16,STB,16450.0,16550.0,16250.0,16250.0,33223531
2018-03-19,STB,16250.0,17050.0,16200.0,16850.0,42575570
2018-03-20,STB,16800.0,16850.0,16100.0,16250.0,41039036
2018-03-21,STB,16200.0,17100.0,16150.0,16900.0,44052576
2018-03-22,STB,16850.0,17400.0,16800.0,17250.0,25448330
2018-03-23,STB,17150.0,17400.0,16950.0,17050.0,23465993
2018-03-26,STB,17100.0,17150.0,17000.0,17100.0,19552014
2018-03-27,STB,17150.0,17650.0,17100.0,17600.0,31674986
2018-03-28,STB,17600.0,17750.0,16450.0,16700.0,38103622
2018-03-29,STB,16650.0,16700.0,16350.0,16500.0,22090058
2018-03-30,STB,16450.0,17050.0,16450.0,17050.0,35664398
2018-04-02,STB,17100.0,17100.0,16450.0,16500.0,29453285
2018-04-03,STB,16500.0,16550.0,15700.0,15850.0,43639699
2018-04-04,STB,15800.0,15850.0,15550.0,15650.0,31621596
2018-04-05,STB,15650.0,15950.0,15550.0,15950.0,37460552
2018-04-06,STB,16050.0,16050.0,15900.0,15950.0,19029164
2018-04-09,STB,15950.0,16000.0,15850.0,15900.0,23702073
2018-04-10,STB,15850.0,15850.0,15500.0,15500.0,24999798
2018-04-11,STB,15400.0,16100.0,15400.0,16000.0,37343436
2018-04-12,STB,16000.0,16100.0,15950.0,15950.0,22707650
2018-04-13,STB,15800.0,16000.0,15500.0,15500.0,24860254
2018-04-16,STB,15500.0,15550.0,15300.0,15350.0,22510550
2018-04-17,STB,15250.0,15250.0,15100.0,15200.0,19968800
2018-04-18,STB,15150.0,15250.0,14850.0,14950.0,28476366
2018-04-19,STB,15000.0,15150.0,14950.0,15150.0,27450819
2018-04-20,STB,15100.0,15100.0,14900.0,15050.0,18261744
2018-04-23,STB,15000.0,15550.0,14950.0,15500.0,38718484
2018-04-24,STB,15500.0,15550.0,15450.0,15500.0,16660317
2018-04-25,STB,15450.0,15800.0,15350.0,15700.0,35591456
2018-04-26,STB,15750.0,16000.0,15750.0,16000.0,28518412
2018-04-27,STB,15900.0,16800.0,15900.0,16800.0,37245665
2018-04-30,STB,16700.0,16750.0,16500.0,16650.0,22374516
2018-05-01,STB,16600.0,16700.0,15850.0,15900.0,32899267
2018-05-02,STB,16000.0,16100.0,16000.0,16100.0,16564830
2018-05-03,STB,16150.0,16200.0,16000.0,16050.0,23789767
2018-05-04,STB,15950.0,16000.0,15650.0,15700.0,30333046
2018-05-07,STB,15700.0,15800.0,15550.0,15800.0,26103005
2018-05-08,STB,15750.0,16150.0,15650.0,16150.0,25092314
2018-05-09,STB,16150.0,16200.0,16050.0,16200.0,18806147
2018-05-10,STB,16300.0,16350.0,16050.0,16100.0,26539829
2018-05-11,STB,16150.0,16350.0,16100.0,16300.0,23426269
2018-05-14,STB,16300.0,16550.0,16100.0,16350.0,24425444
2018-05-15,STB,16350.0,16400.0,15850.0,16050.0,27791782
2018-05-16,STB,16050.0,16100.0,15800.0,15900.0,25866717
2018-05-17,STB,15850.0,16200.0,15800.0,16200.0,25171598
2018-05-18,STB,16200.0,16300.0,16000.0,16050.0,26563439
2018-05-21,STB,16050.0,16200.0,16000.0,16100.0,24567457
2018-05-22,STB,16100.0,16600.0,15900.0,16550.0,30381134
2018-05-23,STB,16500.0,16600.0,16200.0,16350.0,25753200
2018-05-24,STB,16350.0,17250.0,16250.0,17100.0,43712794
2018-05-25,STB,16950.0,17100.0,16900.0,16900.0,30565260
2018-05-28,STB,16900.0,17450.0,16850.0,17300.0,34441126
2018-05-29,STB,17200.0,17800.0,17150.0,17700.0,28698189
2018-05-30,STB,17700.0,17900.0,17600.0,17750.0,24036179
2018-05-31,STB,17850.0,17900.0,17100.0,17200.0,28816993
2018-06-01,STB,17250.0,17300.0,17050.0,17150.0,21825238
2018-06-04,STB,17050.0,17050.0,16600.0,16700.0,33944285
2018-06-05,STB,16750.0,16900.0,16650.0,16800.0,24107747
2018-06-06,STB,16700.0,17400.0,16650.0,17350.0,41625849
2018-06-07,STB,17350.0,18150.0,17250.0,18050.0,44654656
2018-06-08,STB,17950.0,18600.0,17750.0,18550.0,33532676
2018-06-11,STB,18600.0,18600.0,18450.0,18600.0,30655504
2018-06-12,STB,18500.0,18650.0,18300.0,18350.0,29858195
2018-06-13,STB,18400.0,19450.0,18350.0,19350.0,32088862
2018-06-14,STB,19350.0,19600.0,19350.0,19550.0,31675564
2018-06-15,STB,19450.0,19750.0,19300.0,19650.0,22785165
2018-06-18,STB,19650.0,19800.0,19350.0,19450.0,21332982
2018-06-19,STB,19350.0,19850.0,19200.0,19800.0,36601379
2018-06-20,STB,19700.0,20400.0,19600.0,20300.0,36051285
2018-06-21,STB,20400.0,20700.0,20400.0,20650.0,24169182
2018-06-22,STB,20650.0,20750.0,20450.0,20750.0,28977768
2018-06-25,STB,20900.0,20950.0,20650.0,20800.0,24357599
2018-06-26,STB,20800.0,20950.0,20700.0,20950.0,23199511
2018-06-27,STB,20900.0,20900.0,20500.0,20850.0,32917115
2018-06-28,STB,20750.0,21150.0,20600.0,21150.0,32542941
2018-06-29,STB,21150.0,21300.0,20500.0,20950.0,25621751
2018-07-02,STB,20900.0,21250.0,20750.0,20800.0,28835073
2018-07-03,STB,20900.0,20900.0,20200.0,20250.0,24788340
2018-07-04,STB,20200.0,20300.0,19200.0,19200.0,42521460
2018-07-05,STB,19300.0,20100.0,19300.0,19800.0,41178820
2018-07-06,STB,19850.0,19900.0,19700.0,19750.0,19019897
2018-07-09,STB,19700.0,20550.0,19600.0,20400.0,42733635
2018-07-10,STB,20300.0,21250.0,20200.0,21150.0,34789587
2018-07-11,STB,21100.0,21150.0,20800.0,21000.0,24949212
2018-07-12,STB,20900.0,21000.0,20400.0,20400.0,28650030
2018-07-13,STB,20250.0,20750.0,20150.0,20750.0,28069533
2018-07-16,STB,20450.0,20650.0,20400.0,20650.0,30051536
2018-07-17,STB,20600.0,21700.0,20450.0,21600.0,35838446
2018-07-18,STB,21650.0,22800.0,21400.0,22700.0,46846513
2018-07-19,STB,22900.0,23850.0,22850.0,23600.0,41963224
2018-07-20,STB,23500.0,23750.0,23400.0,23400.0,22367540
2018-07-23,STB,23500.0,23600.0,22850.0,23050.0,24427586
2018-07-24,STB,23000.0,23050.0,22850.0,22950.0,22464829
2018-07-25,STB,22950.0,23050.0,22150.0,22250.0,34173519
2018-07-26,STB,22200.0,22800.0,21900.0,22700.0,40743974
2018-07-27,STB,22750.0,22950.0,22700.0,22800.0,24965998
2018-07-30,STB,22750.0,23000.0,22500.0,22700.0,22985869
2018-07-31,STB,22700.0,23150.0,22500.0,22900.0,30305029
2018-08-01,STB,23000.0,23950.0,22850.0,23950.0,31733856
2018-08-02,STB,23900.0,24000.0,22300.0,22450.0,42594898
2018-08-03,STB,22400.0,22950.0,22300.0,22850.0,25340910
2018-08-06,STB,22850.0,23150.0,21850.0,21950.0,47741839
2018-08-07,STB,22100.0,22250.0,21600.0,21850.0,32530869
2018-08-08,STB,21800.0,22450.0,21700.0,22400.0,28649263
2018-08-09,STB,22350.0,23850.0,22250.0,23750.0,49098436
2018-08-10,STB,23650.0,24000.0,23600.0,24000.0,31576905
2018-08-13,STB,23950.0,25000.0,23800.0,24850.0,31131425
2018-08-14,STB,24800.0,24950.0,23700.0,23750.0,31049807
2018-08-15,STB,23750.0,24150.0,23600.0,23900.0,32441329
2018-08-16,STB,23850.0,24450.0,23750.0,24250.0,25224036
2018-08-17,STB,24350.0,24500.0,23200.0,23400.0,41116561
2018-08-20,STB,23500.0,24150.0,23450.0,24000.0,37316455
2018-08-21,STB,24050.0,24400.0,23950.0,24350.0,28897215
2018-08-22,STB,24450.0,24750.0,24200.0,24700.0,34304240
2018-08-23,STB,24650.0,24650.0,24300.0,24350.0,31860666
2018-08-24,STB,24200.0,24750.0,24150.0,24600.0,23243263
2018-08-27,STB,24700.0,25700.0,24700.0,25700.0,35130120
2018-08-28,STB,25750.0,26550.0,25750.0,26200.0,37168162
2018-08-29,STB,26150.0,27650.0,26100.0,27500.0,43013486
2018-08-30,STB,27550.0,27850.0,27100.0,27150.0,36753047
2018-08-31,STB,27250.0,27550.0,27000.0,27000.0,24096025
2018-09-03,STB,27200.0,27350.0,26700.0,26950.0,26370539
2018-09-04,STB,26900.0,27800.0,26750.0,27800.0,34240518
2018-09-05,STB,27700.0,28150.0,27550.0,28000.0,25948063
2018-09-06,STB,28100.0,28200.0,27550.0,27750.0,33648753
2018-09-07,STB,27750.0,28250.0,27700.0,28150.0,32194865
2018-09-10,STB,28100.0,29300.0,27900.0,29000.0,33388492
2018-09-11,STB,28950.0,29150.0,28900.0,29100.0,27227059
2018-09-12,STB,29200.0,29250.0,28600.0,28900.0,28703351
2018-09-13,STB,29200.0,29250.0,28900.0,29050.0,29722950
2018-09-14,STB,29050.0,29050.0,28500.0,28650.0,23478583
2018-09-17,STB,28600.0,28700.0,28250.0,28400.0,25410828
2018-09-18,STB,28300.0,28550.0,27250.0,27300.0,44150325
2018-09-19,STB,27200.0,27450.0,26950.0,27350.0,26434450
2018-09-20,STB,27200.0,27250.0,26000.0,26350.0,41133399
2018-09-21,STB,26400.0,26800.0,26400.0,26600.0,28177392
2018-09-24,STB,26550.0,26700.0,26150.0,26300.0,24179348
2018-09-25,STB,26400.0,27950.0,26250.0,27900.0,42104844
2018-09-26,STB,27900.0,28100.0,27700.0,27900.0,25612208
2018-09-27,STB,27900.0,29150.0,27850.0,29150.0,39373870
2018-09-28,STB,28900.0,28950.0,28250.0,28600.0,33280623
2018-10-01,STB,28700.0,28800.0,28250.0,28350.0,26414656
2018-10-02,STB,28250.0,28500.0,27700.0,28200.0,33987946
2018-10-03,STB,28250.0,29050.0,28000.0,29050.0,27908010
2018-10-04,STB,28900.0,30450.0,28750.0,30400.0,37937900
2018-10-05,STB,30450.0,31000.0,30400.0,30650.0,20624589
2018-10-08,STB,30850.0,31350.0,29400.0,29550.0,37060727
2018-10-09,STB,29650.0,30250.0,29650.0,30100.0,34953550
2018-10-10,STB,30000.0,30950.0,29700.0,30850.0,29806182
2018-10-11,STB,30900.0,32050.0,30650.0,31900.0,41931724
2018-10-12,STB,31550.0,32350.0,31250.0,32250.0,31281320
2018-10-15,STB,32200.0,32400.0,31050.0,31350.0,37152319
2018-10-16,STB,31250.0,32050.0,31050.0,31950.0,31276864
2018-10-17,STB,31950.0,32100.0,31100.0,31350.0,38673888
2018-10-18,STB,31250.0,31600.0,30950.0,31050.0,25819351
2018-10-19,STB,31100.0,31250.0,30100.0,30250.0,36378322
2018-10-22,STB,30250.0,30850.0,30150.0,30700.0,27555451
2018-10-23,STB,30800.0,30850.0,29950.0,30000.0,36454640
2018-10-24,STB,29950.0,30050.0,29700.0,29700.0,18118593
2018-10-25,STB,29600.0,30150.0,29500.0,30150.0,21839585
2018-10-26,STB,30000.0,30250.0,29800.0,29950.0,28707230
2018-10-29,STB,29750.0,30600.0,29750.0,30450.0,26432364
2018-10-30,STB,30650.0,31650.0,30600.0,31500.0,28160794
2018-10-31,STB,31450.0,32050.0,31400.0,32050.0,35027839
2018-11-01,STB,32050.0,32200.0,31300.0,31400.0,27253581
2018-11-02,STB,31300.0,31400.0,30550.0,30600.0,34026635
2018-11-05,STB,30550.0,30700.0,30450.0,30600.0,27121255
2018-11-06,STB,30850.0,31000.0,28750.0,28850.0,42818536
2018-11-07,STB,28650.0,28800.0,27750.0,27900.0,25476270
2018-11-08,STB,27750.0,29000.0,27550.0,28900.0,35738057
2018-11-09,STB,28800.0,29050.0,27700.0,27850.0,32524889
2018-11-12,STB,27750.0,28800.0,27600.0,28750.0,42007623
2018-11-13,STB,28650.0,29500.0,28500.0,29300.0,26763602
2018-11-14,STB,29150.0,31100.0,28700.0,31000.0,42916397
2018-11-15,STB,30900.0,31050.0,30700.0,30750.0,28483047
2018-11-16,STB,30750.0,30950.0,30450.0,30950.0,20003032
2018-11-19,STB,30850.0,31150.0,30400.0,31100.0,35262571
2018-11-20,STB,31100.0,31800.0,31050.0,31550.0,34046923
2018-11-21,STB,31600.0,33750.0,31500.0,33750.0,44139748
2018-11-22,STB,34050.0,34850.0,34000.0,34600.0,34421919
2018-11-23,STB,34550.0,36000.0,34400.0,35950.0,38145727
2018-11-26,STB,36000.0,36100.0,35850.0,35850.0,28103857
2018-11-27,STB,35650.0,36000.0,34950.0,35000.0,24392274
2018-11-28,STB,35050.0,35100.0,34500.0,34850.0,32114141
2018-11-29,STB,35000.0,36000.0,34750.0,35700.0,25455502
2018-11-30,STB,35650.0,36050.0,35250.0,36000.0,34804213
2018-12-03,STB,36150.0,36350.0,35100.0,35150.0,32522817
2018-12-04,STB,35000.0,35150.0,33750.0,33950.0,33213925
2018-12-05,STB,34050.0,34950.0,33950.0,34650.0,27915088
2018-12-06,STB,34600.0,35050.0,34550.0,35000.0,25551985
2018-12-07,STB,34650.0,37100.0,34400.0,36750.0,49950166
2018-12-10,STB,36650.0,37700.0,36400.0,37450.0,36324325
2018-12-11,STB,37500.0,37700.0,36650.0,36750.0,35162963
2018-12-12,STB,36950.0,37050.0,35650.0,35900.0,38904829
2018-12-13,STB,35850.0,36050.0,35250.0,35600.0,22243754
2018-12-14,STB,35450.0,35650.0,35300.0,35500.0,22561010
2018-12-17,STB,35500.0,35850.0,32700.0,33050.0,45657769
2018-12-18,STB,32800.0,33350.0,32800.0,33150.0,34922739
2018-12-19,STB,32950.0,33350.0,31950.0,32150.0,37989513
2018-12-20,STB,32050.0,32750.0,32000.0,32650.0,30693421
2018-12-21,STB,32650.0,33650.0,32500.0,33300.0,39680795
2018-12-24,STB,33100.0,33650.0,32950.0,33150.0,34968771
2018-12-25,STB,33000.0,33950.0,32600.0,33700.0,37650737
2018-12-26,STB,33600.0,33600.0,33150.0,33500.0,21587467
2018-12-27,STB,33550.0,33700.0,33250.0,33400.0,33472779
2018-12-28,STB,33150.0,33550.0,32950.0,33350.0,25476512
2018-12-31,STB,33100.0,33750.0,32900.0,33600.0,26417863
2019-01-01,STB,33400.0,33800.0,33350.0,33700.0,24662724
2019-01-02,STB,33800.0,33800.0,33400.0,33550.0,19809589
2019-01-03,STB,33450.0,35000.0,33350.0,34850.0,37029251
2019-01-04,STB,34550.0,34750.0,34500.0,34700.0,21320353
2019-01-07,STB,34400.0,34600.0,33400.0,33450.0,32013886
2019-01-08,STB,33600.0,34500.0,33450.0,34300.0,23415288
2019-01-09,STB,34400.0,35400.0,34100.0,35200.0,29629080
2019-01-10,STB,35150.0,36250.0,35100.0,36050.0,25221884
2019-01-11,STB,36150.0,36450.0,35050.0,35050.0,35031753
2019-01-14,STB,35100.0,35150.0,34600.0,34650.0,31315487
2019-01-15,STB,34700.0,34850.0,34150.0,34200.0,28402167
2019-01-16,STB,34350.0,34450.0,33000.0,33000.0,35238316
2019-01-17,STB,33050.0,33350.0,32700.0,32750.0,31783255
2019-01-18,STB,32850.0,33400.0,32400.0,33250.0,37667563
2019-01-21,STB,33300.0,33450.0,31650.0,32000.0,40863673
2019-01-22,STB,32000.0,32450.0,31800.0,32350.0,30371853
2019-01-23,STB,32450.0,32650.0,31600.0,31600.0,37260128
2019-01-24,STB,31700.0,33800.0,31500.0,33550.0,49009495
2019-01-25,STB,33650.0,33900.0,32150.0,32700.0,45249353
2019-01-28,STB,32800.0,33000.0,31450.0,31500.0,29832931
2019-01-29,STB,31500.0,31500.0,31050.0,31050.0,30510278
2019-01-30,STB,31050.0,31950.0,30750.0,31750.0,31274168
2019-01-31,STB,31600.0,31850.0,31500.0,31750.0,26501120
2019-02-01,STB,31750.0,31800.0,31250.0,31250.0,20673628
2019-02-04,STB,31000.0,31050.0,30600.0,30950.0,29929806
2019-02-05,STB,31200.0,31450.0,30800.0,31000.0,27761015
2019-02-06,STB,30900.0,30900.0,30400.0,30600.0,34143890
2019-02-07,STB,30450.0,30700.0,29950.0,30050.0,23336985
2019-02-08,STB,30150.0,30300.0,30050.0,30250.0,31964902
2019-02-11,STB,30150.0,30450.0,30050.0,30250.0,23557148
2019-02-12,STB,30200.0,30600.0,29850.0,30550.0,30471399
2019-02-13,STB,30550.0,32050.0,30350.0,31950.0,32464252
2019-02-14,STB,31850.0,32300.0,31800.0,32250.0,26969585
2019-02-15,STB,32100.0,33000.0,31700.0,32900.0,27001506
2019-02-18,STB,32750.0,33500.0,32450.0,33300.0,30441029
2019-02-19,STB,33250.0,33950.0,33200.0,33900.0,28272014
2019-02-20,STB,33850.0,35250.0,33800.0,34850.0,28520984
2019-02-21,STB,34650.0,35900.0,34550.0,35550.0,28859422
2019-02-22,STB,35550.0,35750.0,35500.0,35650.0,19559703
2019-02-25,STB,35650.0,35800.0,35300.0,35450.0,28653830
2019-02-26,STB,35500.0,35650.0,33300.0,33600.0,48606669
2019-02-27,STB,33550.0,33750.0,33350.0,33750.0,19532960
2019-02-28,STB,33850.0,34200.0,33650.0,34100.0,27408028
2019-03-01,STB,34000.0,34200.0,32950.0,33100.0,33497471
2019-03-04,STB,33150.0,33450.0,32650.0,33300.0,36168970
2019-03-05,STB,33300.0,33400.0,32600.0,32700.0,25159853
2019-03-06,STB,32650.0,33200.0,32450.0,33150.0,26141629
2019-03-07,STB,33200.0,34900.0,33100.0,34800.0,40333698
2019-03-08,STB,34750.0,35350.0,34700.0,35200.0,25682220
2019-03-11,STB,35400.0,36000.0,35250.0,35700.0,28183359
2019-03-12,STB,35500.0,37150.0,35150.0,36450.0,36770691
2019-03-13,STB,36450.0,37050.0,36250.0,36950.0,23647271
2019-03-14,STB,37000.0,37050.0,36050.0,36050.0,36052927
2019-03-15,STB,36000.0,36150.0,34800.0,35000.0,32942501
2019-03-18,STB,34900.0,35000.0,34500.0,34500.0,28287809
2019-03-19,STB,34750.0,34800.0,33650.0,33950.0,38622261
2019-03-20,STB,33800.0,35100.0,33700.0,34950.0,36464182
2019-03-21,STB,34950.0,34950.0,34750.0,34950.0,19015948
2019-03-22,STB,35000.0,35000.0,33250.0,33400.0,42378349
2019-03-25,STB,33300.0,34400.0,33250.0,34250.0,24945843
2019-03-26,STB,34200.0,34400.0,34100.0,34100.0,21565519
2019-03-27,STB,34000.0,34000.0,33700.0,33700.0,23699311
2019-03-28,STB,33700.0,33700.0,32200.0,32450.0,29635449
2019-03-29,STB,32700.0,33000.0,32300.0,32800.0,20871784
2019-04-01,STB,32650.0,33700.0,32300.0,33550.0,26792999
2019-04-02,STB,33500.0,33800.0,33500.0,33600.0,27305290
2019-04-03,STB,33700.0,34300.0,33550.0,34150.0,24487235
2019-04-04,STB,34200.0,34200.0,33950.0,34200.0,16896270
2019-04-05,STB,33950.0,36300.0,33650.0,36250.0,47168641
2019-04-08,STB,36300.0,36400.0,35950.0,36100.0,29168195
2019-04-09,STB,36300.0,36350.0,34500.0,34800.0,35821206
2019-04-10,STB,34950.0,34950.0,34700.0,34750.0,21623842
2019-04-11,STB,34900.0,35400.0,34450.0,35200.0,29062337
2019-04-12,STB,34950.0,35300.0,33600.0,33700.0,30195509
2019-04-15,STB,33750.0,34200.0,31800.0,32000.0,42332999
2019-04-16,STB,32000.0,33350.0,31950.0,32950.0,34607492
2019-04-17,STB,33100.0,33800.0,32600.0,33750.0,37727216
2019-04-18,STB,33800.0,34750.0,33600.0,34550.0,36740509
2019-04-19,STB,34450.0,34500.0,32800.0,33000.0,30110083
2019-04-22,STB,33050.0,33100.0,31850.0,32150.0,31253589
2019-04-23,STB,32150.0,32200.0,30850.0,31100.0,41435579
2019-04-24,STB,31100.0,31150.0,30950.0,31100.0,27945423
2019-04-25,STB,31050.0,31050.0,30450.0,30700.0,22350276
2019-04-26,STB,30550.0,30550.0,29600.0,29650.0,31506772
2019-04-29,STB,29800.0,29950.0,29300.0,29500.0,35575988
2019-04-30,STB,29750.0,29750.0,28400.0,28500.0,34790707
2019-05-01,STB,28550.0,30100.0,28550.0,29700.0,35194424
2019-05-02,STB,29650.0,29700.0,28850.0,28900.0,24692492
2019-05-03,STB,29050.0,29350.0,28900.0,29250.0,30273660
2019-05-06,STB,29400.0,29550.0,29300.0,29450.0,30607319
2019-05-07,STB,29350.0,29600.0,28450.0,28600.0,38016794
2019-05-08,STB,28700.0,28850.0,28600.0,28700.0,29661713
2019-05-09,STB,28550.0,29700.0,28500.0,29450.0,41795534
2019-05-10,STB,29600.0,29600.0,27550.0,27800.0,38811674
2019-05-13,STB,27850.0,28200.0,27650.0,27750.0,20094552
2019-05-14,STB,27650.0,27950.0,27300.0,27900.0,23401516
2019-05-15,STB,28000.0,28700.0,27900.0,28550.0,25661395
2019-05-16,STB,28600.0,28700.0,28000.0,28150.0,26769827
2019-05-17,STB,28150.0,28350.0,28100.0,28350.0,30316926
2019-05-20,STB,28350.0,29500.0,28200.0,29500.0,39286856
2019-05-21,STB,29350.0,30300.0,29200.0,30250.0,30010582
2019-05-22,STB,30250.0,30550.0,30250.0,30400.0,18601784
2019-05-23,STB,30350.0,30750.0,30350.0,30650.0,23157592
2019-05-24,STB,30800.0,31000.0,30400.0,30400.0,34687556
2019-05-27,STB,30650.0,30650.0,29450.0,29700.0,36244599
2019-05-28,STB,29700.0,30450.0,29600.0,30350.0,28658122
2019-05-29,STB,30200.0,30600.0,30150.0,30500.0,23743910
2019-05-30,STB,30550.0,31100.0,30300.0,30850.0,23874770
2019-05-31,STB,30600.0,30950.0,30600.0,30900.0,30219631
2019-06-03,STB,30850.0,31500.0,30800.0,31250.0,35787168
2019-06-04,STB,31300.0,31900.0,31000.0,31600.0,34453939
2019-06-05,STB,31300.0,34200.0,31200.0,33800.0,42223109
2019-06-06,STB,33500.0,33600.0,33150.0,33300.0,27575193
2019-06-07,STB,33200.0,33300.0,32800.0,32850.0,20701647
2019-06-10,STB,32750.0,33950.0,32650.0,33950.0,39987774
2019-06-11,STB,33950.0,34100.0,33200.0,33300.0,30583748
2019-06-12,STB,33300.0,33700.0,33000.0,33450.0,27658843
2019-06-13,STB,33400.0,34400.0,33300.0,33950.0,35450267
2019-06-14,STB,33800.0,34300.0,33550.0,34100.0,21244434
2019-06-17,STB,34300.0,34350.0,33400.0,33450.0,34339749
2019-06-18,STB,33400.0,33650.0,33300.0,33350.0,29648945
2019-06-19,STB,33200.0,33400.0,32500.0,32600.0,26495226
2019-06-20,STB,32650.0,32650.0,32200.0,32400.0,27221672
2019-06-21,STB,32450.0,32500.0,31750.0,31900.0,23760637
2019-06-24,STB,31850.0,32850.0,31600.0,32700.0,31840654
2019-06-25,STB,32850.0,32900.0,31550.0,31800.0,31091511
2019-06-26,STB,31800.0,31900.0,30550.0,30700.0,31416399
2019-06-27,STB,30850.0,30900.0,29750.0,29800.0,36718264
2019-06-28,STB,29750.0,31000.0,29750.0,30750.0,28921977
2019-07-01,STB,30700.0,30750.0,30450.0,30550.0,26510148
2019-07-02,STB,30500.0,30550.0,30100.0,30250.0,26243123
2019-07-03,STB,30150.0,30200.0,29850.0,30050.0,23422145
2019-07-04,STB,29950.0,30450.0,29600.0,29850.0,34657515
2019-07-05,STB,30100.0,30250.0,29300.0,29400.0,33913695
2019-07-08,STB,29450.0,29650.0,29300.0,29450.0,25145773
2019-07-09,STB,29550.0,29650.0,29450.0,29450.0,17048461
2019-07-10,STB,29500.0,30450.0,29350.0,30400.0,25581109
2019-07-11,STB,30250.0,31550.0,30200.0,31400.0,31620124
2019-07-12,STB,31450.0,31650.0,31150.0,31200.0,21737026
2019-07-15,STB,31250.0,31250.0,29850.0,30150.0,37760190
2019-07-16,STB,30300.0,30450.0,29900.0,30450.0,29370911
2019-07-17,STB,30350.0,30800.0,30100.0,30600.0,32308899
2019-07-18,STB,30950.0,31450.0,30000.0,30250.0,31680062
2019-07-19,STB,30300.0,30450.0,28450.0,28500.0,49381177
2019-07-22,STB,28500.0,28550.0,26800.0,26950.0,46438653
2019-07-23,STB,27050.0,27650.0,26950.0,27450.0,36927913
2019-07-24,STB,27600.0,28850.0,27400.0,28800.0,38133638
2019-07-25,STB,28650.0,29150.0,28550.0,29150.0,31856677
2019-07-26,STB,29050.0,29600.0,28900.0,29450.0,31106915
2019-07-29,STB,29500.0,29700.0,29450.0,29500.0,27468396
2019-07-30,STB,29500.0,29500.0,27300.0,27600.0,41247201
2019-07-31,STB,27650.0,28450.0,27350.0,28350.0,32105645
2019-08-01,STB,28350.0,28600.0,27200.0,27400.0,33119582
2019-08-02,STB,27250.0,28000.0,27200.0,27950.0,25880296
2019-08-05,STB,28150.0,28350.0,27450.0,27500.0,38732008
2019-08-06,STB,27700.0,27900.0,27000.0,27250.0,28274009
2019-08-07,STB,27450.0,27600.0,26500.0,26650.0,28876546
2019-08-08,STB,26450.0,26450.0,26100.0,26350.0,22479257
2019-08-09,STB,26300.0,26750.0,26300.0,26750.0,29066961
2019-08-12,STB,26800.0,26900.0,26150.0,26350.0,28529526
2019-08-13,STB,26400.0,27150.0,26300.0,27100.0,33957946
2019-08-14,STB,27100.0,27150.0,26600.0,26700.0,31991448
2019-08-15,STB,26600.0,27900.0,26550.0,27850.0,30141959
2019-08-16,STB,27650.0,28800.0,27400.0,28600.0,29867657
2019-08-19,STB,28500.0,28600.0,27950.0,28000.0,36817583
2019-08-20,STB,28050.0,28200.0,27750.0,28000.0,31537695
2019-08-21,STB,28150.0,28200.0,28000.0,28150.0,22700600
2019-08-22,STB,28050.0,28100.0,27600.0,27700.0,24082634
2019-08-23,STB,27700.0,27950.0,27500.0,27750.0,24985530
2019-08-26,STB,27850.0,28200.0,27800.0,28000.0,27949449
2019-08-27,STB,28050.0,28150.0,27700.0,27750.0,25549400
2019-08-28,STB,27700.0,29250.0,27550.0,29150.0,44881449
2019-08-29,STB,29200.0,29650.0,29100.0,29150.0,33357044
2019-08-30,STB,29150.0,29250.0,28750.0,28900.0,19448942
2019-09-02,STB,28800.0,29600.0,28550.0,29500.0,39393962
2019-09-03,STB,29750.0,29850.0,28900.0,29050.0,34874566
2019-09-04,STB,28950.0,29100.0,27800.0,28000.0,28137872
2019-09-05,STB,27850.0,29250.0,27700.0,29100.0,39249541
2019-09-06,STB,29000.0,29250.0,28850.0,28850.0,23139852
2019-09-09,STB,28800.0,28950.0,28250.0,28500.0,22869787
2019-09-10,STB,28250.0,28600.0,27800.0,27800.0,28589079
2019-09-11,STB,27750.0,29350.0,27650.0,29200.0,45009591
2019-09-12,STB,29050.0,29250.0,28400.0,28750.0,25118833
2019-09-13,STB,28850.0,29600.0,28700.0,29500.0,23223112
2019-09-16,STB,29350.0,30300.0,29300.0,30150.0,34801283
2019-09-17,STB,30350.0,30600.0,30050.0,30100.0,29811938
2019-09-18,STB,30050.0,30350.0,29400.0,29800.0,37812055
2019-09-19,STB,29950.0,30000.0,29250.0,29400.0,32204820
2019-09-20,STB,29450.0,29450.0,28800.0,28850.0,33978844
2019-09-23,STB,28950.0,29150.0,28700.0,28750.0,27724620
2019-09-24,STB,28800.0,28900.0,28350.0,28650.0,32522830
2019-09-25,STB,28900.0,29000.0,28100.0,28450.0,37805467
2019-09-26,STB,28450.0,28600.0,28050.0,28150.0,23907225
2019-09-27,STB,28400.0,28700.0,28100.0,28200.0,26986872
2019-09-30,STB,28000.0,28700.0,27950.0,28450.0,36213934
2019-10-01,STB,28450.0,28900.0,28400.0,28650.0,26931673
2019-10-02,STB,28550.0,29300.0,28450.0,29000.0,23639559
2019-10-03,STB,29100.0,29200.0,27000.0,27250.0,53913384
2019-10-04,STB,27200.0,27350.0,26900.0,27100.0,22867035
2019-10-07,STB,27050.0,28500.0,27050.0,28300.0,43564960
2019-10-08,STB,28250.0,29100.0,28200.0,29000.0,27316266
2019-10-09,STB,29150.0,29350.0,28950.0,29250.0,32416471
2019-10-10,STB,29150.0,29350.0,28050.0,28150.0,33359817
2019-10-11,STB,28000.0,28100.0,27800.0,27850.0,20130170
2019-10-14,STB,27850.0,27950.0,26600.0,26650.0,32810842
2019-10-15,STB,26600.0,26700.0,26400.0,26450.0,21960049
2019-10-16,STB,26650.0,26750.0,26100.0,26150.0,24714665
2019-10-17,STB,26000.0,26500.0,25700.0,26300.0,36542940
2019-10-18,STB,26200.0,27000.0,26100.0,26900.0,26516717
2019-10-21,STB,27100.0,27150.0,26000.0,26000.0,35871862
2019-10-22,STB,25950.0,26200.0,25650.0,25900.0,25966459
2019-10-23,STB,25900.0,26250.0,25850.0,26200.0,33570759
2019-10-24,STB,26300.0,26400.0,26050.0,26100.0,27830937
2019-10-25,STB,26050.0,26700.0,25950.0,26500.0,27464409
2019-10-28,STB,26300.0,26300.0,25250.0,25600.0,36658006
2019-10-29,STB,25650.0,26050.0,25450.0,25950.0,26021439
2019-10-30,STB,26000.0,26100.0,25850.0,25900.0,17368632
2019-10-31,STB,25850.0,26000.0,24650.0,24800.0,35564306
2019-11-01,STB,24700.0,24900.0,24150.0,24200.0,23988895
2019-11-04,STB,24150.0,24450.0,23450.0,23600.0,31011342
2019-11-05,STB,23550.0,23650.0,23350.0,23350.0,31005387
2019-11-06,STB,23250.0,24000.0,23200.0,23650.0,33519090
2019-11-07,STB,23750.0,23850.0,22850.0,22900.0,28859980
2019-11-08,STB,22900.0,23000.0,22500.0,22800.0,32289219
2019-11-11,STB,22900.0,23750.0,22750.0,23450.0,32680385
2019-11-12,STB,23450.0,23600.0,23150.0,23200.0,25092679
2019-11-13,STB,23300.0,24250.0,23200.0,24200.0,36332327
2019-11-14,STB,24200.0,24500.0,24200.0,24400.0,17725397
2019-11-15,STB,24350.0,24600.0,23750.0,23850.0,34405555
2019-11-18,STB,23950.0,24000.0,23600.0,23600.0,19590090
2019-11-19,STB,23750.0,23850.0,23100.0,23150.0,27317118
2019-11-20,STB,23050.0,23250.0,22900.0,23000.0,31454086
2019-11-21,STB,23150.0,23300.0,22850.0,22900.0,30311116
2019-11-22,STB,22750.0,23000.0,22750.0,22900.0,29752440
2019-11-25,STB,22750.0,23000.0,22350.0,22500.0,30112506
2019-11-26,STB,22450.0,23350.0,22350.0,23250.0,31752221
2019-11-27,STB,23150.0,23250.0,23100.0,23150.0,17788058
2019-11-28,STB,23150.0,23500.0,23100.0,23450.0,28218293
2019-11-29,STB,23400.0,23450.0,23000.0,23100.0,31930773
2019-12-02,STB,23200.0,23250.0,22000.0,22000.0,34368602
2019-12-03,STB,22150.0,22150.0,21000.0,21150.0,34866543
2019-12-04,STB,21050.0,21050.0,20350.0,20400.0,28447008
2019-12-05,STB,20600.0,20650.0,20350.0,20450.0,29542535
2019-12-06,STB,20450.0,20500.0,20050.0,20150.0,27847319
2019-12-09,STB,20250.0,20700.0,20100.0,20700.0,31976697
2019-12-10,STB,20650.0,20750.0,19850.0,19950.0,38938513
2019-12-11,STB,19900.0,19900.0,19300.0,19400.0,25187377
2019-12-12,STB,19350.0,19700.0,19300.0,19600.0,29676594
2019-12-13,STB,19550.0,19550.0,19200.0,19200.0,22735051
2019-12-16,STB,19200.0,19300.0,18850.0,19250.0,26888179
2019-12-17,STB,19100.0,19500.0,18950.0,19250.0,28129157
2019-12-18,STB,19150.0,19350.0,18450.0,18450.0,39166099
2019-12-19,STB,18300.0,18950.0,18200.0,18750.0,26277232
2019-12-20,STB,18800.0,18950.0,18250.0,18300.0,35980691
2019-12-23,STB,18300.0,18400.0,17950.0,18250.0,25889827
2019-12-24,STB,18200.0,19000.0,18100.0,18900.0,43471057
2019-12-25,STB,18800.0,18900.0,18550.0,18850.0,24904816
2019-12-26,STB,18850.0,19550.0,18700.0,19500.0,28824481
2019-12-27,STB,19500.0,19550.0,19100.0,19150.0,27037244
2019-12-30,STB,19300.0,19350.0,19150.0,19250.0,22603543
2019-12-31,STB,19250.0,19500.0,18700.0,18700.0,38202803
2020-01-01,STB,18700.0,18900.0,18300.0,18550.0,27779835
2020-01-02,STB,18500.0,18550.0,18100.0,18200.0,28938600
2020-01-03,STB,18200.0,19050.0,18150.0,19000.0,35182756
2020-01-06,STB,19000.0,19000.0,18800.0,18900.0,27618139
2020-01-07,STB,18950.0,19250.0,18850.0,19250.0,33371992
2020-01-08,STB,19150.0,19200.0,17950.0,17950.0,42309874
2020-01-09,STB,17800.0,18050.0,17650.0,18000.0,25824778
2020-01-10,STB,18000.0,18150.0,17500.0,17600.0,29572463
2020-01-13,STB,17600.0,17950.0,17450.0,17750.0,23057100
2020-01-14,STB,17800.0,18150.0,17650.0,18050.0,35288321
2020-01-15,STB,18000.0,18250.0,17650.0,17750.0,25540735
2020-01-16,STB,17700.0,17750.0,17300.0,17450.0,35713445
2020-01-17,STB,17500.0,17600.0,17200.0,17250.0,36084694
2020-01-20,STB,17200.0,17800.0,17000.0,17650.0,31879565
2020-01-21,STB,17650.0,17700.0,17050.0,17150.0,28647067
2020-01-22,STB,17150.0,17500.0,17150.0,17450.0,31629636
2020-01-23,STB,17300.0,17400.0,16950.0,17000.0,30849635
2020-01-24,STB,17050.0,17400.0,17000.0,17350.0,24282538
2020-01-27,STB,17400.0,17600.0,17150.0,17150.0,23921440
2020-01-28,STB,17150.0,17450.0,17150.0,17400.0,30496578
2020-01-29,STB,17500.0,17900.0,17400.0,17800.0,32436759
2020-01-30,STB,17750.0,18400.0,17600.0,18300.0,37971195
2020-01-31,STB,18250.0,18900.0,18200.0,18800.0,31333815
2020-02-03,STB,18900.0,19000.0,18550.0,18550.0,29614681
2020-02-04,STB,18600.0,19050.0,18500.0,18950.0,25303942
2020-02-05,STB,18950.0,19000.0,18450.0,18600.0,26120456
2020-02-06,STB,18600.0,19800.0,18500.0,19600.0,37007776
2020-02-07,STB,19800.0,20100.0,19700.0,19950.0,24601288
2020-02-10,STB,20000.0,20000.0,19250.0,19500.0,35648592
2020-02-11,STB,19450.0,19700.0,19450.0,19500.0,26849534
2020-02-12,STB,19350.0,20600.0,19250.0,20600.0,37422016
2020-02-13,STB,20650.0,20850.0,20250.0,20300.0,31356475
2020-02-14,STB,20400.0,20550.0,20350.0,20400.0,32395800
2020-02-17,STB,20300.0,20700.0,20200.0,20550.0,26090684
2020-02-18,STB,20550.0,20750.0,20400.0,20550.0,27600729
2020-02-19,STB,20550.0,20600.0,19800.0,19900.0,35755721
2020-02-20,STB,20050.0,20750.0,20000.0,20600.0,32427439
2020-02-21,STB,20700.0,20750.0,20050.0,20050.0,33256105
2020-02-24,STB,20100.0,20200.0,19950.0,20050.0,24552328
2020-02-25,STB,20050.0,20650.0,19850.0,20600.0,29177997
2020-02-26,STB,20650.0,21200.0,20550.0,21100.0,25251414
2020-02-27,STB,21100.0,21200.0,20600.0,20750.0,24744646
2020-02-28,STB,20650.0,20850.0,20400.0,20500.0,32310863
2020-03-02,STB,20500.0,20800.0,20450.0,20750.0,22784674
2020-03-03,STB,20800.0,21250.0,20800.0,21150.0,29634406
2020-03-04,STB,21050.0,21250.0,20850.0,20900.0,33580232
2020-03-05,STB,20950.0,21200.0,20700.0,21150.0,29443323
2020-03-06,STB,21250.0,21850.0,21200.0,21750.0,28533871
2020-03-09,STB,21800.0,21850.0,21150.0,21350.0,35446722
2020-03-10,STB,21300.0,21350.0,20750.0,20800.0,33329563
2020-03-11,STB,20850.0,20900.0,20750.0,20900.0,29209863
2020-03-12,STB,20800.0,21250.0,20800.0,21050.0,21929307
2020-03-13,STB,21000.0,22500.0,20900.0,22350.0,37993597
2020-03-16,STB,22250.0,22500.0,21550.0,21750.0,35666654
2020-03-17,STB,21750.0,22100.0,21550.0,21950.0,36883591
2020-03-18,STB,22000.0,22750.0,21900.0,22650.0,35346608
2020-03-19,STB,22650.0,22750.0,22150.0,22200.0,35575090
2020-03-20,STB,22250.0,22550.0,21350.0,21400.0,46771799
2020-03-23,STB,21350.0,21700.0,21300.0,21700.0,32831778
2020-03-24,STB,21700.0,21850.0,20850.0,20950.0,31713620
2020-03-25,STB,21000.0,21850.0,20800.0,21700.0,41271470
2020-03-26,STB,21700.0,22300.0,21600.0,22200.0,34873825
2020-03-27,STB,22300.0,23300.0,22100.0,23150.0,40187156
2020-03-30,STB,23050.0,23200.0,22700.0,22850.0,31861817
2020-03-31,STB,22800.0,22800.0,22700.0,22750.0,20667650
2020-04-01,STB,22850.0,23000.0,22650.0,22700.0,23677413
2020-04-02,STB,22600.0,22650.0,22200.0,22250.0,33749350
2020-04-03,STB,22300.0,22450.0,22000.0,22150.0,35891763
2020-04-06,STB,22100.0,22100.0,21300.0,21400.0,40121955
2020-04-07,STB,21350.0,21850.0,21300.0,21850.0,28201820
2020-04-08,STB,21750.0,22300.0,21750.0,22050.0,27710924
2020-04-09,STB,22100.0,22950.0,22050.0,22850.0,39029347
2020-04-10,STB,22850.0,23400.0,22600.0,23200.0,34650921
2020-04-13,STB,23300.0,23500.0,22350.0,22600.0,41310365
2020-04-14,STB,22700.0,22800.0,20950.0,21050.0,55475434
2020-04-15,STB,21050.0,21550.0,20950.0,21400.0,29147499
2020-04-16,STB,21400.0,21600.0,21050.0,21150.0,21882121
2020-04-17,STB,21250.0,21250.0,20550.0,20700.0,33088064
2020-04-20,STB,20700.0,21200.0,20600.0,21150.0,31296240
2020-04-21,STB,21100.0,21200.0,20450.0,20550.0,26139644
2020-04-22,STB,20350.0,20450.0,20150.0,20350.0,23644181
2020-04-23,STB,20350.0,20900.0,20250.0,20850.0,25467462
2020-04-24,STB,20850.0,21050.0,20800.0,20900.0,22805989
2020-04-27,STB,21050.0,21100.0,19750.0,19750.0,47122383
2020-04-28,STB,19750.0,19850.0,19650.0,19700.0,26160806
2020-04-29,STB,19900.0,20450.0,19850.0,20300.0,27072658
2020-04-30,STB,20300.0,20400.0,19300.0,19400.0,39120149
2020-05-01,STB,19400.0,19450.0,19200.0,19300.0,19562243
2020-05-04,STB,19350.0,19400.0,19200.0,19250.0,27869289
2020-05-05,STB,19300.0,19650.0,19050.0,19150.0,24102555
2020-05-06,STB,19050.0,19050.0,19000.0,19000.0,25515565
2020-05-07,STB,19000.0,19700.0,18950.0,19700.0,25766464
2020-05-08,STB,19650.0,19700.0,18900.0,19000.0,30080923
2020-05-11,STB,18950.0,19650.0,18850.0,19650.0,37435708
2020-05-12,STB,19650.0,20200.0,19550.0,20050.0,32712357
2020-05-13,STB,20000.0,20150.0,19100.0,19150.0,31072090
2020-05-14,STB,19200.0,19350.0,18950.0,19050.0,32876497
2020-05-15,STB,19100.0,19100.0,18800.0,18800.0,30228230
2020-05-18,STB,18700.0,18800.0,18450.0,18550.0,30882064
2020-05-19,STB,18400.0,19200.0,18250.0,19000.0,32283898
2020-05-20,STB,19000.0,19000.0,18700.0,18700.0,22301418
2020-05-21,STB,18650.0,18650.0,18050.0,18150.0,39149848
2020-05-22,STB,18250.0,18700.0,18000.0,18550.0,27607949
2020-05-25,STB,18450.0,18600.0,17800.0,18050.0,40530873
2020-05-26,STB,18050.0,18850.0,18000.0,18750.0,37852649
2020-05-27,STB,18800.0,19050.0,18800.0,18800.0,30937521
2020-05-28,STB,18850.0,19100.0,18700.0,19050.0,25622860
2020-05-29,STB,19100.0,19150.0,18600.0,18800.0,23354885
2020-06-01,STB,18850.0,19250.0,18800.0,19250.0,32871902
2020-06-02,STB,19150.0,19200.0,19100.0,19200.0,19043567
2020-06-03,STB,19250.0,19350.0,18950.0,19200.0,25161889
2020-06-04,STB,19150.0,19250.0,18450.0,18550.0,31387406
2020-06-05,STB,18500.0,18500.0,17950.0,17950.0,38482569
2020-06-08,STB,17950.0,18150.0,17950.0,18150.0,25079353
2020-06-09,STB,18100.0,19100.0,18100.0,19050.0,36734782
2020-06-10,STB,19050.0,19050.0,18900.0,18900.0,24664821
2020-06-11,STB,18850.0,18950.0,18600.0,18750.0,30991726
2020-06-12,STB,18700.0,18750.0,18200.0,18350.0,31396247
2020-06-15,STB,18250.0,19000.0,18150.0,19000.0,37525682
2020-06-16,STB,19000.0,19000.0,18400.0,18400.0,29897649
2020-06-17,STB,18350.0,18450.0,18050.0,18100.0,34383587
2020-06-18,STB,18100.0,18300.0,17800.0,17950.0,30598824
2020-06-19,STB,17900.0,18600.0,17900.0,18450.0,37478569
2020-06-22,STB,18500.0,18900.0,18450.0,18800.0,29541628
2020-06-23,STB,18800.0,19250.0,18750.0,19100.0,35845268
2020-06-24,STB,19100.0,19150.0,18700.0,18850.0,31210413
2020-06-25,STB,19000.0,19050.0,18050.0,18100.0,37428572
2020-06-26,STB,18100.0,18450.0,18050.0,18450.0,23844470
2020-06-29,STB,18550.0,18700.0,17550.0,17550.0,42762686
2020-06-30,STB,17600.0,18200.0,17600.0,18000.0,35549077
2020-07-01,STB,18100.0,18700.0,18050.0,18650.0,26548013
2020-07-02,STB,18700.0,19400.0,18700.0,19250.0,30020258
2020-07-03,STB,19200.0,19450.0,19050.0,19350.0,35591133
2020-07-06,STB,19100.0,19600.0,19000.0,19550.0,34673221
2020-07-07,STB,19450.0,19550.0,19450.0,19500.0,22766882
2020-07-08,STB,19500.0,19750.0,19250.0,19700.0,25787527
2020-07-09,STB,19700.0,19850.0,19650.0,19750.0,19106511
2020-07-10,STB,19700.0,19900.0,19550.0,19650.0,24449738
2020-07-13,STB,19650.0,20550.0,19450.0,20400.0,41046314
2020-07-14,STB,20400.0,20400.0,19800.0,19850.0,38987339
2020-07-15,STB,19800.0,20050.0,19650.0,20000.0,21505628
2020-07-16,STB,20000.0,20150.0,19800.0,19850.0,19959687
2020-07-17,STB,19950.0,20100.0,19150.0,19350.0,33074808
2020-07-20,STB,19300.0,20000.0,19250.0,19950.0,32766458
2020-07-21,STB,19750.0,20200.0,19600.0,20100.0,26077521
2020-07-22,STB,20100.0,20900.0,20050.0,20850.0,28058887
2020-07-23,STB,20750.0,21400.0,20600.0,21400.0,25626145
2020-07-24,STB,21300.0,22150.0,21200.0,21900.0,34794265
2020-07-27,STB,21900.0,21950.0,21800.0,21850.0,20185679
2020-07-28,STB,21850.0,21950.0,21750.0,21850.0,28784405
2020-07-29,STB,22000.0,22500.0,21900.0,22500.0,34689325
2020-07-30,STB,22550.0,22950.0,22500.0,22750.0,27524546
2020-07-31,STB,22850.0,23150.0,22700.0,23100.0,24020973
2020-08-03,STB,23100.0,23250.0,21950.0,22100.0,41470330
2020-08-04,STB,21900.0,22300.0,21700.0,22100.0,29142008
2020-08-05,STB,22150.0,22350.0,21850.0,22000.0,24001408
2020-08-06,STB,22000.0,22300.0,21850.0,22250.0,32446796
2020-08-07,STB,22100.0,22600.0,22050.0,22400.0,26190994
2020-08-10,STB,22450.0,22600.0,22250.0,22250.0,32808907
2020-08-11,STB,22150.0,22200.0,21500.0,21550.0,27670946
2020-08-12,STB,21600.0,21600.0,21350.0,21400.0,29761863
2020-08-13,STB,21300.0,21600.0,21150.0,21450.0,29026618
2020-08-14,STB,21450.0,21600.0,21200.0,21350.0,28694961
2020-08-17,STB,21300.0,21550.0,20300.0,20350.0,37644723
2020-08-18,STB,20350.0,20450.0,20000.0,20000.0,36369097
2020-08-19,STB,20000.0,20200.0,18750.0,18900.0,43718879
2020-08-20,STB,18850.0,18950.0,18600.0,18750.0,30069541
2020-08-21,STB,18650.0,19150.0,18550.0,18950.0,35626411
2020-08-24,STB,18950.0,19000.0,18450.0,18550.0,34544981
2020-08-25,STB,18650.0,19000.0,18600.0,18900.0,29463065
2020-08-26,STB,18900.0,19450.0,18800.0,19450.0,34612749
2020-08-27,STB,19400.0,20550.0,19400.0,20500.0,33489382
2020-08-28,STB,20450.0,20500.0,20200.0,20450.0,30926126
2020-08-31,STB,20400.0,20450.0,19800.0,20000.0,28907418
2020-09-01,STB,19950.0,20000.0,19600.0,19600.0,21821486
2020-09-02,STB,19650.0,19700.0,19300.0,19400.0,27151898
2020-09-03,STB,19450.0,19850.0,19400.0,19700.0,29263513
2020-09-04,STB,19600.0,20000.0,19400.0,19900.0,30106205
2020-09-07,STB,19900.0,19950.0,18850.0,19050.0,36364376
2020-09-08,STB,18950.0,19800.0,18850.0,19700.0,40672433
2020-09-09,STB,19700.0,20600.0,19700.0,20550.0,36925866
2020-09-10,STB,20550.0,20600.0,20250.0,20400.0,26747374
2020-09-11,STB,20300.0,20500.0,20200.0,20450.0,33546946
2020-09-14,STB,20450.0,20500.0,20250.0,20300.0,25455416
2020-09-15,STB,20250.0,20900.0,20150.0,20800.0,31171787
2020-09-16,STB,20850.0,20850.0,19900.0,19900.0,40999499
2020-09-17,STB,19900.0,20200.0,19800.0,20150.0,20434254
2020-09-18,STB,20150.0,20500.0,19900.0,19950.0,24668694
2020-09-21,STB,20050.0,20550.0,20000.0,20400.0,35856501
2020-09-22,STB,20350.0,20500.0,20250.0,20450.0,27547510
2020-09-23,STB,20500.0,20550.0,20050.0,20150.0,29780165
2020-09-24,STB,20200.0,20250.0,20050.0,20150.0,32334907
2020-09-25,STB,20100.0,21300.0,20100.0,21200.0,41036765
2020-09-28,STB,20950.0,21100.0,20800.0,20900.0,22918045
2020-09-29,STB,20950.0,21050.0,20850.0,20900.0,18579945
2020-09-30,STB,20900.0,21950.0,20850.0,21750.0,40668943
2020-10-01,STB,21650.0,21650.0,21400.0,21550.0,24321437
2020-10-02,STB,21600.0,22050.0,21550.0,22000.0,26170772
2020-10-05,STB,22000.0,22100.0,20800.0,20850.0,35771918
2020-10-06,STB,20850.0,20900.0,20450.0,20650.0,34691479
2020-10-07,STB,20650.0,21650.0,20650.0,21450.0,39725860
2020-10-08,STB,21500.0,21550.0,21050.0,21300.0,25173393
2020-10-09,STB,21450.0,21550.0,20550.0,20650.0,42589152
2020-10-12,STB,20650.0,21350.0,20400.0,21250.0,31895694
2020-10-13,STB,21300.0,21300.0,20800.0,20850.0,34211814
2020-10-14,STB,20900.0,21000.0,20900.0,20950.0,22265827
2020-10-15,STB,21000.0,21050.0,20500.0,20600.0,23565368
2020-10-16,STB,20600.0,21150.0,20600.0,21100.0,23012126
2020-10-19,STB,21150.0,21700.0,21100.0,21450.0,28976595
2020-10-20,STB,21650.0,21800.0,21000.0,21000.0,40567714
2020-10-21,STB,20950.0,21750.0,20850.0,21700.0,35808684
2020-10-22,STB,21550.0,21600.0,21150.0,21250.0,25274213
2020-10-23,STB,21300.0,21950.0,21150.0,21900.0,34332261
2020-10-26,STB,21950.0,22000.0,21850.0,21950.0,27359934
2020-10-27,STB,22050.0,22100.0,21950.0,22050.0,24193059
2020-10-28,STB,21850.0,22200.0,21850.0,22050.0,21471153
2020-10-29,STB,22050.0,22650.0,21900.0,22400.0,30325490
2020-10-30,STB,22300.0,22450.0,21850.0,21950.0,26492619
2020-11-02,STB,21850.0,23150.0,21850.0,22900.0,35841488
2020-11-03,STB,22900.0,23100.0,22800.0,22950.0,26662280
2020-11-04,STB,23050.0,23150.0,22000.0,22000.0,30447154
2020-11-05,STB,22000.0,22800.0,21900.0,22800.0,33745290
2020-11-06,STB,22750.0,22900.0,21800.0,21900.0,36104145
2020-11-09,STB,21900.0,22850.0,21900.0,22750.0,37474047
2020-11-10,STB,22750.0,22850.0,22150.0,22200.0,28671139
2020-11-11,STB,22200.0,22250.0,22150.0,22200.0,29449696
2020-11-12,STB,22150.0,22950.0,22100.0,22900.0,27262030
2020-11-13,STB,22850.0,23950.0,22750.0,23950.0,40526776
2020-11-16,STB,23950.0,24400.0,23800.0,24250.0,28183209
2020-11-17,STB,24300.0,24850.0,24150.0,24750.0,37963126
2020-11-18,STB,24700.0,25350.0,24550.0,25100.0,35011900
2020-11-19,STB,25100.0,25400.0,25100.0,25350.0,29279896
2020-11-20,STB,25200.0,25800.0,25100.0,25600.0,36665559
2020-11-23,STB,25650.0,25750.0,25150.0,25200.0,21242956
2020-11-24,STB,25150.0,25850.0,24900.0,25800.0,34968433
2020-11-25,STB,25750.0,25900.0,24950.0,25000.0,31293311
2020-11-26,STB,25000.0,25050.0,24350.0,24700.0,27677082
2020-11-27,STB,24750.0,25150.0,24700.0,25050.0,21015685
2020-11-30,STB,25050.0,25550.0,25000.0,25250.0,35786681
2020-12-01,STB,25100.0,25350.0,25000.0,25300.0,26580782
2020-12-02,STB,25350.0,25750.0,25200.0,25700.0,29828284
2020-12-03,STB,25850.0,25900.0,25250.0,25450.0,35214976
2020-12-04,STB,25550.0,25850.0,24000.0,24300.0,46720909
2020-12-07,STB,24300.0,25500.0,24250.0,25300.0,38149791
2020-12-08,STB,25400.0,25450.0,25200.0,25350.0,30717363
2020-12-09,STB,25550.0,25650.0,24850.0,25050.0,36231784
2020-12-10,STB,25000.0,26100.0,25000.0,25850.0,32505867
2020-12-11,STB,25900.0,26550.0,25650.0,26450.0,24392857
2020-12-14,STB,26450.0,26550.0,26300.0,26400.0,23315920
2020-12-15,STB,26150.0,26200.0,25800.0,26000.0,19564219
2020-12-16,STB,26200.0,26300.0,25750.0,25900.0,20625521
2020-12-17,STB,25850.0,26250.0,25750.0,26150.0,23695920
2020-12-18,STB,26250.0,26650.0,26100.0,26450.0,31023941
2020-12-21,STB,26650.0,27050.0,26300.0,26400.0,25589313
2020-12-22,STB,26200.0,26450.0,25800.0,25950.0,36435780
2020-12-23,STB,26100.0,26350.0,25950.0,26050.0,30411532
2020-12-24,STB,26150.0,26500.0,26000.0,26450.0,33168089
2020-12-25,STB,26350.0,27100.0,26300.0,26850.0,37318383
2020-12-28,STB,26900.0,27700.0,26700.0,27600.0,33737173
2020-12-29,STB,27400.0,27450.0,26500.0,26700.0,25117658
2020-12-30,STB,26700.0,26800.0,26500.0,26750.0,21540736
2020-12-31,STB,26850.0,26900.0,26150.0,26350.0,38324781
2021-01-01,STB,26250.0,26350.0,25700.0,25900.0,36824544
2021-01-04,STB,25750.0,25900.0,25700.0,25700.0,20445351
2021-01-05,STB,25800.0,25950.0,25600.0,25950.0,31346456
2021-01-06,STB,25800.0,26650.0,25750.0,26600.0,39501724
2021-01-07,STB,26550.0,27650.0,26450.0,27600.0,30672717
2021-01-08,STB,27650.0,28700.0,27500.0,28650.0,42276348
2021-01-11,STB,28700.0,28850.0,28200.0,28350.0,35037190
2021-01-12,STB,28350.0,28650.0,28100.0,28200.0,20879339
2021-01-13,STB,28200.0,28350.0,26100.0,26250.0,44857528
2021-01-14,STB,26200.0,26250.0,26000.0,26100.0,19004167
2021-01-15,STB,26200.0,27050.0,26150.0,26950.0,31536232
2021-01-18,STB,27000.0,27000.0,26550.0,26900.0,19961793
2021-01-19,STB,26800.0,27550.0,26700.0,27300.0,37066577
2021-01-20,STB,27400.0,27850.0,27000.0,27700.0,34061395
2021-01-21,STB,27500.0,28300.0,27400.0,28250.0,38481006
2021-01-22,STB,28150.0,29100.0,28050.0,28950.0,29722061
2021-01-25,STB,29100.0,29150.0,28800.0,28850.0,19323549
2021-01-26,STB,28900.0,29450.0,28850.0,29200.0,27326450
2021-01-27,STB,29150.0,29600.0,28900.0,29600.0,30541926
2021-01-28,STB,29450.0,29500.0,29150.0,29150.0,24774462
2021-01-29,STB,29250.0,29650.0,28700.0,28900.0,36951032
2021-02-01,STB,28750.0,28900.0,28550.0,28550.0,23192237
2021-02-02,STB,28500.0,28700.0,28300.0,28700.0,24341740
2021-02-03,STB,28650.0,29800.0,28450.0,29600.0,32958380
2021-02-04,STB,29450.0,30400.0,29400.0,30100.0,33822259
2021-02-05,STB,30200.0,30300.0,30150.0,30200.0,23125943
2021-02-08,STB,30250.0,30500.0,29300.0,29450.0,30422244
2021-02-09,STB,29600.0,30000.0,29350.0,29750.0,24902562
2021-02-10,STB,29550.0,30300.0,29450.0,30300.0,38311449
2021-02-11,STB,30100.0,30600.0,30000.0,30500.0,22863357
2021-02-12,STB,30500.0,31750.0,30450.0,31600.0,29535270
2021-02-15,STB,31850.0,31850.0,31250.0,31500.0,29663513
2021-02-16,STB,31750.0,32150.0,30300.0,30650.0,47370226
2021-02-17,STB,30650.0,30850.0,29300.0,29400.0,40855760
2021-02-18,STB,29250.0,29300.0,28550.0,28750.0,26850183
2021-02-19,STB,28800.0,28900.0,28450.0,28700.0,25478116
2021-02-22,STB,28700.0,29750.0,28550.0,29300.0,39875190
2021-02-23,STB,29250.0,29800.0,29150.0,29700.0,30970269
2021-02-24,STB,29850.0,30200.0,28750.0,28850.0,42082497
2021-02-25,STB,28700.0,28950.0,28650.0,28650.0,30561233
2021-02-26,STB,28600.0,28700.0,28350.0,28650.0,20240060
2021-03-01,STB,28650.0,28800.0,27600.0,27650.0,33810293
2021-03-02,STB,27700.0,27850.0,26400.0,26550.0,40062898
2021-03-03,STB,26500.0,26650.0,25000.0,25100.0,43288475
2021-03-04,STB,24950.0,25050.0,24200.0,24200.0,27436607
2021-03-05,STB,24250.0,24400.0,23950.0,24100.0,27326316
2021-03-08,STB,23900.0,24700.0,23800.0,24600.0,31417910
2021-03-09,STB,24500.0,24700.0,24450.0,24450.0,19418942
2021-03-10,STB,24450.0,24600.0,24200.0,24500.0,30046978
2021-03-11,STB,24600.0,24800.0,24050.0,24100.0,24894542
2021-03-12,STB,24000.0,24150.0,23300.0,23400.0,31970371
2021-03-15,STB,23500.0,23650.0,21950.0,22000.0,38692967
2021-03-16,STB,21950.0,22050.0,21600.0,22000.0,25870620
2021-03-17,STB,22100.0,22350.0,21200.0,21300.0,33500509
2021-03-18,STB,21200.0,22200.0,21150.0,22150.0,30847329
2021-03-19,STB,22100.0,22250.0,21700.0,21750.0,32896262
2021-03-22,STB,21800.0,23050.0,21700.0,22950.0,31886550
2021-03-23,STB,22850.0,23200.0,22800.0,23100.0,34147013
2021-03-24,STB,23250.0,23300.0,23100.0,23200.0,17682948
2021-03-25,STB,23300.0,24550.0,23200.0,24350.0,38671561
2021-03-26,STB,24400.0,25250.0,24350.0,25100.0,32857706
2021-03-29,STB,25050.0,25050.0,24000.0,24200.0,34745558
2021-03-30,STB,24400.0,25750.0,24400.0,25600.0,35147957
2021-03-31,STB,25600.0,25700.0,24150.0,24200.0,38318117
2021-04-01,STB,24200.0,24400.0,23200.0,23200.0,33456547
2021-04-02,STB,23200.0,23350.0,23100.0,23350.0,19357334
2021-04-05,STB,23400.0,23550.0,22750.0,22800.0,33611152
2021-04-06,STB,22850.0,23400.0,22650.0,23250.0,30105371
2021-04-07,STB,23350.0,23400.0,22900.0,22950.0,30355511
2021-04-08,STB,22900.0,23050.0,22650.0,23000.0,29648970
2021-04-09,STB,23050.0,23350.0,22850.0,23250.0,34909546
2021-04-12,STB,23200.0,23500.0,23200.0,23350.0,29859263
2021-04-13,STB,23400.0,23450.0,22300.0,22450.0,29653946
2021-04-14,STB,22450.0,22800.0,22400.0,22600.0,21102018
2021-04-15,STB,22700.0,22800.0,22550.0,22750.0,29410740
2021-04-16,STB,22700.0,22750.0,22600.0,22600.0,18678424
2021-04-19,STB,22700.0,22800.0,21500.0,21650.0,46317047
2021-04-20,STB,21450.0,22150.0,21350.0,21900.0,28102735
2021-04-21,STB,21900.0,22000.0,21500.0,21650.0,26345840
2021-04-22,STB,21650.0,21750.0,21400.0,21750.0,26496421
2021-04-23,STB,21700.0,21850.0,20950.0,21000.0,42296426
2021-04-26,STB,21100.0,21100.0,20900.0,21000.0,18714143
2021-04-27,STB,20850.0,21050.0,20850.0,20950.0,26196991
2021-04-28,STB,20950.0,21050.0,20600.0,20600.0,25775785
2021-04-29,STB,20500.0,20650.0,19450.0,19650.0,35761764
2021-04-30,STB,19650.0,19800.0,19550.0,19750.0,25367015
2021-05-03,STB,19700.0,20050.0,19350.0,19500.0,36338873
2021-05-04,STB,19450.0,19700.0,19250.0,19550.0,29782115
2021-05-05,STB,19650.0,19800.0,19350.0,19600.0,29264681
2021-05-06,STB,19550.0,19700.0,19250.0,19300.0,35239102
2021-05-07,STB,19300.0,19300.0,18550.0,18700.0,29568069
2021-05-10,STB,18750.0,18800.0,18650.0,18800.0,16534096
2021-05-11,STB,18750.0,18850.0,18600.0,18600.0,19372631
2021-05-12,STB,18650.0,18700.0,18000.0,18100.0,25838927
2021-05-13,STB,18050.0,18150.0,17750.0,17850.0,27626451
2021-05-14,STB,17800.0,18150.0,17700.0,18150.0,36550479
2021-05-17,STB,18000.0,18150.0,17800.0,17850.0,24565562
2021-05-18,STB,17800.0,17950.0,17300.0,17450.0,27159547
2021-05-19,STB,17450.0,17550.0,17150.0,17200.0,29264955
2021-05-20,STB,17300.0,17450.0,17050.0,17300.0,29518874
2021-05-21,STB,17300.0,17350.0,17050.0,17150.0,19637342
2021-05-24,STB,17300.0,17650.0,17150.0,17500.0,24703374
2021-05-25,STB,17350.0,17900.0,17150.0,17850.0,41646667
2021-05-26,STB,17750.0,18150.0,17700.0,18150.0,27078697
2021-05-27,STB,18050.0,18600.0,18000.0,18500.0,35111113
2021-05-28,STB,18500.0,18500.0,17750.0,17850.0,34345794
2021-05-31,STB,17950.0,18400.0,17900.0,18350.0,26429823
2021-06-01,STB,18300.0,18700.0,18250.0,18550.0,31541206
2021-06-02,STB,18650.0,18950.0,18600.0,18900.0,21802164
2021-06-03,STB,18850.0,18850.0,18400.0,18500.0,26287891
2021-06-04,STB,18600.0,18650.0,18400.0,18450.0,31832945
2021-06-07,STB,18450.0,18500.0,17900.0,18050.0,29285581
2021-06-08,STB,18100.0,18550.0,17950.0,18300.0,38459155
2021-06-09,STB,18400.0,18650.0,18300.0,18650.0,29719214
2021-06-10,STB,18550.0,18600.0,18000.0,18150.0,24734678
2021-06-11,STB,18100.0,18300.0,17950.0,17950.0,32053956
2021-06-14,STB,17950.0,18200.0,17900.0,18100.0,26195779
2021-06-15,STB,17900.0,19050.0,17900.0,19050.0,32670241
2021-06-16,STB,19050.0,20200.0,19000.0,20150.0,39461301
2021-06-17,STB,20100.0,20200.0,19950.0,20150.0,20394492
2021-06-18,STB,20250.0,20400.0,20150.0,20250.0,25166612
2021-06-21,STB,20200.0,20300.0,19900.0,20000.0,20276482
2021-06-22,STB,20000.0,20050.0,19550.0,19650.0,27235437
2021-06-23,STB,19550.0,19750.0,19500.0,19700.0,30737184
2021-06-24,STB,19750.0,20600.0,19700.0,20600.0,38842377
2021-06-25,STB,20550.0,21650.0,20400.0,21550.0,45376824
2021-06-28,STB,21600.0,21750.0,21000.0,21000.0,38258925
2021-06-29,STB,21050.0,21300.0,20950.0,21150.0,24046965
2021-06-30,STB,20950.0,21400.0,20900.0,21200.0,27152955
2021-07-01,STB,21250.0,21400.0,21000.0,21200.0,34491719
2021-07-02,STB,21200.0,21250.0,20650.0,20650.0,23640871
2021-07-05,STB,20750.0,21750.0,20600.0,21750.0,37037141
2021-07-06,STB,21700.0,21750.0,21150.0,21200.0,35198751
2021-07-07,STB,21100.0,22100.0,21100.0,22050.0,31349883
2021-07-08,STB,22150.0,22450.0,21400.0,21450.0,37455583
2021-07-09,STB,21250.0,22000.0,21250.0,22000.0,39010876
2021-07-12,STB,22000.0,22650.0,21800.0,22650.0,35445199
2021-07-13,STB,22700.0,24200.0,22500.0,24150.0,43666964
2021-07-14,STB,23950.0,24750.0,23950.0,24600.0,28969521
2021-07-15,STB,24500.0,25000.0,24450.0,24900.0,25314586
2021-07-16,STB,25100.0,25150.0,24050.0,24250.0,33107711
2021-07-19,STB,24400.0,25150.0,24150.0,25000.0,33342984
2021-07-20,STB,25000.0,26150.0,25000.0,26000.0,37005151
2021-07-21,STB,25800.0,26600.0,25800.0,26300.0,29611491
2021-07-22,STB,26400.0,26500.0,25350.0,25500.0,28250286
2021-07-23,STB,25500.0,25600.0,25450.0,25550.0,23528465
2021-07-26,STB,25550.0,25700.0,25350.0,25650.0,27724816
2021-07-27,STB,25750.0,26000.0,24900.0,25050.0,39729495
2021-07-28,STB,25200.0,25750.0,25050.0,25500.0,32068677
2021-07-29,STB,25450.0,25500.0,24950.0,25100.0,23255827
2021-07-30,STB,25150.0,25150.0,24600.0,24600.0,32752922
2021-08-02,STB,24550.0,24700.0,23750.0,23750.0,32440809
2021-08-03,STB,23700.0,23850.0,22950.0,23000.0,40187860
2021-08-04,STB,23100.0,23150.0,21750.0,21850.0,42586035
2021-08-05,STB,21800.0,22000.0,21650.0,21950.0,33224167
2021-08-06,STB,22200.0,22200.0,21600.0,21700.0,31849651
2021-08-09,STB,21700.0,22100.0,21650.0,22050.0,32065534
2021-08-10,STB,22200.0,22250.0,21400.0,21450.0,27876939
2021-08-11,STB,21500.0,22050.0,21350.0,22000.0,26100717
2021-08-12,STB,21950.0,22650.0,21700.0,22450.0,30987702
2021-08-13,STB,22350.0,24000.0,22300.0,23950.0,42395169
2021-08-16,STB,23950.0,24900.0,23900.0,24750.0,38653081
2021-08-17,STB,24700.0,25050.0,24650.0,25050.0,24192224
2021-08-18,STB,25100.0,25750.0,25050.0,25600.0,23880942
2021-08-19,STB,25600.0,25600.0,25300.0,25350.0,17885207
2021-08-20,STB,25400.0,25450.0,25050.0,25150.0,20143397
2021-08-23,STB,25050.0,25700.0,25050.0,25450.0,36442916
2021-08-24,STB,25500.0,25550.0,25150.0,25150.0,30219606
2021-08-25,STB,25200.0,25600.0,25000.0,25400.0,31525439
2021-08-26,STB,25550.0,25900.0,25350.0,25450.0,21019872
2021-08-27,STB,25450.0,25600.0,25350.0,25500.0,30643582
2021-08-30,STB,25550.0,25650.0,24300.0,24350.0,37010765
2021-08-31,STB,24400.0,24800.0,24200.0,24800.0,26012128
2021-09-01,STB,24800.0,25350.0,24600.0,25050.0,29322656
2021-09-02,STB,25100.0,25850.0,24850.0,25700.0,35536075
2021-09-03,STB,25800.0,25850.0,25450.0,25450.0,32387374
2021-09-06,STB,25250.0,25400.0,25150.0,25250.0,31066832
2021-09-07,STB,25250.0,25450.0,24150.0,24350.0,38450980
2021-09-08,STB,24450.0,24500.0,23850.0,24050.0,35833989
2021-09-09,STB,23850.0,23950.0,23750.0,23850.0,22010882
2021-09-10,STB,23900.0,23900.0,23250.0,23500.0,37921219
2021-09-13,STB,23500.0,23550.0,23100.0,23100.0,26762800
2021-09-14,STB,23150.0,23200.0,22400.0,22650.0,38352693
2021-09-15,STB,22600.0,22700.0,22400.0,22650.0,21855012
2021-09-16,STB,22600.0,23500.0,22600.0,23400.0,28806087
2021-09-17,STB,23550.0,24550.0,23500.0,24500.0,30932398
2021-09-20,STB,24550.0,25400.0,24550.0,25400.0,26661069
2021-09-21,STB,25450.0,25750.0,24850.0,25000.0,29979928
2021-09-22,STB,25150.0,25200.0,24950.0,25150.0,24462867
2021-09-23,STB,25350.0,25950.0,25200.0,25850.0,30771390
2021-09-24,STB,26000.0,26400.0,26000.0,26400.0,19691247
2021-09-27,STB,26400.0,26800.0,26300.0,26750.0,26713474
2021-09-28,STB,26800.0,27000.0,26150.0,26500.0,25583828
2021-09-29,STB,26400.0,26900.0,26350.0,26800.0,21166814
2021-09-30,STB,26750.0,27550.0,26650.0,27450.0,35901953
2021-10-01,STB,27350.0,27700.0,27250.0,27700.0,33510350
2021-10-04,STB,27550.0,29500.0,27400.0,29250.0,48602113
2021-10-05,STB,29400.0,30450.0,29200.0,30450.0,29253151
2021-10-06,STB,30450.0,30500.0,29300.0,29350.0,38790085
2021-10-07,STB,29250.0,29500.0,29000.0,29200.0,26814613
2021-10-08,STB,29250.0,30350.0,29150.0,30050.0,27650444
2021-10-11,STB,29750.0,29900.0,28800.0,28850.0,31885924
2021-10-12,STB,28750.0,28950.0,28700.0,28900.0,25391800
2021-10-13,STB,28950.0,29300.0,28750.0,29250.0,29454124
2021-10-14,STB,28950.0,30150.0,28900.0,30050.0,37123601
2021-10-15,STB,30150.0,30200.0,29450.0,29650.0,34797703
2021-10-18,STB,29700.0,29800.0,29000.0,29100.0,37771112
2021-10-19,STB,29150.0,30000.0,29000.0,29850.0,24495616
2021-10-20,STB,29800.0,30050.0,28350.0,28700.0,36621008
2021-10-21,STB,28700.0,29150.0,28500.0,29000.0,26856925
2021-10-22,STB,29250.0,29300.0,28600.0,28750.0,32446601
2021-10-25,STB,28750.0,28850.0,28400.0,28400.0,32972866
2021-10-26,STB,28550.0,28750.0,27950.0,28000.0,28825744
2021-10-27,STB,27950.0,28200.0,27800.0,28150.0,27890257
2021-10-28,STB,28100.0,28350.0,26450.0,26650.0,38841462
2021-10-29,STB,26700.0,26750.0,25850.0,25900.0,34319334
2021-11-01,STB,25800.0,25900.0,25050.0,25200.0,25393384
2021-11-02,STB,25000.0,26100.0,25000.0,25900.0,36087132
2021-11-03,STB,25950.0,26000.0,25400.0,25500.0,36768038
2021-11-04,STB,25400.0,25450.0,24350.0,24350.0,41355348
2021-11-05,STB,24350.0,24750.0,24200.0,24600.0,25868431
2021-11-08,STB,24650.0,24900.0,24450.0,24850.0,23621133
2021-11-09,STB,24900.0,25000.0,23700.0,23800.0,38349898
2021-11-10,STB,23950.0,24150.0,23500.0,23550.0,35675850
2021-11-11,STB,23650.0,24900.0,23350.0,24750.0,42109211
2021-11-12,STB,24650.0,24950.0,24250.0,24350.0,30369250
2021-11-15,STB,24350.0,24450.0,23950.0,24050.0,33778069
2021-11-16,STB,24100.0,24100.0,23800.0,24000.0,20650889
2021-11-17,STB,24150.0,24200.0,23600.0,23750.0,31331165
2021-11-18,STB,23600.0,24950.0,23550.0,24800.0,42338740
2021-11-19,STB,24850.0,24900.0,24850.0,24900.0,16420356
2021-11-22,STB,25050.0,25350.0,24550.0,24600.0,37356848
2021-11-23,STB,24850.0,25350.0,24800.0,25300.0,35125692
2021-11-24,STB,25250.0,25400.0,25150.0,25300.0,26312951
2021-11-25,STB,25200.0,25350.0,25100.0,25300.0,22664388
2021-11-26,STB,25300.0,25550.0,24700.0,25000.0,35863690
2021-11-29,STB,25300.0,25450.0,24600.0,24600.0,32345173
2021-11-30,STB,24650.0,25150.0,24450.0,24800.0,34386117
2021-12-01,STB,24850.0,25350.0,24850.0,25250.0,25173084
2021-12-02,STB,25200.0,25500.0,25050.0,25450.0,33841132
2021-12-03,STB,25450.0,26250.0,25250.0,26100.0,40371112
2021-12-06,STB,26300.0,26800.0,26300.0,26750.0,24597638
2021-12-07,STB,26800.0,26850.0,25400.0,25650.0,37653896
2021-12-08,STB,25750.0,26400.0,25550.0,26350.0,36659368
2021-12-09,STB,26400.0,26650.0,26300.0,26600.0,19261733
2021-12-10,STB,26650.0,26850.0,26600.0,26750.0,26694842
2021-12-13,STB,26900.0,27000.0,25900.0,25900.0,28120047
2021-12-14,STB,25950.0,27300.0,25850.0,27200.0,38530754
2021-12-15,STB,27150.0,27750.0,27050.0,27600.0,24732008
2021-12-16,STB,27500.0,27600.0,27150.0,27150.0,30198562
2021-12-17,STB,27250.0,27900.0,27250.0,27700.0,21318910
2021-12-20,STB,27500.0,27550.0,26600.0,26600.0,28072324
2021-12-21,STB,26600.0,26650.0,26150.0,26200.0,26791839
2021-12-22,STB,26350.0,26450.0,26250.0,26350.0,20835755
2021-12-23,STB,26450.0,26500.0,26150.0,26200.0,20862466
2021-12-24,STB,26100.0,26250.0,24950.0,25050.0,44699274
2021-12-27,STB,25000.0,25600.0,24800.0,25400.0,35124574
2021-12-28,STB,25350.0,26100.0,25250.0,26100.0,30153595
2021-12-29,STB,26000.0,26300.0,25950.0,26250.0,24320080
2021-12-30,STB,26250.0,26300.0,24700.0,24800.0,48881235
2021-12-31,STB,24700.0,25250.0,24650.0,25200.0,36310915
2022-01-03,STB,25150.0,25400.0,25100.0,25300.0,30814064
2022-01-04,STB,25200.0,26950.0,25200.0,26850.0,38881255
2022-01-05,STB,26750.0,26900.0,26500.0,26700.0,20090813
2022-01-06,STB,26650.0,26700.0,26050.0,26100.0,23431420
2022-01-07,STB,26100.0,26200.0,26000.0,26100.0,24539609
2022-01-10,STB,26250.0,26300.0,25650.0,25750.0,35956698
2022-01-11,STB,25950.0,26750.0,25950.0,26550.0,26847257
2022-01-12,STB,26500.0,26550.0,25800.0,25900.0,33450664
2022-01-13,STB,25900.0,26850.0,25650.0,26750.0,31385851
2022-01-14,STB,26550.0,26700.0,25900.0,25950.0,35425083
2022-01-17,STB,25950.0,26100.0,25100.0,25200.0,36201510
2022-01-18,STB,25150.0,25250.0,24050.0,24300.0,32777968
2022-01-19,STB,24250.0,24500.0,24100.0,24450.0,19326251
2022-01-20,STB,24500.0,24550.0,24400.0,24550.0,31474996
2022-01-21,STB,24500.0,24600.0,23600.0,23650.0,38527215
2022-01-24,STB,23750.0,24350.0,23450.0,24350.0,38116887
2022-01-25,STB,24300.0,24800.0,24250.0,24650.0,31826679
2022-01-26,STB,24700.0,24700.0,24150.0,24300.0,29509464
2022-01-27,STB,24300.0,25100.0,23900.0,25100.0,39324088
2022-01-28,STB,25100.0,25200.0,24150.0,24300.0,29750939
2022-01-31,STB,24400.0,24550.0,24300.0,24550.0,20286700
2022-02-01,STB,24500.0,24550.0,23600.0,23650.0,33319608
2022-02-02,STB,23700.0,23800.0,22600.0,22650.0,43052083
2022-02-03,STB,22500.0,22700.0,22150.0,22200.0,36822299
2022-02-04,STB,22300.0,22300.0,21800.0,21950.0,35746110
2022-02-07,STB,22000.0,22600.0,21900.0,22450.0,37544624
2022-02-08,STB,22350.0,22800.0,22100.0,22550.0,30464727
2022-02-09,STB,22450.0,22950.0,22400.0,22900.0,35919282
2022-02-10,STB,23100.0,23100.0,22250.0,22250.0,28562189
2022-02-11,STB,22300.0,22650.0,21900.0,22550.0,37254655
2022-02-14,STB,22650.0,22750.0,22350.0,22500.0,33364710
2022-02-15,STB,22400.0,23200.0,22300.0,23100.0,40064419
2022-02-16,STB,23200.0,23700.0,23100.0,23550.0,32595854
2022-02-17,STB,23600.0,23600.0,23450.0,23550.0,28053283
2022-02-18,STB,23600.0,24000.0,23550.0,23750.0,27178509
2022-02-21,STB,23800.0,24050.0,23500.0,23550.0,33543252
2022-02-22,STB,23500.0,23550.0,23350.0,23400.0,30297949
2022-02-23,STB,23400.0,23900.0,23400.0,23600.0,33616246
2022-02-24,STB,23700.0,25150.0,23500.0,25050.0,46858286
2022-02-25,STB,24950.0,25100.0,24600.0,24900.0,21238321
2022-02-28,STB,25150.0,26100.0,25050.0,26050.0,40863566
2022-03-01,STB,26100.0,26350.0,25600.0,25700.0,25212728
2022-03-02,STB,25650.0,26350.0,25650.0,26250.0,27498019
2022-03-03,STB,26350.0,26950.0,26150.0,26850.0,23620024
2022-03-04,STB,26950.0,27950.0,26750.0,27900.0,41344381
2022-03-07,STB,28050.0,28150.0,27150.0,27400.0,29293468
2022-03-08,STB,27300.0,27600.0,26100.0,26150.0,37083480
2022-03-09,STB,26150.0,26300.0,25950.0,26150.0,26459910
2022-03-10,STB,26150.0,27300.0,26100.0,27250.0,27234059
2022-03-11,STB,27300.0,28250.0,27250.0,28250.0,31471909
2022-03-14,STB,28300.0,28500.0,28100.0,28200.0,31438098
2022-03-15,STB,28150.0,28150.0,27300.0,27600.0,35015097
2022-03-16,STB,27700.0,29100.0,27700.0,28950.0,32333260
2022-03-17,STB,28950.0,29000.0,28750.0,28850.0,30892623
2022-03-18,STB,28700.0,29150.0,28300.0,29100.0,25040794
2022-03-21,STB,29200.0,29950.0,29150.0,29800.0,23082602
2022-03-22,STB,29600.0,29700.0,29500.0,29600.0,30481212
2022-03-23,STB,29450.0,30000.0,29350.0,29850.0,32893279
2022-03-24,STB,29950.0,30550.0,29750.0,30500.0,28750316
2022-03-25,STB,30450.0,30600.0,30250.0,30500.0,28527296
2022-03-28,STB,30450.0,31200.0,30350.0,31150.0,26815883
2022-03-29,STB,31200.0,33400.0,31200.0,33300.0,41317883
2022-03-30,STB,33400.0,33600.0,32750.0,33050.0,23416052
2022-03-31,STB,33050.0,34500.0,32850.0,34450.0,42039007
2022-04-01,STB,34400.0,34650.0,34350.0,34550.0,19167135
2022-04-04,STB,34250.0,36100.0,34250.0,35850.0,40363716
2022-04-05,STB,35950.0,37600.0,35900.0,37400.0,28056837
2022-04-06,STB,37150.0,37200.0,36700.0,37100.0,31371949
2022-04-07,STB,37250.0,37300.0,36800.0,37000.0,30404767
2022-04-08,STB,37000.0,37800.0,36750.0,37750.0,33418527
2022-04-11,STB,37800.0,38500.0,37750.0,37900.0,21506222
2022-04-12,STB,37950.0,38600.0,37850.0,38250.0,34498075
2022-04-13,STB,38150.0,38350.0,37500.0,37650.0,24325831
2022-04-14,STB,37700.0,37750.0,36450.0,36700.0,35323963
2022-04-15,STB,36600.0,38000.0,36500.0,37900.0,37839830
2022-04-18,STB,37900.0,38050.0,37800.0,37950.0,18029605
2022-04-19,STB,38150.0,38500.0,38000.0,38250.0,22601336
2022-04-20,STB,38250.0,39700.0,38150.0,39600.0,31846180
2022-04-21,STB,39750.0,40200.0,38900.0,38950.0,31598072
2022-04-22,STB,39150.0,39200.0,38300.0,38750.0,21620970
2022-04-25,STB,38500.0,38650.0,36800.0,36900.0,40203813
2022-04-26,STB,36850.0,36900.0,36400.0,36400.0,21683956
2022-04-27,STB,36450.0,36550.0,35500.0,35800.0,33222603
2022-04-28,STB,35800.0,36550.0,35550.0,36400.0,31163540
2022-04-29,STB,36250.0,36750.0,36200.0,36700.0,19327577
2022-05-02,STB,36700.0,36900.0,36000.0,36150.0,32232641
2022-05-03,STB,36150.0,37350.0,36050.0,36950.0,29946274
2022-05-04,STB,36850.0,38950.0,36650.0,38750.0,42055883
2022-05-05,STB,38800.0,39050.0,38400.0,38700.0,22054886
2022-05-06,STB,38650.0,38800.0,38050.0,38150.0,21305722
2022-05-09,STB,38150.0,38700.0,37800.0,37900.0,24549523
2022-05-10,STB,37800.0,38900.0,37650.0,38600.0,31960975
2022-05-11,STB,39000.0,39050.0,38000.0,38100.0,32946883
2022-05-12,STB,37750.0,38200.0,37300.0,37350.0,29178803
2022-05-13,STB,37150.0,38400.0,37100.0,38350.0,29959665
2022-05-16,STB,38100.0,38250.0,37850.0,38150.0,20030997
2022-05-17,STB,38300.0,38500.0,37900.0,38450.0,28910838
2022-05-18,STB,38300.0,39100.0,37800.0,38950.0,38184524
2022-05-19,STB,38800.0,39300.0,38600.0,39250.0,25020231
2022-05-20,STB,39400.0,40050.0,39000.0,39600.0,31441754
2022-05-23,STB,39500.0,40550.0,39050.0,40350.0,36804206
2022-05-24,STB,40450.0,41250.0,40250.0,41150.0,33091111
2022-05-25,STB,40950.0,42100.0,40850.0,41900.0,38087628
2022-05-26,STB,41600.0,42300.0,41350.0,42250.0,26743456
2022-05-27,STB,42300.0,42400.0,41700.0,42000.0,22245824
2022-05-30,STB,41800.0,42550.0,41550.0,42450.0,23840725
2022-05-31,STB,42450.0,43100.0,42350.0,43050.0,33364690
2022-06-01,STB,43100.0,44500.0,43050.0,43900.0,39854233
2022-06-02,STB,44250.0,44700.0,43700.0,43950.0,28403329
2022-06-03,STB,44000.0,44150.0,43050.0,43200.0,24789963
2022-06-06,STB,42900.0,43100.0,40650.0,41000.0,46099753
2022-06-07,STB,41150.0,41200.0,40700.0,41000.0,31691331
2022-06-08,STB,40800.0,41600.0,40300.0,41450.0,36916726
2022-06-09,STB,41300.0,41800.0,40000.0,40050.0,34145522
2022-06-10,STB,40000.0,40000.0,39500.0,39650.0,31875507
2022-06-13,STB,39450.0,39450.0,39200.0,39350.0,21291535
2022-06-14,STB,39400.0,39500.0,38250.0,38750.0,25860994
2022-06-15,STB,38500.0,41100.0,38400.0,40750.0,41677541
2022-06-16,STB,40800.0,41550.0,40450.0,41400.0,37153826
2022-06-17,STB,41450.0,42000.0,41350.0,41850.0,21497966
2022-06-20,STB,42150.0,42400.0,42000.0,42100.0,28679049
2022-06-21,STB,41900.0,41900.0,41750.0,41800.0,20655700
2022-06-22,STB,41900.0,42000.0,40150.0,40600.0,41469151
2022-06-23,STB,40450.0,40950.0,40400.0,40750.0,26532696
2022-06-24,STB,40750.0,40850.0,39750.0,39850.0,31548509
2022-06-27,STB,40000.0,40550.0,39650.0,39950.0,29172499
2022-06-28,STB,39550.0,39650.0,37650.0,37750.0,38282258
2022-06-29,STB,37650.0,37850.0,36900.0,37000.0,21777374
2022-06-30,STB,37150.0,37400.0,36450.0,36650.0,26860767
2022-07-01,STB,36550.0,36750.0,36400.0,36650.0,26317112
2022-07-04,STB,36900.0,37000.0,35250.0,35600.0,43881597
2022-07-05,STB,35600.0,37400.0,35600.0,36950.0,41974805
2022-07-06,STB,36850.0,37000.0,36050.0,36150.0,36413933
2022-07-07,STB,36150.0,36700.0,35900.0,36550.0,24124786
2022-07-08,STB,36450.0,38700.0,36150.0,38650.0,41312317
2022-07-11,STB,38450.0,38900.0,38250.0,38450.0,19809659
2022-07-12,STB,38400.0,38650.0,37900.0,38300.0,25128086
2022-07-13,STB,38100.0,38150.0,37550.0,37550.0,30112922
2022-07-14,STB,37600.0,37850.0,36650.0,36750.0,24885399
2022-07-15,STB,36800.0,37150.0,35700.0,35950.0,28557229
2022-07-18,STB,35850.0,38000.0,35750.0,37900.0,40889921
2022-07-19,STB,37750.0,38100.0,37500.0,37800.0,22012358
2022-07-20,STB,38200.0,39350.0,38000.0,39250.0,32001747
2022-07-21,STB,39050.0,39550.0,39000.0,39400.0,21765777
2022-07-22,STB,39200.0,39550.0,39150.0,39500.0,19188917
2022-07-25,STB,39600.0,40050.0,39500.0,39750.0,21916928
2022-07-26,STB,39600.0,39900.0,38350.0,38500.0,35088891
2022-07-27,STB,38700.0,41550.0,38250.0,41200.0,38723416
2022-07-28,STB,41200.0,41400.0,40700.0,41050.0,24968863
2022-07-29,STB,41050.0,41400.0,40650.0,41300.0,20864925
2022-08-01,STB,41150.0,41550.0,41050.0,41350.0,19159889
2022-08-02,STB,41300.0,42850.0,41150.0,42650.0,27601416
2022-08-03,STB,42650.0,42800.0,41850.0,42100.0,34295296
2022-08-04,STB,42250.0,42600.0,41400.0,41450.0,34565299
2022-08-05,STB,41650.0,42400.0,41350.0,42250.0,23081290
2022-08-08,STB,42100.0,43200.0,42000.0,43000.0,31303267
2022-08-09,STB,43200.0,43700.0,42400.0,42850.0,23148160
2022-08-10,STB,42850.0,44200.0,42600.0,43800.0,31900544
2022-08-11,STB,43750.0,44000.0,42200.0,42500.0,37755668
2022-08-12,STB,42550.0,42950.0,41800.0,42350.0,32615155
2022-08-15,STB,42550.0,42600.0,42100.0,42200.0,26037790
2022-08-16,STB,42150.0,42750.0,41650.0,42600.0,34826349
2022-08-17,STB,42400.0,43100.0,42150.0,42850.0,34188765
2022-08-18,STB,43150.0,44450.0,43100.0,44300.0,31981100
2022-08-19,STB,44450.0,45000.0,43700.0,43750.0,23613415
2022-08-22,STB,43550.0,44250.0,43350.0,43950.0,31209269
2022-08-23,STB,44200.0,44300.0,42900.0,42900.0,33630480
2022-08-24,STB,42700.0,42800.0,40800.0,40900.0,40109886
2022-08-25,STB,40900.0,41350.0,40600.0,41150.0,32486366
2022-08-26,STB,41150.0,41550.0,40900.0,41100.0,31333124
2022-08-29,STB,41100.0,41550.0,40800.0,40950.0,23365501
2022-08-30,STB,40950.0,41250.0,40600.0,40900.0,23061440
2022-08-31,STB,40600.0,41700.0,40500.0,41550.0,28211210
2022-09-01,STB,41800.0,42000.0,41150.0,41300.0,30150146
2022-09-02,STB,41450.0,43250.0,41400.0,42800.0,38122887
2022-09-05,STB,42850.0,43200.0,42750.0,43100.0,25293107
2022-09-06,STB,42800.0,43300.0,42150.0,42300.0,23628909
2022-09-07,STB,42050.0,42100.0,41700.0,41800.0,29870136
2022-09-08,STB,41800.0,43750.0,41500.0,43500.0,36999350
2022-09-09,STB,43650.0,43700.0,43550.0,43600.0,22361554
2022-09-12,STB,43500.0,45250.0,43300.0,45200.0,30279282
2022-09-13,STB,45050.0,45200.0,43750.0,43950.0,38839470
2022-09-14,STB,43900.0,43950.0,42500.0,42950.0,39771319
2022-09-15,STB,43050.0,43200.0,42050.0,42250.0,24640105
2022-09-16,STB,42450.0,42800.0,40800.0,41050.0,33574142
2022-09-19,STB,41000.0,42150.0,40850.0,41600.0,32396332
2022-09-20,STB,41600.0,42050.0,41200.0,41500.0,27574575
2022-09-21,STB,41100.0,42400.0,40650.0,42200.0,34397354
2022-09-22,STB,42200.0,42900.0,42000.0,42500.0,26062597
2022-09-23,STB,42350.0,42600.0,42100.0,42250.0,24018799
2022-09-26,STB,42300.0,44550.0,42250.0,44300.0,32845271
2022-09-27,STB,44000.0,44250.0,42800.0,42800.0,36954761
2022-09-28,STB,42950.0,43900.0,42700.0,43800.0,34642578
2022-09-29,STB,43850.0,44150.0,43650.0,44150.0,25793579
2022-09-30,STB,43950.0,45150.0,43700.0,44900.0,29117025
2022-10-03,STB,45100.0,45700.0,43550.0,43550.0,35150212
2022-10-04,STB,43250.0,43500.0,40450.0,40850.0,46174938
2022-10-05,STB,41000.0,42150.0,40850.0,42100.0,30926395
2022-10-06,STB,42100.0,42450.0,42000.0,42250.0,21867859
2022-10-07,STB,42100.0,43900.0,42050.0,43750.0,35050644
2022-10-10,STB,43800.0,43850.0,40950.0,41150.0,48246248
2022-10-11,STB,41100.0,41200.0,40200.0,40650.0,33263534
2022-10-12,STB,40450.0,40950.0,40300.0,40650.0,32749781
2022-10-13,STB,40700.0,40950.0,40600.0,40750.0,16886684
2022-10-14,STB,40800.0,41100.0,40150.0,40950.0,32745081
2022-10-17,STB,40800.0,41250.0,40350.0,40850.0,23974508
2022-10-18,STB,40950.0,41200.0,40150.0,40250.0,29496920
2022-10-19,STB,40250.0,40800.0,39750.0,40600.0,30991102
2022-10-20,STB,40700.0,41800.0,40650.0,41550.0,27177102
2022-10-21,STB,41600.0,42600.0,41500.0,42200.0,27879038
2022-10-24,STB,42000.0,42750.0,41900.0,42650.0,35265294
2022-10-25,STB,42400.0,43400.0,42200.0,42950.0,24209815
2022-10-26,STB,43100.0,43850.0,43050.0,43750.0,35110686
2022-10-27,STB,43900.0,44700.0,43750.0,44400.0,22469216
2022-10-28,STB,44500.0,44800.0,43600.0,44050.0,33170554
2022-10-31,STB,43950.0,45100.0,43700.0,45000.0,30126976
2022-11-01,STB,45200.0,45800.0,44850.0,45800.0,27280128
2022-11-02,STB,45450.0,47050.0,45300.0,46750.0,37777483
2022-11-03,STB,46650.0,46750.0,46650.0,46750.0,20976659
2022-11-04,STB,46900.0,47500.0,46900.0,47250.0,25220547
2022-11-07,STB,47300.0,48150.0,46900.0,48150.0,26850382
2022-11-08,STB,48100.0,48850.0,47850.0,48750.0,25775292
2022-11-09,STB,48900.0,49300.0,47350.0,47500.0,32964530
2022-11-10,STB,47800.0,47950.0,46300.0,46750.0,30620312
2022-11-11,STB,46500.0,46700.0,45100.0,45250.0,39583052
2022-11-14,STB,45250.0,46000.0,45000.0,45900.0,33038705
2022-11-15,STB,46100.0,47800.0,46100.0,47750.0,38575196
2022-11-16,STB,47650.0,48000.0,47100.0,47200.0,31521529
2022-11-17,STB,47150.0,47450.0,46900.0,47450.0,28481341
2022-11-18,STB,47300.0,47400.0,46300.0,46400.0,23869076
2022-11-21,STB,46650.0,47650.0,46450.0,47100.0,28389974
2022-11-22,STB,47350.0,47450.0,45200.0,45700.0,34262472
2022-11-23,STB,45650.0,46250.0,44700.0,44850.0,35811088
2022-11-24,STB,45100.0,45400.0,43150.0,43300.0,36387486
2022-11-25,STB,43250.0,43250.0,41700.0,41800.0,32360845
2022-11-28,STB,41750.0,42450.0,41650.0,42400.0,30502132
2022-11-29,STB,42400.0,42850.0,42000.0,42700.0,25020774
2022-11-30,STB,42450.0,44050.0,42450.0,43500.0,30395774
2022-12-01,STB,43450.0,44250.0,43450.0,43800.0,30144605
2022-12-02,STB,43600.0,43600.0,41950.0,42100.0,34509067
2022-12-05,STB,42200.0,43400.0,42150.0,43100.0,36064555
2022-12-06,STB,43150.0,44000.0,43100.0,43600.0,31067714
2022-12-07,STB,43500.0,46300.0,43300.0,46000.0,49433098
2022-12-08,STB,46100.0,46550.0,45650.0,45850.0,22882333
2022-12-09,STB,46000.0,48150.0,45950.0,48100.0,33356062
2022-12-12,STB,48150.0,49000.0,48000.0,48850.0,29204096
2022-12-13,STB,48750.0,51400.0,48600.0,51150.0,45465120
2022-12-14,STB,51600.0,51750.0,49500.0,49550.0,31030633
2022-12-15,STB,49650.0,50350.0,49250.0,50250.0,32308899
2022-12-16,STB,49950.0,50000.0,49650.0,50000.0,23362973
2022-12-19,STB,49800.0,50050.0,49750.0,49950.0,28335184
2022-12-20,STB,49600.0,50650.0,49300.0,50550.0,31924471
2022-12-21,STB,50400.0,50900.0,50000.0,50250.0,21022349
2022-12-22,STB,50350.0,50550.0,49450.0,49500.0,32375037
2022-12-23,STB,49850.0,50050.0,49150.0,49750.0,25138778
2022-12-26,STB,50000.0,53500.0,49850.0,53200.0,44087874
2022-12-27,STB,52700.0,53400.0,52550.0,53200.0,29614726
2022-12-28,STB,53550.0,53600.0,51950.0,52100.0,33362469
2022-12-29,STB,51950.0,52550.0,50200.0,50300.0,42471987
2022-12-30,STB,50150.0,50650.0,49550.0,50350.0,31583698
2023-01-02,STB,50250.0,51900.0,49950.0,51550.0,36346106
2023-01-03,STB,51850.0,52500.0,51600.0,52500.0,24486952
2023-01-04,STB,52650.0,53400.0,52000.0,53200.0,30281258
2023-01-05,STB,53050.0,53250.0,51850.0,52000.0,29448369
2023-01-06,STB,51900.0,52350.0,51550.0,52350.0,30250657
2023-01-09,STB,52150.0,53100.0,51600.0,52700.0,29098949
2023-01-10,STB,52550.0,53000.0,52450.0,52800.0,29924390
2023-01-11,STB,53350.0,53400.0,53300.0,53300.0,27607076
2023-01-12,STB,52850.0,55000.0,52350.0,55000.0,35682122
2023-01-13,STB,54600.0,54850.0,53100.0,53550.0,36214401
2023-01-16,STB,53400.0,53650.0,52400.0,52500.0,34990221
2023-01-17,STB,52550.0,53050.0,50300.0,50800.0,33959740
2023-01-18,STB,51200.0,51950.0,49950.0,50150.0,32730277
2023-01-19,STB,49800.0,50100.0,47400.0,47800.0,35269038
2023-01-20,STB,47650.0,49250.0,47500.0,49050.0,32362940
2023-01-23,STB,49000.0,49050.0,47850.0,48150.0,29551793
2023-01-24,STB,47750.0,48400.0,46600.0,46850.0,28312972
2023-01-25,STB,46850.0,47850.0,46600.0,47450.0,33698977
2023-01-26,STB,47300.0,49100.0,47150.0,48900.0,40979785
2023-01-27,STB,49000.0,49450.0,48550.0,48750.0,23897389
2023-01-30,STB,48950.0,49200.0,48350.0,48550.0,30514160
2023-01-31,STB,48500.0,49550.0,48350.0,49350.0,25863481
2023-02-01,STB,48900.0,49000.0,47850.0,48000.0,34839867
2023-02-02,STB,48000.0,48500.0,46850.0,46900.0,38289901
2023-02-03,STB,46700.0,47700.0,45850.0,45900.0,30952591
2023-02-06,STB,46000.0,46600.0,45700.0,46450.0,28484967
2023-02-07,STB,46350.0,49250.0,46250.0,49100.0,40953735
2023-02-08,STB,49100.0,49150.0,48950.0,48950.0,16165885
2023-02-09,STB,49200.0,49350.0,46600.0,46900.0,34007306
2023-02-10,STB,46900.0,47450.0,46300.0,46650.0,28958372
2023-02-13,STB,46450.0,47500.0,46400.0,47300.0,32574532
2023-02-14,STB,47850.0,49400.0,47800.0,49300.0,33255226
2023-02-15,STB,49000.0,49500.0,48800.0,49500.0,25649147
2023-02-16,STB,49400.0,50550.0,49050.0,50300.0,27656780
2023-02-17,STB,49750.0,51800.0,49550.0,51100.0,39193582
2023-02-20,STB,51000.0,52500.0,50850.0,52450.0,37709491
2023-02-21,STB,52300.0,53250.0,51950.0,53150.0,37044845
2023-02-22,STB,53550.0,53750.0,53000.0,53400.0,33727763
2023-02-23,STB,53500.0,54050.0,52900.0,53600.0,24882786
2023-02-24,STB,53300.0,55600.0,53100.0,54750.0,29713571
2023-02-27,STB,54850.0,54850.0,53150.0,53500.0,28244477
2023-02-28,STB,53550.0,54250.0,52600.0,52800.0,35814228
2023-03-01,STB,52700.0,52750.0,49850.0,50400.0,38729388
2023-03-02,STB,50350.0,50950.0,50300.0,50650.0,18521372
2023-03-03,STB,50650.0,51200.0,49100.0,49200.0,39033323
2023-03-06,STB,49050.0,49700.0,48300.0,49600.0,31693152
2023-03-07,STB,49450.0,49850.0,49450.0,49600.0,18045496
2023-03-08,STB,49750.0,50200.0,49100.0,50000.0,25042763
2023-03-09,STB,50050.0,50500.0,48200.0,48500.0,36113518
2023-03-10,STB,48700.0,48750.0,47800.0,47850.0,30694047
2023-03-13,STB,47950.0,48900.0,47450.0,48850.0,37825908
2023-03-14,STB,49000.0,49400.0,48700.0,48900.0,24275180
2023-03-15,STB,48850.0,49550.0,48100.0,49550.0,27470706
2023-03-16,STB,49600.0,49950.0,48200.0,48300.0,25244554
2023-03-17,STB,48250.0,48500.0,47700.0,47800.0,24001153
2023-03-20,STB,47800.0,48250.0,44900.0,44900.0,47974720
2023-03-21,STB,45100.0,46450.0,44900.0,46300.0,30100479
2023-03-22,STB,46400.0,46900.0,44000.0,44100.0,40765825
2023-03-23,STB,44250.0,44600.0,43850.0,44050.0,27249157
2023-03-24,STB,44100.0,45400.0,44100.0,45200.0,35887518
2023-03-27,STB,45300.0,45900.0,45250.0,45600.0,32262960
2023-03-28,STB,45650.0,46750.0,45300.0,46300.0,31791185
2023-03-29,STB,46400.0,46650.0,46250.0,46550.0,25791908
2023-03-30,STB,46350.0,47900.0,46000.0,47550.0,26577615
2023-03-31,STB,47900.0,48250.0,47800.0,48150.0,30146062
2023-04-03,STB,48200.0,48550.0,47500.0,48500.0,35179682
2023-04-04,STB,48750.0,48850.0,48600.0,48850.0,19259314
2023-04-05,STB,48650.0,48900.0,47450.0,47600.0,32680164
2023-04-06,STB,47600.0,48150.0,47500.0,48100.0,19827977
2023-04-07,STB,48350.0,48500.0,47250.0,47400.0,32143752
2023-04-10,STB,47700.0,47900.0,46200.0,46400.0,26129634
2023-04-11,STB,46400.0,48500.0,46100.0,48250.0,31392286
2023-04-12,STB,48200.0,48600.0,47600.0,47850.0,24100093
2023-04-13,STB,48000.0,48250.0,47950.0,48050.0,29970543
2023-04-14,STB,48150.0,48200.0,47550.0,47800.0,31295086
2023-04-17,STB,47600.0,47900.0,44850.0,44950.0,43313216
2023-04-18,STB,44800.0,47050.0,44800.0,46650.0,43121927
2023-04-19,STB,46850.0,46900.0,44000.0,44500.0,37074470
2023-04-20,STB,44750.0,45250.0,44450.0,45050.0,28090945
2023-04-21,STB,45050.0,46500.0,44900.0,46300.0,39891692
2023-04-24,STB,46100.0,46100.0,44800.0,45450.0,29826982
2023-04-25,STB,45550.0,45900.0,43900.0,44100.0,33805441
2023-04-26,STB,43750.0,44050.0,43100.0,43300.0,29497404
2023-04-27,STB,43250.0,44450.0,42700.0,44050.0,40630811
2023-04-28,STB,43800.0,43950.0,41950.0,42100.0,37861326
2023-05-01,STB,42150.0,42250.0,41050.0,41100.0,22942468
2023-05-02,STB,40950.0,41150.0,40500.0,40550.0,30076003
2023-05-03,STB,40500.0,40700.0,40200.0,40400.0,18817355
2023-05-04,STB,40150.0,43100.0,39900.0,43000.0,48060812
2023-05-05,STB,42800.0,42800.0,41250.0,41400.0,36163693
2023-05-08,STB,41400.0,43000.0,41350.0,42850.0,28999963
2023-05-09,STB,42650.0,43000.0,41500.0,41700.0,38429346
2023-05-10,STB,41750.0,42200.0,39900.0,40000.0,33934606
2023-05-11,STB,39900.0,40950.0,39550.0,40800.0,35002778
2023-05-12,STB,41000.0,41100.0,40900.0,41050.0,17604783
2023-05-15,STB,40850.0,40900.0,40300.0,40350.0,31016746
2023-05-16,STB,40350.0,40950.0,40000.0,40850.0,28103573
2023-05-17,STB,41000.0,41250.0,40950.0,41000.0,28641004
2023-05-18,STB,40900.0,40950.0,40650.0,40650.0,27853741
2023-05-19,STB,40550.0,40950.0,39700.0,40300.0,24519610
2023-05-22,STB,40450.0,40800.0,40400.0,40500.0,20299574
2023-05-23,STB,40550.0,40600.0,39100.0,39650.0,32733141
2023-05-24,STB,39900.0,39950.0,39750.0,39900.0,26761093
2023-05-25,STB,39950.0,39950.0,39400.0,39900.0,28148476
2023-05-26,STB,39750.0,40450.0,39550.0,40050.0,25065766
2023-05-29,STB,40200.0,40600.0,38850.0,39050.0,40503781
2023-05-30,STB,39000.0,39950.0,38950.0,39900.0,31478735
2023-05-31,STB,40000.0,41500.0,39700.0,41150.0,40639670
2023-06-01,STB,41100.0,41250.0,39800.0,40050.0,38122533
2023-06-02,STB,40050.0,40300.0,39050.0,39150.0,30744541
2023-06-05,STB,39150.0,39500.0,37750.0,38100.0,40322622
2023-06-06,STB,37950.0,38000.0,37200.0,37350.0,21037778
2023-06-07,STB,37350.0,39050.0,37250.0,39050.0,39483439
2023-06-08,STB,39100.0,39550.0,38550.0,38850.0,35491986
2023-06-09,STB,39000.0,39050.0,37350.0,37400.0,36370438
2023-06-12,STB,37350.0,37650.0,35950.0,35950.0,32370177
2023-06-13,STB,35900.0,35900.0,35550.0,35650.0,19437933
2023-06-14,STB,35750.0,36200.0,35600.0,36000.0,32413529
2023-06-15,STB,36050.0,36550.0,35850.0,36250.0,23369125
2023-06-16,STB,36250.0,36500.0,35450.0,35600.0,36080372
2023-06-19,STB,35600.0,35750.0,34700.0,35050.0,32824733
2023-06-20,STB,34800.0,34850.0,34450.0,34650.0,32609377
2023-06-21,STB,34700.0,34700.0,33750.0,33750.0,33169801
2023-06-22,STB,33650.0,34400.0,33650.0,34400.0,35227781
2023-06-23,STB,34400.0,35250.0,34300.0,35200.0,25439527
2023-06-26,STB,35200.0,35650.0,35200.0,35500.0,26720950
2023-06-27,STB,35650.0,35800.0,34200.0,34400.0,33210480
2023-06-28,STB,34300.0,34900.0,34000.0,34900.0,36037255
2023-06-29,STB,35050.0,35300.0,34300.0,34300.0,25196863
2023-06-30,STB,34250.0,35350.0,34200.0,35100.0,28776197
2023-07-03,STB,34900.0,35900.0,34850.0,35650.0,23699923
2023-07-04,STB,35500.0,35700.0,35300.0,35450.0,25299439
2023-07-05,STB,35400.0,35500.0,34050.0,34100.0,41120701
2023-07-06,STB,34050.0,35850.0,33950.0,35650.0,38043558
2023-07-07,STB,35700.0,36700.0,35650.0,36600.0,29474496
2023-07-10,STB,36650.0,37550.0,36350.0,37350.0,39027539
2023-07-11,STB,37400.0,37800.0,37150.0,37350.0,27496973
2023-07-12,STB,37550.0,37950.0,37350.0,37750.0,26444239
2023-07-13,STB,37600.0,38000.0,37250.0,37650.0,29354550
2023-07-14,STB,37900.0,38050.0,36600.0,37000.0,28820641
2023-07-17,STB,36950.0,37050.0,36000.0,36400.0,31490854
2023-07-18,STB,36400.0,37500.0,35850.0,37300.0,37893039
2023-07-19,STB,37400.0,37500.0,37000.0,37250.0,31792465
2023-07-20,STB,37300.0,37550.0,36500.0,36500.0,36393781
2023-07-21,STB,36450.0,37250.0,36300.0,36850.0,36267600
2023-07-24,STB,36850.0,37800.0,36750.0,37650.0,23334242
2023-07-25,STB,37800.0,39150.0,37600.0,38450.0,33040144
2023-07-26,STB,38650.0,39300.0,38500.0,39050.0,30011357
2023-07-27,STB,39000.0,39700.0,38950.0,39700.0,32215853
2023-07-28,STB,39900.0,40000.0,39850.0,39950.0,21910153
2023-07-31,STB,39900.0,40300.0,38500.0,38550.0,33224230
2023-08-01,STB,38500.0,38600.0,36450.0,36450.0,41793159
2023-08-02,STB,36550.0,37350.0,36400.0,37200.0,32863025
2023-08-03,STB,37000.0,37200.0,35500.0,35600.0,39249706
2023-08-04,STB,35750.0,36500.0,35700.0,36300.0,25885634
2023-08-07,STB,36550.0,38400.0,36200.0,38400.0,33680210
2023-08-08,STB,38350.0,39500.0,38250.0,39050.0,25288717
2023-08-09,STB,38900.0,40650.0,38700.0,40600.0,40767412
2023-08-10,STB,40500.0,40650.0,39750.0,39800.0,33544965
2023-08-11,STB,40000.0,40900.0,39950.0,40800.0,24451388
2023-08-14,STB,41050.0,41700.0,40650.0,41450.0,30191760
2023-08-15,STB,41600.0,41950.0,41200.0,41750.0,21252883
2023-08-16,STB,41950.0,42450.0,41750.0,42250.0,30386749
2023-08-17,STB,42750.0,42950.0,40250.0,40350.0,38792490
2023-08-18,STB,40350.0,40600.0,38900.0,39200.0,36351482
2023-08-21,STB,39050.0,39350.0,38900.0,39350.0,30834657
2023-08-22,STB,39300.0,40650.0,39200.0,40550.0,33531529
2023-08-23,STB,40450.0,40650.0,39650.0,40600.0,32263548
2023-08-24,STB,40700.0,40900.0,40450.0,40700.0,24269693
2023-08-25,STB,40300.0,41150.0,39850.0,40700.0,28018979
2023-08-28,STB,40600.0,40750.0,40000.0,40250.0,21598344
2023-08-29,STB,40350.0,41500.0,40350.0,41450.0,28707229
2023-08-30,STB,41250.0,43850.0,41200.0,43700.0,35279410
2023-08-31,STB,43700.0,44150.0,43500.0,44150.0,32152323
2023-09-01,STB,44050.0,44250.0,43500.0,43550.0,31781100
2023-09-04,STB,43250.0,43650.0,42550.0,42650.0,33147636
2023-09-05,STB,42900.0,43100.0,41850.0,41900.0,36353640
2023-09-06,STB,41600.0,42450.0,41350.0,42150.0,28974624
2023-09-07,STB,42200.0,42400.0,42150.0,42200.0,24538863
2023-09-08,STB,42250.0,42500.0,40450.0,40650.0,35101863
2023-09-11,STB,40550.0,40900.0,39200.0,39450.0,38802292
2023-09-12,STB,39350.0,39550.0,38500.0,38650.0,35825865
2023-09-13,STB,38850.0,39300.0,37550.0,37600.0,41778324
2023-09-14,STB,37550.0,38000.0,37350.0,37700.0,22929848
2023-09-15,STB,37500.0,39250.0,37450.0,39200.0,37502317
2023-09-18,STB,39100.0,39300.0,37400.0,37450.0,39940981
2023-09-19,STB,37400.0,37450.0,36400.0,36400.0,31701342
2023-09-20,STB,36300.0,36600.0,35350.0,35350.0,33993636
2023-09-21,STB,35500.0,36700.0,35400.0,36650.0,28465325
2023-09-22,STB,36550.0,37100.0,34100.0,34100.0,48757902
2023-09-25,STB,34400.0,34650.0,33450.0,33600.0,33940079
2023-09-26,STB,33550.0,34550.0,33550.0,34400.0,34704631
2023-09-27,STB,34250.0,34500.0,33900.0,34200.0,26911091
2023-09-28,STB,34200.0,34300.0,33950.0,34100.0,23330734
2023-09-29,STB,34000.0,35350.0,33700.0,35000.0,41702932
2023-10-02,STB,35000.0,36250.0,35000.0,36100.0,35293098
2023-10-03,STB,36200.0,36300.0,35900.0,36100.0,29965642
2023-10-04,STB,36100.0,36800.0,35900.0,36600.0,34021082
2023-10-05,STB,36550.0,37150.0,34450.0,34750.0,48627609
2023-10-06,STB,34900.0,34900.0,34250.0,34650.0,35055346
2023-10-09,STB,34700.0,34900.0,34600.0,34650.0,19285706
2023-10-10,STB,34800.0,34950.0,33950.0,34300.0,35388646
2023-10-11,STB,34450.0,35900.0,34450.0,35850.0,28155328
2023-10-12,STB,35950.0,36050.0,34100.0,34150.0,45572920
2023-10-13,STB,34200.0,34550.0,33050.0,33250.0,29776485
2023-10-16,STB,33250.0,33300.0,32850.0,33000.0,30316283
2023-10-17,STB,32950.0,33300.0,32950.0,33250.0,27038442
2023-10-18,STB,33200.0,33300.0,32000.0,32100.0,35296370
2023-10-19,STB,32250.0,32300.0,31000.0,31100.0,38806361
2023-10-20,STB,31150.0,31450.0,31050.0,31250.0,22866416
2023-10-23,STB,31300.0,31500.0,30150.0,30500.0,30632352
2023-10-24,STB,30550.0,30750.0,30250.0,30300.0,25237529
2023-10-25,STB,30300.0,30400.0,29200.0,29300.0,40545346
2023-10-26,STB,29450.0,29600.0,27750.0,27800.0,41180305
2023-10-27,STB,27550.0,28900.0,27500.0,28750.0,40690224
2023-10-30,STB,28750.0,29950.0,28350.0,29600.0,30641388
2023-10-31,STB,29700.0,30000.0,28850.0,28950.0,35626949
2023-11-01,STB,28900.0,29150.0,27850.0,28100.0,36362015
2023-11-02,STB,28150.0,29650.0,28050.0,29400.0,38167530
2023-11-03,STB,29500.0,29500.0,28750.0,28900.0,21813800
2023-11-06,STB,28950.0,29400.0,28800.0,29350.0,33896354
2023-11-07,STB,29300.0,29450.0,28800.0,28850.0,22706515
2023-11-08,STB,28900.0,30400.0,28850.0,30250.0,42545605
2023-11-09,STB,30150.0,31150.0,30100.0,31050.0,25774251
2023-11-10,STB,31100.0,31150.0,30250.0,30350.0,28725130
2023-11-13,STB,30400.0,30500.0,29900.0,29900.0,30235457
2023-11-14,STB,30000.0,31100.0,29850.0,30950.0,41980631
2023-11-15,STB,31100.0,31200.0,30700.0,30900.0,19643127
2023-11-16,STB,30750.0,30750.0,30000.0,30200.0,31434363
2023-11-17,STB,30100.0,30550.0,29950.0,30350.0,28310952
2023-11-20,STB,30250.0,31350.0,30150.0,31050.0,25777505
2023-11-21,STB,31100.0,31100.0,30750.0,30950.0,27490958
2023-11-22,STB,30850.0,30950.0,30700.0,30900.0,23163939
2023-11-23,STB,30700.0,30750.0,30550.0,30700.0,25958366
2023-11-24,STB,30600.0,31850.0,30550.0,31650.0,28921595
2023-11-27,STB,31600.0,31600.0,31250.0,31250.0,21709204
2023-11-28,STB,31250.0,31250.0,30750.0,30800.0,28060206
2023-11-29,STB,30800.0,32250.0,30450.0,32150.0,37282832
2023-11-30,STB,32050.0,32300.0,30150.0,30300.0,49094937
2023-12-01,STB,30250.0,30900.0,30100.0,30800.0,22823609
2023-12-04,STB,30850.0,30950.0,30500.0,30600.0,20161764
2023-12-05,STB,30400.0,30700.0,30400.0,30450.0,18815195
2023-12-06,STB,30500.0,30950.0,30350.0,30850.0,30250096
2023-12-07,STB,30800.0,30950.0,29900.0,30100.0,25058921
2023-12-08,STB,30150.0,30450.0,29800.0,30050.0,25459211
2023-12-11,STB,30000.0,31200.0,29750.0,31000.0,43830274
2023-12-12,STB,31050.0,31100.0,28850.0,29050.0,50585398
2023-12-13,STB,29150.0,29250.0,28500.0,28550.0,33333772
2023-12-14,STB,28700.0,29800.0,28450.0,29450.0,28032143
2023-12-15,STB,29550.0,30650.0,29400.0,30500.0,28705029
2023-12-18,STB,30550.0,30750.0,30550.0,30750.0,26162379
2023-12-19,STB,30750.0,30850.0,29500.0,29500.0,43502107
2023-12-20,STB,29600.0,30250.0,29450.0,30000.0,36499212
2023-12-21,STB,29950.0,30250.0,29850.0,30100.0,19139918
2023-12-22,STB,30250.0,30350.0,29850.0,30200.0,24006813
2023-12-25,STB,30150.0,31350.0,29950.0,31200.0,29685448
2023-12-26,STB,31250.0,31550.0,31150.0,31500.0,33577530
2023-12-27,STB,31550.0,31850.0,31450.0,31850.0,22522729
2023-12-28,STB,31850.0,32850.0,31750.0,32400.0,36324086
2023-12-29,STB,32250.0,32600.0,32150.0,32500.0,34022206
2024-01-01,STB,32450.0,32550.0,31050.0,31250.0,43236193
2024-01-02,STB,31150.0,31200.0,29000.0,29200.0,40053363
2024-01-03,STB,29100.0,29150.0,28250.0,28500.0,36868065
2024-01-04,STB,28600.0,28700.0,28250.0,28350.0,30252732
2024-01-05,STB,28300.0,28450.0,28100.0,28400.0,24973711
2024-01-08,STB,28400.0,28550.0,28300.0,28450.0,20502599
2024-01-09,STB,28550.0,28900.0,27850.0,28000.0,25691224
2024-01-10,STB,28100.0,28300.0,27150.0,27200.0,29915327
2024-01-11,STB,27250.0,27500.0,26750.0,26800.0,24766740
2024-01-12,STB,26550.0,27100.0,26500.0,27100.0,35420917
2024-01-15,STB,27150.0,27850.0,26900.0,27650.0,32003941
2024-01-16,STB,27800.0,27800.0,27100.0,27150.0,35887468
2024-01-17,STB,27150.0,27500.0,26400.0,26600.0,38386126
2024-01-18,STB,26550.0,27000.0,25950.0,26150.0,32732174
2024-01-19,STB,26050.0,26750.0,25950.0,26750.0,31898870
2024-01-22,STB,26700.0,27000.0,25850.0,26200.0,33035844
2024-01-23,STB,26200.0,26400.0,25900.0,26150.0,30944800
2024-01-24,STB,26050.0,27850.0,25950.0,27700.0,35800833
2024-01-25,STB,27750.0,29350.0,27550.0,29100.0,35791206
2024-01-26,STB,29100.0,30050.0,28850.0,29950.0,31308448
2024-01-29,STB,30000.0,30600.0,29800.0,30400.0,33905537
2024-01-30,STB,30450.0,30650.0,29900.0,30050.0,31968611
2024-01-31,STB,29950.0,30100.0,29750.0,29850.0,18134833
2024-02-01,STB,29800.0,29950.0,29250.0,29400.0,36154874
2024-02-02,STB,29500.0,29750.0,29300.0,29350.0,28154961
2024-02-05,STB,29450.0,29500.0,29350.0,29350.0,26715723
2024-02-06,STB,29650.0,29750.0,28650.0,28650.0,27921191
2024-02-07,STB,28500.0,29200.0,28350.0,29100.0,33719229
2024-02-08,STB,29150.0,30050.0,29000.0,29850.0,28290628
2024-02-09,STB,29950.0,30100.0,28400.0,28750.0,32256069
2024-02-12,STB,28750.0,29250.0,28650.0,28950.0,29926556
2024-02-13,STB,28900.0,29300.0,28700.0,29100.0,21404343
2024-02-14,STB,29100.0,29450.0,29000.0,29300.0,21585781
2024-02-15,STB,29350.0,29400.0,29200.0,29350.0,16929825
2024-02-16,STB,29400.0,29450.0,28850.0,29200.0,29922328
2024-02-19,STB,29150.0,29300.0,27400.0,27800.0,47541718
2024-02-20,STB,27850.0,28450.0,27750.0,28200.0,26110616
2024-02-21,STB,28400.0,28650.0,28200.0,28600.0,34485826
2024-02-22,STB,28650.0,29100.0,28600.0,28950.0,19561864
2024-02-23,STB,28850.0,28850.0,28750.0,28800.0,18763517
2024-02-26,STB,28700.0,29300.0,28700.0,29200.0,20985559
2024-02-27,STB,29350.0,29500.0,28850.0,29000.0,25653616
2024-02-28,STB,29050.0,29100.0,28050.0,28250.0,29329701
2024-02-29,STB,28350.0,28450.0,27950.0,28000.0,31414546
2024-03-01,STB,28050.0,29350.0,27950.0,29300.0,36579235
2024-03-04,STB,29300.0,30200.0,29150.0,30150.0,37832474
2024-03-05,STB,30150.0,30850.0,30000.0,30800.0,27107988
2024-03-06,STB,30650.0,30700.0,30500.0,30550.0,29382527
2024-03-07,STB,30500.0,30700.0,30350.0,30650.0,30642292
2024-03-08,STB,30600.0,30850.0,30100.0,30150.0,35048682
2024-03-11,STB,30050.0,31900.0,30000.0,31800.0,45852280
2024-03-12,STB,31700.0,32050.0,30250.0,30350.0,40100005
2024-03-13,STB,30250.0,30300.0,29100.0,29400.0,36357977
2024-03-14,STB,29250.0,29750.0,28900.0,29750.0,34463548
2024-03-15,STB,29750.0,30000.0,29000.0,29000.0,36960445
2024-03-18,STB,28850.0,28950.0,28000.0,28100.0,36603029
2024-03-19,STB,28050.0,28150.0,27600.0,27600.0,25362763
2024-03-20,STB,27600.0,27650.0,26350.0,26500.0,30833272
2024-03-21,STB,26500.0,27800.0,26300.0,27800.0,41220355
2024-03-22,STB,27650.0,27800.0,27250.0,27400.0,20298065
2024-03-25,STB,27200.0,27400.0,25700.0,25700.0,43118525
2024-03-26,STB,25750.0,26050.0,25400.0,25600.0,31340208
2024-03-27,STB,25650.0,25650.0,25400.0,25450.0,29112607
2024-03-28,STB,25350.0,25950.0,25300.0,25800.0,35580703
2024-03-29,STB,25700.0,26000.0,25650.0,25800.0,33562187
2024-04-01,STB,25900.0,27600.0,25850.0,27500.0,42848775
2024-04-02,STB,27750.0,27800.0,26900.0,27250.0,34336061
2024-04-03,STB,27150.0,27400.0,26550.0,26600.0,29884334
2024-04-04,STB,26650.0,26650.0,24850.0,24950.0,39402482
2024-04-05,STB,25050.0,25700.0,24900.0,25250.0,38984259
2024-04-08,STB,25350.0,25350.0,24450.0,24500.0,35391375
2024-04-09,STB,24450.0,24550.0,23450.0,23450.0,34163007
2024-04-10,STB,23400.0,23500.0,22700.0,22850.0,25526359
2024-04-11,STB,22750.0,22800.0,22250.0,22400.0,31885804
2024-04-12,STB,22450.0,22550.0,21650.0,21700.0,29152645
2024-04-15,STB,21600.0,21650.0,21300.0,21400.0,29523137
2024-04-16,STB,21500.0,21950.0,21450.0,21900.0,22601648
2024-04-17,STB,22000.0,22150.0,21900.0,22100.0,25964766
2024-04-18,STB,22250.0,22300.0,22050.0,22200.0,20818331
2024-04-19,STB,22200.0,22600.0,22000.0,22500.0,31962910
2024-04-22,STB,22650.0,23050.0,22600.0,22950.0,33289395
2024-04-23,STB,22950.0,23000.0,22800.0,22800.0,28683988
2024-04-24,STB,22800.0,23250.0,22600.0,23100.0,29827208
2024-04-25,STB,23150.0,23300.0,22600.0,22750.0,30749147
2024-04-26,STB,22650.0,24050.0,22650.0,24050.0,45320014
2024-04-29,STB,24100.0,24100.0,23900.0,23950.0,25561887
2024-04-30,STB,23950.0,24000.0,23650.0,23750.0,33377761
2024-05-01,STB,23850.0,24000.0,22800.0,22850.0,32976329
2024-05-02,STB,22800.0,23000.0,21800.0,21900.0,31505828
2024-05-03,STB,21800.0,21850.0,21500.0,21650.0,20084250
2024-05-06,STB,21900.0,21950.0,21400.0,21450.0,27046653
2024-05-07,STB,21450.0,21850.0,21400.0,21750.0,32785745
2024-05-08,STB,21800.0,22350.0,21550.0,22200.0,33935408
2024-05-09,STB,22150.0,22700.0,22100.0,22600.0,25106448
2024-05-10,STB,22550.0,22700.0,22000.0,22100.0,32971924
2024-05-13,STB,21950.0,22650.0,21950.0,22600.0,23538558
2024-05-14,STB,22700.0,23100.0,22550.0,23100.0,34202893
2024-05-15,STB,22950.0,23300.0,22750.0,23100.0,28111737
2024-05-16,STB,23100.0,23100.0,22750.0,23000.0,33929379
2024-05-17,STB,22900.0,23150.0,22550.0,22750.0,37670842
2024-05-20,STB,22750.0,22900.0,22600.0,22700.0,27522159
2024-05-21,STB,22700.0,22750.0,22050.0,22300.0,31088395
2024-05-22,STB,22200.0,23100.0,21950.0,22750.0,35033657
2024-05-23,STB,22800.0,22950.0,22600.0,22950.0,31233220
2024-05-24,STB,23000.0,24250.0,23000.0,24100.0,38915235
2024-05-27,STB,24150.0,24550.0,24100.0,24500.0,28145816
2024-05-28,STB,24350.0,24500.0,24250.0,24450.0,24161574
2024-05-29,STB,24450.0,24900.0,24350.0,24800.0,32657411
2024-05-30,STB,24900.0,24900.0,24850.0,24850.0,17900002
2024-05-31,STB,25050.0,25100.0,24200.0,24300.0,32825445
2024-06-03,STB,24450.0,24500.0,23850.0,23850.0,35152349
2024-06-04,STB,23900.0,24550.0,23900.0,24500.0,23597318
2024-06-05,STB,24400.0,24600.0,24250.0,24500.0,27195707
2024-06-06,STB,24550.0,24650.0,24150.0,24300.0,36104564
2024-06-07,STB,24250.0,24400.0,24050.0,24150.0,29237427
2024-06-10,STB,24200.0,25150.0,24200.0,24900.0,35754452
2024-06-11,STB,24900.0,25150.0,24750.0,25000.0,23971666
2024-06-12,STB,24950.0,25000.0,24600.0,24650.0,32367641
2024-06-13,STB,24700.0,24800.0,23350.0,23450.0,44162842
2024-06-14,STB,23450.0,23650.0,23000.0,23000.0,30400128
2024-06-17,STB,23100.0,23350.0,22650.0,22900.0,26791389
2024-06-18,STB,23000.0,23200.0,23000.0,23150.0,28818922
2024-06-19,STB,23200.0,23250.0,22950.0,22950.0,28195585
2024-06-20,STB,23200.0,23200.0,22050.0,22050.0,38308171
2024-06-21,STB,22000.0,23100.0,21850.0,22900.0,35731129
2024-06-24,STB,22800.0,23650.0,22800.0,23600.0,33895156
2024-06-25,STB,23550.0,24050.0,23400.0,23750.0,37721388
2024-06-26,STB,23650.0,23950.0,23550.0,23800.0,24736242
2024-06-27,STB,23850.0,24700.0,23800.0,24600.0,36621390
2024-06-28,STB,24650.0,24700.0,24000.0,24050.0,32109431
2024-07-01,STB,23950.0,23950.0,23150.0,23250.0,33787994
2024-07-02,STB,23400.0,24300.0,23250.0,24050.0,39089926
2024-07-03,STB,24100.0,24250.0,23600.0,24200.0,23502160
2024-07-04,STB,24100.0,24200.0,23050.0,23100.0,40407529
2024-07-05,STB,23250.0,23250.0,22850.0,23100.0,27852672
2024-07-08,STB,23000.0,23650.0,22800.0,23600.0,27312202
2024-07-09,STB,23450.0,24250.0,23400.0,24000.0,35615491
2024-07-10,STB,24050.0,24150.0,23350.0,23400.0,36714277
2024-07-11,STB,23450.0,24100.0,23300.0,23950.0,24379260
2024-07-12,STB,24000.0,24900.0,23900.0,24400.0,37927098
2024-07-15,STB,24250.0,24500.0,24250.0,24500.0,25624432
2024-07-16,STB,24550.0,24700.0,23100.0,23250.0,45395384
2024-07-17,STB,23150.0,24250.0,23100.0,24200.0,39763416
2024-07-18,STB,24050.0,24600.0,23950.0,24550.0,26848252
2024-07-19,STB,24550.0,24800.0,24550.0,24750.0,28035474
2024-07-22,STB,24800.0,25500.0,24550.0,25250.0,29784574
2024-07-23,STB,25250.0,25400.0,25250.0,25400.0,22325747
2024-07-24,STB,25300.0,27200.0,25050.0,27150.0,43512123
2024-07-25,STB,27100.0,27650.0,27100.0,27550.0,21729755
2024-07-26,STB,27350.0,28650.0,27300.0,28450.0,38469546
2024-07-29,STB,28250.0,29650.0,28250.0,29500.0,28761133
2024-07-30,STB,29500.0,29800.0,29200.0,29400.0,30390736
2024-07-31,STB,29400.0,29500.0,29100.0,29150.0,32068562
2024-08-01,STB,29150.0,29650.0,29100.0,29500.0,23883640
2024-08-02,STB,29350.0,29500.0,29100.0,29200.0,29290786
2024-08-05,STB,29250.0,30400.0,29050.0,30250.0,32647045
2024-08-06,STB,30300.0,31250.0,30150.0,31050.0,31009405
2024-08-07,STB,30850.0,32500.0,30650.0,32450.0,45493526
2024-08-08,STB,32550.0,33000.0,31300.0,31700.0,36080762
2024-08-09,STB,31700.0,33200.0,31500.0,33050.0,39003908
2024-08-12,STB,33250.0,34300.0,33150.0,33900.0,27599838
2024-08-13,STB,34050.0,34100.0,33600.0,33800.0,28268650
2024-08-14,STB,33550.0,33900.0,32700.0,32900.0,37389111
2024-08-15,STB,32850.0,33250.0,32650.0,33200.0,28219452
2024-08-16,STB,33050.0,33800.0,32950.0,33750.0,33795200
2024-08-19,STB,33800.0,33850.0,33000.0,33000.0,21733800
2024-08-20,STB,33000.0,34050.0,32800.0,33950.0,29089675
2024-08-21,STB,33800.0,34000.0,33500.0,33600.0,28948739
2024-08-22,STB,33600.0,34650.0,33500.0,34550.0,36111483
2024-08-23,STB,34550.0,34650.0,33900.0,34050.0,20721237
2024-08-26,STB,34200.0,34500.0,33850.0,34100.0,22794078
2024-08-27,STB,34250.0,35650.0,34100.0,35550.0,28391884
2024-08-28,STB,35550.0,35650.0,35200.0,35200.0,25533699
2024-08-29,STB,35300.0,35350.0,34400.0,34500.0,34997181
2024-08-30,STB,34450.0,34550.0,34150.0,34400.0,31085799
2024-09-02,STB,34300.0,34350.0,33900.0,34000.0,18007131
2024-09-03,STB,34300.0,34300.0,33800.0,33950.0,27450855
2024-09-04,STB,34150.0,34950.0,34100.0,34900.0,30136496
2024-09-05,STB,34800.0,35000.0,34550.0,34950.0,22970630
2024-09-06,STB,35200.0,36050.0,34900.0,35850.0,34619996
2024-09-09,STB,35900.0,37700.0,35850.0,37450.0,33075436
2024-09-10,STB,37600.0,37800.0,36950.0,37050.0,28858771
2024-09-11,STB,36950.0,37700.0,36750.0,37600.0,35122012
2024-09-12,STB,37850.0,38350.0,37500.0,38200.0,28212765
2024-09-13,STB,38050.0,38200.0,37750.0,38000.0,21695138
2024-09-16,STB,38050.0,38900.0,37800.0,38850.0,27659810
2024-09-17,STB,38850.0,39050.0,38700.0,38900.0,25510723
2024-09-18,STB,38900.0,40500.0,38850.0,40250.0,32827698
2024-09-19,STB,40050.0,40250.0,40000.0,40050.0,18772960
2024-09-20,STB,40000.0,41150.0,39850.0,41050.0,34847172
2024-09-23,STB,40900.0,42300.0,40900.0,42050.0,38663264
2024-09-24,STB,42300.0,42500.0,41850.0,41850.0,20165363
2024-09-25,STB,41750.0,41900.0,41550.0,41850.0,26692989
2024-09-26,STB,41800.0,42950.0,41500.0,42800.0,36696918
2024-09-27,STB,42650.0,42900.0,40050.0,40250.0,47275751
2024-09-30,STB,40100.0,42600.0,39600.0,42250.0,48238725
2024-10-01,STB,42600.0,42800.0,41550.0,41600.0,28742559
2024-10-02,STB,41500.0,42150.0,41050.0,41950.0,34008426
2024-10-03,STB,41800.0,42850.0,41400.0,42450.0,38711870
2024-10-04,STB,42400.0,42650.0,42000.0,42050.0,21243515
2024-10-07,STB,42100.0,42950.0,41750.0,42650.0,31310171
2024-10-08,STB,42550.0,42750.0,42300.0,42650.0,23421711
2024-10-09,STB,42900.0,42900.0,41800.0,42000.0,30071589
2024-10-10,STB,42000.0,42650.0,40950.0,41000.0,33604159
2024-10-11,STB,40800.0,40850.0,40700.0,40750.0,26541192
2024-10-14,STB,40700.0,40700.0,40400.0,40500.0,26798883
2024-10-15,STB,40650.0,40750.0,39950.0,39950.0,32320250
2024-10-16,STB,39750.0,40050.0,38900.0,39150.0,37347455
2024-10-17,STB,39200.0,39300.0,38250.0,38500.0,30403555
2024-10-18,STB,38250.0,38900.0,37900.0,38600.0,27728610
2024-10-21,STB,38650.0,39000.0,38350.0,38550.0,34205586
2024-10-22,STB,38750.0,39000.0,38500.0,38800.0,20088619
2024-10-23,STB,38650.0,39250.0,38400.0,39100.0,26810622
2024-10-24,STB,39050.0,40250.0,38950.0,39800.0,37167193
2024-10-25,STB,40050.0,40050.0,38450.0,38850.0,35759737
2024-10-28,STB,38950.0,39900.0,38850.0,39750.0,26563511
2024-10-29,STB,40050.0,40350.0,39100.0,39250.0,30246731
2024-10-30,STB,39250.0,39800.0,38700.0,39650.0,32746391
2024-10-31,STB,40000.0,40100.0,39000.0,39350.0,22781254
2024-11-01,STB,39200.0,39800.0,38500.0,39000.0,32407460
2024-11-04,STB,39100.0,39350.0,38650.0,39050.0,28606474
2024-11-05,STB,38800.0,39200.0,38550.0,39050.0,21704528
2024-11-06,STB,38700.0,39900.0,38150.0,39550.0,30497162
2024-11-07,STB,39150.0,40750.0,38900.0,40650.0,28503001
2024-11-08,STB,40700.0,40800.0,40550.0,40600.0,20349018
2024-11-11,STB,40650.0,41800.0,40550.0,41450.0,34292174
2024-11-12,STB,41400.0,41400.0,39600.0,40000.0,36372048
2024-11-13,STB,40050.0,41250.0,39650.0,41050.0,32479020
2024-11-14,STB,40900.0,41300.0,39850.0,40050.0,27335573
2024-11-15,STB,40150.0,41400.0,39950.0,41300.0,29319941
2024-11-18,STB,41200.0,41350.0,41050.0,41300.0,23837358
2024-11-19,STB,41300.0,42250.0,41050.0,42150.0,24556723
2024-11-20,STB,42150.0,42950.0,41800.0,42700.0,24158612
2024-11-21,STB,42850.0,43100.0,42550.0,42750.0,23925159
2024-11-22,STB,42600.0,42950.0,42400.0,42650.0,26405217
2024-11-25,STB,42900.0,43300.0,42650.0,42650.0,22614654
2024-11-26,STB,42400.0,42750.0,40600.0,41050.0,33652487
2024-11-27,STB,41250.0,41450.0,38450.0,38750.0,37921537
2024-11-28,STB,38750.0,38850.0,38700.0,38750.0,25705769
2024-11-29,STB,38650.0,39400.0,38500.0,38950.0,36841286
2024-12-02,STB,39200.0,39400.0,36900.0,37000.0,47818964
2024-12-03,STB,37300.0,37300.0,35650.0,35750.0,28123834
2024-12-04,STB,35550.0,36800.0,35150.0,36600.0,40430035
2024-12-05,STB,36700.0,36750.0,34250.0,34300.0,39749240
2024-12-06,STB,34100.0,34100.0,33900.0,33950.0,23263220
2024-12-09,STB,33900.0,35400.0,33700.0,35200.0,31940323
2024-12-10,STB,34950.0,35350.0,34600.0,35250.0,21182454
2024-12-11,STB,35250.0,35450.0,34750.0,34850.0,29002196
2024-12-12,STB,34900.0,34950.0,34600.0,34700.0,18771647
2024-12-13,STB,34750.0,35500.0,34300.0,35300.0,30536218
2024-12-16,STB,35400.0,35550.0,34250.0,34500.0,31030371
2024-12-17,STB,34400.0,36250.0,33750.0,35800.0,41798237
2024-12-18,STB,35950.0,36200.0,35500.0,35600.0,21156464
2024-12-19,STB,35600.0,36300.0,35400.0,35900.0,35426814
2024-12-20,STB,36050.0,36250.0,35600.0,35800.0,29491289
2024-12-23,STB,36000.0,36100.0,35700.0,35900.0,33255709
2024-12-24,STB,35700.0,36100.0,35650.0,36000.0,26593641
2024-12-25,STB,35850.0,35950.0,35500.0,35750.0,26277862
2024-12-26,STB,35900.0,36900.0,35650.0,36500.0,28969663
2024-12-27,STB,36400.0,36750.0,36250.0,36700.0,26142582
2024-12-30,STB,36650.0,36750.0,36000.0,36150.0,20359883
2024-12-31,STB,36050.0,36050.0,33400.0,33650.0,45320434
2025-01-01,STB,33650.0,33800.0,33100.0,33150.0,20764606
2025-01-02,STB,33050.0,33150.0,31600.0,31650.0,36953368
2025-01-03,STB,31700.0,31950.0,31550.0,31900.0,24688092
2025-01-06,STB,31900.0,32700.0,31750.0,32600.0,38345190
2025-01-07,STB,32400.0,32650.0,32200.0,32200.0,20341431
2025-01-08,STB,32300.0,32550.0,31900.0,32100.0,27906463
2025-01-09,STB,32200.0,33400.0,31800.0,33300.0,28901084
2025-01-10,STB,33300.0,33300.0,33200.0,33200.0,26929464
2025-01-13,STB,33200.0,33450.0,32650.0,32750.0,33442412
2025-01-14,STB,32700.0,32750.0,32150.0,32200.0,19743603
2025-01-15,STB,32100.0,33150.0,32000.0,32750.0,27534876
2025-01-16,STB,32700.0,33200.0,32550.0,33050.0,24177617
2025-01-17,STB,32900.0,34600.0,32700.0,34200.0,44919430
2025-01-20,STB,34150.0,34250.0,32750.0,32950.0,41607177
2025-01-21,STB,33100.0,33200.0,33000.0,33050.0,25737733
2025-01-22,STB,32900.0,33600.0,32800.0,33550.0,25457201
2025-01-23,STB,33650.0,33950.0,33550.0,33900.0,21881743
2025-01-24,STB,34000.0,34150.0,32450.0,32750.0,36397976
2025-01-27,STB,32750.0,32900.0,31400.0,31550.0,43856759
2025-01-28,STB,31700.0,32000.0,30750.0,31200.0,31090822
2025-01-29,STB,31200.0,31450.0,29950.0,30150.0,42187584
2025-01-30,STB,30050.0,31600.0,29950.0,31250.0,32395621
2025-01-31,STB,31250.0,31650.0,31000.0,31600.0,21015046
2025-02-03,STB,31400.0,31450.0,30600.0,30800.0,32010198
2025-02-04,STB,30750.0,32050.0,30450.0,31950.0,30684643
2025-02-05,STB,31950.0,32250.0,31100.0,31150.0,40777502
2025-02-06,STB,31150.0,31500.0,30700.0,30750.0,26077681
2025-02-07,STB,30600.0,31350.0,30350.0,31200.0,26068693
2025-02-10,STB,31100.0,31500.0,30900.0,31300.0,29218040
2025-02-11,STB,31500.0,31950.0,31250.0,31800.0,23361523
2025-02-12,STB,31700.0,31850.0,31650.0,31800.0,29033758
2025-02-13,STB,31800.0,31800.0,29500.0,29600.0,39996455
2025-02-14,STB,29550.0,29600.0,29100.0,29150.0,30836850
2025-02-17,STB,29050.0,29450.0,29050.0,29300.0,32598853
2025-02-18,STB,29250.0,30050.0,29150.0,30000.0,24896949
2025-02-19,STB,30050.0,31350.0,29950.0,31300.0,30170892
2025-02-20,STB,31250.0,31250.0,31150.0,31200.0,28161398
2025-02-21,STB,31150.0,31550.0,30850.0,31450.0,32796343
2025-02-24,STB,31800.0,32200.0,31500.0,31950.0,34261141
2025-02-25,STB,32100.0,32150.0,31300.0,31450.0,36582783
2025-02-26,STB,31200.0,31350.0,30850.0,30950.0,19364160
2025-02-27,STB,30800.0,31200.0,30400.0,31150.0,31204217
2025-02-28,STB,31150.0,31600.0,30500.0,30700.0,30825782
2025-03-03,STB,30650.0,30800.0,30150.0,30300.0,25260445
2025-03-04,STB,30400.0,30650.0,30000.0,30450.0,21774892
2025-03-05,STB,30500.0,32500.0,30400.0,32200.0,36769266
2025-03-06,STB,32250.0,32250.0,31450.0,31600.0,23016802
2025-03-07,STB,31550.0,31800.0,30850.0,31100.0,31884176
2025-03-10,STB,31300.0,31400.0,31200.0,31300.0,16421822
2025-03-11,STB,31250.0,31850.0,31200.0,31300.0,36031017
2025-03-12,STB,31500.0,31550.0,30550.0,30900.0,34805863
2025-03-13,STB,30700.0,30750.0,30050.0,30100.0,21583928
2025-03-14,STB,30150.0,31850.0,30000.0,31500.0,36417009
2025-03-17,STB,31300.0,31700.0,31150.0,31650.0,33217801
2025-03-18,STB,31650.0,31900.0,31500.0,31800.0,18206926
2025-03-19,STB,31800.0,31900.0,31300.0,31350.0,26888997
2025-03-20,STB,31250.0,33150.0,31000.0,32900.0,44402303
2025-03-21,STB,32900.0,32950.0,32400.0,32450.0,26493623
2025-03-24,STB,32600.0,32700.0,32300.0,32350.0,21895776
2025-03-25,STB,32150.0,32200.0,31750.0,32000.0,25561210
2025-03-26,STB,31750.0,31800.0,30550.0,30700.0,40732494
2025-03-27,STB,30850.0,30900.0,30750.0,30850.0,30237241
2025-03-28,STB,31000.0,31200.0,29850.0,30250.0,38992233
2025-03-31,STB,30350.0,30500.0,29450.0,29800.0,25456682
2025-04-01,STB,29850.0,31400.0,29750.0,31300.0,29823859
2025-04-02,STB,31200.0,31650.0,31150.0,31450.0,30669040
2025-04-03,STB,31500.0,31650.0,30600.0,30650.0,34283358
2025-04-04,STB,30750.0,31050.0,30250.0,30300.0,32296919
2025-04-07,STB,30200.0,30250.0,29650.0,29750.0,28419719
2025-04-08,STB,29950.0,29950.0,29500.0,29550.0,32580859
2025-04-09,STB,29350.0,30600.0,29100.0,30450.0,34480915
2025-04-10,STB,30450.0,32450.0,30400.0,32150.0,44486418
2025-04-11,STB,31900.0,32350.0,31700.0,32300.0,26508464
2025-04-14,STB,32600.0,32650.0,31650.0,31750.0,29389643
2025-04-15,STB,31750.0,32250.0,31600.0,32000.0,21575017
2025-04-16,STB,32050.0,33450.0,31650.0,33450.0,39815249
2025-04-17,STB,33250.0,33450.0,32950.0,33100.0,18744878
2025-04-18,STB,33150.0,33700.0,32850.0,33600.0,31082784
2025-04-21,STB,33700.0,34050.0,33050.0,33100.0,28197467
2025-04-22,STB,33000.0,33500.0,32850.0,33150.0,20626005
2025-04-23,STB,33000.0,33450.0,32400.0,32550.0,23763654
2025-04-24,STB,32500.0,33550.0,32350.0,33550.0,40660499
2025-04-25,STB,33500.0,35050.0,33250.0,34850.0,31222081
2025-04-28,STB,34800.0,34800.0,34450.0,34650.0,28584388
2025-04-29,STB,34400.0,34550.0,33600.0,33900.0,25144319
2025-04-30,STB,33700.0,33800.0,32100.0,32300.0,40309243
2025-05-01,STB,32150.0,32300.0,31200.0,31400.0,30123207
2025-05-02,STB,31350.0,31650.0,31150.0,31150.0,21036192
2025-05-05,STB,31050.0,32100.0,30850.0,31850.0,31247527
2025-05-06,STB,31750.0,32200.0,31500.0,32100.0,28044345
2025-05-07,STB,32200.0,32250.0,31950.0,32250.0,23361829
2025-05-08,STB,32500.0,32650.0,32100.0,32200.0,21846486
2025-05-09,STB,32250.0,33100.0,32200.0,32650.0,37345798
2025-05-12,STB,32550.0,33250.0,32450.0,33100.0,26275024
2025-05-13,STB,33100.0,33400.0,32400.0,32650.0,36297511
2025-05-14,STB,32550.0,33900.0,32350.0,33650.0,30773744
2025-05-15,STB,33400.0,33450.0,32000.0,32250.0,31758444
2025-05-16,STB,32400.0,32700.0,31500.0,31950.0,38627276
2025-05-19,STB,32000.0,32100.0,30900.0,30950.0,36741416
2025-05-20,STB,31150.0,31400.0,30700.0,30850.0,25482103
2025-05-21,STB,30950.0,30950.0,30250.0,30300.0,27027992
2025-05-22,STB,30300.0,30400.0,29650.0,29800.0,35612796
2025-05-23,STB,29750.0,30250.0,29700.0,30000.0,23764206
2025-05-26,STB,29950.0,30550.0,29950.0,30500.0,35876921
2025-05-27,STB,30650.0,31350.0,30500.0,31100.0,24345609
2025-05-28,STB,31200.0,31300.0,30900.0,30950.0,18123614
2025-05-29,STB,30900.0,31350.0,30650.0,31100.0,28495233
2025-05-30,STB,31100.0,31900.0,30900.0,31550.0,30207999
2025-06-02,STB,31300.0,31300.0,29850.0,29850.0,29551749
2025-06-03,STB,29950.0,30200.0,29650.0,29850.0,26958900
2025-06-04,STB,29750.0,29800.0,29250.0,29450.0,27405373
2025-06-05,STB,29550.0,29800.0,29500.0,29650.0,28687726
2025-06-06,STB,29600.0,29850.0,29050.0,29100.0,28891036
2025-06-09,STB,29100.0,30050.0,29050.0,29950.0,33387836
2025-06-10,STB,29950.0,30050.0,29400.0,29800.0,34089001
2025-06-11,STB,29700.0,29750.0,29300.0,29600.0,31058318
2025-06-12,STB,29500.0,30450.0,29400.0,30400.0,39762597
2025-06-13,STB,30550.0,30850.0,30150.0,30150.0,26932756
2025-06-16,STB,30150.0,30300.0,29400.0,29400.0,33001646
2025-06-17,STB,29100.0,30150.0,28950.0,30100.0,35658191
2025-06-18,STB,30300.0,30800.0,29900.0,30600.0,24454717
2025-06-19,STB,30600.0,30900.0,30600.0,30900.0,26959066
2025-06-20,STB,30900.0,32400.0,30900.0,32350.0,30033203
2025-06-23,STB,32400.0,32450.0,32300.0,32350.0,21251047
2025-06-24,STB,32350.0,32450.0,31950.0,32250.0,20970010
2025-06-25,STB,32600.0,32650.0,32350.0,32400.0,18933311
2025-06-26,STB,32450.0,32600.0,32150.0,32300.0,25913970
2025-06-27,STB,32050.0,32850.0,31850.0,32750.0,30797751
2025-06-30,STB,32750.0,34050.0,32450.0,33750.0,36322579
2025-07-01,STB,33650.0,34650.0,33500.0,34550.0,26867577
2025-07-02,STB,34700.0,35800.0,34200.0,35550.0,33091498
2025-07-03,STB,35650.0,35850.0,35350.0,35350.0,23161884
2025-07-04,STB,35150.0,35250.0,34950.0,35200.0,30230147
2025-07-07,STB,35150.0,36050.0,34650.0,35850.0,38128427
2025-07-08,STB,35900.0,37800.0,35650.0,37500.0,45929811
2025-07-09,STB,37400.0,37550.0,37200.0,37350.0,23639353
2025-07-10,STB,37300.0,37350.0,36850.0,37050.0,30729571
2025-07-11,STB,37000.0,37500.0,36750.0,37450.0,22596885
2025-07-14,STB,37300.0,38650.0,37150.0,38400.0,38591748
2025-07-15,STB,38500.0,38550.0,37850.0,38200.0,32352131
2025-07-16,STB,38500.0,39100.0,36350.0,36500.0,39538456
2025-07-17,STB,36600.0,38150.0,36550.0,37850.0,32279411
2025-07-18,STB,38050.0,38200.0,36950.0,37400.0,32503780
2025-07-21,STB,37650.0,37800.0,37600.0,37700.0,29722134
2025-07-22,STB,37800.0,38750.0,37650.0,38700.0,27704056
2025-07-23,STB,38800.0,38950.0,38750.0,38850.0,28131914
2025-07-24,STB,38750.0,39100.0,37950.0,38100.0,35318693
2025-07-25,STB,38000.0,38150.0,37050.0,37150.0,25893424
2025-07-28,STB,36950.0,37600.0,36550.0,37300.0,23431204
2025-07-29,STB,37500.0,37600.0,36300.0,36600.0,38827618
2025-07-30,STB,36400.0,36500.0,35200.0,35650.0,32280114
2025-07-31,STB,35350.0,36450.0,35000.0,36200.0,28180657
2025-08-01,STB,36250.0,36800.0,36250.0,36750.0,31228065
2025-08-04,STB,36650.0,39300.0,36600.0,39300.0,44030292
2025-08-05,STB,39350.0,41050.0,39300.0,40900.0,27406619
2025-08-06,STB,41050.0,41150.0,39700.0,39850.0,28856005
2025-08-07,STB,39750.0,41600.0,39500.0,41500.0,37049685
2025-08-08,STB,41350.0,43000.0,41100.0,42750.0,34676109
2025-08-11,STB,42700.0,43250.0,42550.0,43250.0,22060551
2025-08-12,STB,43100.0,43200.0,42750.0,42900.0,18636728
2025-08-13,STB,42950.0,45700.0,42750.0,45400.0,40583497
2025-08-14,STB,45450.0,45750.0,43350.0,43750.0,34113176
2025-08-15,STB,43650.0,43650.0,42850.0,43050.0,27004647
2025-08-18,STB,43000.0,45450.0,42750.0,45350.0,46749989
2025-08-19,STB,45400.0,45550.0,43850.0,44600.0,39642467
2025-08-20,STB,44550.0,44600.0,42400.0,42600.0,40669935
2025-08-21,STB,42600.0,42700.0,41450.0,41500.0,34381276
2025-08-22,STB,41400.0,41550.0,40150.0,40250.0,34105498
2025-08-25,STB,40200.0,40650.0,39850.0,40600.0,25443746
2025-08-26,STB,40600.0,40800.0,40200.0,40750.0,28815449
2025-08-27,STB,40700.0,41250.0,40650.0,40900.0,27542381
2025-08-28,STB,40700.0,42600.0,40650.0,42150.0,30855069
2025-08-29,STB,42300.0,42600.0,42000.0,42300.0,19313294
2025-09-01,STB,42100.0,43450.0,42050.0,43100.0,27990451
2025-09-02,STB,43050.0,43300.0,41600.0,41850.0,33904200
2025-09-03,STB,42050.0,42600.0,41950.0,42450.0,20537503
2025-09-04,STB,42500.0,42550.0,39500.0,39550.0,49461750
2025-09-05,STB,39650.0,39900.0,39100.0,39500.0,33314361
2025-09-08,STB,39400.0,39450.0,38150.0,38450.0,26592219
2025-09-09,STB,38750.0,38800.0,38400.0,38700.0,23171650
2025-09-10,STB,38900.0,40300.0,38750.0,40300.0,29527820
2025-09-11,STB,40300.0,40600.0,40050.0,40550.0,33612319
2025-09-12,STB,40250.0,40850.0,40050.0,40250.0,28023149
2025-09-15,STB,40250.0,40750.0,39850.0,40650.0,33431378
2025-09-16,STB,40450.0,40600.0,40250.0,40450.0,30939471
2025-09-17,STB,40650.0,41350.0,40650.0,41300.0,34184389
2025-09-18,STB,41350.0,41750.0,40350.0,40550.0,29841296
2025-09-19,STB,40450.0,41800.0,40300.0,41700.0,32240109
2025-09-22,STB,41800.0,41950.0,41200.0,41250.0,30807856
2025-09-23,STB,41150.0,41750.0,40900.0,41550.0,26509911
2025-09-24,STB,41550.0,41750.0,40850.0,41050.0,24427590
2025-09-25,STB,40950.0,41450.0,38250.0,38600.0,54615162
2025-09-26,STB,38800.0,39850.0,38600.0,39550.0,26569167
2025-09-29,STB,39650.0,39650.0,38600.0,38900.0,27787922
2025-09-30,STB,39050.0,39400.0,38850.0,39250.0,29159878
2025-10-01,STB,38950.0,39000.0,38900.0,38900.0,30006859
2025-10-02,STB,38950.0,39000.0,37800.0,37950.0,37848170
2025-10-03,STB,38000.0,38100.0,36500.0,36550.0,29695781
2025-10-06,STB,36750.0,37050.0,36600.0,36650.0,27188681
2025-10-07,STB,36850.0,37800.0,36450.0,37600.0,28494110
2025-10-08,STB,37650.0,38300.0,37200.0,38100.0,24094905
2025-10-09,STB,38500.0,38600.0,37650.0,38150.0,29057479
2025-10-10,STB,38300.0,38750.0,37650.0,37950.0,34221242
2025-10-13,STB,37900.0,38300.0,37450.0,38250.0,20838313
2025-10-14,STB,38100.0,38250.0,37600.0,37750.0,33173323
2025-10-15,STB,37700.0,39400.0,37650.0,39050.0,30141438
2025-10-16,STB,39150.0,40750.0,38750.0,40100.0,31090367
2025-10-17,STB,39800.0,40350.0,39300.0,40100.0,25635404
2025-10-20,STB,40000.0,40100.0,39350.0,39650.0,28646473
2025-10-21,STB,39600.0,40050.0,38550.0,38650.0,32068486
2025-10-22,STB,38400.0,38500.0,37200.0,37350.0,36794466
2025-10-23,STB,37450.0,37650.0,37050.0,37300.0,31664102
2025-10-24,STB,37200.0,37500.0,35150.0,35200.0,40320175
2025-10-27,STB,35200.0,35900.0,35000.0,35500.0,33491931
2025-10-28,STB,35250.0,35950.0,34900.0,35550.0,35408456
2025-10-29,STB,35550.0,35700.0,35100.0,35150.0,28587487
2025-10-30,STB,35050.0,35300.0,34850.0,35200.0,29107080
2025-10-31,STB,35350.0,35500.0,34000.0,34100.0,31564450
2025-11-03,STB,33850.0,33950.0,33750.0,33900.0,24973808
2025-11-04,STB,33600.0,35550.0,33500.0,35550.0,33969784
2025-11-05,STB,35700.0,36000.0,35500.0,35850.0,28260667
2025-11-06,STB,35750.0,35850.0,34800.0,35250.0,38891939
2025-11-07,STB,35550.0,35650.0,34400.0,34550.0,33715165
2025-11-10,STB,34350.0,35100.0,34150.0,34850.0,34168007
2025-11-11,STB,34900.0,34950.0,34650.0,34750.0,23724700
2025-11-12,STB,34850.0,35100.0,33950.0,34000.0,37380804
2025-11-13,STB,34100.0,34100.0,33900.0,34000.0,29767322
2025-11-14,STB,34150.0,34300.0,34050.0,34150.0,27714944
2025-11-17,STB,34250.0,34450.0,34150.0,34350.0,17395478
2025-11-18,STB,34250.0,34800.0,34050.0,34750.0,24322142
2025-11-19,STB,34800.0,34850.0,34800.0,34850.0,17751737
2025-11-20,STB,34800.0,36650.0,34300.0,36600.0,40579912
2025-11-21,STB,36550.0,36650.0,35700.0,35850.0,31703221
2025-11-24,STB,35900.0,36250.0,35450.0,35700.0,23235466
2025-11-25,STB,35750.0,35900.0,34250.0,34300.0,40644781
2025-11-26,STB,34450.0,34500.0,32900.0,33100.0,35768009
2025-11-27,STB,32900.0,34500.0,32750.0,34350.0,35973200
2025-11-28,STB,34400.0,34450.0,33650.0,33700.0,23768781
2025-12-01,STB,33450.0,33500.0,32250.0,32300.0,27112622
2025-12-02,STB,32250.0,32600.0,32100.0,32550.0,21824251
2025-12-03,STB,32400.0,33200.0,32100.0,33100.0,34228266
2025-12-04,STB,33200.0,33950.0,32850.0,33650.0,25697193
2025-12-05,STB,33600.0,34800.0,33400.0,34750.0,33406823
2025-12-08,STB,34600.0,35550.0,34400.0,35400.0,29131437
2025-12-09,STB,35550.0,37150.0,35400.0,36950.0,43597611
2025-12-10,STB,36800.0,36950.0,35500.0,35900.0,34972180
2025-12-11,STB,36150.0,36200.0,34900.0,35150.0,28091900
2025-12-12,STB,35150.0,35300.0,33700.0,33850.0,31462319
2025-12-15,STB,33850.0,34000.0,33250.0,33750.0,26432768
2025-12-16,STB,33700.0,34350.0,33600.0,34350.0,30641198
2025-12-17,STB,34350.0,35050.0,34300.0,34800.0,35843399
2025-12-18,STB,34900.0,35150.0,34300.0,34700.0,23141798
2025-12-19,STB,34800.0,35500.0,34550.0,35400.0,36138545
2025-12-22,STB,35250.0,35750.0,35050.0,35600.0,31374804
2025-12-23,STB,35600.0,35850.0,34800.0,35200.0,27023041
2025-12-24,STB,35450.0,35600.0,34200.0,34400.0,30165001
2025-12-25,STB,34400.0,34900.0,34350.0,34900.0,20320529
2025-12-26,STB,34750.0,34800.0,33700.0,33700.0,31363528
2025-12-29,STB,33800.0,33800.0,33150.0,33250.0,24773145
2025-12-30,STB,33250.0,34850.0,33100.0,34750.0,36558800
2025-12-31,STB,34900.0,35100.0,34700.0,34950.0,27285647
2026-01-01,STB,35050.0,35150.0,34850.0,34950.0,26117558
2026-01-02,STB,34900.0,35950.0,34850.0,35650.0,36723705
2026-01-05,STB,35850.0,37400.0,35750.0,37300.0,33472000
2026-01-06,STB,37150.0,37450.0,37050.0,37300.0,29702696
2026-01-07,STB,37250.0,37400.0,36900.0,37300.0,19827103
2026-01-08,STB,37300.0,39000.0,37100.0,38850.0,31218641
2026-01-09,STB,38500.0,39750.0,38300.0,39500.0,26428586
2026-01-12,STB,39350.0,40350.0,39350.0,40150.0,36345398
2026-01-13,STB,40150.0,41700.0,40150.0,41500.0,40879039
2026-01-14,STB,41200.0,41350.0,41050.0,41100.0,26353974
2026-01-15,STB,40950.0,43250.0,40750.0,43100.0,42731797
2026-01-16,STB,43150.0,43450.0,42450.0,43350.0,34890695
2026-01-19,STB,43450.0,44250.0,43350.0,44050.0,35892573
2026-01-20,STB,44200.0,46400.0,43850.0,46200.0,34084714
2026-01-21,STB,45950.0,46450.0,45550.0,45900.0,35159752
2026-01-22,STB,45600.0,45700.0,44800.0,45650.0,30522829
2026-01-23,STB,45350.0,45450.0,43950.0,43950.0,28021701
2026-01-26,STB,44000.0,45750.0,43750.0,45700.0,33741210
2026-01-27,STB,45650.0,46000.0,43900.0,43950.0,43471189
2026-01-28,STB,44300.0,46100.0,43850.0,45600.0,43789924
2026-01-29,STB,46100.0,46350.0,45950.0,46250.0,25032510
2026-01-30,STB,46150.0,46450.0,46100.0,46450.0,16906239
2026-02-02,STB,46650.0,47150.0,46450.0,47050.0,29322371
2026-02-03,STB,46850.0,47300.0,46350.0,46850.0,30657848
2026-02-04,STB,46800.0,46800.0,45200.0,45750.0,39339499
2026-02-05,STB,45700.0,45950.0,44250.0,44650.0,30057022
2026-02-06,STB,44900.0,45100.0,43500.0,43850.0,28369810
2026-02-09,STB,44050.0,44650.0,43900.0,44600.0,33939782
2026-02-10,STB,44900.0,45850.0,44850.0,45850.0,23180366
2026-02-11,STB,45450.0,45650.0,45200.0,45300.0,22665914
2026-02-12,STB,45200.0,45300.0,42850.0,42950.0,41367157
2026-02-13,STB,42750.0,43750.0,42750.0,43650.0,22581330
2026-02-16,STB,43400.0,44200.0,43350.0,43950.0,21412476
2026-02-17,STB,43900.0,44550.0,43700.0,44500.0,20101814
2026-02-18,STB,44250.0,44800.0,44150.0,44500.0,23824334
2026-02-19,STB,44400.0,44850.0,44050.0,44600.0,32117983
2026-02-20,STB,44600.0,44950.0,44300.0,44700.0,21510728
2026-02-23,STB,44400.0,45300.0,44000.0,44800.0,23485202
2026-02-24,STB,44550.0,48050.0,44550.0,47900.0,48719774
2026-02-25,STB,47950.0,48350.0,45250.0,45550.0,45381229
2026-02-26,STB,45450.0,47050.0,45050.0,46850.0,39780844
2026-02-27,STB,47100.0,48500.0,46900.0,47950.0,30486439
2026-03-02,STB,47900.0,48250.0,47850.0,47950.0,28703700
2026-03-03,STB,48200.0,49200.0,48100.0,48600.0,33074820
2026-03-04,STB,49050.0,51300.0,48900.0,51100.0,28304251
2026-03-05,STB,50850.0,51100.0,49900.0,50100.0,22239245
2026-03-06,STB,49950.0,49950.0,48000.0,48200.0,29899629
2026-03-09,STB,48200.0,48500.0,46350.0,46450.0,33416293
2026-03-10,STB,46500.0,46650.0,46450.0,46450.0,29037032
2026-03-11,STB,46400.0,46700.0,45900.0,46050.0,29024115
2026-03-12,STB,46100.0,46400.0,45000.0,45150.0,32206793
2026-03-13,STB,45050.0,45650.0,44400.0,44850.0,24156547
2026-03-16,STB,44700.0,45150.0,44700.0,45050.0,30312398
2026-03-17,STB,44850.0,45000.0,44200.0,44300.0,25616748
2026-03-18,STB,44400.0,44850.0,42450.0,42750.0,40478770
2026-03-19,STB,42450.0,43000.0,42200.0,42900.0,30678725
2026-03-20,STB,43100.0,43200.0,42450.0,42600.0,28953130
2026-03-23,STB,42650.0,45600.0,42550.0,45250.0,35665268
2026-03-24,STB,45350.0,45800.0,45000.0,45050.0,24502001
2026-03-25,STB,44950.0,45650.0,44200.0,45550.0,35803133
2026-03-26,STB,45750.0,46600.0,45600.0,46300.0,35275487
2026-03-27,STB,46200.0,46300.0,44650.0,44850.0,35627114
2026-03-30,STB,44950.0,45300.0,44500.0,44750.0,22251152
2026-03-31,STB,45050.0,45350.0,43750.0,43950.0,38628697
2026-04-01,STB,43700.0,43800.0,42700.0,43200.0,33217778
2026-04-02,STB,43100.0,43200.0,42750.0,42850.0,26106288
2026-04-03,STB,42800.0,44750.0,42550.0,44650.0,32922892
2026-04-06,STB,44600.0,44700.0,43750.0,43900.0,29501053
2026-04-07,STB,44000.0,44350.0,42900.0,43550.0,33100452
2026-04-08,STB,43750.0,46050.0,43250.0,45600.0,33340609
2026-04-09,STB,45200.0,46250.0,44900.0,46050.0,38657260
2026-04-10,STB,45750.0,45800.0,45400.0,45500.0,32630417
2026-04-13,STB,45500.0,45600.0,43750.0,43800.0,26707767
2026-04-14,STB,44200.0,44700.0,42600.0,42950.0,43932491
2026-04-15,STB,42800.0,42800.0,41900.0,42400.0,33748381
2026-04-16,STB,42450.0,42500.0,41700.0,41800.0,29925581
2026-04-17,STB,41650.0,44800.0,41400.0,44700.0,45563345
2026-04-20,STB,44800.0,45450.0,44450.0,45300.0,21512858
2026-04-21,STB,45300.0,45450.0,44700.0,44850.0,26413270
2026-04-22,STB,44250.0,44450.0,43300.0,43450.0,33724801
2026-04-23,STB,43300.0,43350.0,43000.0,43150.0,18424707
2026-04-24,STB,43200.0,43700.0,42700.0,43050.0,26287220
2026-04-27,STB,42800.0,43000.0,41850.0,42050.0,33611248
2026-04-28,STB,41950.0,42100.0,41500.0,41750.0,30876125
2026-04-29,STB,41850.0,41950.0,40750.0,41250.0,24160778
2026-04-30,STB,40900.0,41050.0,40600.0,40800.0,29856832
2026-05-01,STB,40550.0,41200.0,40400.0,40750.0,32826859
2026-05-04,STB,40500.0,40550.0,37800.0,37900.0,36630598
2026-05-05,STB,38050.0,38650.0,37650.0,38450.0,37598866
2026-05-06,STB,38600.0,38800.0,37750.0,37900.0,29229068
2026-05-07,STB,37750.0,37850.0,36100.0,36350.0,28679881
2026-05-08,STB,36400.0,36550.0,35750.0,35850.0,21283844
2026-05-11,STB,35750.0,36300.0,35700.0,35900.0,30123009
2026-05-12,STB,35750.0,35950.0,34900.0,35050.0,35230516
2026-05-13,STB,34850.0,34900.0,34250.0,34300.0,21027626
2026-05-14,STB,34400.0,34550.0,33350.0,33600.0,24798700
2026-05-15,STB,33700.0,35800.0,33400.0,35800.0,39295770
2026-05-18,STB,35850.0,36750.0,35850.0,36300.0,21718739
2026-05-19,STB,36450.0,36550.0,34900.0,35250.0,39662403
2026-05-20,STB,35300.0,36200.0,35250.0,36100.0,35009716
2026-05-21,STB,35800.0,35850.0,35500.0,35700.0,24865910
2026-05-22,STB,35550.0,37850.0,35450.0,37750.0,41619854
2026-05-25,STB,37600.0,37750.0,37300.0,37300.0,30806484
2026-05-26,STB,37300.0,37350.0,36850.0,36850.0,20807257
2026-05-27,STB,36550.0,36750.0,35850.0,36050.0,35594759
2026-05-28,STB,35950.0,38200.0,35950.0,38100.0,43223501
2026-05-29,STB,38000.0,39600.0,37950.0,39600.0,30010856
2026-06-01,STB,39700.0,39900.0,39600.0,39650.0,26319333
2026-06-02,STB,39500.0,39800.0,39200.0,39800.0,28916305
2026-06-03,STB,39750.0,39900.0,38350.0,38500.0,34696821
2026-06-04,STB,38300.0,39450.0,38150.0,39200.0,24122754
2026-06-05,STB,39350.0,40400.0,39300.0,40050.0,22350538
2026-06-08,STB,40100.0,41350.0,39900.0,41200.0,35823899
2026-06-09,STB,41450.0,41450.0,41200.0,41300.0,20481080
2026-06-10,STB,41500.0,41650.0,40800.0,41150.0,30577128
2026-06-11,STB,40800.0,41900.0,40550.0,41450.0,25019284
2026-06-12,STB,41600.0,43900.0,41100.0,43350.0,35508115
2026-06-15,STB,43300.0,45400.0,43150.0,45100.0,34681422
2026-06-16,STB,45350.0,46700.0,45050.0,46450.0,39736122
2026-06-17,STB,46500.0,46900.0,46250.0,46500.0,34040009
2026-06-18,STB,46300.0,47950.0,46100.0,47300.0,32516119
2026-06-19,STB,47400.0,47750.0,45350.0,46250.0,39417528
2026-06-22,STB,45950.0,46050.0,44600.0,44600.0,38018224
2026-06-23,STB,44900.0,46450.0,44650.0,46150.0,30000584
2026-06-24,STB,46300.0,48150.0,46150.0,47900.0,31990613
2026-06-25,STB,48050.0,48350.0,46900.0,46950.0,27069743
2026-06-26,STB,47100.0,47550.0,46850.0,47350.0,23936372
2026-06-29,STB,47550.0,47600.0,46500.0,46500.0,24117422
2026-06-30,STB,46700.0,48450.0,46500.0,48300.0,31917195
2026-07-01,STB,48050.0,51050.0,47750.0,50950.0,43750319
2026-07-02,STB,51000.0,51100.0,49700.0,50200.0,26278547
2026-07-03,STB,50100.0,50400.0,50100.0,50350.0,29271384
2026-07-06,STB,50350.0,50800.0,49550.0,50100.0,24672855
2026-07-07,STB,50000.0,51550.0,49900.0,51450.0,38044556
2026-07-08,STB,51650.0,51700.0,50450.0,50450.0,29999229
2026-07-09,STB,50650.0,52700.0,50200.0,52400.0,42544373
2026-07-10,STB,52400.0,52700.0,52350.0,52500.0,16963590
2026-07-13,STB,52750.0,53050.0,52150.0,52650.0,31076059
2026-07-14,STB,52500.0,54250.0,52150.0,54050.0,27184883
2026-07-15,STB,53950.0,54050.0,53150.0,53400.0,30495291
2026-07-16,STB,53150.0,53450.0,51400.0,51600.0,35082095
2026-07-17,STB,51750.0,53250.0,51350.0,52450.0,34586630
2026-07-20,STB,52700.0,53200.0,51950.0,52950.0,25326695
2026-07-21,STB,52650.0,52700.0,52400.0,52700.0,17671855
2026-07-22,STB,52950.0,54900.0,52800.0,54700.0,34236166
2026-07-23,STB,54500.0,54750.0,53250.0,53450.0,28785449
2026-07-24,STB,53650.0,54950.0,53450.0,54900.0,35048689
2026-07-27,STB,55400.0,55400.0,54500.0,54900.0,30342073
2026-07-28,STB,54950.0,55950.0,54800.0,55800.0,27844186
2026-07-29,STB,55900.0,58250.0,55500.0,57650.0,33653521
2026-07-30,STB,57800.0,58200.0,55450.0,55750.0,37497695
2026-07-31,STB,55900.0,56150.0,55050.0,55150.0,26461437
2026-08-03,STB,55150.0,58350.0,54950.0,58050.0,43163052
2026-08-04,STB,57600.0,57700.0,56650.0,57150.0,31750333
2026-08-05,STB,57500.0,57750.0,57000.0,57100.0,19430743
2026-08-06,STB,57050.0,58050.0,56500.0,57350.0,32545532
2026-08-07,STB,57200.0,58950.0,56800.0,58650.0,37356842
2026-08-10,STB,58650.0,62200.0,58600.0,61800.0,32352217
2026-08-11,STB,62300.0,62500.0,61050.0,61850.0,24823062
2026-08-12,STB,62200.0,62350.0,61200.0,61450.0,30057752
2026-08-13,STB,61550.0,62100.0,61300.0,61300.0,28733125
2026-08-14,STB,61150.0,62500.0,60900.0,61900.0,26748258
2026-08-17,STB,62250.0,62400.0,60800.0,61000.0,33163570
2026-08-18,STB,61200.0,63650.0,61100.0,62800.0,35604467
2026-08-19,STB,62600.0,65350.0,62550.0,65050.0,28966434
2026-08-20,STB,64800.0,65200.0,63150.0,63550.0,28382509
2026-08-21,STB,63500.0,65100.0,63250.0,64300.0,34679438
2026-08-24,STB,64250.0,65000.0,62200.0,62400.0,40782294
2026-08-25,STB,62200.0,64050.0,61700.0,64000.0,39525018
2026-08-26,STB,63650.0,66300.0,63550.0,65950.0,34387952
2026-08-27,STB,65800.0,67800.0,65250.0,67250.0,32594538
2026-08-28,STB,67550.0,68200.0,65000.0,65700.0,30328936
2026-08-31,STB,65600.0,65650.0,61000.0,61150.0,51742220
