Date,Symbol,Open,High,Low,Close,Volume
2018-01-01,TCB,24100.0,24250.0,23800.0,24000.0,24188853
2018-01-02,TCB,23950.0,24650.0,23750.0,24600.0,22513549
2018-01-03,TCB,24600.0,24750.0,24150.0,24200.0,19597466
2018-01-04,TCB,24300.0,24350.0,24200.0,24200.0,16150643
2018-01-05,TCB,24250.0,24300.0,24050.0,24100.0,19987395
2018-01-08,TCB,24200.0,24250.0,24000.0,24100.0,18203801
2018-01-09,TCB,24150.0,24750.0,24050.0,24650.0,17145635
2018-01-10,TCB,24650.0,25000.0,24600.0,24900.0,14257997
2018-01-11,TCB,24750.0,25400.0,24450.0,25200.0,29361834
2018-01-12,TCB,25200.0,25200.0,24800.0,24900.0,23239384
2018-01-15,TCB,24950.0,25250.0,24700.0,24800.0,25816253
2018-01-16,TCB,24900.0,25200.0,24850.0,24950.0,16220249
2018-01-17,TCB,25000.0,25000.0,24350.0,24500.0,24988299
2018-01-18,TCB,24500.0,24950.0,24400.0,24800.0,23507751
2018-01-19,TCB,24750.0,24900.0,24400.0,24450.0,22107801
2018-01-22,TCB,24600.0,24750.0,24350.0,24400.0,23270498
2018-01-23,TCB,24350.0,24450.0,23500.0,23750.0,25039234
2018-01-24,TCB,23650.0,24200.0,23600.0,24050.0,20903918
2018-01-25,TCB,23950.0,24150.0,23500.0,23650.0,28133561
2018-01-26,TCB,23600.0,23800.0,22400.0,22550.0,31675793
2018-01-29,TCB,22650.0,22650.0,22600.0,22650.0,11126379
2018-01-30,TCB,22450.0,22450.0,21800.0,21950.0,21832255
2018-01-31,TCB,21900.0,22250.0,21850.0,22100.0,21097700
2018-02-01,TCB,22150.0,22800.0,22100.0,22700.0,27277903
2018-02-02,TCB,22650.0,23400.0,22650.0,23300.0,20959125
2018-02-05,TCB,23350.0,23450.0,22350.0,22550.0,23957203
2018-02-06,TCB,22450.0,22550.0,22450.0,22450.0,11806131
2018-02-07,TCB,22550.0,23050.0,22550.0,22950.0,19987540
2018-02-08,TCB,22850.0,23550.0,22850.0,23500.0,28272483
2018-02-09,TCB,23600.0,23750.0,23200.0,23400.0,17971295
2018-02-12,TCB,23450.0,23450.0,22950.0,23200.0,21446632
2018-02-13,TCB,23200.0,23250.0,22550.0,22550.0,22265082
2018-02-14,TCB,22600.0,22800.0,22250.0,22350.0,22859103
2018-02-15,TCB,22300.0,22900.0,22200.0,22550.0,25930045
2018-02-16,TCB,22650.0,22900.0,22500.0,22650.0,19163366
2018-02-19,TCB,22600.0,22750.0,22550.0,22700.0,18603965
2018-02-20,TCB,22750.0,22900.0,22600.0,22850.0,17096835
2018-02-21,TCB,22850.0,22900.0,22100.0,22200.0,19314246
2018-02-22,TCB,22150.0,22250.0,21650.0,21750.0,16762266
2018-02-23,TCB,21750.0,22000.0,21600.0,22000.0,14612785
2018-02-26,TCB,22150.0,22300.0,22050.0,22300.0,17178874
2018-02-27,TCB,22350.0,22350.0,21700.0,21750.0,28831328
2018-02-28,TCB,21650.0,21700.0,21000.0,21150.0,27346160
2018-03-01,TCB,21000.0,21350.0,20950.0,21300.0,26436368
2018-03-02,TCB,21150.0,21400.0,21050.0,21350.0,24602216
2018-03-05,TCB,21350.0,21450.0,21150.0,21300.0,18933000
2018-03-06,TCB,21200.0,21300.0,20900.0,21100.0,26449972
2018-03-07,TCB,21100.0,21450.0,21050.0,21400.0,18653982
2018-03-08,TCB,21350.0,21450.0,20850.0,21050.0,18035816
2018-03-09,TCB,21050.0,21350.0,20900.0,21050.0,21479930
2018-03-12,TCB,20900.0,21100.0,20700.0,21000.0,25173097
2018-03-13,TCB,20950.0,21750.0,20850.0,21550.0,24145364
2018-03-14,TCB,21500.0,21550.0,20850.0,21000.0,19956201
2018-03-15,TCB,20950.0,21150.0,20050.0,20100.0,25583437
2018-03-16,TCB,20150.0,20300.0,20050.0,20250.0,20466105
2018-03-19,TCB,20350.0,20500.0,20300.0,20300.0,20898108
2018-03-20,TCB,20150.0,20150.0,20000.0,20050.0,17530852
2018-03-21,TCB,20100.0,20150.0,19800.0,19950.0,25377478
2018-03-22,TCB,20100.0,20650.0,20050.0,20600.0,24835338
2018-03-23,TCB,20800.0,20950.0,20500.0,20700.0,20786891
2018-03-26,TCB,20750.0,20950.0,20700.0,20800.0,13333148
2018-03-27,TCB,20850.0,20950.0,20650.0,20800.0,16521526
2018-03-28,TCB,20700.0,21850.0,20600.0,21800.0,26197703
2018-03-29,TCB,21700.0,21800.0,21200.0,21250.0,17003860
2018-03-30,TCB,21150.0,21250.0,21050.0,21200.0,15033543
2018-04-02,TCB,21200.0,22050.0,21150.0,21950.0,23845816
2018-04-03,TCB,22050.0,22150.0,21700.0,21850.0,15368314
2018-04-04,TCB,21850.0,22050.0,21750.0,21950.0,15092835
2018-04-05,TCB,21800.0,22500.0,21700.0,22350.0,29063779
2018-04-06,TCB,22450.0,22650.0,22400.0,22600.0,17030730
2018-04-09,TCB,22450.0,23350.0,22200.0,23300.0,24987132
2018-04-10,TCB,23450.0,23450.0,23000.0,23100.0,23914455
2018-04-11,TCB,22950.0,23300.0,22650.0,23150.0,20456396
2018-04-12,TCB,23050.0,23450.0,22900.0,23350.0,24729417
2018-04-13,TCB,23350.0,23600.0,23200.0,23500.0,22492555
2018-04-16,TCB,23550.0,23950.0,23550.0,23800.0,21402591
2018-04-17,TCB,23750.0,24200.0,23700.0,24150.0,23389433
2018-04-18,TCB,24150.0,24200.0,23100.0,23400.0,30049289
2018-04-19,TCB,23250.0,23650.0,23150.0,23650.0,18878626
2018-04-20,TCB,23800.0,23900.0,23450.0,23600.0,25889905
2018-04-23,TCB,23600.0,23900.0,23350.0,23450.0,21871677
2018-04-24,TCB,23500.0,23650.0,22950.0,23050.0,19653501
2018-04-25,TCB,23000.0,23050.0,22700.0,22800.0,20286258
2018-04-26,TCB,22900.0,23250.0,22750.0,23250.0,16095614
2018-04-27,TCB,23400.0,23750.0,23350.0,23700.0,18448683
2018-04-30,TCB,23850.0,23950.0,23250.0,23250.0,17810783
2018-05-01,TCB,23350.0,23350.0,22850.0,22900.0,18560029
2018-05-02,TCB,23050.0,23900.0,22950.0,23750.0,30398786
2018-05-03,TCB,23750.0,23850.0,23600.0,23800.0,17305133
2018-05-04,TCB,23750.0,24300.0,23600.0,24150.0,21646740
2018-05-07,TCB,24000.0,24200.0,23450.0,23650.0,26320154
2018-05-08,TCB,23550.0,23700.0,23550.0,23650.0,16983117
2018-05-09,TCB,23550.0,23950.0,23300.0,23750.0,23763676
2018-05-10,TCB,23850.0,24050.0,23750.0,23900.0,18111980
2018-05-11,TCB,23950.0,24400.0,23900.0,24350.0,15670256
2018-05-14,TCB,24400.0,24450.0,24050.0,24100.0,25220848
2018-05-15,TCB,24300.0,24600.0,24150.0,24600.0,21128182
2018-05-16,TCB,24650.0,24950.0,24400.0,24750.0,25009685
2018-05-17,TCB,24850.0,25100.0,24800.0,25000.0,24014472
2018-05-18,TCB,25100.0,25300.0,25000.0,25050.0,24768704
2018-05-21,TCB,25050.0,25450.0,24950.0,25450.0,20411951
2018-05-22,TCB,25550.0,26150.0,25550.0,26150.0,16348309
2018-05-23,TCB,26250.0,26900.0,26100.0,26450.0,18329274
2018-05-24,TCB,26500.0,26600.0,26050.0,26150.0,24288314
2018-05-25,TCB,26200.0,26300.0,25550.0,25850.0,26655150
2018-05-28,TCB,25750.0,26250.0,25600.0,26050.0,20521725
2018-05-29,TCB,26000.0,26250.0,25550.0,25600.0,28298418
2018-05-30,TCB,25450.0,26450.0,25050.0,26350.0,29070721
2018-05-31,TCB,26400.0,26800.0,26300.0,26600.0,21688965
2018-06-01,TCB,26650.0,26750.0,25650.0,25700.0,26173224
2018-06-04,TCB,25650.0,26000.0,25050.0,25300.0,29348306
2018-06-05,TCB,25250.0,25250.0,24850.0,25000.0,19628574
2018-06-06,TCB,24850.0,24950.0,24050.0,24150.0,28344734
2018-06-07,TCB,24100.0,25550.0,23900.0,25100.0,29884405
2018-06-08,TCB,25050.0,25250.0,25000.0,25200.0,20583610
2018-06-11,TCB,25350.0,25600.0,24600.0,24700.0,28599043
2018-06-12,TCB,24700.0,25400.0,24700.0,25300.0,18562757
2018-06-13,TCB,25350.0,25600.0,25300.0,25550.0,13332377
2018-06-14,TCB,25500.0,25950.0,25350.0,25800.0,21337557
2018-06-15,TCB,25850.0,26000.0,24950.0,24950.0,31383572
2018-06-18,TCB,25050.0,25250.0,24950.0,25150.0,19039508
2018-06-19,TCB,24900.0,25300.0,24600.0,25250.0,26530398
2018-06-20,TCB,25350.0,25550.0,25100.0,25200.0,26097699
2018-06-21,TCB,25150.0,25300.0,25150.0,25300.0,13303977
2018-06-22,TCB,25050.0,25350.0,24700.0,24750.0,27631802
2018-06-25,TCB,24750.0,25000.0,23850.0,23950.0,31365448
2018-06-26,TCB,23950.0,23950.0,23550.0,23650.0,16820901
2018-06-27,TCB,23700.0,24600.0,23500.0,24450.0,27630702
2018-06-28,TCB,24400.0,24400.0,23800.0,24000.0,21043351
2018-06-29,TCB,24100.0,24400.0,24050.0,24250.0,22355873
2018-07-02,TCB,24300.0,24550.0,23900.0,23950.0,19019188
2018-07-03,TCB,23850.0,23950.0,23600.0,23800.0,21104286
2018-07-04,TCB,23900.0,23900.0,23650.0,23800.0,13933013
2018-07-05,TCB,23750.0,23850.0,23600.0,23800.0,17204777
2018-07-06,TCB,23700.0,23700.0,23500.0,23550.0,17918833
2018-07-09,TCB,23700.0,23850.0,23200.0,23250.0,21923596
2018-07-10,TCB,23300.0,23450.0,22700.0,22800.0,26442805
2018-07-11,TCB,22750.0,22750.0,22000.0,22050.0,23402900
2018-07-12,TCB,22100.0,22200.0,22050.0,22100.0,14778650
2018-07-13,TCB,22150.0,22200.0,22000.0,22150.0,18765585
2018-07-16,TCB,22000.0,22050.0,21750.0,21850.0,24955970
2018-07-17,TCB,21700.0,21850.0,21300.0,21450.0,16453860
2018-07-18,TCB,21400.0,21900.0,21400.0,21850.0,25901534
2018-07-19,TCB,21650.0,21850.0,21550.0,21750.0,17970596
2018-07-20,TCB,21700.0,22300.0,21450.0,22250.0,27053392
2018-07-23,TCB,22300.0,22350.0,22150.0,22350.0,18293132
2018-07-24,TCB,22250.0,22500.0,22200.0,22200.0,23737238
2018-07-25,TCB,22150.0,22750.0,22000.0,22650.0,26532443
2018-07-26,TCB,22700.0,22900.0,22500.0,22850.0,15340260
2018-07-27,TCB,22800.0,23550.0,22750.0,23450.0,28064717
2018-07-30,TCB,23450.0,23600.0,23300.0,23550.0,21231337
2018-07-31,TCB,23400.0,23450.0,23150.0,23300.0,25323635
2018-08-01,TCB,23200.0,24400.0,23150.0,24300.0,28613039
2018-08-02,TCB,24200.0,25000.0,23950.0,24900.0,29562071
2018-08-03,TCB,24850.0,24950.0,24800.0,24900.0,12054261
2018-08-06,TCB,24850.0,24850.0,24050.0,24150.0,28009377
2018-08-07,TCB,24050.0,24150.0,23500.0,23550.0,21236313
2018-08-08,TCB,23650.0,23750.0,23400.0,23500.0,25122391
2018-08-09,TCB,23600.0,24350.0,23500.0,24350.0,26420184
2018-08-10,TCB,24350.0,25400.0,24250.0,25100.0,27934280
2018-08-13,TCB,25000.0,26000.0,24950.0,26000.0,23776712
2018-08-14,TCB,26200.0,26250.0,26050.0,26100.0,15439485
2018-08-15,TCB,26100.0,26100.0,25900.0,25900.0,14806723
2018-08-16,TCB,26100.0,26250.0,25900.0,26150.0,24700113
2018-08-17,TCB,26150.0,26300.0,25950.0,26000.0,16106287
2018-08-20,TCB,25950.0,26000.0,25550.0,25650.0,20657782
2018-08-21,TCB,25800.0,25900.0,25650.0,25750.0,22279642
2018-08-22,TCB,25550.0,25650.0,25300.0,25550.0,16100936
2018-08-23,TCB,25500.0,25650.0,24800.0,24900.0,18436713
2018-08-24,TCB,24950.0,25100.0,24500.0,24700.0,21604564
2018-08-27,TCB,24600.0,24850.0,24300.0,24350.0,17464725
2018-08-28,TCB,24200.0,25400.0,24200.0,25400.0,31868633
2018-08-29,TCB,25350.0,25600.0,24300.0,24650.0,29254014
2018-08-30,TCB,24650.0,24700.0,24200.0,24350.0,23318625
2018-08-31,TCB,24450.0,24500.0,23850.0,23950.0,28399946
2018-09-03,TCB,23800.0,24000.0,23700.0,23750.0,19868748
2018-09-04,TCB,23900.0,24750.0,23900.0,24500.0,25249633
2018-09-05,TCB,24500.0,24700.0,24200.0,24250.0,15874429
2018-09-06,TCB,24050.0,24600.0,23950.0,24400.0,26102403
2018-09-07,TCB,24300.0,24400.0,24250.0,24250.0,20843900
2018-09-10,TCB,24250.0,24850.0,24100.0,24600.0,19204970
2018-09-11,TCB,24750.0,24950.0,24250.0,24300.0,26438591
2018-09-12,TCB,24300.0,24300.0,24000.0,24050.0,18085854
2018-09-13,TCB,24000.0,24150.0,23800.0,24050.0,15605817
2018-09-14,TCB,24000.0,24050.0,23600.0,23700.0,20957855
2018-09-17,TCB,23850.0,24150.0,23750.0,24000.0,18158892
2018-09-18,TCB,24000.0,24450.0,23950.0,24400.0,20956858
2018-09-19,TCB,24550.0,24650.0,24300.0,24450.0,21082487
2018-09-20,TCB,24350.0,24650.0,23900.0,24050.0,26456896
2018-09-21,TCB,24050.0,24050.0,23350.0,23350.0,22632693
2018-09-24,TCB,23550.0,23700.0,22500.0,22550.0,30653148
2018-09-25,TCB,22600.0,22800.0,22550.0,22750.0,21931204
2018-09-26,TCB,22750.0,23050.0,22700.0,23000.0,23368830
2018-09-27,TCB,23150.0,24400.0,23000.0,24150.0,23996686
2018-09-28,TCB,24000.0,24900.0,24000.0,24650.0,19146503
2018-10-01,TCB,24700.0,25100.0,24650.0,24750.0,24533521
2018-10-02,TCB,24950.0,25200.0,24900.0,25000.0,14149756
2018-10-03,TCB,25000.0,25050.0,24350.0,24350.0,20291489
2018-10-04,TCB,24350.0,24350.0,23900.0,24000.0,21710591
2018-10-05,TCB,24100.0,24200.0,24000.0,24200.0,20342414
2018-10-08,TCB,24050.0,24700.0,23850.0,24550.0,20098104
2018-10-09,TCB,24300.0,25100.0,24150.0,24850.0,19223520
2018-10-10,TCB,24650.0,24850.0,24550.0,24600.0,21898157
2018-10-11,TCB,24550.0,25050.0,24300.0,25050.0,19782551
2018-10-12,TCB,25150.0,25250.0,25150.0,25250.0,20929732
2018-10-15,TCB,25400.0,25650.0,24900.0,25050.0,18703092
2018-10-16,TCB,25000.0,25100.0,24800.0,25050.0,16476927
2018-10-17,TCB,25200.0,25250.0,24550.0,24750.0,26237245
2018-10-18,TCB,24600.0,25050.0,24300.0,25050.0,19078070
2018-10-19,TCB,25000.0,25250.0,24500.0,24700.0,19079945
2018-10-22,TCB,24600.0,24750.0,24450.0,24700.0,24814568
2018-10-23,TCB,24700.0,24950.0,24700.0,24700.0,12975478
2018-10-24,TCB,24600.0,24700.0,24200.0,24350.0,15125386
2018-10-25,TCB,24550.0,24850.0,24050.0,24100.0,23504851
2018-10-26,TCB,24150.0,24150.0,23350.0,23400.0,19182078
2018-10-29,TCB,23350.0,23850.0,23100.0,23800.0,18176302
2018-10-30,TCB,23750.0,23800.0,23550.0,23550.0,14117040
2018-10-31,TCB,23650.0,23750.0,23000.0,23100.0,23730084
2018-11-01,TCB,23000.0,23550.0,22700.0,23350.0,20908496
2018-11-02,TCB,23400.0,23450.0,23350.0,23450.0,11728117
2018-11-05,TCB,23350.0,23850.0,23250.0,23850.0,24024643
2018-11-06,TCB,23900.0,23900.0,23300.0,23350.0,18238268
2018-11-07,TCB,23400.0,23900.0,23350.0,23850.0,24448499
2018-11-08,TCB,23900.0,24050.0,23600.0,23850.0,26724856
2018-11-09,TCB,23900.0,25100.0,23650.0,24950.0,34715066
2018-11-12,TCB,25100.0,25100.0,24650.0,24650.0,24434133
2018-11-13,TCB,24650.0,25350.0,24400.0,25150.0,19152626
2018-11-14,TCB,25150.0,25900.0,24900.0,25800.0,31097458
2018-11-15,TCB,25800.0,26250.0,25500.0,25700.0,26300878
2018-11-16,TCB,25650.0,25900.0,25300.0,25600.0,20812911
2018-11-19,TCB,25850.0,26750.0,25800.0,26500.0,19801984
2018-11-20,TCB,26750.0,27300.0,26550.0,27150.0,25563438
2018-11-21,TCB,27200.0,27300.0,26600.0,26650.0,17590334
2018-11-22,TCB,26650.0,27700.0,26350.0,27450.0,26382827
2018-11-23,TCB,27300.0,27900.0,27200.0,27850.0,25436305
2018-11-26,TCB,27850.0,28550.0,27800.0,28450.0,17757614
2018-11-27,TCB,28450.0,29150.0,28350.0,29100.0,19854831
2018-11-28,TCB,29150.0,29700.0,29000.0,29500.0,26930305
2018-11-29,TCB,29200.0,30250.0,29050.0,30100.0,31358132
2018-11-30,TCB,30200.0,30750.0,30000.0,30700.0,17136385
2018-12-03,TCB,30800.0,30850.0,28950.0,29000.0,36507067
2018-12-04,TCB,29100.0,29100.0,27250.0,27400.0,27567664
2018-12-05,TCB,27400.0,27800.0,27300.0,27700.0,21245247
2018-12-06,TCB,27650.0,28300.0,27350.0,28300.0,18535932
2018-12-07,TCB,28250.0,28500.0,27900.0,28450.0,18322108
2018-12-10,TCB,28400.0,28950.0,28150.0,28850.0,24505428
2018-12-11,TCB,28800.0,29150.0,28600.0,29050.0,22075878
2018-12-12,TCB,28900.0,29800.0,28750.0,29450.0,28472340
2018-12-13,TCB,29350.0,29500.0,28900.0,29100.0,21576341
2018-12-14,TCB,29300.0,29300.0,28950.0,29100.0,22039155
2018-12-17,TCB,28950.0,29100.0,28300.0,28400.0,25163521
2018-12-18,TCB,28250.0,28850.0,28200.0,28850.0,19463800
2018-12-19,TCB,29050.0,29250.0,28050.0,28100.0,22559850
2018-12-20,TCB,27950.0,28000.0,27450.0,27550.0,21579156
2018-12-21,TCB,27700.0,27900.0,26250.0,26600.0,25388404
2018-12-24,TCB,26600.0,27700.0,26450.0,27600.0,23764025
2018-12-25,TCB,27600.0,27850.0,27400.0,27650.0,17160685
2018-12-26,TCB,27500.0,28500.0,27500.0,28250.0,23818262
2018-12-27,TCB,28200.0,28400.0,27650.0,27750.0,20029404
2018-12-28,TCB,28000.0,28050.0,27850.0,28000.0,21646703
2018-12-31,TCB,27950.0,28000.0,27800.0,27900.0,18895004
2019-01-01,TCB,27750.0,28050.0,27500.0,27900.0,25998139
2019-01-02,TCB,28000.0,28850.0,28000.0,28800.0,18889729
2019-01-03,TCB,28700.0,29400.0,28600.0,29350.0,22061678
2019-01-04,TCB,29300.0,29400.0,28650.0,29050.0,21635674
2019-01-07,TCB,28900.0,30100.0,28850.0,29900.0,24195787
2019-01-08,TCB,29550.0,31600.0,29200.0,31250.0,36626185
2019-01-09,TCB,31300.0,31600.0,30000.0,30000.0,27996430
2019-01-10,TCB,30150.0,30400.0,28850.0,29050.0,29407729
2019-01-11,TCB,29050.0,30150.0,28950.0,30000.0,19982030
2019-01-14,TCB,30150.0,30300.0,29800.0,29850.0,18956655
2019-01-15,TCB,29800.0,31000.0,29600.0,30800.0,26027604
2019-01-16,TCB,30900.0,31000.0,29900.0,30050.0,27396601
2019-01-17,TCB,30050.0,30100.0,28800.0,28850.0,29853946
2019-01-18,TCB,29050.0,29250.0,28550.0,28600.0,19023633
2019-01-21,TCB,28700.0,29100.0,28450.0,28900.0,20772984
2019-01-22,TCB,29000.0,29750.0,28850.0,29650.0,17649455
2019-01-23,TCB,29600.0,29700.0,28700.0,28700.0,19070079
2019-01-24,TCB,28800.0,28950.0,27300.0,27300.0,33725331
2019-01-25,TCB,27400.0,27400.0,27000.0,27200.0,14915300
2019-01-28,TCB,27000.0,27300.0,26950.0,27300.0,20615620
2019-01-29,TCB,27250.0,27900.0,27200.0,27700.0,28050581
2019-01-30,TCB,27850.0,28000.0,27800.0,27900.0,15574214
2019-01-31,TCB,27950.0,28400.0,27950.0,28300.0,22324019
2019-02-01,TCB,28400.0,28600.0,27250.0,27300.0,23048401
2019-02-04,TCB,27250.0,27900.0,27200.0,27600.0,25361275
2019-02-05,TCB,27550.0,27700.0,26200.0,26450.0,30847530
2019-02-06,TCB,26450.0,26750.0,26050.0,26200.0,24953226
2019-02-07,TCB,26000.0,26200.0,25950.0,26200.0,24231709
2019-02-08,TCB,26150.0,26200.0,25600.0,25600.0,22443141
2019-02-11,TCB,25750.0,25950.0,25500.0,25850.0,24618755
2019-02-12,TCB,25750.0,25800.0,25400.0,25500.0,24309529
2019-02-13,TCB,25650.0,25700.0,25100.0,25300.0,18638496
2019-02-14,TCB,25350.0,25400.0,24950.0,25150.0,15882361
2019-02-15,TCB,25350.0,25650.0,25200.0,25200.0,16224507
2019-02-18,TCB,25250.0,25350.0,25000.0,25100.0,18271993
2019-02-19,TCB,25000.0,25500.0,25000.0,25350.0,21226433
2019-02-20,TCB,25400.0,25550.0,24600.0,24750.0,28458202
2019-02-21,TCB,24700.0,25350.0,24650.0,25100.0,20499495
2019-02-22,TCB,25050.0,25200.0,23800.0,23900.0,35461612
2019-02-25,TCB,23900.0,24900.0,23900.0,24900.0,20121897
2019-02-26,TCB,24900.0,25000.0,24500.0,24750.0,22913032
2019-02-27,TCB,24950.0,25000.0,24250.0,24350.0,17875574
2019-02-28,TCB,24400.0,24600.0,24050.0,24100.0,19705536
2019-03-01,TCB,24200.0,24400.0,24150.0,24350.0,18781063
2019-03-04,TCB,24300.0,24650.0,24050.0,24600.0,18980643
2019-03-05,TCB,24550.0,24850.0,24500.0,24850.0,25605560
2019-03-06,TCB,24800.0,24950.0,24300.0,24450.0,25203380
2019-03-07,TCB,24400.0,24650.0,24200.0,24550.0,14976869
2019-03-08,TCB,24700.0,25100.0,24500.0,25000.0,22311083
2019-03-11,TCB,25000.0,25050.0,24600.0,24700.0,26574463
2019-03-12,TCB,24750.0,24950.0,24250.0,24250.0,28825478
2019-03-13,TCB,24300.0,24800.0,24250.0,24650.0,19566180
2019-03-14,TCB,24850.0,25150.0,24750.0,25100.0,19178280
2019-03-15,TCB,25050.0,25600.0,24850.0,25500.0,19760017
2019-03-18,TCB,25550.0,25850.0,25100.0,25200.0,20128476
2019-03-19,TCB,25300.0,25550.0,25300.0,25400.0,14065237
2019-03-20,TCB,25300.0,25400.0,24600.0,24650.0,25313172
2019-03-21,TCB,24650.0,24850.0,24150.0,24150.0,26607224
2019-03-22,TCB,24400.0,24500.0,23850.0,23950.0,28373303
2019-03-25,TCB,23900.0,24100.0,23700.0,24050.0,21267376
2019-03-26,TCB,24050.0,24400.0,23850.0,24250.0,20483887
2019-03-27,TCB,24300.0,24400.0,24100.0,24150.0,15441310
2019-03-28,TCB,24150.0,24200.0,23950.0,24100.0,13386301
2019-03-29,TCB,24100.0,24350.0,24000.0,24150.0,19800065
2019-04-01,TCB,24250.0,24450.0,24000.0,24300.0,24326309
2019-04-02,TCB,24250.0,24300.0,23950.0,24000.0,22955922
2019-04-03,TCB,23950.0,24450.0,23900.0,24250.0,26294498
2019-04-04,TCB,24200.0,24300.0,23900.0,24300.0,17313842
2019-04-05,TCB,24350.0,24450.0,24300.0,24400.0,13190251
2019-04-08,TCB,24450.0,24600.0,23700.0,23850.0,24303551
2019-04-09,TCB,23900.0,23950.0,23800.0,23800.0,22928588
2019-04-10,TCB,23650.0,24950.0,23550.0,24900.0,33940238
2019-04-11,TCB,24850.0,25150.0,24200.0,24450.0,27247334
2019-04-12,TCB,24500.0,26200.0,24350.0,26150.0,36708587
2019-04-15,TCB,26250.0,26250.0,25850.0,25950.0,17145483
2019-04-16,TCB,26000.0,27350.0,25850.0,27200.0,28774044
2019-04-17,TCB,27250.0,27300.0,27000.0,27100.0,20880399
2019-04-18,TCB,26950.0,27750.0,26900.0,27700.0,27849115
2019-04-19,TCB,27900.0,28100.0,27200.0,27500.0,28990153
2019-04-22,TCB,27550.0,27650.0,27000.0,27300.0,18872373
2019-04-23,TCB,27300.0,27400.0,27050.0,27100.0,17551626
2019-04-24,TCB,26950.0,28200.0,26950.0,28150.0,22778946
2019-04-25,TCB,28150.0,28750.0,27900.0,27900.0,21689977
2019-04-26,TCB,27900.0,28000.0,27450.0,27500.0,25667967
2019-04-29,TCB,27300.0,27550.0,27200.0,27200.0,17292758
2019-04-30,TCB,27100.0,28150.0,27050.0,28100.0,28004170
2019-05-01,TCB,28150.0,28350.0,28050.0,28300.0,19821269
2019-05-02,TCB,28350.0,29400.0,28250.0,29300.0,28220320
2019-05-03,TCB,29250.0,29800.0,29050.0,29750.0,20037349
2019-05-06,TCB,29700.0,30050.0,29400.0,29800.0,24517713
2019-05-07,TCB,29850.0,30150.0,29650.0,29750.0,19534877
2019-05-08,TCB,29900.0,30150.0,29350.0,29650.0,26035209
2019-05-09,TCB,29600.0,30200.0,29400.0,30050.0,27950434
2019-05-10,TCB,30000.0,30000.0,29700.0,29700.0,14619492
2019-05-13,TCB,29750.0,29950.0,28800.0,29100.0,22545931
2019-05-14,TCB,29000.0,29550.0,28850.0,29250.0,22554586
2019-05-15,TCB,29200.0,29850.0,29150.0,29700.0,21233287
2019-05-16,TCB,29550.0,29650.0,28250.0,28250.0,33401534
2019-05-17,TCB,28450.0,28650.0,27850.0,27900.0,17999485
2019-05-20,TCB,27750.0,27750.0,27500.0,27600.0,18823520
2019-05-21,TCB,27550.0,27600.0,26600.0,26650.0,26714402
2019-05-22,TCB,26650.0,26800.0,26650.0,26700.0,22667888
2019-05-23,TCB,26850.0,27000.0,26800.0,27000.0,15723250
2019-05-24,TCB,26900.0,27300.0,26750.0,27150.0,26340990
2019-05-27,TCB,27000.0,27250.0,26400.0,26450.0,21385691
2019-05-28,TCB,26300.0,26350.0,26000.0,26150.0,21492664
2019-05-29,TCB,26350.0,26600.0,26300.0,26550.0,18280456
2019-05-30,TCB,26550.0,26550.0,26050.0,26200.0,26126513
2019-05-31,TCB,26300.0,26850.0,26200.0,26550.0,27973161
2019-06-03,TCB,26650.0,26800.0,26400.0,26500.0,17677156
2019-06-04,TCB,26450.0,26950.0,26400.0,26900.0,17550036
2019-06-05,TCB,26850.0,26900.0,25850.0,25950.0,22664061
2019-06-06,TCB,25850.0,26050.0,25700.0,26050.0,23162654
2019-06-07,TCB,26100.0,26200.0,25350.0,25700.0,22384742
2019-06-10,TCB,25700.0,25750.0,25700.0,25750.0,15577893
2019-06-11,TCB,25650.0,25700.0,25650.0,25650.0,10971009
2019-06-12,TCB,25700.0,25800.0,25100.0,25250.0,26354481
2019-06-13,TCB,25150.0,25300.0,24600.0,24650.0,21160569
2019-06-14,TCB,24600.0,25200.0,24600.0,24800.0,18872848
2019-06-17,TCB,24800.0,24850.0,24500.0,24550.0,24405798
2019-06-18,TCB,24500.0,24700.0,23700.0,23750.0,22652328
2019-06-19,TCB,23800.0,24000.0,23550.0,23750.0,24935438
2019-06-20,TCB,23750.0,23850.0,23400.0,23700.0,25581089
2019-06-21,TCB,23800.0,24200.0,23650.0,24050.0,21120251
2019-06-24,TCB,24100.0,25100.0,23850.0,24900.0,23084424
2019-06-25,TCB,24950.0,25600.0,24900.0,25300.0,23124768
2019-06-26,TCB,25300.0,25700.0,25100.0,25700.0,23393539
2019-06-27,TCB,25650.0,25800.0,25400.0,25650.0,24176963
2019-06-28,TCB,25850.0,26200.0,25650.0,26000.0,19068369
2019-07-01,TCB,26050.0,26100.0,25900.0,26000.0,15653316
2019-07-02,TCB,26050.0,26600.0,25950.0,26450.0,24110292
2019-07-03,TCB,26500.0,27200.0,26300.0,26950.0,26740865
2019-07-04,TCB,27000.0,27100.0,26750.0,26950.0,18761251
2019-07-05,TCB,26950.0,27100.0,26800.0,27000.0,17844543
2019-07-08,TCB,26850.0,27450.0,26800.0,27350.0,18945624
2019-07-09,TCB,27400.0,27450.0,27300.0,27450.0,20577744
2019-07-10,TCB,27600.0,27650.0,27250.0,27300.0,22460842
2019-07-11,TCB,27200.0,27950.0,27000.0,27800.0,23114479
2019-07-12,TCB,27800.0,28200.0,27700.0,28150.0,19279390
2019-07-15,TCB,28050.0,28400.0,27900.0,28300.0,20122410
2019-07-16,TCB,28350.0,28600.0,27850.0,27950.0,23494210
2019-07-17,TCB,27950.0,28100.0,27950.0,28100.0,22107693
2019-07-18,TCB,28200.0,28400.0,27800.0,27900.0,21714238
2019-07-19,TCB,28000.0,28250.0,27950.0,28250.0,24139529
2019-07-22,TCB,28350.0,28450.0,28000.0,28200.0,19841106
2019-07-23,TCB,28100.0,28450.0,27500.0,27600.0,25720173
2019-07-24,TCB,27450.0,28200.0,27200.0,28100.0,25783730
2019-07-25,TCB,28250.0,28600.0,28000.0,28550.0,21194710
2019-07-26,TCB,28800.0,29100.0,28650.0,28650.0,15024282
2019-07-29,TCB,28450.0,28650.0,28300.0,28600.0,13804577
2019-07-30,TCB,28600.0,29000.0,28450.0,28850.0,19965406
2019-07-31,TCB,28850.0,29250.0,28750.0,29200.0,24731216
2019-08-01,TCB,29150.0,29250.0,28350.0,28450.0,27936548
2019-08-02,TCB,28550.0,28650.0,28400.0,28600.0,14957940
2019-08-05,TCB,28550.0,29250.0,28250.0,29100.0,27292260
2019-08-06,TCB,29250.0,29300.0,28400.0,28450.0,24139230
2019-08-07,TCB,28650.0,28800.0,28300.0,28300.0,19546695
2019-08-08,TCB,28350.0,28400.0,27450.0,27700.0,20922621
2019-08-09,TCB,27750.0,27850.0,26550.0,26750.0,26834400
2019-08-12,TCB,26950.0,27150.0,26900.0,27050.0,21009524
2019-08-13,TCB,26950.0,27200.0,26450.0,26500.0,17216340
2019-08-14,TCB,26600.0,26800.0,25850.0,25850.0,24758498
2019-08-15,TCB,25950.0,26750.0,25800.0,26550.0,23102477
2019-08-16,TCB,26550.0,26900.0,26350.0,26700.0,21797803
2019-08-19,TCB,26600.0,27350.0,26500.0,27000.0,18866207
2019-08-20,TCB,27100.0,27200.0,26950.0,27200.0,22764284
2019-08-21,TCB,27150.0,27400.0,26900.0,27300.0,23200827
2019-08-22,TCB,27100.0,27600.0,26900.0,27550.0,22222815
2019-08-23,TCB,27600.0,27850.0,26400.0,26450.0,29236712
2019-08-26,TCB,26400.0,26500.0,25400.0,25550.0,31765270
2019-08-27,TCB,25500.0,25900.0,25450.0,25850.0,23836405
2019-08-28,TCB,25950.0,26050.0,25350.0,25550.0,24384360
2019-08-29,TCB,25600.0,25750.0,25150.0,25300.0,19031276
2019-08-30,TCB,25150.0,25200.0,24700.0,24750.0,21013346
2019-09-02,TCB,24950.0,25000.0,24150.0,24450.0,29293408
2019-09-03,TCB,24500.0,24750.0,23900.0,24050.0,20414001
2019-09-04,TCB,24000.0,24500.0,23600.0,24400.0,19545628
2019-09-05,TCB,24300.0,24500.0,23750.0,23950.0,28024524
2019-09-06,TCB,23900.0,23900.0,23700.0,23850.0,23615771
2019-09-09,TCB,23900.0,25150.0,23850.0,25000.0,31741048
2019-09-10,TCB,25100.0,25550.0,24900.0,25550.0,18450316
2019-09-11,TCB,25450.0,25750.0,25450.0,25650.0,18123173
2019-09-12,TCB,25650.0,25900.0,25100.0,25150.0,23683611
2019-09-13,TCB,25150.0,25250.0,24150.0,24350.0,28350447
2019-09-16,TCB,24400.0,24600.0,24150.0,24450.0,18971182
2019-09-17,TCB,24450.0,24550.0,24150.0,24500.0,14579715
2019-09-18,TCB,24550.0,24850.0,24300.0,24750.0,17630792
2019-09-19,TCB,24700.0,24950.0,24450.0,24600.0,19406294
2019-09-20,TCB,24650.0,24800.0,24150.0,24200.0,27374612
2019-09-23,TCB,24250.0,24300.0,23900.0,24100.0,15624333
2019-09-24,TCB,24050.0,24100.0,23650.0,23750.0,17822668
2019-09-25,TCB,23750.0,24200.0,23750.0,24000.0,25672855
2019-09-26,TCB,24050.0,24250.0,22950.0,23200.0,25855171
2019-09-27,TCB,23150.0,23200.0,23050.0,23100.0,17711908
2019-09-30,TCB,23100.0,23600.0,22950.0,23600.0,17116150
2019-10-01,TCB,23600.0,23850.0,22800.0,22800.0,28588061
2019-10-02,TCB,22850.0,22900.0,22700.0,22700.0,20032391
2019-10-03,TCB,22850.0,23200.0,22750.0,23150.0,26213774
2019-10-04,TCB,23050.0,23950.0,22950.0,23850.0,26517697
2019-10-07,TCB,23700.0,23800.0,23350.0,23400.0,21851975
2019-10-08,TCB,23250.0,24200.0,23100.0,24050.0,22030193
2019-10-09,TCB,24150.0,24450.0,24000.0,24150.0,18320916
2019-10-10,TCB,24150.0,24600.0,24100.0,24400.0,18983241
2019-10-11,TCB,24350.0,25150.0,24250.0,25100.0,23295412
2019-10-14,TCB,25200.0,26050.0,25150.0,25950.0,25495150
2019-10-15,TCB,25800.0,27000.0,25600.0,26900.0,33307031
2019-10-16,TCB,26950.0,27050.0,26200.0,26350.0,22456864
2019-10-17,TCB,26300.0,26650.0,26100.0,26450.0,25170827
2019-10-18,TCB,26500.0,26600.0,26350.0,26350.0,24388487
2019-10-21,TCB,26500.0,26500.0,25600.0,25700.0,26004145
2019-10-22,TCB,25700.0,26000.0,25700.0,25850.0,15434510
2019-10-23,TCB,25950.0,26200.0,25950.0,26150.0,19650134
2019-10-24,TCB,26150.0,26350.0,25750.0,25800.0,26562050
2019-10-25,TCB,25750.0,25800.0,25200.0,25350.0,21823350
2019-10-28,TCB,25350.0,26200.0,25200.0,26200.0,29534056
2019-10-29,TCB,26200.0,26450.0,25650.0,25800.0,27259871
2019-10-30,TCB,25650.0,25750.0,25500.0,25600.0,22109340
2019-10-31,TCB,25700.0,26200.0,25650.0,26150.0,22746340
2019-11-01,TCB,26200.0,26750.0,26100.0,26600.0,22613794
2019-11-04,TCB,26600.0,26600.0,25900.0,25950.0,23648462
2019-11-05,TCB,25900.0,26350.0,25700.0,26150.0,19272765
2019-11-06,TCB,26100.0,26400.0,25850.0,26300.0,26091148
2019-11-07,TCB,26400.0,26550.0,26050.0,26200.0,17684420
2019-11-08,TCB,26250.0,26300.0,25950.0,26000.0,22222398
2019-11-11,TCB,25850.0,25900.0,25500.0,25550.0,18686084
2019-11-12,TCB,25500.0,25500.0,25150.0,25150.0,18410291
2019-11-13,TCB,25150.0,25600.0,25150.0,25400.0,20087133
2019-11-14,TCB,25450.0,25600.0,25400.0,25500.0,23637805
2019-11-15,TCB,25400.0,25850.0,25200.0,25800.0,23109360
2019-11-18,TCB,25700.0,25700.0,24850.0,24950.0,24828399
2019-11-19,TCB,24950.0,25050.0,24550.0,24750.0,17805791
2019-11-20,TCB,24700.0,25200.0,24500.0,25050.0,24713475
2019-11-21,TCB,25100.0,25550.0,25100.0,25450.0,20286058
2019-11-22,TCB,25350.0,25450.0,25300.0,25400.0,18656992
2019-11-25,TCB,25450.0,26200.0,25400.0,25850.0,23452466
2019-11-26,TCB,25850.0,27300.0,25800.0,27100.0,31921923
2019-11-27,TCB,27050.0,28200.0,27000.0,28050.0,21688827
2019-11-28,TCB,28000.0,28450.0,27950.0,28400.0,15400419
2019-11-29,TCB,28400.0,28600.0,27550.0,27850.0,21592714
2019-12-02,TCB,27650.0,28000.0,27600.0,27800.0,18142399
2019-12-03,TCB,27800.0,28550.0,27700.0,28550.0,28471002
2019-12-04,TCB,28500.0,30050.0,28450.0,29950.0,28441476
2019-12-05,TCB,29800.0,30150.0,29600.0,30050.0,16708789
2019-12-06,TCB,30200.0,30700.0,30100.0,30400.0,20979042
2019-12-09,TCB,30450.0,31300.0,30200.0,31250.0,24904022
2019-12-10,TCB,31350.0,31550.0,30950.0,30950.0,20756022
2019-12-11,TCB,31000.0,31000.0,30850.0,31000.0,21462581
2019-12-12,TCB,30850.0,31250.0,30800.0,31050.0,19146901
2019-12-13,TCB,31000.0,31600.0,30900.0,31550.0,21469311
2019-12-16,TCB,31500.0,31700.0,31000.0,31300.0,22915243
2019-12-17,TCB,31100.0,31550.0,30900.0,31200.0,26337243
2019-12-18,TCB,31200.0,31350.0,30650.0,30650.0,18845885
2019-12-19,TCB,30550.0,30700.0,29300.0,29500.0,24552149
2019-12-20,TCB,29550.0,29950.0,29300.0,29450.0,16307292
2019-12-23,TCB,29450.0,29600.0,28750.0,28850.0,19781084
2019-12-24,TCB,28850.0,30300.0,28800.0,29750.0,22838731
2019-12-25,TCB,29850.0,30100.0,29650.0,29950.0,15754523
2019-12-26,TCB,30350.0,30750.0,30250.0,30650.0,23525474
2019-12-27,TCB,30800.0,31150.0,30550.0,31100.0,15841740
2019-12-30,TCB,31250.0,31300.0,30600.0,30750.0,17901209
2019-12-31,TCB,30800.0,31900.0,30400.0,31750.0,22476051
2020-01-01,TCB,31950.0,32100.0,31550.0,31650.0,22129940
2020-01-02,TCB,31500.0,31800.0,31200.0,31300.0,15691825
2020-01-03,TCB,31400.0,31600.0,31000.0,31300.0,19357654
2020-01-06,TCB,31400.0,31750.0,30500.0,30500.0,28709575
2020-01-07,TCB,30500.0,30650.0,30050.0,30300.0,17329153
2020-01-08,TCB,30400.0,31150.0,30350.0,30900.0,25983478
2020-01-09,TCB,30950.0,31800.0,30850.0,31600.0,21372209
2020-01-10,TCB,31550.0,31600.0,30950.0,31200.0,22700525
2020-01-13,TCB,31200.0,32250.0,31000.0,31850.0,27179163
2020-01-14,TCB,31950.0,33350.0,31800.0,33150.0,32870515
2020-01-15,TCB,33250.0,33700.0,32900.0,33050.0,26051837
2020-01-16,TCB,33150.0,33500.0,33050.0,33350.0,20347223
2020-01-17,TCB,33400.0,34050.0,33050.0,33800.0,28398392
2020-01-20,TCB,33850.0,34400.0,33650.0,34350.0,17770746
2020-01-21,TCB,33950.0,36000.0,33650.0,35750.0,32704953
2020-01-22,TCB,35650.0,35800.0,35150.0,35750.0,18318196
2020-01-23,TCB,35800.0,35850.0,35700.0,35800.0,12580638
2020-01-24,TCB,35750.0,36500.0,35350.0,36350.0,29039915
2020-01-27,TCB,36350.0,36850.0,35850.0,36400.0,25378047
2020-01-28,TCB,36550.0,37200.0,36400.0,36900.0,18289950
2020-01-29,TCB,36450.0,37150.0,36350.0,36900.0,26270825
2020-01-30,TCB,36900.0,37550.0,36700.0,37250.0,19823051
2020-01-31,TCB,37400.0,37750.0,37300.0,37500.0,25182697
2020-02-03,TCB,37500.0,38300.0,37350.0,38250.0,26629055
2020-02-04,TCB,38150.0,38850.0,37850.0,38850.0,16746870
2020-02-05,TCB,38700.0,40500.0,38650.0,40000.0,29102305
2020-02-06,TCB,39900.0,40250.0,39300.0,39400.0,22460294
2020-02-07,TCB,39250.0,39350.0,37650.0,37750.0,30831354
2020-02-10,TCB,37850.0,38150.0,37500.0,37950.0,16059210
2020-02-11,TCB,38100.0,38450.0,36900.0,37150.0,31879070
2020-02-12,TCB,37250.0,38100.0,37050.0,37850.0,26253530
2020-02-13,TCB,37950.0,38300.0,37200.0,37300.0,18550140
2020-02-14,TCB,37400.0,37400.0,35650.0,35900.0,23878947
2020-02-17,TCB,36000.0,36000.0,34600.0,34800.0,30266031
2020-02-18,TCB,34750.0,35750.0,34650.0,35500.0,27497031
2020-02-19,TCB,35250.0,35300.0,35000.0,35250.0,18918965
2020-02-20,TCB,35250.0,35450.0,34950.0,35300.0,17554443
2020-02-21,TCB,35150.0,37100.0,35100.0,36900.0,25218832
2020-02-24,TCB,36600.0,38500.0,36450.0,38350.0,26693001
2020-02-25,TCB,38250.0,39600.0,37800.0,39250.0,24913396
2020-02-26,TCB,39200.0,39400.0,38900.0,39150.0,24482735
2020-02-27,TCB,39250.0,39550.0,39150.0,39500.0,19238502
2020-02-28,TCB,39600.0,39850.0,38300.0,38650.0,23131599
2020-03-02,TCB,38500.0,38700.0,38450.0,38700.0,17124545
2020-03-03,TCB,38650.0,38650.0,38100.0,38300.0,16596606
2020-03-04,TCB,38450.0,38800.0,37500.0,37600.0,24678309
2020-03-05,TCB,37550.0,37600.0,37300.0,37350.0,22752925
2020-03-06,TCB,37150.0,37400.0,36300.0,36350.0,24249744
2020-03-09,TCB,36550.0,36750.0,35850.0,36050.0,25059720
2020-03-10,TCB,36100.0,37800.0,36000.0,37550.0,21638234
2020-03-11,TCB,37750.0,37900.0,37300.0,37500.0,14434090
2020-03-12,TCB,37500.0,37600.0,35250.0,35700.0,32238277
2020-03-13,TCB,35300.0,35700.0,35200.0,35600.0,17698789
2020-03-16,TCB,35450.0,35800.0,35450.0,35650.0,16076851
2020-03-17,TCB,35700.0,36350.0,35300.0,36300.0,27273040
2020-03-18,TCB,36250.0,36600.0,36000.0,36300.0,17857268
2020-03-19,TCB,36350.0,37850.0,36350.0,37700.0,26937227
2020-03-20,TCB,37700.0,38950.0,37650.0,38500.0,25355267
2020-03-23,TCB,38750.0,38950.0,38400.0,38450.0,24800087
2020-03-24,TCB,38500.0,38750.0,38250.0,38750.0,15007959
2020-03-25,TCB,38750.0,40200.0,38750.0,40050.0,24570875
2020-03-26,TCB,40000.0,40100.0,39350.0,39400.0,15950276
2020-03-27,TCB,39350.0,39500.0,38300.0,38500.0,21880950
2020-03-30,TCB,38700.0,38750.0,37250.0,37400.0,26883545
2020-03-31,TCB,37400.0,37600.0,36500.0,36600.0,24279937
2020-04-01,TCB,36550.0,37550.0,36300.0,37150.0,29372808
2020-04-02,TCB,37050.0,37100.0,35800.0,36000.0,28592651
2020-04-03,TCB,35850.0,37050.0,35800.0,36900.0,25137907
2020-04-06,TCB,36700.0,37500.0,36600.0,37350.0,27866167
2020-04-07,TCB,37350.0,38000.0,37250.0,37650.0,18165345
2020-04-08,TCB,37600.0,37600.0,36250.0,36350.0,28701602
2020-04-09,TCB,36250.0,36300.0,35900.0,35950.0,13188776
2020-04-10,TCB,36100.0,36550.0,35400.0,35450.0,28552549
2020-04-13,TCB,35450.0,35950.0,35350.0,35650.0,20823263
2020-04-14,TCB,35750.0,35750.0,34850.0,35100.0,23704774
2020-04-15,TCB,35200.0,36750.0,35050.0,36500.0,27851111
2020-04-16,TCB,36550.0,36800.0,36050.0,36750.0,23813093
2020-04-17,TCB,36950.0,37450.0,36900.0,37100.0,25539109
2020-04-20,TCB,37300.0,37400.0,36150.0,36250.0,30048353
2020-04-21,TCB,36400.0,37100.0,36050.0,36950.0,19091247
2020-04-22,TCB,36800.0,37050.0,36350.0,36600.0,21859792
2020-04-23,TCB,36600.0,36650.0,35600.0,35800.0,18786068
2020-04-24,TCB,35950.0,35950.0,34750.0,34750.0,27410704
2020-04-27,TCB,34550.0,34700.0,34250.0,34300.0,21159481
2020-04-28,TCB,34350.0,35100.0,33950.0,34950.0,27339788
2020-04-29,TCB,35050.0,36650.0,34900.0,36550.0,24324530
2020-04-30,TCB,36550.0,36600.0,35950.0,36200.0,25582568
2020-05-01,TCB,36350.0,36950.0,36250.0,36850.0,21028886
2020-05-04,TCB,36800.0,37000.0,35950.0,36150.0,17690086
2020-05-05,TCB,36250.0,37350.0,36250.0,36900.0,20624325
2020-05-06,TCB,36700.0,37650.0,36650.0,37550.0,19468541
2020-05-07,TCB,37600.0,37950.0,37550.0,37600.0,23668487
2020-05-08,TCB,37850.0,37900.0,37500.0,37650.0,20663421
2020-05-11,TCB,37450.0,37550.0,37150.0,37400.0,16171448
2020-05-12,TCB,37350.0,37500.0,36700.0,36900.0,25213195
2020-05-13,TCB,36850.0,37100.0,35650.0,35700.0,23044858
2020-05-14,TCB,35500.0,35600.0,34500.0,34600.0,24507221
2020-05-15,TCB,34500.0,34550.0,34050.0,34200.0,15255037
2020-05-18,TCB,34450.0,34600.0,34250.0,34500.0,17835521
2020-05-19,TCB,34500.0,34550.0,34300.0,34400.0,20232225
2020-05-20,TCB,34400.0,35100.0,34300.0,34650.0,22116101
2020-05-21,TCB,34950.0,35800.0,34350.0,35500.0,26887193
2020-05-22,TCB,35400.0,35450.0,35100.0,35400.0,15789691
2020-05-25,TCB,35250.0,35250.0,34750.0,34850.0,25199870
2020-05-26,TCB,34800.0,35350.0,33800.0,34000.0,31674638
2020-05-27,TCB,33900.0,33950.0,33600.0,33700.0,16065244
2020-05-28,TCB,33550.0,33600.0,32050.0,32200.0,27232434
2020-05-29,TCB,32300.0,32500.0,31750.0,32150.0,25749158
2020-06-01,TCB,32100.0,32600.0,32000.0,32400.0,19027691
2020-06-02,TCB,32600.0,32650.0,32050.0,32550.0,16363255
2020-06-03,TCB,32550.0,32600.0,32000.0,32200.0,21910606
2020-06-04,TCB,32250.0,32400.0,32150.0,32400.0,20595957
2020-06-05,TCB,32250.0,32250.0,32050.0,32100.0,20017102
2020-06-08,TCB,32200.0,32400.0,32100.0,32100.0,21948849
2020-06-09,TCB,32150.0,32250.0,31600.0,31650.0,15890327
2020-06-10,TCB,31600.0,32650.0,31150.0,32500.0,28933464
2020-06-11,TCB,32550.0,33700.0,32350.0,33500.0,30873385
2020-06-12,TCB,33450.0,33600.0,33050.0,33600.0,18963423
2020-06-15,TCB,33600.0,34500.0,33400.0,34500.0,28940166
2020-06-16,TCB,34250.0,35700.0,34150.0,35500.0,28462745
2020-06-17,TCB,35450.0,35500.0,34550.0,34800.0,22299852
2020-06-18,TCB,34650.0,35200.0,34350.0,34500.0,17427856
2020-06-19,TCB,34450.0,35900.0,34150.0,35400.0,31445025
2020-06-22,TCB,35450.0,35900.0,34800.0,34900.0,22584995
2020-06-23,TCB,34800.0,34800.0,34650.0,34700.0,15070699
2020-06-24,TCB,34750.0,35800.0,34500.0,35500.0,24974828
2020-06-25,TCB,35550.0,35750.0,35500.0,35500.0,18162400
2020-06-26,TCB,35600.0,35700.0,34850.0,35050.0,17304035
2020-06-29,TCB,34950.0,36750.0,34700.0,36650.0,32155049
2020-06-30,TCB,36600.0,36850.0,36100.0,36400.0,17737610
2020-07-01,TCB,36350.0,37000.0,36300.0,36750.0,22081437
2020-07-02,TCB,36750.0,37350.0,36650.0,36850.0,26123633
2020-07-03,TCB,36700.0,36850.0,36250.0,36300.0,14379085
2020-07-06,TCB,36350.0,36650.0,35250.0,35650.0,29278662
2020-07-07,TCB,35600.0,36100.0,35400.0,35800.0,22741091
2020-07-08,TCB,35850.0,35950.0,35650.0,35700.0,21831069
2020-07-09,TCB,35450.0,35900.0,35200.0,35850.0,18415371
2020-07-10,TCB,35900.0,36200.0,34950.0,35050.0,25698609
2020-07-13,TCB,34950.0,36400.0,34900.0,36050.0,23349045
2020-07-14,TCB,36050.0,37400.0,35950.0,37050.0,19938284
2020-07-15,TCB,37050.0,37200.0,36150.0,36400.0,28099356
2020-07-16,TCB,36200.0,36650.0,36100.0,36200.0,19162775
2020-07-17,TCB,36300.0,37300.0,36200.0,37050.0,20026984
2020-07-20,TCB,37150.0,37750.0,36850.0,37600.0,18035977
2020-07-21,TCB,37500.0,38250.0,37200.0,38050.0,17642363
2020-07-22,TCB,38100.0,38600.0,37450.0,37950.0,24478438
2020-07-23,TCB,38200.0,38450.0,38150.0,38300.0,20887357
2020-07-24,TCB,38250.0,38650.0,38200.0,38600.0,15896370
2020-07-27,TCB,38750.0,39300.0,37950.0,38100.0,19102707
2020-07-28,TCB,37950.0,38000.0,37600.0,37750.0,24883641
2020-07-29,TCB,37850.0,38150.0,37750.0,37750.0,14836092
2020-07-30,TCB,37550.0,39150.0,37500.0,39000.0,23116457
2020-07-31,TCB,38900.0,39850.0,38700.0,39750.0,22583845
2020-08-03,TCB,39900.0,40000.0,39150.0,39300.0,16591367
2020-08-04,TCB,39450.0,40500.0,39100.0,40450.0,25769218
2020-08-05,TCB,40700.0,40850.0,40050.0,40350.0,18277554
2020-08-06,TCB,40450.0,41000.0,40400.0,40900.0,14434518
2020-08-07,TCB,41200.0,41700.0,41000.0,41500.0,23685048
2020-08-10,TCB,41650.0,42800.0,41550.0,42400.0,23619853
2020-08-11,TCB,42250.0,43200.0,42000.0,42750.0,20432401
2020-08-12,TCB,42600.0,43450.0,42500.0,43300.0,16539165
2020-08-13,TCB,43500.0,44150.0,43500.0,43800.0,18526182
2020-08-14,TCB,43950.0,44200.0,41750.0,42250.0,30556869
2020-08-17,TCB,42400.0,42450.0,41400.0,41700.0,19612534
2020-08-18,TCB,41900.0,42800.0,41800.0,42750.0,16142114
2020-08-19,TCB,42550.0,43350.0,42500.0,43250.0,23909060
2020-08-20,TCB,43100.0,43250.0,43000.0,43200.0,17508909
2020-08-21,TCB,43250.0,44600.0,43200.0,44200.0,20507019
2020-08-24,TCB,44150.0,44200.0,43750.0,43850.0,24721337
2020-08-25,TCB,43950.0,44200.0,43950.0,44150.0,21488496
2020-08-26,TCB,44150.0,45950.0,44000.0,45950.0,21986266
2020-08-27,TCB,46000.0,47100.0,45450.0,46750.0,28513409
2020-08-28,TCB,46850.0,48200.0,46550.0,48000.0,24701470
2020-08-31,TCB,48400.0,49050.0,47700.0,47800.0,17342211
2020-09-01,TCB,48300.0,49150.0,48150.0,48700.0,20088818
2020-09-02,TCB,48950.0,49650.0,48600.0,49600.0,23790205
2020-09-03,TCB,49600.0,49650.0,49100.0,49500.0,16882759
2020-09-04,TCB,49550.0,49600.0,48100.0,48150.0,25230287
2020-09-07,TCB,47900.0,47950.0,47800.0,47850.0,21046627
2020-09-08,TCB,47600.0,49500.0,47250.0,49250.0,30809954
2020-09-09,TCB,49150.0,49350.0,48000.0,48700.0,19990913
2020-09-10,TCB,48650.0,48850.0,48200.0,48850.0,16347522
2020-09-11,TCB,48650.0,49750.0,48400.0,49700.0,24077171
2020-09-14,TCB,49450.0,49650.0,48800.0,48850.0,23218263
2020-09-15,TCB,49050.0,49200.0,48100.0,48150.0,15762091
2020-09-16,TCB,47750.0,48400.0,47700.0,48150.0,14853140
2020-09-17,TCB,48450.0,49350.0,48450.0,48950.0,16998909
2020-09-18,TCB,48700.0,48800.0,48400.0,48400.0,22082960
2020-09-21,TCB,48750.0,49100.0,47700.0,48300.0,25777247
2020-09-22,TCB,48500.0,49700.0,48250.0,49200.0,19556625
2020-09-23,TCB,49350.0,49650.0,49350.0,49600.0,22515081
2020-09-24,TCB,49600.0,49700.0,49400.0,49600.0,22107459
2020-09-25,TCB,49600.0,49900.0,47750.0,47950.0,23880465
2020-09-28,TCB,48150.0,48350.0,47400.0,47450.0,23601645
2020-09-29,TCB,47300.0,47700.0,46950.0,47650.0,19419449
2020-09-30,TCB,47550.0,48750.0,46950.0,48650.0,23316594
2020-10-01,TCB,48750.0,48750.0,47150.0,47300.0,19604590
2020-10-02,TCB,47250.0,48650.0,46650.0,48550.0,30311225
2020-10-05,TCB,48550.0,48750.0,48000.0,48050.0,21405417
2020-10-06,TCB,48300.0,48350.0,47950.0,48250.0,12916462
2020-10-07,TCB,48150.0,49450.0,47950.0,49300.0,25720875
2020-10-08,TCB,49200.0,49300.0,48600.0,48950.0,21955924
2020-10-09,TCB,48850.0,48900.0,47900.0,48200.0,16651300
2020-10-12,TCB,48150.0,48900.0,48050.0,48700.0,16818470
2020-10-13,TCB,48550.0,48750.0,47050.0,47700.0,26224413
2020-10-14,TCB,47900.0,49250.0,47800.0,48900.0,27749884
2020-10-15,TCB,48950.0,49250.0,48550.0,48700.0,24873448
2020-10-16,TCB,48700.0,49250.0,46100.0,46600.0,32093780
2020-10-19,TCB,46600.0,46950.0,46200.0,46700.0,20310282
2020-10-20,TCB,46800.0,46800.0,45700.0,46350.0,18546346
2020-10-21,TCB,46450.0,46700.0,45500.0,45500.0,23671253
2020-10-22,TCB,45450.0,45600.0,44250.0,44800.0,17419519
2020-10-23,TCB,44450.0,44950.0,44400.0,44900.0,16138686
2020-10-26,TCB,44750.0,45200.0,44650.0,44850.0,16663656
2020-10-27,TCB,45050.0,46000.0,44800.0,45750.0,27172561
2020-10-28,TCB,45750.0,45850.0,43950.0,44100.0,21976397
2020-10-29,TCB,44250.0,44300.0,43900.0,44000.0,12647130
2020-10-30,TCB,43800.0,44800.0,43700.0,44400.0,26869875
2020-11-02,TCB,44600.0,44700.0,43950.0,44250.0,18861659
2020-11-03,TCB,44150.0,45100.0,43900.0,45100.0,21656199
2020-11-04,TCB,45150.0,45300.0,44300.0,44600.0,24521217
2020-11-05,TCB,44350.0,47350.0,44150.0,47050.0,37298200
2020-11-06,TCB,46900.0,47300.0,46450.0,47300.0,18460810
2020-11-09,TCB,47300.0,47900.0,47100.0,47500.0,14901802
2020-11-10,TCB,47600.0,48750.0,47450.0,48450.0,19507611
2020-11-11,TCB,48500.0,48650.0,47850.0,47950.0,23014388
2020-11-12,TCB,47550.0,47800.0,46700.0,47000.0,18596655
2020-11-13,TCB,47100.0,47200.0,46200.0,46450.0,19807163
2020-11-16,TCB,46300.0,46450.0,45700.0,45850.0,17172943
2020-11-17,TCB,46200.0,47700.0,46000.0,47300.0,19202562
2020-11-18,TCB,47000.0,47950.0,46800.0,47600.0,18118826
2020-11-19,TCB,47500.0,47800.0,47050.0,47350.0,16524550
2020-11-20,TCB,47200.0,47600.0,47050.0,47500.0,14813902
2020-11-23,TCB,47700.0,49250.0,47700.0,49100.0,17793383
2020-11-24,TCB,49100.0,49200.0,46950.0,47050.0,30792217
2020-11-25,TCB,46900.0,48800.0,46600.0,48700.0,32036995
2020-11-26,TCB,48500.0,48550.0,47250.0,47450.0,21986741
2020-11-27,TCB,47750.0,47950.0,46050.0,46100.0,29384228
2020-11-30,TCB,46200.0,47550.0,46000.0,47100.0,19530327
2020-12-01,TCB,47200.0,47950.0,46950.0,47750.0,17727882
2020-12-02,TCB,47600.0,47800.0,46000.0,46550.0,27971280
2020-12-03,TCB,46550.0,47550.0,46350.0,47250.0,24973646
2020-12-04,TCB,47400.0,47600.0,46100.0,46250.0,24536910
2020-12-07,TCB,46400.0,46600.0,45500.0,45500.0,25984817
2020-12-08,TCB,45750.0,45950.0,45350.0,45750.0,22112391
2020-12-09,TCB,45950.0,46050.0,45350.0,45500.0,14789208
2020-12-10,TCB,45200.0,46100.0,45000.0,45700.0,23745634
2020-12-11,TCB,45700.0,45950.0,45200.0,45250.0,16726494
2020-12-14,TCB,45050.0,45300.0,44400.0,44850.0,20082071
2020-12-15,TCB,44950.0,45100.0,44550.0,44550.0,23427813
2020-12-16,TCB,44550.0,44650.0,43950.0,44050.0,14535963
2020-12-17,TCB,44100.0,44450.0,43800.0,44250.0,14729436
2020-12-18,TCB,44300.0,44450.0,44200.0,44450.0,18112398
2020-12-21,TCB,44200.0,44650.0,41850.0,42250.0,28598347
2020-12-22,TCB,42050.0,42100.0,41600.0,41650.0,21435765
2020-12-23,TCB,41750.0,41800.0,41200.0,41250.0,15237481
2020-12-24,TCB,41250.0,41900.0,41200.0,41800.0,15421273
2020-12-25,TCB,42150.0,43900.0,41400.0,43550.0,30635230
2020-12-28,TCB,43500.0,43950.0,42400.0,42550.0,29034987
2020-12-29,TCB,42600.0,42750.0,41950.0,42250.0,21747745
2020-12-30,TCB,42200.0,43050.0,42050.0,42650.0,24323682
2020-12-31,TCB,42650.0,42650.0,41600.0,41800.0,26535421
2021-01-01,TCB,41950.0,42150.0,38950.0,38950.0,33367653
2021-01-04,TCB,38900.0,39050.0,38750.0,38950.0,24114991
2021-01-05,TCB,39100.0,39100.0,37900.0,38200.0,21100124
2021-01-06,TCB,38200.0,38350.0,36700.0,36900.0,31088816
2021-01-07,TCB,36700.0,36950.0,35600.0,36050.0,30688284
2021-01-08,TCB,36150.0,36350.0,35100.0,35250.0,28087535
2021-01-11,TCB,35500.0,35700.0,35000.0,35100.0,17898698
2021-01-12,TCB,35150.0,36700.0,35050.0,36550.0,23479990
2021-01-13,TCB,36550.0,36650.0,36100.0,36300.0,20987188
2021-01-14,TCB,36400.0,36500.0,35800.0,36150.0,21755353
2021-01-15,TCB,35950.0,37350.0,35850.0,37100.0,29728876
2021-01-18,TCB,37000.0,37350.0,36600.0,37200.0,18648945
2021-01-19,TCB,37250.0,38500.0,37250.0,38250.0,24683694
2021-01-20,TCB,38100.0,38200.0,37250.0,37500.0,22422718
2021-01-21,TCB,37600.0,37800.0,37100.0,37150.0,21291558
2021-01-22,TCB,37100.0,38050.0,36800.0,37950.0,26905644
2021-01-25,TCB,37900.0,37950.0,37600.0,37950.0,14491340
2021-01-26,TCB,37850.0,38000.0,37550.0,37700.0,24082589
2021-01-27,TCB,37800.0,38050.0,37750.0,37800.0,18134937
2021-01-28,TCB,38000.0,38000.0,37050.0,37250.0,19055241
2021-01-29,TCB,37150.0,37450.0,36900.0,36950.0,14985950
2021-02-01,TCB,36800.0,37000.0,36500.0,36900.0,17795052
2021-02-02,TCB,36950.0,37400.0,36950.0,37300.0,13774062
2021-02-03,TCB,37300.0,38150.0,37250.0,37900.0,24402406
2021-02-04,TCB,37900.0,38650.0,37750.0,38550.0,24325257
2021-02-05,TCB,38850.0,39000.0,38100.0,38300.0,26851930
2021-02-08,TCB,38050.0,39000.0,37850.0,38750.0,29118759
2021-02-09,TCB,38700.0,40000.0,38450.0,39500.0,21446775
2021-02-10,TCB,39350.0,39550.0,39250.0,39500.0,19245840
2021-02-11,TCB,39350.0,40900.0,39150.0,40450.0,20495168
2021-02-12,TCB,40550.0,41250.0,40250.0,40650.0,22884165
2021-02-15,TCB,40500.0,42050.0,40200.0,41850.0,31631143
2021-02-16,TCB,41700.0,42550.0,41200.0,42400.0,25889107
2021-02-17,TCB,42450.0,43450.0,42200.0,43400.0,25606647
2021-02-18,TCB,43450.0,43700.0,43150.0,43500.0,17673827
2021-02-19,TCB,43400.0,44500.0,43150.0,44300.0,26231427
2021-02-22,TCB,44150.0,45500.0,44150.0,45350.0,22069295
2021-02-23,TCB,45550.0,45750.0,45100.0,45200.0,15442130
2021-02-24,TCB,45450.0,47750.0,45250.0,47450.0,26094974
2021-02-25,TCB,47400.0,48050.0,47150.0,47700.0,21865310
2021-02-26,TCB,47550.0,47700.0,46850.0,46950.0,24166320
2021-03-01,TCB,47050.0,47700.0,46950.0,47600.0,23887436
2021-03-02,TCB,47950.0,48000.0,47200.0,47300.0,16073472
2021-03-03,TCB,47150.0,47700.0,46950.0,47450.0,16957203
2021-03-04,TCB,47550.0,47750.0,46450.0,46700.0,24050638
2021-03-05,TCB,46650.0,46800.0,46450.0,46800.0,19198046
2021-03-08,TCB,47100.0,47550.0,47000.0,47450.0,23636472
2021-03-09,TCB,47250.0,49000.0,46900.0,48700.0,24198352
2021-03-10,TCB,49000.0,49200.0,48350.0,48550.0,21004605
2021-03-11,TCB,48400.0,49000.0,48400.0,48900.0,24263158
2021-03-12,TCB,48650.0,50150.0,48250.0,49900.0,20622184
2021-03-15,TCB,49900.0,51850.0,49700.0,51350.0,28981843
2021-03-16,TCB,51050.0,51200.0,51000.0,51150.0,22407443
2021-03-17,TCB,51000.0,51100.0,48550.0,49100.0,23177677
2021-03-18,TCB,49100.0,49250.0,48900.0,49000.0,20771463
2021-03-19,TCB,49150.0,49600.0,48800.0,49450.0,20511583
2021-03-22,TCB,49450.0,51200.0,49050.0,50850.0,28307956
2021-03-23,TCB,50900.0,51050.0,49900.0,50200.0,27052145
2021-03-24,TCB,50400.0,50500.0,50050.0,50250.0,20761903
2021-03-25,TCB,50250.0,51700.0,49700.0,51400.0,20402401
2021-03-26,TCB,51500.0,51900.0,51300.0,51750.0,20401079
2021-03-29,TCB,51650.0,52200.0,51300.0,52050.0,16050245
2021-03-30,TCB,52250.0,52450.0,51150.0,51650.0,21905135
2021-03-31,TCB,51850.0,52250.0,51650.0,52100.0,24860772
2021-04-01,TCB,51950.0,52650.0,51750.0,52250.0,17739651
2021-04-02,TCB,52400.0,52800.0,52100.0,52150.0,15926601
2021-04-05,TCB,52050.0,52600.0,51200.0,51650.0,22691652
2021-04-06,TCB,51550.0,53150.0,51050.0,52950.0,21825819
2021-04-07,TCB,52950.0,53200.0,52900.0,53000.0,22788276
2021-04-08,TCB,52900.0,53000.0,52150.0,52550.0,25648353
2021-04-09,TCB,52650.0,52850.0,50750.0,51300.0,29409097
2021-04-12,TCB,51300.0,51400.0,50700.0,50800.0,15771676
2021-04-13,TCB,51200.0,53000.0,51050.0,52300.0,21087258
2021-04-14,TCB,52350.0,52850.0,51000.0,51300.0,27514759
2021-04-15,TCB,51400.0,51750.0,49450.0,49600.0,26390703
2021-04-16,TCB,49350.0,50900.0,49300.0,50750.0,18148338
2021-04-19,TCB,50700.0,51050.0,49800.0,50150.0,26704187
2021-04-20,TCB,49950.0,50400.0,49750.0,50150.0,25010728
2021-04-21,TCB,50100.0,51050.0,49800.0,50450.0,20589163
2021-04-22,TCB,50550.0,51500.0,50350.0,51300.0,26945876
2021-04-23,TCB,51350.0,51900.0,50750.0,51550.0,25898505
2021-04-26,TCB,51800.0,52950.0,51600.0,52950.0,23751487
2021-04-27,TCB,52750.0,53150.0,52550.0,53100.0,20680943
2021-04-28,TCB,53000.0,53650.0,52850.0,52950.0,14830729
2021-04-29,TCB,52900.0,54150.0,52650.0,53750.0,21460662
2021-04-30,TCB,53650.0,54100.0,53500.0,53850.0,18607623
2021-05-03,TCB,53700.0,53950.0,53500.0,53700.0,22922753
2021-05-04,TCB,53700.0,54650.0,53650.0,54500.0,23093990
2021-05-05,TCB,54400.0,54500.0,54050.0,54150.0,21744144
2021-05-06,TCB,54250.0,54450.0,53200.0,53250.0,22119378
2021-05-07,TCB,53200.0,53900.0,52050.0,52500.0,28160131
2021-05-10,TCB,52650.0,53950.0,52600.0,53950.0,19864536
2021-05-11,TCB,53650.0,54000.0,52950.0,52950.0,19725645
2021-05-12,TCB,53000.0,53000.0,52100.0,52700.0,20400821
2021-05-13,TCB,52300.0,53500.0,51900.0,53000.0,25020162
2021-05-14,TCB,53300.0,53500.0,50800.0,50900.0,33437911
2021-05-17,TCB,50650.0,52200.0,50600.0,52050.0,25732785
2021-05-18,TCB,51950.0,52550.0,51550.0,52500.0,19525637
2021-05-19,TCB,52300.0,53800.0,52050.0,53750.0,23370731
2021-05-20,TCB,53750.0,53950.0,52300.0,52650.0,26552589
2021-05-21,TCB,52550.0,52800.0,52350.0,52550.0,14900238
2021-05-24,TCB,52350.0,52500.0,48900.0,49450.0,31165626
2021-05-25,TCB,49350.0,51750.0,49250.0,51150.0,22289421
2021-05-26,TCB,51500.0,51750.0,48650.0,49000.0,27146053
2021-05-27,TCB,48850.0,48900.0,48150.0,48200.0,19539277
2021-05-28,TCB,48400.0,48600.0,47900.0,48100.0,17884708
2021-05-31,TCB,47650.0,47800.0,47500.0,47700.0,15598808
2021-06-01,TCB,47400.0,47550.0,45450.0,45500.0,27205701
2021-06-02,TCB,45750.0,47050.0,45450.0,46600.0,28780002
2021-06-03,TCB,46750.0,47150.0,45450.0,45450.0,23223686
2021-06-04,TCB,45600.0,45600.0,44650.0,44950.0,17509825
2021-06-07,TCB,45050.0,45750.0,44800.0,45300.0,15500433
2021-06-08,TCB,45400.0,46750.0,45200.0,46600.0,28196248
2021-06-09,TCB,46900.0,47750.0,46850.0,47550.0,19116714
2021-06-10,TCB,47750.0,48950.0,47650.0,48800.0,18815317
2021-06-11,TCB,49150.0,49250.0,47500.0,47800.0,18977697
2021-06-14,TCB,47700.0,49200.0,47600.0,48750.0,23315286
2021-06-15,TCB,48500.0,49300.0,48500.0,49000.0,18252826
2021-06-16,TCB,49050.0,49850.0,48700.0,49750.0,24982116
2021-06-17,TCB,49750.0,50100.0,49450.0,49500.0,20432306
2021-06-18,TCB,49250.0,49450.0,48000.0,48250.0,18098977
2021-06-21,TCB,48150.0,49250.0,48100.0,48900.0,19192161
2021-06-22,TCB,48600.0,50800.0,48300.0,50800.0,28884714
2021-06-23,TCB,50550.0,50650.0,49700.0,49800.0,25078457
2021-06-24,TCB,49400.0,49600.0,49400.0,49550.0,21763605
2021-06-25,TCB,49700.0,51500.0,49700.0,51000.0,25993852
2021-06-28,TCB,50750.0,52750.0,50600.0,52650.0,24899456
2021-06-29,TCB,52600.0,53000.0,50950.0,51000.0,21865839
2021-06-30,TCB,51300.0,51550.0,49300.0,49600.0,31344044
2021-07-01,TCB,49750.0,51300.0,49650.0,51200.0,25574686
2021-07-02,TCB,51450.0,51550.0,50800.0,51050.0,21875257
2021-07-05,TCB,51050.0,51950.0,50850.0,51700.0,25923797
2021-07-06,TCB,51750.0,51950.0,51700.0,51750.0,23248412
2021-07-07,TCB,51600.0,52450.0,51300.0,51850.0,19546129
2021-07-08,TCB,51750.0,52100.0,51500.0,51650.0,17402512
2021-07-09,TCB,51300.0,52350.0,51250.0,52000.0,16830494
2021-07-12,TCB,52250.0,52600.0,52100.0,52500.0,12979308
2021-07-13,TCB,52500.0,53750.0,52100.0,53500.0,24812852
2021-07-14,TCB,54000.0,54000.0,51750.0,52100.0,31195651
2021-07-15,TCB,52150.0,52450.0,52100.0,52300.0,14865008
2021-07-16,TCB,52050.0,53050.0,51900.0,53000.0,20328022
2021-07-19,TCB,53050.0,54350.0,52750.0,53750.0,27690699
2021-07-20,TCB,53900.0,54100.0,52800.0,52850.0,19898058
2021-07-21,TCB,53250.0,53650.0,51900.0,52000.0,20922759
2021-07-22,TCB,52100.0,52300.0,51650.0,51850.0,20525817
2021-07-23,TCB,52100.0,54000.0,51950.0,53200.0,20061831
2021-07-26,TCB,53150.0,54350.0,52950.0,54050.0,22089040
2021-07-27,TCB,54000.0,55050.0,53500.0,54550.0,27047683
2021-07-28,TCB,54750.0,55000.0,54300.0,54500.0,24487550
2021-07-29,TCB,54450.0,56400.0,54200.0,56300.0,26534647
2021-07-30,TCB,56000.0,57300.0,55450.0,57050.0,21530202
2021-08-02,TCB,56600.0,57600.0,56050.0,57400.0,21159431
2021-08-03,TCB,57050.0,58250.0,56900.0,57700.0,18659902
2021-08-04,TCB,57800.0,59700.0,57650.0,59050.0,24847799
2021-08-05,TCB,59750.0,59950.0,57100.0,57250.0,28891040
2021-08-06,TCB,57300.0,57400.0,56600.0,56850.0,21249559
2021-08-09,TCB,56950.0,57600.0,56600.0,56900.0,25272658
2021-08-10,TCB,56750.0,56800.0,55600.0,55800.0,20600484
2021-08-11,TCB,55750.0,56900.0,55700.0,56300.0,15920748
2021-08-12,TCB,56000.0,56900.0,55700.0,56700.0,20246070
2021-08-13,TCB,56400.0,56450.0,56200.0,56200.0,15159440
2021-08-16,TCB,55800.0,56250.0,54950.0,56200.0,18704840
2021-08-17,TCB,56200.0,56500.0,53750.0,53900.0,33586106
2021-08-18,TCB,54100.0,54200.0,53900.0,54100.0,14789590
2021-08-19,TCB,54500.0,54850.0,52650.0,52750.0,24755815
2021-08-20,TCB,52950.0,53850.0,52850.0,53550.0,26166001
2021-08-23,TCB,53500.0,54800.0,53200.0,54250.0,27099128
2021-08-24,TCB,54500.0,54550.0,53500.0,53600.0,15194146
2021-08-25,TCB,53200.0,54100.0,53150.0,53900.0,22203023
2021-08-26,TCB,54200.0,54300.0,51650.0,51800.0,32116289
2021-08-27,TCB,51850.0,52300.0,50700.0,50800.0,18390176
2021-08-30,TCB,50600.0,51000.0,50450.0,50600.0,22195883
2021-08-31,TCB,50700.0,51350.0,50050.0,51250.0,24204431
2021-09-01,TCB,51250.0,52900.0,51000.0,52700.0,24056596
2021-09-02,TCB,52750.0,52900.0,52450.0,52800.0,17755432
2021-09-03,TCB,52900.0,54350.0,52850.0,54350.0,21707107
2021-09-06,TCB,54750.0,54850.0,53800.0,54300.0,19342919
2021-09-07,TCB,54100.0,55500.0,53900.0,54950.0,27904461
2021-09-08,TCB,55050.0,56050.0,54750.0,55900.0,17247349
2021-09-09,TCB,55500.0,55950.0,55350.0,55600.0,16992652
2021-09-10,TCB,55650.0,55800.0,55450.0,55700.0,21198850
2021-09-13,TCB,55300.0,56050.0,55150.0,56000.0,19204131
2021-09-14,TCB,55900.0,55900.0,55550.0,55600.0,15792434
2021-09-15,TCB,55700.0,55900.0,55250.0,55400.0,19001955
2021-09-16,TCB,55650.0,55650.0,53250.0,53750.0,28729233
2021-09-17,TCB,53650.0,53900.0,51250.0,52000.0,23155995
2021-09-20,TCB,51700.0,54100.0,50750.0,54000.0,27417630
2021-09-21,TCB,54450.0,54500.0,52550.0,52750.0,24409022
2021-09-22,TCB,52650.0,53500.0,52600.0,53050.0,21248520
2021-09-23,TCB,52850.0,53050.0,52250.0,53050.0,14578081
2021-09-24,TCB,53150.0,53200.0,52750.0,52800.0,16951800
2021-09-27,TCB,53050.0,54450.0,52850.0,54450.0,23544496
2021-09-28,TCB,54550.0,55750.0,54050.0,55650.0,26755049
2021-09-29,TCB,55600.0,56300.0,55450.0,56050.0,16622385
2021-09-30,TCB,55950.0,56650.0,54350.0,54450.0,30852332
2021-10-01,TCB,54200.0,55050.0,53350.0,53750.0,29056539
2021-10-04,TCB,53850.0,54950.0,53650.0,54400.0,22601939
2021-10-05,TCB,54200.0,54700.0,53050.0,53350.0,29363890
2021-10-06,TCB,52800.0,54500.0,52050.0,54450.0,22730526
2021-10-07,TCB,54250.0,54950.0,53950.0,54750.0,24822855
2021-10-08,TCB,54400.0,54600.0,54250.0,54350.0,16993881
2021-10-11,TCB,54400.0,54500.0,53800.0,53900.0,17794309
2021-10-12,TCB,53750.0,54200.0,53300.0,53550.0,18640090
2021-10-13,TCB,53600.0,54000.0,53400.0,53800.0,20250182
2021-10-14,TCB,54000.0,54400.0,53850.0,54300.0,19925718
2021-10-15,TCB,54100.0,57450.0,53550.0,57350.0,34249260
2021-10-18,TCB,57750.0,58100.0,55450.0,55700.0,24033468
2021-10-19,TCB,55550.0,55850.0,53600.0,53900.0,20138352
2021-10-20,TCB,53950.0,54400.0,53250.0,53300.0,16615760
2021-10-21,TCB,53200.0,53300.0,51200.0,51700.0,22998043
2021-10-22,TCB,51700.0,52650.0,51500.0,52450.0,21902144
2021-10-25,TCB,52650.0,52850.0,52300.0,52450.0,21147948
2021-10-26,TCB,52250.0,52750.0,49950.0,50800.0,23355313
2021-10-27,TCB,50350.0,51150.0,49700.0,51050.0,24782514
2021-10-28,TCB,50900.0,51200.0,50750.0,50850.0,22873887
2021-10-29,TCB,50900.0,51450.0,50900.0,51200.0,19092307
2021-11-01,TCB,50950.0,52450.0,50600.0,52150.0,24417286
2021-11-02,TCB,52150.0,53300.0,51900.0,52800.0,17228259
2021-11-03,TCB,52750.0,53350.0,52350.0,53200.0,17751321
2021-11-04,TCB,53150.0,54500.0,52850.0,54150.0,26536348
2021-11-05,TCB,54300.0,54700.0,52200.0,52250.0,28125574
2021-11-08,TCB,52350.0,52500.0,50000.0,50000.0,28200558
2021-11-09,TCB,49950.0,50200.0,49350.0,49600.0,21691857
2021-11-10,TCB,49550.0,49750.0,47800.0,48050.0,29629602
2021-11-11,TCB,47800.0,47950.0,47100.0,47650.0,26449846
2021-11-12,TCB,47800.0,48600.0,47600.0,48200.0,26925307
2021-11-15,TCB,48450.0,48600.0,47700.0,47850.0,19555712
2021-11-16,TCB,48050.0,48150.0,47400.0,47450.0,17319323
2021-11-17,TCB,47300.0,47300.0,46250.0,46600.0,25382817
2021-11-18,TCB,46600.0,47150.0,46450.0,46900.0,15542775
2021-11-19,TCB,46550.0,48550.0,46350.0,48450.0,26033501
2021-11-22,TCB,48350.0,48900.0,48300.0,48350.0,22304565
2021-11-23,TCB,48550.0,48750.0,48500.0,48550.0,19565827
2021-11-24,TCB,48350.0,49450.0,48050.0,49200.0,21711993
2021-11-25,TCB,49200.0,49400.0,49150.0,49350.0,20545814
2021-11-26,TCB,49200.0,49700.0,47500.0,47950.0,24971931
2021-11-29,TCB,48050.0,48400.0,46450.0,46650.0,19967675
2021-11-30,TCB,46900.0,47550.0,46600.0,47400.0,20979839
2021-12-01,TCB,47200.0,47400.0,46100.0,46500.0,19894836
2021-12-02,TCB,46450.0,47600.0,46100.0,47300.0,28963984
2021-12-03,TCB,47500.0,48200.0,47100.0,48000.0,19162974
2021-12-06,TCB,48000.0,48500.0,47800.0,48300.0,18419882
2021-12-07,TCB,48450.0,48550.0,46850.0,47200.0,23386640
2021-12-08,TCB,47400.0,48600.0,47300.0,48250.0,25901449
2021-12-09,TCB,48300.0,48650.0,46850.0,47150.0,23503621
2021-12-10,TCB,47150.0,48400.0,46650.0,48050.0,21133079
2021-12-13,TCB,48100.0,48550.0,47550.0,48200.0,22986801
2021-12-14,TCB,48200.0,48350.0,47800.0,47950.0,14707997
2021-12-15,TCB,47650.0,47800.0,46950.0,47150.0,23226991
2021-12-16,TCB,47050.0,47050.0,45550.0,45650.0,20366148
2021-12-17,TCB,45550.0,46100.0,45400.0,45950.0,15178306
2021-12-20,TCB,46150.0,46150.0,45700.0,45750.0,13488218
2021-12-21,TCB,45500.0,46800.0,45300.0,46500.0,20579943
2021-12-22,TCB,46700.0,47100.0,46600.0,46900.0,20137043
2021-12-23,TCB,46650.0,49950.0,46550.0,49750.0,29595303
2021-12-24,TCB,49650.0,49850.0,48100.0,48300.0,29427621
2021-12-27,TCB,48150.0,48750.0,47700.0,48700.0,18981739
2021-12-28,TCB,48650.0,48800.0,47700.0,48000.0,23830136
2021-12-29,TCB,47600.0,48100.0,47150.0,47350.0,22203380
2021-12-30,TCB,47500.0,48150.0,47200.0,47850.0,21161386
2021-12-31,TCB,47700.0,48000.0,47600.0,47900.0,21120233
2022-01-03,TCB,48050.0,48650.0,47950.0,48600.0,18808055
2022-01-04,TCB,48900.0,49000.0,47600.0,47600.0,20169698
2022-01-05,TCB,47450.0,47800.0,46900.0,47100.0,20612493
2022-01-06,TCB,46950.0,47150.0,46850.0,46950.0,23879685
2022-01-07,TCB,46600.0,47850.0,46450.0,47700.0,18111044
2022-01-10,TCB,47850.0,48100.0,47000.0,47300.0,17592039
2022-01-11,TCB,47200.0,48000.0,47100.0,47700.0,14958414
2022-01-12,TCB,47700.0,47800.0,47000.0,47250.0,21482578
2022-01-13,TCB,47100.0,47500.0,45150.0,45400.0,25294757
2022-01-14,TCB,45350.0,45450.0,43650.0,43800.0,28013414
2022-01-17,TCB,43700.0,43950.0,43550.0,43550.0,19978280
2022-01-18,TCB,43700.0,45500.0,43700.0,45350.0,19878506
2022-01-19,TCB,45450.0,45450.0,44200.0,44400.0,26785004
2022-01-20,TCB,44000.0,44500.0,43350.0,43400.0,19175184
2022-01-21,TCB,43050.0,43450.0,42950.0,43350.0,17381560
2022-01-24,TCB,43200.0,43500.0,43150.0,43400.0,23043780
2022-01-25,TCB,43450.0,44000.0,42100.0,42550.0,24880700
2022-01-26,TCB,42800.0,43150.0,40600.0,41200.0,26505345
2022-01-27,TCB,41200.0,41400.0,39150.0,39300.0,34952356
2022-01-28,TCB,39200.0,39400.0,38750.0,38750.0,15562200
2022-01-31,TCB,38700.0,38800.0,38500.0,38800.0,15325919
2022-02-01,TCB,39000.0,39150.0,38500.0,38650.0,22863728
2022-02-02,TCB,38750.0,38900.0,38300.0,38700.0,21070006
2022-02-03,TCB,38600.0,38900.0,38300.0,38350.0,17280749
2022-02-04,TCB,38300.0,38600.0,38050.0,38500.0,17578879
2022-02-07,TCB,38450.0,38600.0,37750.0,37900.0,22520877
2022-02-08,TCB,37800.0,39200.0,37550.0,39150.0,26116361
2022-02-09,TCB,39050.0,40650.0,38900.0,40600.0,22496751
2022-02-10,TCB,40600.0,40650.0,40350.0,40550.0,16478298
2022-02-11,TCB,40700.0,42650.0,40300.0,42450.0,24777708
2022-02-14,TCB,42600.0,42600.0,42200.0,42450.0,19006952
2022-02-15,TCB,42450.0,44050.0,42200.0,43550.0,26397974
2022-02-16,TCB,43550.0,44150.0,43250.0,43800.0,26038705
2022-02-17,TCB,43900.0,44750.0,43600.0,44500.0,21024344
2022-02-18,TCB,44450.0,44950.0,43500.0,44100.0,18410930
2022-02-21,TCB,44050.0,46350.0,43950.0,45650.0,34237137
2022-02-22,TCB,45850.0,45850.0,44700.0,44950.0,25066128
2022-02-23,TCB,45000.0,45700.0,44550.0,45400.0,23925716
2022-02-24,TCB,45550.0,45750.0,45050.0,45250.0,19720038
2022-02-25,TCB,45350.0,45500.0,44100.0,44350.0,22333728
2022-02-28,TCB,44400.0,44700.0,43000.0,43150.0,27387301
2022-03-01,TCB,42850.0,43550.0,42650.0,43300.0,15803184
2022-03-02,TCB,43000.0,44000.0,42800.0,43800.0,17034262
2022-03-03,TCB,43750.0,44000.0,43550.0,43900.0,14457345
2022-03-04,TCB,43900.0,44100.0,43250.0,43550.0,25013125
2022-03-07,TCB,43700.0,44400.0,43600.0,43700.0,15613187
2022-03-08,TCB,43750.0,44550.0,43750.0,44200.0,23555896
2022-03-09,TCB,44500.0,44550.0,43100.0,43200.0,26898452
2022-03-10,TCB,43200.0,44300.0,42950.0,44150.0,24694623
2022-03-11,TCB,44250.0,45350.0,44100.0,45200.0,27497703
2022-03-14,TCB,45350.0,45650.0,44350.0,44850.0,17316504
2022-03-15,TCB,44600.0,44650.0,43700.0,43900.0,21658660
2022-03-16,TCB,43800.0,44100.0,43750.0,43900.0,23705224
2022-03-17,TCB,43900.0,45300.0,43850.0,45050.0,20402265
2022-03-18,TCB,45050.0,46100.0,44850.0,45950.0,21559893
2022-03-21,TCB,46350.0,46700.0,46050.0,46600.0,23759810
2022-03-22,TCB,46400.0,47000.0,46150.0,46750.0,14825235
2022-03-23,TCB,46600.0,47650.0,46400.0,47350.0,26431092
2022-03-24,TCB,47250.0,47850.0,44750.0,45250.0,36842786
2022-03-25,TCB,45050.0,46350.0,44850.0,46300.0,23367391
2022-03-28,TCB,46100.0,46200.0,45550.0,45800.0,25303425
2022-03-29,TCB,45550.0,45800.0,45500.0,45700.0,20571636
2022-03-30,TCB,45600.0,45700.0,44850.0,45200.0,24456981
2022-03-31,TCB,45100.0,45450.0,42750.0,43200.0,27713766
2022-04-01,TCB,43050.0,43350.0,42800.0,43200.0,16863353
2022-04-04,TCB,43350.0,44900.0,43200.0,44550.0,29130753
2022-04-05,TCB,44500.0,44900.0,44200.0,44350.0,18613061
2022-04-06,TCB,44350.0,46800.0,44200.0,46650.0,27583904
2022-04-07,TCB,46750.0,46800.0,46200.0,46350.0,19458055
2022-04-08,TCB,46700.0,48250.0,46300.0,48150.0,25616672
2022-04-11,TCB,47900.0,48150.0,47650.0,48050.0,17295125
2022-04-12,TCB,47900.0,48250.0,47750.0,48250.0,18069450
2022-04-13,TCB,48400.0,48600.0,46300.0,46750.0,22972892
2022-04-14,TCB,46750.0,47150.0,46150.0,47150.0,20614953
2022-04-15,TCB,47200.0,48550.0,47100.0,48400.0,22800438
2022-04-18,TCB,48300.0,49400.0,47950.0,49200.0,24698568
2022-04-19,TCB,48900.0,49100.0,48650.0,49050.0,13334250
2022-04-20,TCB,49100.0,49700.0,45850.0,46150.0,33380661
2022-04-21,TCB,46250.0,48250.0,46150.0,48200.0,21903429
2022-04-22,TCB,48100.0,49100.0,48050.0,48900.0,22284685
2022-04-25,TCB,48500.0,48550.0,47950.0,48300.0,19244600
2022-04-26,TCB,48400.0,49000.0,46850.0,46950.0,29205026
2022-04-27,TCB,47150.0,48450.0,46800.0,48250.0,18396972
2022-04-28,TCB,48000.0,49050.0,47800.0,48950.0,18338072
2022-04-29,TCB,48900.0,50500.0,48350.0,50400.0,22365415
2022-05-02,TCB,50300.0,52450.0,49950.0,52150.0,33109521
2022-05-03,TCB,51900.0,52600.0,51750.0,52350.0,17150471
2022-05-04,TCB,52400.0,52650.0,51700.0,51950.0,17507096
2022-05-05,TCB,52200.0,52350.0,50900.0,51000.0,19869406
2022-05-06,TCB,51050.0,51300.0,50900.0,51250.0,15998037
2022-05-09,TCB,50800.0,52400.0,50250.0,52300.0,31572889
2022-05-10,TCB,52500.0,53000.0,51950.0,51950.0,24031729
2022-05-11,TCB,52250.0,52650.0,51500.0,51700.0,27130532
2022-05-12,TCB,51750.0,52900.0,51600.0,52750.0,21031528
2022-05-13,TCB,52900.0,53050.0,51150.0,51600.0,28321840
2022-05-16,TCB,51750.0,52650.0,51300.0,52300.0,19901022
2022-05-17,TCB,52350.0,52550.0,52100.0,52300.0,22032533
2022-05-18,TCB,51850.0,53450.0,51500.0,53200.0,22822817
2022-05-19,TCB,53050.0,54200.0,53000.0,53850.0,23383672
2022-05-20,TCB,54000.0,54100.0,53350.0,53600.0,24596964
2022-05-23,TCB,53750.0,53750.0,51100.0,51450.0,24023719
2022-05-24,TCB,51450.0,51450.0,50250.0,50450.0,16568593
2022-05-25,TCB,50550.0,50800.0,50100.0,50200.0,20891944
2022-05-26,TCB,50250.0,52100.0,49850.0,52100.0,29375614
2022-05-27,TCB,52100.0,52250.0,52000.0,52150.0,19582446
2022-05-30,TCB,52000.0,52050.0,51350.0,51400.0,15931998
2022-05-31,TCB,51450.0,52100.0,51300.0,51850.0,24859212
2022-06-01,TCB,51700.0,51950.0,49500.0,50350.0,31858952
2022-06-02,TCB,50500.0,50750.0,50350.0,50700.0,13879431
2022-06-03,TCB,50550.0,51150.0,50500.0,51050.0,18370021
2022-06-06,TCB,50500.0,53400.0,50350.0,52800.0,24022504
2022-06-07,TCB,53300.0,53600.0,51450.0,51650.0,26676905
2022-06-08,TCB,51600.0,51850.0,49750.0,49950.0,21620466
2022-06-09,TCB,50050.0,51000.0,49800.0,50650.0,27567930
2022-06-10,TCB,51000.0,52200.0,50950.0,52000.0,23473088
2022-06-13,TCB,52250.0,53600.0,52000.0,53250.0,24107479
2022-06-14,TCB,53250.0,54600.0,53050.0,54000.0,17388304
2022-06-15,TCB,54150.0,55350.0,54050.0,55050.0,15815724
2022-06-16,TCB,55400.0,55550.0,52450.0,53050.0,32934416
2022-06-17,TCB,53300.0,53600.0,53200.0,53450.0,14828526
2022-06-20,TCB,53150.0,53450.0,52450.0,52600.0,19253305
2022-06-21,TCB,52700.0,52750.0,52150.0,52600.0,19767627
2022-06-22,TCB,52350.0,52400.0,50700.0,51450.0,21325821
2022-06-23,TCB,51350.0,53100.0,51350.0,52800.0,23686782
2022-06-24,TCB,52650.0,55350.0,52150.0,54600.0,26581081
2022-06-27,TCB,54600.0,55200.0,54100.0,54650.0,18767474
2022-06-28,TCB,54350.0,55750.0,54200.0,55750.0,20161688
2022-06-29,TCB,55800.0,55900.0,53950.0,54350.0,29730672
2022-06-30,TCB,54550.0,54950.0,54000.0,54850.0,23742403
2022-07-01,TCB,54950.0,55450.0,53950.0,54300.0,28345607
2022-07-04,TCB,54350.0,54500.0,53650.0,53950.0,18700959
2022-07-05,TCB,53700.0,53750.0,52050.0,52300.0,29008264
2022-07-06,TCB,52250.0,53250.0,52050.0,53050.0,25611783
2022-07-07,TCB,53150.0,54050.0,52900.0,53300.0,22220739
2022-07-08,TCB,53300.0,53450.0,51900.0,51900.0,22345447
2022-07-11,TCB,52100.0,52100.0,49650.0,49900.0,30709497
2022-07-12,TCB,50450.0,51450.0,50300.0,51300.0,16810120
2022-07-13,TCB,51000.0,52200.0,50850.0,52050.0,23269100
2022-07-14,TCB,52250.0,52450.0,51300.0,51450.0,16968390
2022-07-15,TCB,51550.0,51650.0,49100.0,49100.0,25648610
2022-07-18,TCB,49050.0,49400.0,48150.0,48400.0,16539168
2022-07-19,TCB,48450.0,49450.0,48350.0,48850.0,26519634
2022-07-20,TCB,48500.0,49600.0,48250.0,49400.0,21852597
2022-07-21,TCB,49450.0,50950.0,49300.0,50650.0,21527709
2022-07-22,TCB,50600.0,52000.0,50450.0,51850.0,25817435
2022-07-25,TCB,52000.0,52200.0,51600.0,51800.0,22796281
2022-07-26,TCB,51650.0,51750.0,50550.0,50650.0,19561203
2022-07-27,TCB,50550.0,50750.0,49500.0,49650.0,19259102
2022-07-28,TCB,49450.0,49850.0,49200.0,49800.0,16415000
2022-07-29,TCB,50000.0,50100.0,49750.0,50050.0,22261473
2022-08-01,TCB,49850.0,51700.0,49750.0,51600.0,24264083
2022-08-02,TCB,51500.0,51800.0,50350.0,50850.0,18661973
2022-08-03,TCB,51000.0,51250.0,48900.0,49000.0,33262945
2022-08-04,TCB,48650.0,50900.0,48000.0,50200.0,34831914
2022-08-05,TCB,50350.0,50500.0,49250.0,49650.0,18415895
2022-08-08,TCB,49500.0,51400.0,49450.0,51300.0,19714690
2022-08-09,TCB,51300.0,51450.0,50750.0,50900.0,21039898
2022-08-10,TCB,51100.0,53300.0,50900.0,53200.0,23151465
2022-08-11,TCB,53300.0,53600.0,51550.0,51650.0,25310714
2022-08-12,TCB,51950.0,52000.0,51550.0,51750.0,17689177
2022-08-15,TCB,51950.0,52750.0,51900.0,52250.0,16971688
2022-08-16,TCB,52250.0,53000.0,51950.0,52650.0,16093933
2022-08-17,TCB,52900.0,53000.0,51750.0,52000.0,21511183
2022-08-18,TCB,52050.0,52500.0,51700.0,52450.0,23179644
2022-08-19,TCB,52150.0,54400.0,52000.0,54250.0,31273268
2022-08-22,TCB,54100.0,54350.0,52250.0,52500.0,19697838
2022-08-23,TCB,52950.0,53100.0,52200.0,52250.0,19192835
2022-08-24,TCB,52200.0,52700.0,51650.0,51850.0,18886763
2022-08-25,TCB,51850.0,52850.0,50800.0,51700.0,25953397
2022-08-26,TCB,51700.0,52150.0,51550.0,51900.0,20667816
2022-08-29,TCB,51850.0,52150.0,51450.0,52000.0,22836739
2022-08-30,TCB,51800.0,52900.0,51750.0,52700.0,22008297
2022-08-31,TCB,52700.0,53200.0,52200.0,52400.0,17984180
2022-09-01,TCB,52400.0,52400.0,51750.0,51800.0,14794097
2022-09-02,TCB,51650.0,53450.0,51400.0,53350.0,30863185
2022-09-05,TCB,53400.0,54050.0,52900.0,53700.0,21470289
2022-09-06,TCB,53900.0,55300.0,53650.0,55000.0,27349317
2022-09-07,TCB,54850.0,56500.0,54700.0,56350.0,23548913
2022-09-08,TCB,56350.0,57650.0,55700.0,57400.0,29903641
2022-09-09,TCB,57350.0,57800.0,57100.0,57600.0,24488796
2022-09-12,TCB,57400.0,58050.0,56900.0,57000.0,23562594
2022-09-13,TCB,56850.0,57500.0,56500.0,56700.0,22110089
2022-09-14,TCB,56500.0,58300.0,56150.0,57900.0,26998509
2022-09-15,TCB,57550.0,59200.0,57100.0,58750.0,25544927
2022-09-16,TCB,58350.0,60200.0,58050.0,60150.0,28827462
2022-09-19,TCB,60250.0,60300.0,59800.0,60150.0,15611891
2022-09-20,TCB,60350.0,60900.0,58600.0,58900.0,26662206
2022-09-21,TCB,59050.0,59650.0,58450.0,59050.0,16184930
2022-09-22,TCB,59250.0,60300.0,58900.0,59850.0,22341970
2022-09-23,TCB,59800.0,63700.0,59450.0,63300.0,27857221
2022-09-26,TCB,63250.0,65000.0,63000.0,64700.0,25019786
2022-09-27,TCB,64950.0,65050.0,63850.0,64050.0,16773944
2022-09-28,TCB,63900.0,64600.0,63900.0,64150.0,24199008
2022-09-29,TCB,63900.0,64000.0,62750.0,62800.0,24017578
2022-09-30,TCB,62550.0,63000.0,62550.0,62650.0,21801040
2022-10-03,TCB,62800.0,62900.0,60900.0,61150.0,26845253
2022-10-04,TCB,61300.0,61950.0,60900.0,61800.0,18069121
2022-10-05,TCB,61650.0,62500.0,61650.0,62400.0,15422999
2022-10-06,TCB,62850.0,63250.0,62250.0,62750.0,23336833
2022-10-07,TCB,62750.0,62950.0,62200.0,62950.0,17784387
2022-10-10,TCB,62950.0,63100.0,58750.0,59200.0,33237782
2022-10-11,TCB,59200.0,60050.0,59150.0,59750.0,17658827
2022-10-12,TCB,59700.0,60300.0,59000.0,59200.0,25557822
2022-10-13,TCB,59150.0,59750.0,58500.0,59050.0,21641962
2022-10-14,TCB,58450.0,58550.0,57400.0,57600.0,25508795
2022-10-17,TCB,57750.0,58050.0,57400.0,57400.0,17474953
2022-10-18,TCB,57350.0,57450.0,56450.0,56550.0,16362567
2022-10-19,TCB,57300.0,57400.0,54950.0,55500.0,22651688
2022-10-20,TCB,55750.0,57900.0,55050.0,57400.0,27717285
2022-10-21,TCB,57500.0,57650.0,56350.0,56950.0,21225019
2022-10-24,TCB,57000.0,57200.0,56100.0,56150.0,22666961
2022-10-25,TCB,56150.0,56600.0,55950.0,56450.0,13771510
2022-10-26,TCB,56500.0,56550.0,54900.0,55250.0,20440029
2022-10-27,TCB,55200.0,55200.0,53800.0,54400.0,19785430
2022-10-28,TCB,54450.0,55150.0,53500.0,53850.0,18201269
2022-10-31,TCB,54100.0,54250.0,52650.0,52650.0,21648883
2022-11-01,TCB,52450.0,53950.0,52400.0,53850.0,17113318
2022-11-02,TCB,54200.0,54400.0,53550.0,53600.0,18316929
2022-11-03,TCB,53900.0,54100.0,53600.0,53950.0,24497322
2022-11-04,TCB,53800.0,53850.0,53450.0,53550.0,19096731
2022-11-07,TCB,53300.0,54350.0,52750.0,54250.0,26834301
2022-11-08,TCB,54500.0,55200.0,54450.0,55050.0,21155050
2022-11-09,TCB,54800.0,56000.0,54600.0,55600.0,19254297
2022-11-10,TCB,55700.0,55800.0,54050.0,54100.0,20655235
2022-11-11,TCB,54050.0,54400.0,51450.0,51600.0,27163462
2022-11-14,TCB,51800.0,54600.0,51250.0,54000.0,28284555
2022-11-15,TCB,54200.0,54450.0,53600.0,53900.0,24268418
2022-11-16,TCB,54250.0,54300.0,52700.0,53200.0,27996467
2022-11-17,TCB,53300.0,55050.0,53150.0,54900.0,21072860
2022-11-18,TCB,54900.0,56900.0,54700.0,56200.0,29435941
2022-11-21,TCB,56000.0,56200.0,54850.0,55300.0,23243325
2022-11-22,TCB,55400.0,57400.0,55400.0,57000.0,29517632
2022-11-23,TCB,56600.0,58800.0,56250.0,58350.0,27611132
2022-11-24,TCB,58700.0,59400.0,58650.0,59150.0,24135406
2022-11-25,TCB,59600.0,59850.0,58100.0,58250.0,18764391
2022-11-28,TCB,57750.0,60650.0,56950.0,60100.0,27655764
2022-11-29,TCB,59900.0,62350.0,59900.0,61700.0,29413253
2022-11-30,TCB,61900.0,62100.0,60350.0,60600.0,25180081
2022-12-01,TCB,60500.0,60800.0,60200.0,60650.0,21919425
2022-12-02,TCB,60750.0,61000.0,59450.0,60450.0,19847075
2022-12-05,TCB,60400.0,60750.0,58300.0,58400.0,26717754
2022-12-06,TCB,58000.0,58900.0,57500.0,58900.0,20074250
2022-12-07,TCB,59100.0,59200.0,56350.0,56650.0,26610317
2022-12-08,TCB,56500.0,57150.0,56450.0,56900.0,20054309
2022-12-09,TCB,56950.0,59950.0,56900.0,59950.0,33217784
2022-12-12,TCB,60350.0,60700.0,57600.0,57700.0,32633077
2022-12-13,TCB,57550.0,58550.0,57300.0,57600.0,15872859
2022-12-14,TCB,57850.0,59550.0,57800.0,59250.0,22232916
2022-12-15,TCB,59450.0,60900.0,59200.0,60550.0,21932307
2022-12-16,TCB,60850.0,62150.0,60300.0,61100.0,24713620
2022-12-19,TCB,61000.0,61550.0,59500.0,59650.0,24702486
2022-12-20,TCB,59750.0,59750.0,58750.0,58950.0,20520385
2022-12-21,TCB,58900.0,59050.0,58550.0,58650.0,22960738
2022-12-22,TCB,58450.0,58650.0,55700.0,55900.0,29175392
2022-12-23,TCB,55750.0,55900.0,52950.0,53450.0,34886407
2022-12-26,TCB,53600.0,55100.0,53550.0,54250.0,27457107
2022-12-27,TCB,53850.0,54050.0,53200.0,53250.0,24521850
2022-12-28,TCB,53550.0,54050.0,53400.0,54000.0,14903653
2022-12-29,TCB,54500.0,54550.0,52050.0,52200.0,23417460
2022-12-30,TCB,52050.0,52350.0,51600.0,51850.0,15522807
2023-01-02,TCB,51900.0,51950.0,50900.0,51300.0,23846734
2023-01-03,TCB,51350.0,51450.0,50000.0,50150.0,23791278
2023-01-04,TCB,49950.0,50300.0,49600.0,50000.0,21647739
2023-01-05,TCB,50100.0,50150.0,49300.0,49550.0,22657007
2023-01-06,TCB,49700.0,49950.0,49350.0,49400.0,14717963
2023-01-09,TCB,49350.0,49700.0,48300.0,48450.0,24057410
2023-01-10,TCB,48250.0,48350.0,48150.0,48300.0,16653373
2023-01-11,TCB,48400.0,49700.0,48100.0,49650.0,19461586
2023-01-12,TCB,49700.0,50750.0,49300.0,50550.0,19109431
2023-01-13,TCB,50850.0,51050.0,50700.0,51000.0,13491876
2023-01-16,TCB,51300.0,54150.0,51150.0,54100.0,30399962
2023-01-17,TCB,54100.0,54900.0,53500.0,54800.0,18707806
2023-01-18,TCB,54850.0,54850.0,53250.0,53450.0,26098381
2023-01-19,TCB,53250.0,54700.0,53100.0,54300.0,28578162
2023-01-20,TCB,54300.0,54900.0,53300.0,53500.0,24837378
2023-01-23,TCB,53300.0,55800.0,53050.0,55600.0,23709395
2023-01-24,TCB,55550.0,55950.0,55500.0,55650.0,22974583
2023-01-25,TCB,55850.0,56500.0,55200.0,56450.0,19285891
2023-01-26,TCB,56200.0,56450.0,54250.0,54700.0,23241718
2023-01-27,TCB,54550.0,54950.0,53850.0,54100.0,18063553
2023-01-30,TCB,54100.0,54850.0,54000.0,54400.0,14498946
2023-01-31,TCB,54150.0,54400.0,53500.0,53550.0,17146489
2023-02-01,TCB,53050.0,54300.0,52700.0,54250.0,23722042
2023-02-02,TCB,54050.0,54200.0,53650.0,54000.0,13576417
2023-02-03,TCB,54000.0,54750.0,53850.0,54350.0,14679033
2023-02-06,TCB,54350.0,56750.0,54050.0,56450.0,31081454
2023-02-07,TCB,56500.0,56750.0,56400.0,56500.0,23230345
2023-02-08,TCB,56350.0,59750.0,55800.0,59200.0,27492483
2023-02-09,TCB,59000.0,60250.0,58650.0,59650.0,16628258
2023-02-10,TCB,59950.0,60200.0,59400.0,59600.0,19441723
2023-02-13,TCB,59500.0,59500.0,57200.0,57300.0,29047663
2023-02-14,TCB,57400.0,57500.0,56450.0,56650.0,23860920
2023-02-15,TCB,57000.0,57600.0,55100.0,55100.0,25300936
2023-02-16,TCB,55450.0,56000.0,55350.0,55850.0,15606396
2023-02-17,TCB,55850.0,56300.0,55800.0,56250.0,18130936
2023-02-20,TCB,56450.0,56500.0,55950.0,56250.0,20586518
2023-02-21,TCB,56400.0,56750.0,55650.0,55700.0,19395597
2023-02-22,TCB,56000.0,56100.0,55650.0,55800.0,17856823
2023-02-23,TCB,55650.0,56250.0,55350.0,55850.0,24419054
2023-02-24,TCB,55700.0,55800.0,55350.0,55600.0,19110736
2023-02-27,TCB,55750.0,58700.0,55500.0,58550.0,26360665
2023-02-28,TCB,58200.0,58300.0,58200.0,58200.0,21911357
2023-03-01,TCB,58600.0,58650.0,58050.0,58400.0,13090043
2023-03-02,TCB,58000.0,58850.0,57950.0,58450.0,19103176
2023-03-03,TCB,58450.0,60400.0,58400.0,59500.0,28161265
2023-03-06,TCB,59600.0,59850.0,58850.0,58900.0,26102815
2023-03-07,TCB,58850.0,58900.0,58400.0,58550.0,23282526
2023-03-08,TCB,58300.0,59000.0,58150.0,58950.0,17678822
2023-03-09,TCB,59100.0,60100.0,58600.0,59600.0,24661784
2023-03-10,TCB,59500.0,59700.0,58050.0,58400.0,19141143
2023-03-13,TCB,58800.0,60050.0,58500.0,59550.0,22334692
2023-03-14,TCB,59600.0,59850.0,58850.0,58850.0,20477992
2023-03-15,TCB,58950.0,62100.0,58900.0,62100.0,22128385
2023-03-16,TCB,62250.0,63200.0,61850.0,63200.0,21819653
2023-03-17,TCB,63100.0,63600.0,60900.0,61650.0,28028169
2023-03-20,TCB,62150.0,62500.0,62050.0,62400.0,13401614
2023-03-21,TCB,62750.0,64300.0,62050.0,63350.0,23122861
2023-03-22,TCB,63200.0,63800.0,60300.0,60900.0,26134243
2023-03-23,TCB,60500.0,60600.0,58900.0,59000.0,28452057
2023-03-24,TCB,59300.0,59450.0,58500.0,58750.0,15657453
2023-03-27,TCB,58800.0,59050.0,58350.0,58400.0,20579984
2023-03-28,TCB,58450.0,61750.0,57950.0,61700.0,34472367
2023-03-29,TCB,61700.0,62500.0,61400.0,62250.0,17771372
2023-03-30,TCB,62500.0,62900.0,61800.0,62650.0,22959104
2023-03-31,TCB,62450.0,63550.0,62300.0,62900.0,26366332
2023-04-03,TCB,62800.0,63400.0,62300.0,62500.0,17982195
2023-04-04,TCB,62300.0,62700.0,61650.0,62600.0,19910119
2023-04-05,TCB,62500.0,64450.0,62100.0,63350.0,30574655
2023-04-06,TCB,62700.0,65150.0,62350.0,64200.0,27826759
2023-04-07,TCB,63950.0,65500.0,63850.0,65250.0,25871937
2023-04-10,TCB,65600.0,65700.0,63950.0,64250.0,22262268
2023-04-11,TCB,64650.0,65050.0,64100.0,64450.0,16290682
2023-04-12,TCB,63900.0,65500.0,63600.0,65350.0,23420344
2023-04-13,TCB,65600.0,65700.0,64750.0,64850.0,20303328
2023-04-14,TCB,65050.0,65600.0,62850.0,63200.0,20793278
2023-04-17,TCB,63400.0,63800.0,62600.0,62800.0,24896265
2023-04-18,TCB,62750.0,64100.0,62450.0,64000.0,25028455
2023-04-19,TCB,64200.0,67350.0,64100.0,66500.0,31780038
2023-04-20,TCB,66700.0,67300.0,66100.0,66750.0,25859684
2023-04-21,TCB,66450.0,67800.0,66350.0,67350.0,19578733
2023-04-24,TCB,67800.0,68050.0,67250.0,67650.0,22112170
2023-04-25,TCB,67500.0,68250.0,67300.0,68100.0,16637086
2023-04-26,TCB,68250.0,68400.0,65500.0,65800.0,29038754
2023-04-27,TCB,65500.0,65650.0,65300.0,65550.0,23025008
2023-04-28,TCB,65800.0,65800.0,65750.0,65800.0,18746679
2023-05-01,TCB,65850.0,66050.0,63600.0,64750.0,25519033
2023-05-02,TCB,64500.0,66100.0,64400.0,65950.0,21883121
2023-05-03,TCB,65550.0,65950.0,65450.0,65800.0,21163849
2023-05-04,TCB,65750.0,65850.0,64950.0,65150.0,21915234
2023-05-05,TCB,65050.0,65050.0,64450.0,64800.0,23350079
2023-05-08,TCB,65050.0,65500.0,64050.0,64350.0,17847336
2023-05-09,TCB,64100.0,66100.0,63800.0,65950.0,29398193
2023-05-10,TCB,65900.0,66450.0,63450.0,64200.0,32572240
2023-05-11,TCB,63950.0,64350.0,63700.0,64100.0,23929624
2023-05-12,TCB,64250.0,64800.0,64050.0,64500.0,18617416
2023-05-15,TCB,64500.0,66050.0,64400.0,65800.0,21390913
2023-05-16,TCB,66050.0,66300.0,63800.0,64150.0,24195285
2023-05-17,TCB,63900.0,64200.0,62300.0,62500.0,19156517
2023-05-18,TCB,62100.0,62150.0,60850.0,61150.0,17706905
2023-05-19,TCB,61200.0,64050.0,60650.0,63950.0,29671686
2023-05-22,TCB,63950.0,64500.0,63000.0,64100.0,18996498
2023-05-23,TCB,64400.0,64700.0,61750.0,62050.0,28299674
2023-05-24,TCB,61850.0,62250.0,59950.0,60000.0,23067932
2023-05-25,TCB,59900.0,59950.0,59450.0,59600.0,16962526
2023-05-26,TCB,59450.0,61250.0,59250.0,60850.0,23010177
2023-05-29,TCB,61550.0,61800.0,60750.0,61050.0,21991283
2023-05-30,TCB,60800.0,61900.0,60650.0,61500.0,16536266
2023-05-31,TCB,61750.0,63750.0,61300.0,63400.0,29277783
2023-06-01,TCB,63600.0,64150.0,63300.0,63500.0,20162763
2023-06-02,TCB,63400.0,64150.0,63050.0,64100.0,25428163
2023-06-05,TCB,64300.0,64800.0,63700.0,63750.0,18505787
2023-06-06,TCB,63850.0,64900.0,63500.0,64750.0,20845256
2023-06-07,TCB,65100.0,65300.0,64700.0,65250.0,21623668
2023-06-08,TCB,65300.0,67750.0,65200.0,67450.0,28475669
2023-06-09,TCB,67500.0,68800.0,67350.0,68500.0,22289340
2023-06-12,TCB,68250.0,71100.0,68050.0,70500.0,20965595
2023-06-13,TCB,70400.0,71150.0,69950.0,71000.0,15931388
2023-06-14,TCB,71200.0,71800.0,71100.0,71500.0,22902666
2023-06-15,TCB,71200.0,71450.0,70250.0,71000.0,25857581
2023-06-16,TCB,70950.0,71350.0,68450.0,68750.0,29811251
2023-06-19,TCB,68500.0,71350.0,68100.0,70900.0,23735468
2023-06-20,TCB,71400.0,71700.0,69750.0,69950.0,25558039
2023-06-21,TCB,69850.0,71900.0,69700.0,71700.0,18171968
2023-06-22,TCB,71850.0,74700.0,71800.0,74250.0,22424844
2023-06-23,TCB,74850.0,78650.0,74500.0,78150.0,23159965
2023-06-26,TCB,78350.0,79150.0,77850.0,78550.0,22958081
2023-06-27,TCB,79250.0,79750.0,77650.0,77900.0,20893955
2023-06-28,TCB,77850.0,79100.0,77550.0,79000.0,18925401
2023-06-29,TCB,79250.0,79350.0,76150.0,76850.0,28324350
2023-06-30,TCB,76900.0,77400.0,76500.0,76650.0,20381121
2023-07-03,TCB,76550.0,78750.0,76000.0,77950.0,21497905
2023-07-04,TCB,78350.0,78650.0,77400.0,77850.0,21810103
2023-07-05,TCB,77600.0,78150.0,77300.0,77400.0,17801950
2023-07-06,TCB,77150.0,77650.0,76550.0,76750.0,21785920
2023-07-07,TCB,76800.0,77950.0,76750.0,77750.0,21429045
2023-07-10,TCB,77750.0,77950.0,77300.0,77500.0,22358159
2023-07-11,TCB,78050.0,78550.0,76950.0,77250.0,23099308
2023-07-12,TCB,77050.0,78250.0,76700.0,77950.0,25482790
2023-07-13,TCB,77650.0,79500.0,77500.0,79100.0,16440346
2023-07-14,TCB,78450.0,80750.0,78350.0,80250.0,27572952
2023-07-17,TCB,80100.0,82900.0,79750.0,82400.0,19262032
2023-07-18,TCB,82650.0,84500.0,82500.0,84450.0,16310050
2023-07-19,TCB,84800.0,85450.0,79700.0,80400.0,36220618
2023-07-20,TCB,79800.0,81200.0,79200.0,81050.0,18360892
2023-07-21,TCB,80550.0,84350.0,80150.0,84150.0,33416338
2023-07-24,TCB,83900.0,84100.0,83050.0,83400.0,22038020
2023-07-25,TCB,83400.0,87500.0,83100.0,87450.0,31043629
2023-07-26,TCB,87750.0,89550.0,87150.0,88100.0,21376821
2023-07-27,TCB,88400.0,90450.0,87550.0,89500.0,23845324
2023-07-28,TCB,89250.0,90800.0,88600.0,89400.0,19321401
2023-07-31,TCB,89750.0,90100.0,89700.0,90000.0,17194067
2023-08-01,TCB,89200.0,92300.0,88850.0,91250.0,24671889
2023-08-02,TCB,91000.0,91300.0,89900.0,91200.0,23518837
2023-08-03,TCB,91250.0,91300.0,89550.0,89550.0,23992756
2023-08-04,TCB,89800.0,91450.0,89100.0,90950.0,20913606
2023-08-07,TCB,90450.0,90800.0,88200.0,88600.0,17581641
2023-08-08,TCB,88700.0,89750.0,88350.0,89600.0,16516630
2023-08-09,TCB,89500.0,93800.0,89400.0,93350.0,25596388
2023-08-10,TCB,94000.0,97500.0,93650.0,96400.0,29555382
2023-08-11,TCB,96700.0,96750.0,94800.0,94900.0,18929621
2023-08-14,TCB,95250.0,96050.0,94350.0,94600.0,19116452
2023-08-15,TCB,94850.0,96300.0,93650.0,94450.0,17242124
2023-08-16,TCB,95450.0,96100.0,94150.0,94350.0,26645945
2023-08-17,TCB,93850.0,96400.0,92800.0,95650.0,30496543
2023-08-18,TCB,95150.0,96300.0,94150.0,95800.0,23406222
2023-08-21,TCB,96900.0,97100.0,90350.0,91050.0,31487887
2023-08-22,TCB,90700.0,92950.0,90550.0,91700.0,25953167
2023-08-23,TCB,91350.0,92050.0,90600.0,90850.0,20059653
2023-08-24,TCB,91400.0,91600.0,90200.0,90700.0,18002751
2023-08-25,TCB,90650.0,91050.0,88950.0,89650.0,24454920
2023-08-28,TCB,89550.0,89600.0,86450.0,87650.0,29797402
2023-08-29,TCB,88050.0,88600.0,85300.0,86000.0,29384597
2023-08-30,TCB,86300.0,87500.0,81550.0,82700.0,33439624
2023-08-31,TCB,81850.0,84750.0,81300.0,83250.0,19899942
2023-09-01,TCB,83150.0,83200.0,80050.0,80650.0,20685024
2023-09-04,TCB,80500.0,80700.0,78900.0,79000.0,16669427
2023-09-05,TCB,78700.0,81850.0,77700.0,80750.0,28116155
2023-09-06,TCB,80650.0,83150.0,80600.0,82800.0,19605404
2023-09-07,TCB,82950.0,83300.0,80950.0,81150.0,24478400
2023-09-08,TCB,80800.0,82850.0,80650.0,82800.0,18713315
2023-09-11,TCB,82900.0,83650.0,82350.0,82700.0,16975378
2023-09-12,TCB,82550.0,84050.0,82300.0,83400.0,18965445
2023-09-13,TCB,83700.0,87700.0,82650.0,87150.0,25759213
2023-09-14,TCB,87100.0,88900.0,86600.0,88250.0,23461675
2023-09-15,TCB,88650.0,89150.0,85800.0,86350.0,21031604
2023-09-18,TCB,85450.0,88350.0,84900.0,88150.0,30581458
2023-09-19,TCB,87650.0,90500.0,87450.0,89750.0,29681957
2023-09-20,TCB,89950.0,90250.0,89100.0,90000.0,23190733
2023-09-21,TCB,90500.0,90850.0,89950.0,90550.0,21860104
2023-09-22,TCB,91250.0,91750.0,88550.0,88700.0,23710757
2023-09-25,TCB,88100.0,90650.0,88100.0,89950.0,19878032
2023-09-26,TCB,89650.0,93750.0,89100.0,93400.0,29186722
2023-09-27,TCB,93550.0,94550.0,93200.0,94500.0,20391327
2023-09-28,TCB,94500.0,94700.0,94050.0,94350.0,19169840
2023-09-29,TCB,94750.0,94900.0,92400.0,92950.0,17437491
2023-10-02,TCB,93350.0,93750.0,92200.0,92400.0,18522417
2023-10-03,TCB,92350.0,94050.0,91900.0,93600.0,26687070
2023-10-04,TCB,94150.0,94650.0,93300.0,93550.0,17020176
2023-10-05,TCB,93400.0,93500.0,93400.0,93400.0,11289350
2023-10-06,TCB,93000.0,93850.0,92450.0,93550.0,21246165
2023-10-09,TCB,93850.0,94350.0,93150.0,94100.0,17545715
2023-10-10,TCB,94250.0,96750.0,93950.0,96750.0,26923427
2023-10-11,TCB,97100.0,97350.0,95400.0,96150.0,15380290
2023-10-12,TCB,96450.0,96550.0,94450.0,94650.0,19241250
2023-10-13,TCB,94950.0,96000.0,93950.0,95700.0,19384463
2023-10-16,TCB,95150.0,97600.0,94450.0,96350.0,24513373
2023-10-17,TCB,95900.0,96400.0,95350.0,96300.0,20933744
2023-10-18,TCB,96850.0,97250.0,95850.0,95900.0,21067406
2023-10-19,TCB,95650.0,96050.0,93750.0,94050.0,20804234
2023-10-20,TCB,94100.0,94400.0,90850.0,91800.0,21540658
2023-10-23,TCB,92000.0,92600.0,88700.0,89100.0,27833291
2023-10-24,TCB,88900.0,90200.0,88600.0,90000.0,15357004
2023-10-25,TCB,89350.0,89550.0,87400.0,87600.0,19446316
2023-10-26,TCB,87800.0,89400.0,87300.0,88100.0,18013438
2023-10-27,TCB,87750.0,89550.0,87050.0,88850.0,28029461
2023-10-30,TCB,88950.0,89750.0,88550.0,89000.0,15369992
2023-10-31,TCB,89000.0,90700.0,88400.0,90650.0,23417931
2023-11-01,TCB,91100.0,91350.0,90200.0,90350.0,15578155
2023-11-02,TCB,89900.0,90400.0,89400.0,89500.0,24952487
2023-11-03,TCB,89100.0,90350.0,89000.0,89700.0,15267785
2023-11-06,TCB,89800.0,90300.0,84250.0,84600.0,36248991
2023-11-07,TCB,84450.0,84800.0,84250.0,84500.0,23946696
2023-11-08,TCB,85300.0,85500.0,83050.0,83200.0,24622915
2023-11-09,TCB,82900.0,85350.0,82250.0,85200.0,30473097
2023-11-10,TCB,85500.0,88350.0,84800.0,88350.0,20790301
2023-11-13,TCB,88700.0,91850.0,88050.0,91700.0,20590840
2023-11-14,TCB,91600.0,91900.0,91150.0,91300.0,18394211
2023-11-15,TCB,91550.0,92050.0,89150.0,89850.0,27590242
2023-11-16,TCB,89700.0,90050.0,85900.0,86400.0,27054807
2023-11-17,TCB,86150.0,86650.0,84650.0,85000.0,16544727
2023-11-20,TCB,85050.0,85450.0,84300.0,84700.0,19989086
2023-11-21,TCB,84500.0,84800.0,83150.0,83750.0,19052602
2023-11-22,TCB,83300.0,83350.0,80850.0,81100.0,19208585
2023-11-23,TCB,80750.0,83900.0,80700.0,83600.0,22161586
2023-11-24,TCB,83350.0,85300.0,83250.0,84950.0,23543185
2023-11-27,TCB,84700.0,84750.0,80400.0,81100.0,29346423
2023-11-28,TCB,81650.0,83350.0,81500.0,82900.0,19470676
2023-11-29,TCB,82450.0,82500.0,81300.0,81350.0,24439794
2023-11-30,TCB,81100.0,81700.0,80600.0,80600.0,16905242
2023-12-01,TCB,80800.0,82350.0,80600.0,82000.0,24068489
2023-12-04,TCB,82450.0,82550.0,80150.0,80400.0,27204125
2023-12-05,TCB,80150.0,80900.0,79300.0,79650.0,20709047
2023-12-06,TCB,79150.0,79500.0,77700.0,77900.0,22745134
2023-12-07,TCB,77550.0,81350.0,77400.0,80350.0,29764557
2023-12-08,TCB,80600.0,81150.0,80450.0,80900.0,14261186
2023-12-11,TCB,80900.0,81200.0,79550.0,80100.0,26473533
2023-12-12,TCB,79500.0,79600.0,77650.0,78050.0,21410023
2023-12-13,TCB,77950.0,78000.0,77100.0,77650.0,18048577
2023-12-14,TCB,77900.0,80350.0,77700.0,79700.0,19874002
2023-12-15,TCB,79950.0,80450.0,79450.0,80250.0,17266793
2023-12-18,TCB,80400.0,81100.0,79600.0,80100.0,24376281
2023-12-19,TCB,80000.0,80100.0,77700.0,78100.0,27509576
2023-12-20,TCB,78150.0,79850.0,77600.0,79800.0,20869042
2023-12-21,TCB,79600.0,80050.0,77750.0,78350.0,19896989
2023-12-22,TCB,78700.0,79500.0,78600.0,79200.0,23627225
2023-12-25,TCB,78900.0,80500.0,78750.0,80200.0,25961666
2023-12-26,TCB,79950.0,80600.0,78400.0,79200.0,24851427
2023-12-27,TCB,79300.0,80150.0,78500.0,78650.0,21824529
2023-12-28,TCB,78300.0,79300.0,77000.0,77300.0,18551384
2023-12-29,TCB,77750.0,79050.0,77450.0,78550.0,16887468
2024-01-01,TCB,78500.0,78600.0,77350.0,77750.0,16237875
2024-01-02,TCB,78200.0,78850.0,77900.0,78800.0,22048172
2024-01-03,TCB,78950.0,79400.0,78250.0,78300.0,14408875
2024-01-04,TCB,78350.0,78500.0,76050.0,76650.0,22699197
2024-01-05,TCB,76900.0,77000.0,76400.0,77000.0,17442503
2024-01-08,TCB,76350.0,81150.0,75950.0,80250.0,31114626
2024-01-09,TCB,79900.0,83500.0,79850.0,82850.0,29839786
2024-01-10,TCB,83050.0,84600.0,82850.0,84550.0,20819241
2024-01-11,TCB,84350.0,84900.0,82900.0,83300.0,24256827
2024-01-12,TCB,83400.0,83750.0,80650.0,81100.0,25061796
2024-01-15,TCB,80900.0,81950.0,80750.0,81750.0,20707434
2024-01-16,TCB,81850.0,82100.0,79900.0,80150.0,23939969
2024-01-17,TCB,79850.0,80400.0,79300.0,79800.0,22530448
2024-01-18,TCB,80000.0,84150.0,79700.0,83950.0,29070696
2024-01-19,TCB,83900.0,84550.0,81800.0,81950.0,19885375
2024-01-22,TCB,81650.0,81700.0,79050.0,79400.0,22201431
2024-01-23,TCB,78900.0,78950.0,78550.0,78850.0,23097668
2024-01-24,TCB,79050.0,79550.0,78550.0,79050.0,23008846
2024-01-25,TCB,78850.0,82200.0,78550.0,81550.0,30314813
2024-01-26,TCB,81600.0,81600.0,77650.0,77750.0,32549299
2024-01-29,TCB,77600.0,78950.0,77450.0,78250.0,25764438
2024-01-30,TCB,78000.0,78350.0,77100.0,77500.0,15019947
2024-01-31,TCB,77650.0,77950.0,75150.0,75600.0,29274123
2024-02-01,TCB,75650.0,77650.0,75550.0,77550.0,27745224
2024-02-02,TCB,77350.0,78450.0,77200.0,77300.0,24604721
2024-02-05,TCB,77100.0,77150.0,74700.0,74900.0,20086399
2024-02-06,TCB,75000.0,76250.0,74800.0,76100.0,24702184
2024-02-07,TCB,76000.0,77800.0,75750.0,77400.0,16959327
2024-02-08,TCB,77200.0,78000.0,77200.0,77950.0,18358095
2024-02-09,TCB,77300.0,78600.0,76700.0,78350.0,22831828
2024-02-12,TCB,78850.0,78900.0,78000.0,78400.0,20681851
2024-02-13,TCB,78800.0,79800.0,78200.0,78300.0,17016143
2024-02-14,TCB,78250.0,78850.0,76400.0,76900.0,20150327
2024-02-15,TCB,76950.0,77350.0,75500.0,76400.0,23885268
2024-02-16,TCB,75900.0,76450.0,73100.0,73900.0,28266386
2024-02-19,TCB,74000.0,74450.0,73800.0,74100.0,13484351
2024-02-20,TCB,74100.0,75250.0,70300.0,70300.0,27760513
2024-02-21,TCB,70350.0,70450.0,69250.0,69800.0,21979810
2024-02-22,TCB,69850.0,72000.0,69750.0,71750.0,21702746
2024-02-23,TCB,71750.0,72000.0,70750.0,70900.0,15020314
2024-02-26,TCB,70750.0,71000.0,69350.0,70000.0,22804704
2024-02-27,TCB,69850.0,70300.0,68500.0,68700.0,27258930
2024-02-28,TCB,68500.0,69000.0,68050.0,68950.0,24795789
2024-02-29,TCB,69250.0,69350.0,68000.0,68900.0,16587233
2024-03-01,TCB,68750.0,69500.0,68500.0,68600.0,14802365
2024-03-04,TCB,68800.0,69100.0,67900.0,68300.0,15901315
2024-03-05,TCB,67800.0,69350.0,67700.0,68750.0,25459045
2024-03-06,TCB,68700.0,70450.0,68500.0,69950.0,27057680
2024-03-07,TCB,69850.0,70150.0,67850.0,68450.0,23957959
2024-03-08,TCB,68050.0,69950.0,68000.0,69250.0,18406290
2024-03-11,TCB,69300.0,70400.0,68400.0,70050.0,17185274
2024-03-12,TCB,70000.0,71200.0,69400.0,70550.0,23336169
2024-03-13,TCB,71000.0,71250.0,67150.0,67150.0,33593862
2024-03-14,TCB,66950.0,68500.0,66900.0,68250.0,20736027
2024-03-15,TCB,68000.0,68100.0,67200.0,67300.0,21704053
2024-03-18,TCB,67300.0,67300.0,66700.0,67100.0,19474154
2024-03-19,TCB,66900.0,67350.0,65200.0,65500.0,20363976
2024-03-20,TCB,66050.0,66900.0,65950.0,66300.0,15329224
2024-03-21,TCB,66550.0,68350.0,66550.0,67950.0,23206253
2024-03-22,TCB,67600.0,69900.0,67500.0,69100.0,23210714
2024-03-25,TCB,68800.0,69950.0,68100.0,69700.0,25084247
2024-03-26,TCB,69550.0,69900.0,69000.0,69900.0,19608649
2024-03-27,TCB,69950.0,70950.0,69450.0,70900.0,23215536
2024-03-28,TCB,70500.0,71300.0,70300.0,70650.0,15072101
2024-03-29,TCB,69850.0,70100.0,69150.0,70000.0,22195109
2024-04-01,TCB,70050.0,72200.0,70000.0,71500.0,26855515
2024-04-02,TCB,71400.0,71850.0,70900.0,71050.0,17802904
2024-04-03,TCB,71250.0,71600.0,69950.0,70200.0,24670805
2024-04-04,TCB,70550.0,70750.0,68850.0,69500.0,24818189
2024-04-05,TCB,69800.0,71050.0,69750.0,71050.0,20652317
2024-04-08,TCB,70850.0,71150.0,70350.0,70950.0,14533197
2024-04-09,TCB,70650.0,73200.0,70250.0,72750.0,29553640
2024-04-10,TCB,72550.0,74850.0,71850.0,74250.0,22977375
2024-04-11,TCB,74300.0,76350.0,74100.0,76150.0,22554417
2024-04-12,TCB,76450.0,76650.0,75000.0,75150.0,25724544
2024-04-15,TCB,75500.0,76200.0,72450.0,73050.0,27788643
2024-04-16,TCB,73450.0,74100.0,72150.0,72250.0,17876981
2024-04-17,TCB,72350.0,72350.0,72150.0,72150.0,14040426
2024-04-18,TCB,72250.0,72850.0,68800.0,69700.0,26291959
2024-04-19,TCB,69650.0,69800.0,68050.0,68350.0,20659307
2024-04-22,TCB,68500.0,69950.0,68250.0,69900.0,26227556
2024-04-23,TCB,69500.0,69850.0,69250.0,69850.0,15576126
2024-04-24,TCB,69750.0,71650.0,69400.0,71500.0,26274614
2024-04-25,TCB,71100.0,71200.0,70550.0,70950.0,20666883
2024-04-26,TCB,71050.0,73200.0,70500.0,73100.0,28397571
2024-04-29,TCB,73150.0,74300.0,73000.0,73350.0,20071629
2024-04-30,TCB,73450.0,76450.0,73250.0,75900.0,31140146
2024-05-01,TCB,75950.0,76450.0,73300.0,73500.0,21090959
2024-05-02,TCB,73400.0,77100.0,73050.0,76550.0,33834686
2024-05-03,TCB,76300.0,76500.0,75700.0,76050.0,21469667
2024-05-06,TCB,75900.0,76150.0,72450.0,73150.0,23725290
2024-05-07,TCB,72950.0,75950.0,72400.0,75750.0,23839855
2024-05-08,TCB,76250.0,76950.0,71900.0,72400.0,37940014
2024-05-09,TCB,72150.0,72500.0,71800.0,72450.0,22095834
2024-05-10,TCB,72200.0,73900.0,71950.0,72850.0,22648207
2024-05-13,TCB,73000.0,73250.0,71800.0,72550.0,19401618
2024-05-14,TCB,72400.0,72650.0,71300.0,71500.0,16250052
2024-05-15,TCB,71050.0,71750.0,69500.0,69900.0,28926821
2024-05-16,TCB,69800.0,69900.0,66850.0,67150.0,22031560
2024-05-17,TCB,67100.0,67300.0,66250.0,66450.0,15199974
2024-05-20,TCB,66750.0,67000.0,65550.0,66150.0,18037774
2024-05-21,TCB,65950.0,67750.0,65850.0,67700.0,23602915
2024-05-22,TCB,67850.0,67950.0,66950.0,67250.0,14764556
2024-05-23,TCB,66450.0,68700.0,66000.0,68550.0,23048089
2024-05-24,TCB,68700.0,69000.0,65700.0,66100.0,25785669
2024-05-27,TCB,65600.0,67250.0,64800.0,66550.0,28664157
2024-05-28,TCB,67200.0,67550.0,66150.0,66300.0,17740893
2024-05-29,TCB,66450.0,66550.0,65050.0,65650.0,21986171
2024-05-30,TCB,65850.0,65900.0,62500.0,63150.0,23221382
2024-05-31,TCB,62600.0,63200.0,62550.0,63050.0,23838925
2024-06-03,TCB,63500.0,63800.0,62950.0,63700.0,20444457
2024-06-04,TCB,63300.0,64150.0,62500.0,62550.0,16609547
2024-06-05,TCB,62600.0,65050.0,61600.0,64650.0,32010342
2024-06-06,TCB,64950.0,66050.0,64650.0,65950.0,20419670
2024-06-07,TCB,66200.0,66800.0,65950.0,66750.0,25249970
2024-06-10,TCB,66600.0,67300.0,65450.0,65650.0,28133762
2024-06-11,TCB,65600.0,65750.0,64450.0,64700.0,15787365
2024-06-12,TCB,64900.0,65350.0,63650.0,63650.0,27371615
2024-06-13,TCB,64000.0,64900.0,63800.0,64600.0,22543827
2024-06-14,TCB,64350.0,64550.0,63200.0,63550.0,17923059
2024-06-17,TCB,63400.0,63800.0,61500.0,62050.0,25589725
2024-06-18,TCB,61450.0,64550.0,61350.0,64350.0,33165870
2024-06-19,TCB,64350.0,66450.0,64300.0,66100.0,18593144
2024-06-20,TCB,66350.0,66500.0,65350.0,65550.0,16420284
2024-06-21,TCB,65650.0,66100.0,65400.0,65400.0,17000563
2024-06-24,TCB,65400.0,65450.0,65150.0,65350.0,14786044
2024-06-25,TCB,65250.0,65400.0,65050.0,65050.0,13788073
2024-06-26,TCB,64900.0,65050.0,64350.0,64850.0,22100728
2024-06-27,TCB,64900.0,66050.0,64800.0,65600.0,25248650
2024-06-28,TCB,65300.0,67850.0,65150.0,67750.0,27510727
2024-07-01,TCB,67900.0,68050.0,66900.0,67500.0,19028358
2024-07-02,TCB,67600.0,68250.0,67400.0,67750.0,15849521
2024-07-03,TCB,67800.0,67950.0,64150.0,64200.0,29595288
2024-07-04,TCB,63750.0,66450.0,63150.0,66000.0,30114180
2024-07-05,TCB,66250.0,68100.0,66000.0,67450.0,22428746
2024-07-08,TCB,67450.0,67950.0,64700.0,64950.0,32101918
2024-07-09,TCB,65250.0,65800.0,64200.0,64650.0,27704678
2024-07-10,TCB,64700.0,64850.0,64550.0,64550.0,19076947
2024-07-11,TCB,64750.0,64900.0,64050.0,64200.0,18990030
2024-07-12,TCB,63750.0,64350.0,63300.0,64200.0,24796721
2024-07-15,TCB,64200.0,65700.0,64000.0,65350.0,16551709
2024-07-16,TCB,64850.0,66650.0,64300.0,66300.0,22760847
2024-07-17,TCB,66050.0,67800.0,65850.0,67600.0,19182773
2024-07-18,TCB,68000.0,68250.0,67450.0,67500.0,16568903
2024-07-19,TCB,67800.0,68200.0,66800.0,66900.0,17205404
2024-07-22,TCB,67300.0,67500.0,67150.0,67350.0,19463816
2024-07-23,TCB,66950.0,67450.0,65350.0,65750.0,27044961
2024-07-24,TCB,65950.0,66050.0,63200.0,63300.0,26571252
2024-07-25,TCB,62950.0,63350.0,62750.0,63000.0,20815812
2024-07-26,TCB,63050.0,65050.0,62800.0,65000.0,28517057
2024-07-29,TCB,65200.0,65600.0,64400.0,65450.0,21826476
2024-07-30,TCB,65750.0,68650.0,65650.0,68350.0,30779027
2024-07-31,TCB,68350.0,70150.0,68250.0,70000.0,27621487
2024-08-01,TCB,70000.0,70200.0,68500.0,68700.0,24200185
2024-08-02,TCB,69350.0,69700.0,68100.0,68550.0,25416084
2024-08-05,TCB,68600.0,70300.0,68600.0,70050.0,26624985
2024-08-06,TCB,69950.0,72350.0,69900.0,72050.0,29446358
2024-08-07,TCB,72300.0,72500.0,71350.0,71800.0,24079042
2024-08-08,TCB,71850.0,72650.0,70650.0,71500.0,18454834
2024-08-09,TCB,71150.0,71200.0,68750.0,69650.0,29853477
2024-08-12,TCB,69500.0,69600.0,69100.0,69100.0,19509064
2024-08-13,TCB,69150.0,69300.0,68400.0,68600.0,24123738
2024-08-14,TCB,68750.0,69150.0,68300.0,68850.0,23403974
2024-08-15,TCB,69150.0,71650.0,68750.0,71600.0,30137860
2024-08-16,TCB,71900.0,73550.0,71600.0,72850.0,24266695
2024-08-19,TCB,73050.0,74650.0,72800.0,73800.0,27220776
2024-08-20,TCB,73650.0,73650.0,70850.0,71100.0,26428160
2024-08-21,TCB,71100.0,72850.0,71100.0,72000.0,18664565
2024-08-22,TCB,71650.0,72900.0,71450.0,72550.0,19538050
2024-08-23,TCB,72250.0,73950.0,71350.0,73600.0,28059351
2024-08-26,TCB,74200.0,74300.0,71150.0,71900.0,30955607
2024-08-27,TCB,71850.0,73550.0,71650.0,72700.0,18935100
2024-08-28,TCB,72950.0,74100.0,72900.0,74050.0,15538121
2024-08-29,TCB,74100.0,74150.0,72650.0,72950.0,23130133
2024-08-30,TCB,73150.0,73250.0,72150.0,72400.0,16342992
2024-09-02,TCB,72150.0,72550.0,71650.0,71800.0,23999222
2024-09-03,TCB,71800.0,72250.0,70300.0,70500.0,25538641
2024-09-04,TCB,70200.0,71250.0,69750.0,71100.0,26004901
2024-09-05,TCB,71250.0,74000.0,71200.0,73900.0,28706785
2024-09-06,TCB,73600.0,74300.0,73500.0,73850.0,22446903
2024-09-09,TCB,73850.0,74300.0,71850.0,72500.0,26224070
2024-09-10,TCB,72350.0,74950.0,72150.0,74700.0,19556723
2024-09-11,TCB,74800.0,75350.0,74050.0,74300.0,15456322
2024-09-12,TCB,74000.0,75150.0,73550.0,74800.0,21952878
2024-09-13,TCB,75100.0,76350.0,75000.0,76150.0,24177376
2024-09-16,TCB,76100.0,76350.0,74850.0,75100.0,18309408
2024-09-17,TCB,75250.0,75750.0,74550.0,74650.0,17887321
2024-09-18,TCB,74850.0,74900.0,74100.0,74800.0,21794261
2024-09-19,TCB,75050.0,76850.0,74850.0,76500.0,16954495
2024-09-20,TCB,76100.0,76250.0,74150.0,74200.0,18398037
2024-09-23,TCB,74300.0,75200.0,74250.0,74950.0,21673592
2024-09-24,TCB,75300.0,75600.0,75000.0,75200.0,15323807
2024-09-25,TCB,75200.0,76050.0,74750.0,75100.0,21040365
2024-09-26,TCB,75250.0,75800.0,74050.0,74200.0,16870239
2024-09-27,TCB,74600.0,75600.0,74350.0,75600.0,19807019
2024-09-30,TCB,75150.0,75350.0,72150.0,72750.0,22301715
2024-10-01,TCB,72900.0,73300.0,71150.0,71350.0,26258678
2024-10-02,TCB,71500.0,71550.0,70500.0,70800.0,22408061
2024-10-03,TCB,70900.0,71400.0,70700.0,71300.0,24288684
2024-10-04,TCB,70950.0,71150.0,70550.0,71050.0,13524792
2024-10-07,TCB,71150.0,71650.0,69300.0,69550.0,21742387
2024-10-08,TCB,69550.0,69950.0,66800.0,67100.0,23619235
2024-10-09,TCB,67200.0,67500.0,67100.0,67250.0,23129141
2024-10-10,TCB,67150.0,67500.0,67100.0,67150.0,18514330
2024-10-11,TCB,66750.0,67600.0,66700.0,67450.0,25070339
2024-10-14,TCB,67150.0,67600.0,66000.0,66600.0,18824699
2024-10-15,TCB,66700.0,67200.0,66600.0,66900.0,16418164
2024-10-16,TCB,66600.0,66900.0,64950.0,65500.0,17485388
2024-10-17,TCB,65400.0,67050.0,65300.0,66600.0,20723944
2024-10-18,TCB,66550.0,66550.0,64500.0,65050.0,22223138
2024-10-21,TCB,65050.0,66100.0,63900.0,66050.0,23839215
2024-10-22,TCB,66150.0,66450.0,66050.0,66200.0,23255752
2024-10-23,TCB,66500.0,68200.0,66250.0,68100.0,26278883
2024-10-24,TCB,67950.0,69800.0,67450.0,68950.0,22201247
2024-10-25,TCB,68850.0,71550.0,68800.0,70850.0,30445980
2024-10-28,TCB,70800.0,71000.0,67850.0,68550.0,22128163
2024-10-29,TCB,68600.0,69550.0,67900.0,69400.0,23626810
2024-10-30,TCB,69250.0,69500.0,67100.0,67300.0,19857667
2024-10-31,TCB,67050.0,67350.0,65150.0,65400.0,25504184
2024-11-01,TCB,65400.0,68700.0,64950.0,68300.0,31109043
2024-11-04,TCB,68450.0,69500.0,68400.0,69250.0,17827795
2024-11-05,TCB,69350.0,70050.0,68800.0,69850.0,26274294
2024-11-06,TCB,69700.0,71900.0,69250.0,71250.0,22514931
2024-11-07,TCB,71100.0,71100.0,70850.0,70900.0,16611202
2024-11-08,TCB,71100.0,71300.0,68900.0,69250.0,22579035
2024-11-11,TCB,69150.0,70050.0,69050.0,69500.0,18818798
2024-11-12,TCB,70050.0,70800.0,67900.0,68000.0,23254659
2024-11-13,TCB,68250.0,68600.0,67250.0,67600.0,16106572
2024-11-14,TCB,67450.0,69300.0,67400.0,68950.0,17181870
2024-11-15,TCB,69350.0,70200.0,69050.0,69600.0,19592226
2024-11-18,TCB,69250.0,69300.0,68900.0,68950.0,17246313
2024-11-19,TCB,69150.0,69150.0,69000.0,69000.0,18326669
2024-11-20,TCB,69350.0,69550.0,67750.0,67850.0,26229172
2024-11-21,TCB,67400.0,67450.0,66450.0,66500.0,25062894
2024-11-22,TCB,66000.0,66200.0,65500.0,65700.0,23145156
2024-11-25,TCB,65750.0,68700.0,65650.0,68450.0,21966919
2024-11-26,TCB,68700.0,72250.0,68500.0,71900.0,30394759
2024-11-27,TCB,72600.0,72900.0,69450.0,70250.0,27254663
2024-11-28,TCB,70250.0,70600.0,69250.0,70000.0,26828809
2024-11-29,TCB,69800.0,71450.0,69650.0,70600.0,16354612
2024-12-02,TCB,70450.0,70600.0,70200.0,70350.0,15183569
2024-12-03,TCB,70250.0,73700.0,70200.0,73150.0,32994026
2024-12-04,TCB,73350.0,75650.0,73200.0,74550.0,24527778
2024-12-05,TCB,74350.0,77300.0,74000.0,76900.0,31824737
2024-12-06,TCB,77350.0,77750.0,74300.0,75000.0,24024281
2024-12-09,TCB,74850.0,75100.0,73500.0,73650.0,16499291
2024-12-10,TCB,73450.0,74200.0,73000.0,73150.0,20627597
2024-12-11,TCB,73450.0,74350.0,73150.0,74150.0,18196539
2024-12-12,TCB,73700.0,73850.0,72250.0,72500.0,16440754
2024-12-13,TCB,72850.0,73900.0,72300.0,73800.0,24275735
2024-12-16,TCB,74050.0,76250.0,73650.0,75850.0,18324484
2024-12-17,TCB,75950.0,76250.0,75700.0,76200.0,23949858
2024-12-18,TCB,75900.0,79400.0,75850.0,78700.0,22069661
2024-12-19,TCB,78550.0,79600.0,77900.0,79150.0,21837554
2024-12-20,TCB,79150.0,81200.0,78900.0,80900.0,21297448
2024-12-23,TCB,81300.0,81500.0,78900.0,79350.0,25641822
2024-12-24,TCB,79250.0,81200.0,79200.0,81000.0,19041901
2024-12-25,TCB,81700.0,83050.0,81550.0,82800.0,24993177
2024-12-26,TCB,82300.0,82600.0,80700.0,80900.0,16310107
2024-12-27,TCB,81050.0,83550.0,81050.0,83150.0,20096102
2024-12-30,TCB,82950.0,83300.0,82500.0,82850.0,22708969
2024-12-31,TCB,82750.0,83200.0,81450.0,81450.0,19872745
2025-01-01,TCB,81700.0,83650.0,81300.0,83200.0,25437308
2025-01-02,TCB,83300.0,83600.0,81850.0,82100.0,24785056
2025-01-03,TCB,81700.0,81800.0,79200.0,79650.0,17941316
2025-01-06,TCB,79550.0,80100.0,77650.0,77950.0,20421247
2025-01-07,TCB,78250.0,79450.0,77150.0,77700.0,22312455
2025-01-08,TCB,77200.0,80450.0,77100.0,80200.0,31877928
2025-01-09,TCB,80650.0,81250.0,78450.0,79000.0,21688018
2025-01-10,TCB,79000.0,81600.0,79000.0,81300.0,23951556
2025-01-13,TCB,81100.0,81600.0,76500.0,76500.0,34611352
2025-01-14,TCB,77150.0,77150.0,73700.0,74150.0,25055453
2025-01-15,TCB,74300.0,74900.0,72700.0,73600.0,28476035
2025-01-16,TCB,73850.0,74250.0,73800.0,74050.0,21776638
2025-01-17,TCB,73850.0,74550.0,73300.0,74350.0,24377323
2025-01-20,TCB,74150.0,74400.0,73400.0,74050.0,15567495
2025-01-21,TCB,73750.0,74900.0,73650.0,74300.0,24800512
2025-01-22,TCB,74250.0,74600.0,72700.0,73300.0,17381743
2025-01-23,TCB,73700.0,73950.0,73000.0,73250.0,16754269
2025-01-24,TCB,73050.0,73850.0,72750.0,73800.0,19490572
2025-01-27,TCB,74250.0,74500.0,72450.0,73150.0,18676730
2025-01-28,TCB,73150.0,75150.0,72950.0,74550.0,22557882
2025-01-29,TCB,74400.0,75100.0,73850.0,74000.0,20953063
2025-01-30,TCB,74350.0,74500.0,71950.0,72200.0,24430103
2025-01-31,TCB,72350.0,73950.0,71900.0,73800.0,27881486
2025-02-03,TCB,74000.0,74850.0,73800.0,74700.0,18960206
2025-02-04,TCB,74900.0,75550.0,73400.0,73650.0,18471964
2025-02-05,TCB,73650.0,74950.0,73350.0,74250.0,16021196
2025-02-06,TCB,74500.0,75100.0,74200.0,74650.0,22235582
2025-02-07,TCB,74600.0,74650.0,74550.0,74550.0,16452652
2025-02-10,TCB,74850.0,74950.0,71800.0,72000.0,25961671
2025-02-11,TCB,71400.0,74550.0,71200.0,74500.0,23471286
2025-02-12,TCB,74350.0,75850.0,74150.0,75200.0,23284405
2025-02-13,TCB,75100.0,75150.0,73050.0,73150.0,18178143
2025-02-14,TCB,73600.0,74200.0,73500.0,73800.0,21380717
2025-02-17,TCB,74150.0,74550.0,73950.0,74400.0,19913399
2025-02-18,TCB,74400.0,75800.0,73950.0,75750.0,24140783
2025-02-19,TCB,75650.0,75800.0,74900.0,75400.0,25101897
2025-02-20,TCB,75550.0,75700.0,74200.0,74850.0,16309599
2025-02-21,TCB,75300.0,75850.0,75250.0,75750.0,16292522
2025-02-24,TCB,75500.0,75600.0,75050.0,75450.0,21721822
2025-02-25,TCB,74900.0,77200.0,74200.0,77200.0,30402443
2025-02-26,TCB,77700.0,77900.0,73300.0,74450.0,33397686
2025-02-27,TCB,74050.0,74200.0,72800.0,73400.0,17440082
2025-02-28,TCB,73250.0,73650.0,71600.0,72000.0,28513206
2025-03-03,TCB,72050.0,72950.0,69050.0,69500.0,32175521
2025-03-04,TCB,69900.0,70450.0,68700.0,69350.0,25875271
2025-03-05,TCB,69250.0,69800.0,68850.0,69650.0,22851055
2025-03-06,TCB,69900.0,70450.0,69650.0,69800.0,22295783
2025-03-07,TCB,69950.0,70500.0,69800.0,70450.0,22946714
2025-03-10,TCB,70250.0,71400.0,69850.0,71150.0,22912117
2025-03-11,TCB,71300.0,71550.0,68050.0,68150.0,28381487
2025-03-12,TCB,68450.0,68600.0,67050.0,67250.0,22286056
2025-03-13,TCB,67350.0,68850.0,67100.0,68650.0,25798708
2025-03-14,TCB,68050.0,72350.0,68000.0,72350.0,30711643
2025-03-17,TCB,71950.0,74900.0,71700.0,74400.0,31103588
2025-03-18,TCB,74850.0,75200.0,71500.0,72300.0,27757691
2025-03-19,TCB,72200.0,74400.0,71950.0,73850.0,26982240
2025-03-20,TCB,73750.0,74500.0,70500.0,70900.0,29687113
2025-03-21,TCB,71300.0,71800.0,70950.0,71000.0,18668676
2025-03-24,TCB,71150.0,74850.0,70850.0,74500.0,22723048
2025-03-25,TCB,74400.0,74950.0,73000.0,73400.0,16493988
2025-03-26,TCB,73550.0,75450.0,72950.0,74800.0,26829017
2025-03-27,TCB,74900.0,75400.0,73650.0,74000.0,25458977
2025-03-28,TCB,73800.0,74000.0,70050.0,70300.0,30488626
2025-03-31,TCB,70450.0,71050.0,69650.0,69950.0,18592367
2025-04-01,TCB,70150.0,71000.0,69100.0,69700.0,18073147
2025-04-02,TCB,69550.0,70400.0,69450.0,70300.0,21319552
2025-04-03,TCB,70050.0,70250.0,68650.0,68650.0,24568785
2025-04-04,TCB,68550.0,70650.0,68250.0,69900.0,28863318
2025-04-07,TCB,69650.0,69900.0,69050.0,69300.0,21259755
2025-04-08,TCB,68750.0,69150.0,68550.0,68800.0,14182846
2025-04-09,TCB,68900.0,70550.0,68050.0,69900.0,24490329
2025-04-10,TCB,70450.0,71650.0,70100.0,71400.0,25565347
2025-04-11,TCB,71650.0,72450.0,71000.0,72200.0,23733902
2025-04-14,TCB,71900.0,72350.0,70200.0,70800.0,24177792
2025-04-15,TCB,70800.0,70800.0,70050.0,70550.0,18939525
2025-04-16,TCB,70350.0,70400.0,69400.0,70250.0,22642275
2025-04-17,TCB,70650.0,71600.0,70500.0,71450.0,14159933
2025-04-18,TCB,71100.0,74450.0,71050.0,73900.0,31754859
2025-04-21,TCB,73550.0,74200.0,72400.0,73400.0,16322939
2025-04-22,TCB,74000.0,74450.0,73850.0,74350.0,14040817
2025-04-23,TCB,74400.0,78850.0,73850.0,78800.0,25569027
2025-04-24,TCB,78800.0,80100.0,78450.0,80050.0,25344286
2025-04-25,TCB,80200.0,81700.0,80000.0,81300.0,22146992
2025-04-28,TCB,81000.0,81950.0,80950.0,81200.0,25076073
2025-04-29,TCB,80800.0,81850.0,80650.0,81450.0,14097910
2025-04-30,TCB,81450.0,81700.0,80250.0,80750.0,23518259
2025-05-01,TCB,80450.0,81300.0,80250.0,80900.0,24690550
2025-05-02,TCB,80800.0,80950.0,78550.0,79700.0,21782295
2025-05-05,TCB,80050.0,80600.0,79400.0,80250.0,13887530
2025-05-06,TCB,80000.0,80200.0,78350.0,78750.0,22185806
2025-05-07,TCB,78800.0,79950.0,78750.0,79850.0,15066695
2025-05-08,TCB,80100.0,81800.0,79200.0,81600.0,25718493
2025-05-09,TCB,81650.0,82850.0,81400.0,82700.0,18322590
2025-05-12,TCB,82650.0,82900.0,82200.0,82200.0,17654203
2025-05-13,TCB,82150.0,83900.0,81800.0,83900.0,18293682
2025-05-14,TCB,83950.0,84100.0,79550.0,80150.0,25481627
2025-05-15,TCB,80900.0,81700.0,80600.0,81300.0,17676092
2025-05-16,TCB,81350.0,82200.0,81300.0,81450.0,14945020
2025-05-19,TCB,81400.0,81700.0,80500.0,80600.0,19297260
2025-05-20,TCB,80400.0,80750.0,79700.0,80650.0,14140179
2025-05-21,TCB,80900.0,81300.0,77800.0,78550.0,24043403
2025-05-22,TCB,78600.0,79600.0,78500.0,79350.0,25293992
2025-05-23,TCB,79750.0,79900.0,79250.0,79450.0,21503584
2025-05-26,TCB,79850.0,80450.0,79750.0,80400.0,19490683
2025-05-27,TCB,80100.0,80700.0,80050.0,80600.0,14969929
2025-05-28,TCB,80400.0,82800.0,79400.0,82300.0,26264223
2025-05-29,TCB,82900.0,83150.0,82650.0,82650.0,17991981
2025-05-30,TCB,83400.0,83950.0,81950.0,82550.0,26040010
2025-06-02,TCB,82650.0,82950.0,81500.0,82050.0,14779446
2025-06-03,TCB,82000.0,82350.0,79500.0,79650.0,25977156
2025-06-04,TCB,79100.0,79350.0,78100.0,78200.0,20584193
2025-06-05,TCB,78000.0,78000.0,75250.0,75850.0,25868277
2025-06-06,TCB,75400.0,77850.0,75000.0,77350.0,30789254
2025-06-09,TCB,76900.0,77600.0,75450.0,76150.0,18048787
2025-06-10,TCB,76100.0,77450.0,75800.0,76750.0,22449373
2025-06-11,TCB,76350.0,77500.0,76300.0,77450.0,22585705
2025-06-12,TCB,77500.0,77600.0,75450.0,76300.0,18470858
2025-06-13,TCB,75900.0,76750.0,75400.0,75450.0,17892998
2025-06-16,TCB,75600.0,76400.0,74750.0,76000.0,17623876
2025-06-17,TCB,75700.0,75850.0,74300.0,75300.0,15246941
2025-06-18,TCB,74950.0,75100.0,74900.0,74950.0,17079472
2025-06-19,TCB,74300.0,78400.0,74200.0,77750.0,28206920
2025-06-20,TCB,77500.0,80300.0,77300.0,79750.0,28336958
2025-06-23,TCB,79700.0,80300.0,78500.0,78500.0,18967829
2025-06-24,TCB,78050.0,78200.0,77500.0,77950.0,19804037
2025-06-25,TCB,78050.0,79000.0,77100.0,77400.0,25608307
2025-06-26,TCB,77650.0,78550.0,77400.0,78150.0,17011482
2025-06-27,TCB,78450.0,79950.0,78450.0,79050.0,20087406
2025-06-30,TCB,78950.0,79900.0,78600.0,79750.0,21407477
2025-07-01,TCB,79650.0,80350.0,77850.0,77950.0,26572350
2025-07-02,TCB,77350.0,78750.0,76600.0,78250.0,17688171
2025-07-03,TCB,78200.0,79400.0,77900.0,79000.0,20988444
2025-07-04,TCB,79000.0,80500.0,78850.0,80200.0,23741010
2025-07-07,TCB,80000.0,82250.0,78900.0,82050.0,28029183
2025-07-08,TCB,81800.0,82550.0,78600.0,79050.0,23810304
2025-07-09,TCB,79050.0,82000.0,78750.0,81600.0,19761767
2025-07-10,TCB,81550.0,82050.0,81300.0,82050.0,21357823
2025-07-11,TCB,82200.0,82850.0,80700.0,80900.0,25208849
2025-07-14,TCB,80300.0,81250.0,80050.0,80550.0,20470040
2025-07-15,TCB,80600.0,81200.0,78950.0,79100.0,24250861
2025-07-16,TCB,78700.0,79250.0,78350.0,78550.0,19580843
2025-07-17,TCB,77650.0,77750.0,76200.0,76350.0,17493127
2025-07-18,TCB,76100.0,76100.0,75450.0,75550.0,22678497
2025-07-21,TCB,75400.0,75950.0,74650.0,75350.0,24509436
2025-07-22,TCB,75350.0,76150.0,74800.0,76100.0,19303495
2025-07-23,TCB,76350.0,76550.0,73950.0,74200.0,25867760
2025-07-24,TCB,74500.0,74500.0,73350.0,73750.0,23423429
2025-07-25,TCB,74000.0,76050.0,73200.0,75250.0,20661711
2025-07-28,TCB,75400.0,76200.0,75100.0,76150.0,14070558
2025-07-29,TCB,76300.0,76350.0,74950.0,75200.0,26435283
2025-07-30,TCB,74950.0,76000.0,74650.0,75150.0,19427781
2025-07-31,TCB,75150.0,77500.0,75000.0,77250.0,21755857
2025-08-01,TCB,77350.0,77500.0,75850.0,75900.0,25693785
2025-08-04,TCB,76200.0,77600.0,75100.0,77300.0,23237574
2025-08-05,TCB,77450.0,80500.0,77000.0,80300.0,27806726
2025-08-06,TCB,79900.0,82700.0,79650.0,82600.0,30004506
2025-08-07,TCB,82350.0,82500.0,81750.0,82250.0,15745346
2025-08-08,TCB,82300.0,84100.0,81350.0,84000.0,24370477
2025-08-11,TCB,84500.0,87400.0,82950.0,87350.0,22384727
2025-08-12,TCB,87000.0,89700.0,86850.0,89550.0,29567116
2025-08-13,TCB,88750.0,89050.0,87200.0,87850.0,26217983
2025-08-14,TCB,87400.0,88250.0,86750.0,87950.0,24400396
2025-08-15,TCB,87600.0,88700.0,87600.0,88400.0,17149133
2025-08-18,TCB,88700.0,89400.0,87350.0,87500.0,20616786
2025-08-19,TCB,88300.0,88450.0,84000.0,84550.0,30647052
2025-08-20,TCB,84550.0,85450.0,84250.0,85250.0,24981724
2025-08-21,TCB,85200.0,88050.0,84800.0,87250.0,22266327
2025-08-22,TCB,87450.0,88250.0,85900.0,86150.0,21526080
2025-08-25,TCB,86550.0,89000.0,86200.0,88600.0,18595355
2025-08-26,TCB,88500.0,88500.0,87700.0,88300.0,16445848
2025-08-27,TCB,88100.0,88500.0,85750.0,86250.0,22367405
2025-08-28,TCB,86450.0,86600.0,84450.0,84850.0,17547521
2025-08-29,TCB,85050.0,89450.0,84900.0,88950.0,28201335
2025-09-01,TCB,88700.0,89400.0,86550.0,86600.0,23597437
2025-09-02,TCB,86250.0,88200.0,86050.0,87550.0,25934914
2025-09-03,TCB,87350.0,89900.0,86600.0,89400.0,19045473
2025-09-04,TCB,89250.0,91600.0,89150.0,91450.0,17440220
2025-09-05,TCB,91600.0,91950.0,87900.0,88300.0,29058452
2025-09-08,TCB,87450.0,92050.0,87300.0,91650.0,32923583
2025-09-09,TCB,91400.0,93500.0,90900.0,92200.0,18667097
2025-09-10,TCB,91750.0,92300.0,91400.0,91950.0,14308654
2025-09-11,TCB,91150.0,94400.0,91000.0,94250.0,27710937
2025-09-12,TCB,94350.0,97050.0,94350.0,96850.0,27920117
2025-09-15,TCB,96650.0,98400.0,96500.0,98200.0,16407377
2025-09-16,TCB,98400.0,99450.0,97850.0,98800.0,18105426
2025-09-17,TCB,99200.0,100100.0,99000.0,99900.0,18884626
2025-09-18,TCB,100200.0,100550.0,99550.0,99600.0,24597619
2025-09-19,TCB,99200.0,100900.0,98150.0,100700.0,23147716
2025-09-22,TCB,99900.0,100350.0,98900.0,99000.0,18244300
2025-09-23,TCB,98450.0,103050.0,98050.0,102600.0,32468721
2025-09-24,TCB,102650.0,102750.0,100800.0,101450.0,26413850
2025-09-25,TCB,101550.0,104350.0,101350.0,103850.0,22486282
2025-09-26,TCB,104200.0,104850.0,99900.0,101200.0,31778138
2025-09-29,TCB,101000.0,101350.0,99850.0,100000.0,20999555
2025-09-30,TCB,99800.0,105900.0,99150.0,105700.0,30496166
2025-10-01,TCB,105400.0,107900.0,104650.0,107300.0,21916086
2025-10-02,TCB,107450.0,108150.0,107000.0,107300.0,24648344
2025-10-03,TCB,106750.0,107300.0,106000.0,106800.0,21235735
2025-10-06,TCB,106750.0,108200.0,105400.0,105750.0,22169268
2025-10-07,TCB,105500.0,106100.0,104900.0,106000.0,13378340
2025-10-08,TCB,106250.0,109350.0,105000.0,108950.0,25026581
2025-10-09,TCB,108650.0,112600.0,108500.0,112200.0,27323602
2025-10-10,TCB,112200.0,112250.0,109400.0,110850.0,18213309
2025-10-13,TCB,110300.0,110600.0,107700.0,109100.0,23385633
2025-10-14,TCB,108500.0,114450.0,108450.0,113650.0,31241594
2025-10-15,TCB,113900.0,114900.0,110450.0,111050.0,31464910
2025-10-16,TCB,110300.0,110350.0,109050.0,109100.0,22095794
2025-10-17,TCB,109000.0,109500.0,105400.0,105900.0,28437080
2025-10-20,TCB,105450.0,105900.0,103850.0,104200.0,23287342
2025-10-21,TCB,104250.0,104400.0,102600.0,103300.0,19573789
2025-10-22,TCB,103700.0,103750.0,102150.0,102200.0,23639138
2025-10-23,TCB,102700.0,104650.0,102200.0,104400.0,23776735
2025-10-24,TCB,104250.0,105700.0,103900.0,105550.0,16366768
2025-10-27,TCB,105500.0,109700.0,105150.0,109200.0,23978081
2025-10-28,TCB,109050.0,112000.0,108550.0,110800.0,25740668
2025-10-29,TCB,110850.0,114100.0,109750.0,113800.0,19660178
2025-10-30,TCB,113050.0,114700.0,112100.0,114550.0,18542618
2025-10-31,TCB,113550.0,115000.0,112900.0,113550.0,18443646
2025-11-03,TCB,113600.0,114500.0,113050.0,114150.0,16853513
2025-11-04,TCB,114100.0,114600.0,113450.0,114000.0,18609357
2025-11-05,TCB,114000.0,120400.0,113750.0,119950.0,25921249
2025-11-06,TCB,119550.0,125450.0,119500.0,124950.0,21508541
2025-11-07,TCB,125900.0,126050.0,123100.0,123350.0,18656055
2025-11-10,TCB,123400.0,123650.0,121550.0,121700.0,24258480
2025-11-11,TCB,121700.0,126400.0,120400.0,125750.0,26088376
2025-11-12,TCB,124950.0,128400.0,123900.0,127650.0,26049078
2025-11-13,TCB,126850.0,129000.0,126750.0,128800.0,25141712
2025-11-14,TCB,129000.0,129550.0,128850.0,129400.0,12998964
2025-11-17,TCB,129350.0,129950.0,125250.0,125650.0,19686255
2025-11-18,TCB,125500.0,125950.0,120000.0,120900.0,29155218
2025-11-19,TCB,120950.0,121300.0,117950.0,119000.0,21795754
2025-11-20,TCB,119400.0,119600.0,117650.0,118000.0,22435948
2025-11-21,TCB,119050.0,119350.0,116250.0,117000.0,21634933
2025-11-24,TCB,117300.0,119800.0,116500.0,119750.0,22925579
2025-11-25,TCB,119600.0,120400.0,119150.0,119250.0,16594150
2025-11-26,TCB,119000.0,122950.0,118050.0,122800.0,21779130
2025-11-27,TCB,124050.0,128000.0,124000.0,127600.0,26551277
2025-11-28,TCB,128800.0,129250.0,127150.0,127850.0,16054598
2025-12-01,TCB,127850.0,132800.0,127800.0,131950.0,21020117
2025-12-02,TCB,131350.0,131650.0,130900.0,131350.0,19006031
2025-12-03,TCB,131450.0,134300.0,130250.0,133750.0,28703320
2025-12-04,TCB,134100.0,135850.0,133950.0,135400.0,24484231
2025-12-05,TCB,134250.0,138200.0,133150.0,137750.0,27602605
2025-12-08,TCB,137750.0,137800.0,135400.0,135750.0,21589904
2025-12-09,TCB,136100.0,138500.0,135050.0,138400.0,17168171
2025-12-10,TCB,139300.0,139700.0,138400.0,138950.0,21867369
2025-12-11,TCB,139050.0,140650.0,133650.0,134950.0,29736929
2025-12-12,TCB,135300.0,136050.0,134300.0,134600.0,24771316
2025-12-15,TCB,134200.0,136000.0,133600.0,134950.0,18651903
2025-12-16,TCB,134850.0,138050.0,134400.0,137050.0,21275320
2025-12-17,TCB,136650.0,136750.0,135250.0,136500.0,24649907
2025-12-18,TCB,136300.0,137300.0,133300.0,133750.0,28645971
2025-12-19,TCB,133950.0,139450.0,132950.0,139300.0,26545561
2025-12-22,TCB,138950.0,140250.0,134350.0,134850.0,24194031
2025-12-23,TCB,135750.0,136800.0,133000.0,133650.0,28326533
2025-12-24,TCB,133800.0,133850.0,131450.0,132650.0,15103230
2025-12-25,TCB,132050.0,133050.0,130050.0,130600.0,26598013
2025-12-26,TCB,130400.0,130950.0,128500.0,129250.0,24950560
2025-12-29,TCB,129250.0,129450.0,126200.0,127050.0,19436977
2025-12-30,TCB,127200.0,127550.0,124550.0,125250.0,22840520
2025-12-31,TCB,124500.0,125000.0,123100.0,123900.0,15083831
2026-01-01,TCB,124750.0,125400.0,123500.0,124900.0,16400501
2026-01-02,TCB,124350.0,125800.0,122900.0,124800.0,24107180
2026-01-05,TCB,125550.0,126900.0,125250.0,126050.0,25200966
2026-01-06,TCB,126700.0,129300.0,126350.0,128550.0,16131476
2026-01-07,TCB,127900.0,133000.0,127200.0,132150.0,23904823
2026-01-08,TCB,131850.0,134400.0,131550.0,133600.0,21183383
2026-01-09,TCB,132650.0,134150.0,132600.0,134050.0,16550141
2026-01-12,TCB,133850.0,135350.0,133500.0,134500.0,18654376
2026-01-13,TCB,134700.0,137550.0,133350.0,136400.0,24182543
2026-01-14,TCB,136650.0,136850.0,135450.0,135550.0,23474620
2026-01-15,TCB,135850.0,137600.0,134250.0,137200.0,20379131
2026-01-16,TCB,137300.0,142550.0,136900.0,141650.0,22941188
2026-01-19,TCB,140800.0,141150.0,140400.0,141100.0,13456362
2026-01-20,TCB,141000.0,143000.0,140500.0,142000.0,18515155
2026-01-21,TCB,142150.0,144700.0,142000.0,144400.0,24195120
2026-01-22,TCB,144200.0,147200.0,143700.0,145900.0,26711724
2026-01-23,TCB,146150.0,149200.0,145950.0,148400.0,26008229
2026-01-26,TCB,149800.0,150800.0,147250.0,147350.0,16841246
2026-01-27,TCB,147200.0,150400.0,145550.0,149100.0,21316956
2026-01-28,TCB,149500.0,153650.0,148300.0,153100.0,26278639
2026-01-29,TCB,153600.0,153750.0,152900.0,153250.0,18921905
2026-01-30,TCB,154500.0,157250.0,153200.0,153550.0,22224673
2026-02-02,TCB,154100.0,154600.0,145150.0,145450.0,33760467
2026-02-03,TCB,145700.0,146050.0,142150.0,143050.0,26496587
2026-02-04,TCB,143400.0,144600.0,142300.0,143100.0,14615423
2026-02-05,TCB,142300.0,145200.0,142000.0,144700.0,23522598
2026-02-06,TCB,144350.0,149950.0,143900.0,149450.0,23689231
2026-02-09,TCB,149700.0,153000.0,149350.0,151850.0,17165089
2026-02-10,TCB,153000.0,155500.0,151950.0,155150.0,27189855
2026-02-11,TCB,155200.0,158650.0,155100.0,158150.0,18795347
2026-02-12,TCB,158650.0,161400.0,157600.0,159300.0,20947859
2026-02-13,TCB,160600.0,161500.0,158450.0,158900.0,25744691
2026-02-16,TCB,158950.0,159950.0,158550.0,159300.0,23703314
2026-02-17,TCB,158050.0,161600.0,157750.0,160400.0,23571348
2026-02-18,TCB,160500.0,164000.0,160450.0,163350.0,18003655
2026-02-19,TCB,163200.0,164600.0,160600.0,163950.0,27949175
2026-02-20,TCB,164150.0,168300.0,164100.0,167850.0,17561852
2026-02-23,TCB,167200.0,167550.0,164900.0,165650.0,15478380
2026-02-24,TCB,166000.0,166700.0,163950.0,165600.0,17913135
2026-02-25,TCB,165450.0,166350.0,164600.0,165650.0,23842044
2026-02-26,TCB,165350.0,165450.0,160550.0,163750.0,25033743
2026-02-27,TCB,162950.0,163250.0,160300.0,160900.0,22314988
2026-03-02,TCB,161000.0,161300.0,154850.0,155350.0,30960018
2026-03-03,TCB,155500.0,156150.0,153650.0,154100.0,20758405
2026-03-04,TCB,153950.0,155800.0,153650.0,155500.0,14171587
2026-03-05,TCB,154500.0,154850.0,153450.0,154100.0,22063442
2026-03-06,TCB,155350.0,157750.0,153750.0,153750.0,18623887
2026-03-09,TCB,153850.0,154850.0,152150.0,152400.0,23923059
2026-03-10,TCB,153050.0,154750.0,152800.0,154200.0,14949623
2026-03-11,TCB,154100.0,158350.0,153450.0,157600.0,27523713
2026-03-12,TCB,156750.0,158900.0,156400.0,158150.0,14714653
2026-03-13,TCB,157750.0,157750.0,154250.0,154550.0,20732510
2026-03-16,TCB,154000.0,154250.0,151950.0,152200.0,22488683
2026-03-17,TCB,151600.0,154850.0,150750.0,153900.0,23455612
2026-03-18,TCB,154550.0,154950.0,154500.0,154650.0,12769575
2026-03-19,TCB,155050.0,156250.0,152650.0,153850.0,23023030
2026-03-20,TCB,154450.0,158350.0,154300.0,158000.0,21113796
2026-03-23,TCB,158250.0,158700.0,156300.0,156450.0,14147087
2026-03-24,TCB,156100.0,157250.0,155800.0,156700.0,24506639
2026-03-25,TCB,157200.0,157500.0,149850.0,150750.0,33212574
2026-03-26,TCB,150600.0,154800.0,149550.0,154550.0,27095739
2026-03-27,TCB,154700.0,155300.0,151150.0,152300.0,20167986
2026-03-30,TCB,153100.0,156550.0,152950.0,154100.0,18582102
2026-03-31,TCB,153900.0,154300.0,151000.0,152150.0,16310157
2026-04-01,TCB,152050.0,154950.0,150600.0,154700.0,27459902
2026-04-02,TCB,154200.0,154550.0,149900.0,150100.0,23421923
2026-04-03,TCB,150500.0,155950.0,149600.0,154700.0,22564199
2026-04-06,TCB,154900.0,157400.0,154100.0,156100.0,23058754
2026-04-07,TCB,156250.0,157550.0,147350.0,148200.0,29266716
2026-04-08,TCB,148250.0,149950.0,146050.0,147200.0,21269181
2026-04-09,TCB,147850.0,149200.0,141900.0,143000.0,33967706
2026-04-10,TCB,143600.0,145000.0,141550.0,143350.0,22755692
2026-04-13,TCB,143400.0,146850.0,142250.0,146150.0,24891858
2026-04-14,TCB,146950.0,147500.0,145600.0,145600.0,14846118
2026-04-15,TCB,144900.0,147050.0,144250.0,145900.0,16898660
2026-04-16,TCB,146150.0,147050.0,140550.0,141400.0,22991388
2026-04-17,TCB,141950.0,142500.0,140800.0,140800.0,18216836
2026-04-20,TCB,139850.0,141300.0,139600.0,140350.0,24071527
2026-04-21,TCB,140200.0,140650.0,138000.0,138700.0,17364672
2026-04-22,TCB,139050.0,139100.0,135750.0,136300.0,21485620
2026-04-23,TCB,136150.0,137850.0,134400.0,136700.0,26185905
2026-04-24,TCB,136400.0,136800.0,136150.0,136450.0,22244212
2026-04-27,TCB,136700.0,137550.0,136200.0,136400.0,18462913
2026-04-28,TCB,136400.0,139400.0,136150.0,138300.0,25317030
2026-04-29,TCB,138250.0,139300.0,133100.0,133900.0,31246092
2026-04-30,TCB,134100.0,137750.0,133700.0,137450.0,20265606
2026-05-01,TCB,136650.0,136850.0,135550.0,136350.0,22367924
2026-05-04,TCB,137300.0,137550.0,135200.0,135700.0,22986975
2026-05-05,TCB,135950.0,136100.0,130850.0,131650.0,29568420
2026-05-06,TCB,131050.0,135050.0,130500.0,133850.0,26445847
2026-05-07,TCB,134000.0,134150.0,131900.0,133150.0,16053169
2026-05-08,TCB,132900.0,135500.0,132150.0,134450.0,21089686
2026-05-11,TCB,134550.0,135500.0,133100.0,134550.0,21553456
2026-05-12,TCB,134400.0,134550.0,134250.0,134350.0,22491589
2026-05-13,TCB,134750.0,135050.0,131800.0,131800.0,26752231
2026-05-14,TCB,131050.0,131250.0,127150.0,128000.0,20969593
2026-05-15,TCB,128700.0,131000.0,128550.0,129200.0,21863258
2026-05-18,TCB,129000.0,131600.0,128350.0,131200.0,18003793
2026-05-19,TCB,131100.0,131350.0,129350.0,129900.0,23923990
2026-05-20,TCB,129450.0,131750.0,128550.0,130900.0,24262527
2026-05-21,TCB,131200.0,136250.0,130150.0,135850.0,28857238
2026-05-22,TCB,136050.0,138400.0,135500.0,136700.0,20309848
2026-05-25,TCB,137000.0,139000.0,136850.0,137650.0,24478835
2026-05-26,TCB,138500.0,139800.0,136250.0,137350.0,16597370
2026-05-27,TCB,137600.0,141750.0,137200.0,140250.0,22679828
2026-05-28,TCB,141300.0,142450.0,132050.0,132850.0,31753414
2026-05-29,TCB,133400.0,133900.0,128300.0,129200.0,30791213
2026-06-01,TCB,129700.0,130350.0,123800.0,124200.0,30211099
2026-06-02,TCB,124550.0,124900.0,123500.0,124750.0,23129062
2026-06-03,TCB,125050.0,130800.0,124950.0,130450.0,26356930
2026-06-04,TCB,130450.0,131100.0,128500.0,129200.0,22460082
2026-06-05,TCB,128800.0,130350.0,128550.0,128950.0,17417285
2026-06-08,TCB,129150.0,134200.0,128750.0,133950.0,20093655
2026-06-09,TCB,133900.0,135450.0,133800.0,134950.0,15284683
2026-06-10,TCB,134850.0,134850.0,130400.0,130850.0,27796334
2026-06-11,TCB,130100.0,131000.0,127100.0,128050.0,18554208
2026-06-12,TCB,127300.0,128000.0,126900.0,127850.0,19696722
2026-06-15,TCB,127750.0,128950.0,124500.0,125050.0,27313362
2026-06-16,TCB,124900.0,126800.0,124600.0,126700.0,14664514
2026-06-17,TCB,126650.0,127650.0,122300.0,122450.0,31689631
2026-06-18,TCB,122850.0,124300.0,118900.0,120150.0,20983559
2026-06-19,TCB,119450.0,123150.0,119400.0,123000.0,28025466
2026-06-22,TCB,122400.0,125400.0,121750.0,125100.0,20453000
2026-06-23,TCB,126050.0,128500.0,125150.0,127500.0,16658920
2026-06-24,TCB,127250.0,131150.0,125300.0,130150.0,25822366
2026-06-25,TCB,129500.0,134150.0,129100.0,133800.0,26278564
2026-06-26,TCB,133650.0,134750.0,133600.0,134600.0,20630393
2026-06-29,TCB,134300.0,134950.0,131500.0,133750.0,22960125
2026-06-30,TCB,133850.0,137700.0,133750.0,136200.0,19373192
2026-07-01,TCB,136150.0,137100.0,133400.0,133950.0,21207306
2026-07-02,TCB,133400.0,133550.0,132300.0,132450.0,15323503
2026-07-03,TCB,132400.0,132900.0,131600.0,132450.0,15895892
2026-07-06,TCB,133550.0,134150.0,133150.0,133300.0,22480770
2026-07-07,TCB,133050.0,137250.0,130550.0,135850.0,25630625
2026-07-08,TCB,136100.0,136850.0,133650.0,134100.0,20905104
2026-07-09,TCB,133600.0,134050.0,133550.0,133750.0,22078754
2026-07-10,TCB,133850.0,138500.0,133650.0,138300.0,26434708
2026-07-13,TCB,137450.0,138200.0,136400.0,137250.0,15901468
2026-07-14,TCB,136650.0,141050.0,136300.0,140150.0,28163789
2026-07-15,TCB,140450.0,140900.0,138900.0,138950.0,22156452
2026-07-16,TCB,140200.0,142300.0,140050.0,141350.0,15099142
2026-07-17,TCB,141500.0,141850.0,140400.0,141150.0,14837415
2026-07-20,TCB,141750.0,143500.0,140200.0,140750.0,25007983
2026-07-21,TCB,141400.0,145650.0,140950.0,144250.0,27100625
2026-07-22,TCB,144150.0,146550.0,143800.0,146500.0,17945793
2026-07-23,TCB,146350.0,147000.0,143050.0,143250.0,24411833
2026-07-24,TCB,143550.0,146350.0,143050.0,146000.0,18370249
2026-07-27,TCB,146800.0,147000.0,146450.0,146500.0,17922212
2026-07-28,TCB,147150.0,147850.0,144900.0,145900.0,15241833
2026-07-29,TCB,146450.0,147600.0,143600.0,143700.0,17737619
2026-07-30,TCB,143800.0,149750.0,143350.0,148500.0,22815603
2026-07-31,TCB,148100.0,153750.0,147600.0,153300.0,28449788
2026-08-03,TCB,152300.0,153500.0,151900.0,152450.0,14176875
2026-08-04,TCB,152100.0,156450.0,151950.0,156100.0,28049513
2026-08-05,TCB,155450.0,161000.0,154300.0,160550.0,19971022
2026-08-06,TCB,160450.0,164600.0,159750.0,164100.0,21444378
2026-08-07,TCB,164200.0,165550.0,160200.0,161400.0,22065016
2026-08-10,TCB,161000.0,163300.0,160450.0,161850.0,20152592
2026-08-11,TCB,161400.0,162000.0,159700.0,161650.0,17860959
2026-08-12,TCB,161000.0,163050.0,160600.0,162500.0,23393910
2026-08-13,TCB,162150.0,162150.0,161950.0,162050.0,19989797
2026-08-14,TCB,163200.0,163700.0,153100.0,153850.0,37880594
2026-08-17,TCB,154050.0,154900.0,152650.0,153850.0,18896055
2026-08-18,TCB,153950.0,155200.0,152400.0,154050.0,14926257
2026-08-19,TCB,154250.0,156350.0,153950.0,155900.0,24172056
2026-08-20,TCB,155250.0,155550.0,152050.0,152200.0,20395037
2026-08-21,TCB,152450.0,153200.0,149550.0,149700.0,26950639
2026-08-24,TCB,149900.0,151050.0,147550.0,148300.0,20186789
2026-08-25,TCB,148800.0,150900.0,146900.0,150500.0,17176472
2026-08-26,TCB,150400.0,153900.0,149800.0,153200.0,17289710
2026-08-27,TCB,152300.0,156550.0,151800.0,155700.0,21881868
2026-08-28,TCB,155700.0,156400.0,150900.0,152250.0,29994420
2026-08-31,TCB,152500.0,152950.0,148000.0,149400.0,23785972
