Date,Symbol,Open,High,Low,Close,Volume
2018-01-01,VCB,55050.0,55300.0,54950.0,55000.0,2051792
2018-01-02,VCB,55400.0,55750.0,55100.0,55550.0,3004790
2018-01-03,VCB,55800.0,55850.0,54150.0,54650.0,4313158
2018-01-04,VCB,55150.0,55300.0,53700.0,54400.0,3378910
2018-01-05,VCB,54600.0,55050.0,53350.0,53900.0,3355966
2018-01-08,VCB,53800.0,54200.0,51950.0,52050.0,4384398
2018-01-09,VCB,52100.0,52400.0,52050.0,52200.0,3608000
2018-01-10,VCB,52100.0,52200.0,51450.0,51600.0,3273785
2018-01-11,VCB,51700.0,52400.0,51500.0,52250.0,3625258
2018-01-12,VCB,52150.0,53250.0,51750.0,52800.0,4061218
2018-01-15,VCB,52950.0,53300.0,51750.0,52250.0,3409372
2018-01-16,VCB,52300.0,53000.0,52000.0,52700.0,3798967
2018-01-17,VCB,52950.0,53200.0,52500.0,52650.0,4248110
2018-01-18,VCB,52200.0,53250.0,51900.0,53000.0,3533884
2018-01-19,VCB,53150.0,53300.0,52850.0,53250.0,2277025
2018-01-22,VCB,53300.0,54350.0,52950.0,54200.0,3532060
2018-01-23,VCB,53850.0,55250.0,53600.0,55050.0,3030393
2018-01-24,VCB,55200.0,56150.0,53600.0,53650.0,4011275
2018-01-25,VCB,53750.0,54400.0,53500.0,54250.0,3147006
2018-01-26,VCB,54100.0,54650.0,53700.0,54400.0,3850571
2018-01-29,VCB,54150.0,54600.0,53050.0,53450.0,4056306
2018-01-30,VCB,53250.0,54150.0,53200.0,54150.0,3464725
2018-01-31,VCB,54400.0,56150.0,54100.0,55450.0,3485403
2018-02-01,VCB,55600.0,55900.0,54850.0,55200.0,2487608
2018-02-02,VCB,55150.0,55900.0,53850.0,54200.0,3545020
2018-02-05,VCB,54150.0,54400.0,53550.0,54000.0,3260650
2018-02-06,VCB,54250.0,54500.0,53850.0,53950.0,4039394
2018-02-07,VCB,53800.0,53850.0,52950.0,53200.0,2666293
2018-02-08,VCB,53050.0,53050.0,52450.0,52650.0,3592857
2018-02-09,VCB,52750.0,53250.0,52000.0,52050.0,3734569
2018-02-12,VCB,52650.0,52700.0,51750.0,51800.0,2820097
2018-02-13,VCB,52050.0,52200.0,50750.0,51150.0,3966591
2018-02-14,VCB,51050.0,51200.0,50900.0,51050.0,3013346
2018-02-15,VCB,51150.0,51350.0,50100.0,50450.0,3655361
2018-02-16,VCB,50350.0,50700.0,49550.0,49950.0,2797000
2018-02-19,VCB,49950.0,50700.0,49950.0,50550.0,2693154
2018-02-20,VCB,50500.0,51400.0,50250.0,50900.0,3134620
2018-02-21,VCB,51150.0,51250.0,50850.0,50900.0,3299449
2018-02-22,VCB,51200.0,51350.0,50450.0,50900.0,3700814
2018-02-23,VCB,51050.0,52350.0,50650.0,51900.0,4627919
2018-02-26,VCB,52150.0,53700.0,52000.0,52700.0,4060315
2018-02-27,VCB,52900.0,54050.0,52650.0,53900.0,3258168
2018-02-28,VCB,53850.0,54550.0,53500.0,54350.0,3520607
2018-03-01,VCB,54100.0,54150.0,53750.0,53800.0,2282233
2018-03-02,VCB,53600.0,53700.0,53450.0,53550.0,3140515
2018-03-05,VCB,53200.0,55250.0,52350.0,55200.0,4628559
2018-03-06,VCB,55450.0,56150.0,55400.0,55600.0,2870743
2018-03-07,VCB,56000.0,56150.0,53850.0,54350.0,3751536
2018-03-08,VCB,54600.0,54850.0,54600.0,54650.0,1971326
2018-03-09,VCB,54400.0,54600.0,54100.0,54250.0,2282908
2018-03-12,VCB,54050.0,55600.0,53800.0,54900.0,3587566
2018-03-13,VCB,54800.0,55150.0,54050.0,54050.0,3683207
2018-03-14,VCB,54050.0,55450.0,53600.0,55150.0,4516499
2018-03-15,VCB,54950.0,55200.0,54550.0,54800.0,3741038
2018-03-16,VCB,54900.0,56800.0,54800.0,56500.0,3536095
2018-03-19,VCB,56350.0,57350.0,55900.0,56750.0,3303082
2018-03-20,VCB,56550.0,58200.0,56500.0,58000.0,4388384
2018-03-21,VCB,58500.0,59050.0,58000.0,58600.0,3170501
2018-03-22,VCB,58600.0,58850.0,56900.0,57150.0,4230295
2018-03-23,VCB,56800.0,57950.0,56350.0,57800.0,3768863
2018-03-26,VCB,57900.0,58450.0,57850.0,58050.0,2898057
2018-03-27,VCB,57950.0,59450.0,57400.0,58700.0,4726809
2018-03-28,VCB,58700.0,60300.0,58350.0,59450.0,3176977
2018-03-29,VCB,58950.0,59000.0,57500.0,57900.0,3611075
2018-03-30,VCB,57900.0,58200.0,57500.0,57900.0,2820126
2018-04-02,VCB,58050.0,58450.0,56450.0,56800.0,5036571
2018-04-03,VCB,56850.0,57300.0,56750.0,57100.0,2248316
2018-04-04,VCB,57000.0,57250.0,55650.0,56250.0,4566828
2018-04-05,VCB,56550.0,56700.0,55250.0,55350.0,2948605
2018-04-06,VCB,55600.0,56150.0,55450.0,55600.0,4130884
2018-04-09,VCB,55650.0,55800.0,54900.0,55750.0,4282452
2018-04-10,VCB,55600.0,56100.0,54750.0,55750.0,4130293
2018-04-11,VCB,55550.0,56200.0,55250.0,55600.0,4147116
2018-04-12,VCB,55600.0,56200.0,55450.0,56000.0,3118226
2018-04-13,VCB,56000.0,58350.0,55650.0,57600.0,3908423
2018-04-16,VCB,57650.0,57800.0,57500.0,57700.0,2862822
2018-04-17,VCB,58100.0,58400.0,57400.0,57550.0,3184164
2018-04-18,VCB,57600.0,57850.0,56650.0,57050.0,4179896
2018-04-19,VCB,57100.0,58350.0,57100.0,57900.0,2632232
2018-04-20,VCB,57750.0,58300.0,57600.0,57750.0,3205081
2018-04-23,VCB,57850.0,58050.0,56450.0,56950.0,2955224
2018-04-24,VCB,56950.0,57150.0,56800.0,57100.0,3781121
2018-04-25,VCB,57200.0,57750.0,57000.0,57550.0,2733199
2018-04-26,VCB,57400.0,57550.0,57050.0,57400.0,2174522
2018-04-27,VCB,57600.0,57850.0,56500.0,56650.0,3278207
2018-04-30,VCB,56550.0,56850.0,56100.0,56500.0,3760525
2018-05-01,VCB,56650.0,57700.0,56250.0,57050.0,3098306
2018-05-02,VCB,56950.0,57200.0,56300.0,56350.0,2403459
2018-05-03,VCB,56050.0,57900.0,55750.0,57450.0,4333556
2018-05-04,VCB,57550.0,58700.0,57200.0,58450.0,3701754
2018-05-07,VCB,58400.0,58650.0,57950.0,58100.0,3583135
2018-05-08,VCB,58150.0,58800.0,57500.0,58100.0,3684302
2018-05-09,VCB,57700.0,57950.0,56150.0,56750.0,4303590
2018-05-10,VCB,56350.0,56950.0,56150.0,56800.0,4093797
2018-05-11,VCB,56900.0,57350.0,55950.0,55950.0,3711632
2018-05-14,VCB,56050.0,56100.0,54750.0,54950.0,4561070
2018-05-15,VCB,54950.0,55100.0,54800.0,55050.0,3357034
2018-05-16,VCB,55150.0,55350.0,54700.0,54800.0,3515166
2018-05-17,VCB,54450.0,54650.0,53600.0,53650.0,2946587
2018-05-18,VCB,53850.0,53950.0,53200.0,53250.0,3450322
2018-05-21,VCB,53300.0,53750.0,53050.0,53450.0,2306682
2018-05-22,VCB,53100.0,53500.0,52650.0,52700.0,3390200
2018-05-23,VCB,52650.0,52900.0,52400.0,52450.0,3124502
2018-05-24,VCB,52050.0,52850.0,51650.0,51700.0,3609901
2018-05-25,VCB,51550.0,52150.0,50950.0,51150.0,2761685
2018-05-28,VCB,51000.0,51300.0,50550.0,50850.0,3773939
2018-05-29,VCB,51200.0,51650.0,51100.0,51350.0,2549865
2018-05-30,VCB,51300.0,52150.0,50900.0,51800.0,3797249
2018-05-31,VCB,51950.0,52250.0,50100.0,50150.0,3911580
2018-06-01,VCB,50050.0,50750.0,49750.0,50500.0,3310955
2018-06-04,VCB,50250.0,51900.0,50200.0,51500.0,2999025
2018-06-05,VCB,51800.0,52250.0,50150.0,50450.0,4674993
2018-06-06,VCB,50300.0,51400.0,50250.0,51250.0,3416614
2018-06-07,VCB,51300.0,51650.0,51100.0,51150.0,2421020
2018-06-08,VCB,50850.0,52150.0,50350.0,52000.0,4489355
2018-06-11,VCB,51850.0,52650.0,51800.0,52450.0,2395829
2018-06-12,VCB,52500.0,52850.0,51350.0,51450.0,2999949
2018-06-13,VCB,51800.0,51900.0,50900.0,51150.0,4259980
2018-06-14,VCB,51100.0,52550.0,50650.0,52300.0,3166258
2018-06-15,VCB,52600.0,52750.0,51000.0,51050.0,3221433
2018-06-18,VCB,51200.0,51700.0,50450.0,50650.0,3597114
2018-06-19,VCB,50850.0,51100.0,50050.0,50350.0,4450360
2018-06-20,VCB,50200.0,50200.0,49550.0,50100.0,2475119
2018-06-21,VCB,49750.0,50200.0,49650.0,49900.0,2562258
2018-06-22,VCB,50150.0,50950.0,49800.0,50900.0,2891661
2018-06-25,VCB,51050.0,51400.0,50900.0,50950.0,3026481
2018-06-26,VCB,50850.0,51350.0,50600.0,50850.0,3018030
2018-06-27,VCB,50700.0,51800.0,50650.0,51550.0,3421597
2018-06-28,VCB,51050.0,51500.0,50800.0,51300.0,3080366
2018-06-29,VCB,51250.0,51450.0,50750.0,50750.0,4157653
2018-07-02,VCB,50600.0,51550.0,50550.0,51150.0,3307027
2018-07-03,VCB,50850.0,50900.0,50700.0,50750.0,3614635
2018-07-04,VCB,50550.0,50700.0,50150.0,50350.0,3311118
2018-07-05,VCB,50350.0,50500.0,49500.0,49900.0,3077804
2018-07-06,VCB,50050.0,50150.0,49050.0,49250.0,3583066
2018-07-09,VCB,49150.0,50150.0,48650.0,49750.0,4824684
2018-07-10,VCB,49750.0,50250.0,49750.0,49950.0,3244612
2018-07-11,VCB,50150.0,51150.0,49550.0,51000.0,4268696
2018-07-12,VCB,51150.0,51650.0,48900.0,49050.0,4313356
2018-07-13,VCB,49200.0,49550.0,48900.0,49200.0,2523338
2018-07-16,VCB,49100.0,49650.0,48150.0,48550.0,4607864
2018-07-17,VCB,48450.0,48950.0,48050.0,48550.0,2747995
2018-07-18,VCB,48550.0,48850.0,48350.0,48650.0,3040667
2018-07-19,VCB,48550.0,49200.0,48050.0,48350.0,2824793
2018-07-20,VCB,48050.0,48500.0,48000.0,48450.0,2974620
2018-07-23,VCB,48850.0,50000.0,48500.0,49650.0,3346529
2018-07-24,VCB,49750.0,49850.0,49500.0,49500.0,3387062
2018-07-25,VCB,49400.0,49900.0,49350.0,49750.0,2702656
2018-07-26,VCB,49650.0,50500.0,49500.0,50500.0,4078077
2018-07-27,VCB,50550.0,52200.0,50350.0,51350.0,4119588
2018-07-30,VCB,51600.0,51700.0,50850.0,51400.0,3195708
2018-07-31,VCB,51150.0,51200.0,49500.0,50100.0,3774773
2018-08-01,VCB,50150.0,52000.0,49500.0,51550.0,4015023
2018-08-02,VCB,51300.0,51700.0,50550.0,50800.0,2656068
2018-08-03,VCB,51350.0,51750.0,49600.0,50200.0,4477625
2018-08-06,VCB,50600.0,50950.0,49500.0,49700.0,3515281
2018-08-07,VCB,49850.0,49850.0,48100.0,48150.0,4500261
2018-08-08,VCB,47900.0,48950.0,47600.0,48850.0,4464664
2018-08-09,VCB,48900.0,49050.0,48700.0,48850.0,2404446
2018-08-10,VCB,48850.0,50200.0,48800.0,50200.0,3270899
2018-08-13,VCB,50600.0,51800.0,49900.0,51450.0,3578785
2018-08-14,VCB,51500.0,51500.0,50350.0,50750.0,3478820
2018-08-15,VCB,50750.0,50800.0,50200.0,50550.0,2710186
2018-08-16,VCB,50700.0,51700.0,50550.0,51550.0,3243515
2018-08-17,VCB,51400.0,52600.0,51200.0,52350.0,4291275
2018-08-20,VCB,51900.0,52550.0,51500.0,52550.0,3227455
2018-08-21,VCB,52650.0,52850.0,51850.0,52150.0,3659499
2018-08-22,VCB,52400.0,53500.0,52100.0,53200.0,3399617
2018-08-23,VCB,53200.0,53250.0,52100.0,52300.0,2978647
2018-08-24,VCB,52350.0,53350.0,52050.0,53200.0,4208461
2018-08-27,VCB,53500.0,53900.0,52500.0,52900.0,4662748
2018-08-28,VCB,52950.0,53450.0,52350.0,53450.0,3454983
2018-08-29,VCB,53200.0,53350.0,52400.0,52600.0,3738132
2018-08-30,VCB,52650.0,52900.0,51300.0,51650.0,3260552
2018-08-31,VCB,51800.0,52050.0,51300.0,51700.0,2825835
2018-09-03,VCB,52050.0,52700.0,50700.0,50900.0,4409919
2018-09-04,VCB,51250.0,51300.0,50350.0,50850.0,3386536
2018-09-05,VCB,50750.0,52200.0,50700.0,51950.0,3474580
2018-09-06,VCB,52050.0,52500.0,52000.0,52300.0,3136587
2018-09-07,VCB,51950.0,52850.0,51650.0,52650.0,4478840
2018-09-10,VCB,52600.0,53050.0,52550.0,52900.0,2621505
2018-09-11,VCB,52750.0,52900.0,52000.0,52400.0,3165889
2018-09-12,VCB,52650.0,53250.0,51650.0,51900.0,3935641
2018-09-13,VCB,51750.0,52050.0,51700.0,51950.0,3524119
2018-09-14,VCB,52100.0,52350.0,51850.0,52050.0,2526372
2018-09-17,VCB,52250.0,52300.0,51550.0,52050.0,3385082
2018-09-18,VCB,52100.0,52300.0,50550.0,50850.0,4700501
2018-09-19,VCB,50750.0,51350.0,50200.0,51050.0,4390767
2018-09-20,VCB,50650.0,52150.0,50500.0,51350.0,3661352
2018-09-21,VCB,51550.0,52050.0,51050.0,51800.0,2932625
2018-09-24,VCB,52050.0,52200.0,51000.0,51200.0,4547735
2018-09-25,VCB,51350.0,51500.0,50650.0,51050.0,3983588
2018-09-26,VCB,51000.0,51050.0,50400.0,50550.0,3929787
2018-09-27,VCB,50450.0,51200.0,50200.0,50700.0,2514079
2018-09-28,VCB,50800.0,51950.0,50750.0,51750.0,2629410
2018-10-01,VCB,52250.0,53400.0,52150.0,53050.0,3482294
2018-10-02,VCB,52550.0,53000.0,51550.0,52850.0,3672966
2018-10-03,VCB,52550.0,52750.0,52500.0,52650.0,2254250
2018-10-04,VCB,52550.0,53100.0,52500.0,53000.0,3869830
2018-10-05,VCB,53250.0,53700.0,53000.0,53300.0,3947504
2018-10-08,VCB,53350.0,53600.0,52800.0,53000.0,2501859
2018-10-09,VCB,52800.0,52950.0,52150.0,52550.0,4112157
2018-10-10,VCB,52250.0,53100.0,51850.0,52750.0,4207248
2018-10-11,VCB,52600.0,53650.0,52100.0,53200.0,3478843
2018-10-12,VCB,53550.0,53650.0,52950.0,53450.0,4028324
2018-10-15,VCB,53200.0,54850.0,53100.0,54650.0,4278117
2018-10-16,VCB,54700.0,55100.0,53400.0,53950.0,3322448
2018-10-17,VCB,53600.0,54650.0,53300.0,54350.0,3873761
2018-10-18,VCB,54350.0,55300.0,54300.0,55200.0,2613275
2018-10-19,VCB,54850.0,56950.0,54550.0,56950.0,5322952
2018-10-22,VCB,56850.0,57800.0,56300.0,57550.0,4185313
2018-10-23,VCB,57700.0,58050.0,57700.0,58000.0,3449177
2018-10-24,VCB,58250.0,58350.0,57750.0,58050.0,3880907
2018-10-25,VCB,58250.0,60350.0,58250.0,60200.0,3554033
2018-10-26,VCB,60450.0,62450.0,60400.0,61600.0,4399196
2018-10-29,VCB,61900.0,62450.0,60400.0,60450.0,3742204
2018-10-30,VCB,60600.0,60850.0,58650.0,58950.0,3157985
2018-10-31,VCB,59000.0,59500.0,58300.0,59100.0,4277768
2018-11-01,VCB,59200.0,59900.0,58900.0,59450.0,4298728
2018-11-02,VCB,59500.0,60200.0,58900.0,60000.0,4221082
2018-11-05,VCB,59950.0,61550.0,59900.0,61150.0,4500070
2018-11-06,VCB,61100.0,62100.0,60650.0,62100.0,4127151
2018-11-07,VCB,62100.0,62200.0,61550.0,61600.0,2283865
2018-11-08,VCB,61300.0,63050.0,60550.0,63000.0,4535936
2018-11-09,VCB,63000.0,63600.0,62900.0,63200.0,3483521
2018-11-12,VCB,63250.0,63600.0,62800.0,62850.0,3277131
2018-11-13,VCB,62550.0,62750.0,62000.0,62300.0,2675574
2018-11-14,VCB,62150.0,64800.0,61400.0,64350.0,4384929
2018-11-15,VCB,65100.0,65950.0,64900.0,65700.0,2778882
2018-11-16,VCB,66150.0,66350.0,66000.0,66100.0,3457709
2018-11-19,VCB,66450.0,67450.0,66150.0,67300.0,2545305
2018-11-20,VCB,67150.0,68650.0,67050.0,68550.0,4032413
2018-11-21,VCB,68450.0,68800.0,67050.0,67350.0,4140199
2018-11-22,VCB,67200.0,68300.0,66500.0,68300.0,3793521
2018-11-23,VCB,67500.0,68400.0,67250.0,68400.0,3619884
2018-11-26,VCB,68250.0,72400.0,67600.0,71550.0,4943058
2018-11-27,VCB,70950.0,71700.0,70450.0,71500.0,4002536
2018-11-28,VCB,71600.0,72450.0,71250.0,72050.0,2763582
2018-11-29,VCB,71900.0,72050.0,71550.0,71650.0,3528554
2018-11-30,VCB,71950.0,72750.0,70100.0,70150.0,4123809
2018-12-03,VCB,70250.0,70600.0,69500.0,70000.0,2705349
2018-12-04,VCB,69950.0,69950.0,69000.0,69100.0,4098827
2018-12-05,VCB,69000.0,69600.0,66500.0,67500.0,4048929
2018-12-06,VCB,67300.0,68000.0,66400.0,67850.0,3960634
2018-12-07,VCB,67400.0,69000.0,67300.0,67900.0,4095706
2018-12-10,VCB,67750.0,69450.0,67500.0,68950.0,4326677
2018-12-11,VCB,68400.0,71000.0,68150.0,70450.0,5199723
2018-12-12,VCB,70700.0,71100.0,69800.0,70500.0,3550403
2018-12-13,VCB,70250.0,71100.0,69950.0,70900.0,4315883
2018-12-14,VCB,70700.0,70800.0,70700.0,70700.0,3674528
2018-12-17,VCB,70900.0,72800.0,70700.0,72450.0,3773063
2018-12-18,VCB,72900.0,73300.0,70750.0,71500.0,3175564
2018-12-19,VCB,71700.0,72600.0,71450.0,72250.0,4224087
2018-12-20,VCB,72250.0,72500.0,72100.0,72100.0,2848207
2018-12-21,VCB,72100.0,73750.0,71850.0,73400.0,4694628
2018-12-24,VCB,73850.0,74250.0,72050.0,72600.0,3166627
2018-12-25,VCB,72700.0,72700.0,71200.0,71350.0,4136627
2018-12-26,VCB,71600.0,72100.0,70250.0,70800.0,3164173
2018-12-27,VCB,71350.0,71450.0,70650.0,71300.0,3734072
2018-12-28,VCB,71650.0,72200.0,71050.0,71200.0,3165500
2018-12-31,VCB,71450.0,73600.0,70700.0,73100.0,4137627
2019-01-01,VCB,73100.0,74050.0,72450.0,74000.0,2952060
2019-01-02,VCB,74300.0,74550.0,73450.0,74200.0,2614250
2019-01-03,VCB,74950.0,75600.0,74050.0,74250.0,4148136
2019-01-04,VCB,74400.0,74400.0,73650.0,73850.0,3169208
2019-01-07,VCB,73950.0,74750.0,73450.0,73550.0,3600325
2019-01-08,VCB,73800.0,74950.0,73500.0,74850.0,2963845
2019-01-09,VCB,74750.0,75600.0,74700.0,75550.0,2395906
2019-01-10,VCB,75300.0,78950.0,74700.0,78250.0,4909551
2019-01-11,VCB,78250.0,79550.0,78250.0,78700.0,4140314
2019-01-14,VCB,78950.0,80150.0,78150.0,79900.0,4222412
2019-01-15,VCB,79250.0,79550.0,79200.0,79400.0,1965085
2019-01-16,VCB,78900.0,79700.0,78450.0,79300.0,4158038
2019-01-17,VCB,79650.0,79700.0,77750.0,77950.0,3560695
2019-01-18,VCB,78800.0,78800.0,76250.0,76750.0,3985469
2019-01-21,VCB,77100.0,77100.0,75300.0,76150.0,3399980
2019-01-22,VCB,76150.0,76250.0,75350.0,75650.0,2656150
2019-01-23,VCB,75650.0,75800.0,75600.0,75650.0,2613562
2019-01-24,VCB,75950.0,77050.0,75900.0,76950.0,3587240
2019-01-25,VCB,76550.0,78050.0,76350.0,77250.0,3076419
2019-01-28,VCB,77050.0,78600.0,76500.0,78250.0,2902816
2019-01-29,VCB,78750.0,79400.0,78250.0,78800.0,3400878
2019-01-30,VCB,78350.0,79200.0,77300.0,77400.0,3824016
2019-01-31,VCB,77050.0,77050.0,75300.0,75500.0,4430301
2019-02-01,VCB,75850.0,76650.0,75450.0,75850.0,3221870
2019-02-04,VCB,76300.0,78050.0,76250.0,77300.0,3883497
2019-02-05,VCB,76600.0,79300.0,76300.0,78900.0,3946948
2019-02-06,VCB,78850.0,79300.0,78800.0,79150.0,3846079
2019-02-07,VCB,79200.0,81250.0,79050.0,81200.0,4591739
2019-02-08,VCB,81500.0,81950.0,81200.0,81300.0,3339503
2019-02-11,VCB,80750.0,81100.0,80450.0,80750.0,2613230
2019-02-12,VCB,81150.0,81250.0,81100.0,81100.0,2468763
2019-02-13,VCB,81350.0,82100.0,79700.0,79700.0,3735888
2019-02-14,VCB,79550.0,80700.0,79350.0,80400.0,2966284
2019-02-15,VCB,80300.0,80850.0,80000.0,80550.0,2654704
2019-02-18,VCB,80850.0,81800.0,80850.0,81550.0,3734417
2019-02-19,VCB,81200.0,81450.0,80450.0,80900.0,4125992
2019-02-20,VCB,80500.0,81550.0,80100.0,80150.0,2732912
2019-02-21,VCB,80100.0,81600.0,79750.0,81400.0,4052551
2019-02-22,VCB,81550.0,82000.0,80800.0,81150.0,3035668
2019-02-25,VCB,81700.0,82100.0,79750.0,80000.0,3642898
2019-02-26,VCB,79500.0,81800.0,78900.0,81400.0,3354085
2019-02-27,VCB,81500.0,83900.0,80150.0,83500.0,3614949
2019-02-28,VCB,83350.0,84150.0,83000.0,83050.0,2982070
2019-03-01,VCB,82700.0,83400.0,82350.0,83250.0,4083526
2019-03-04,VCB,83650.0,83700.0,81750.0,82600.0,4608823
2019-03-05,VCB,82900.0,83750.0,81900.0,82300.0,4356743
2019-03-06,VCB,83100.0,84050.0,82300.0,82350.0,2806468
2019-03-07,VCB,81950.0,82650.0,81450.0,81900.0,3157159
2019-03-08,VCB,81750.0,84300.0,81250.0,83250.0,4083911
2019-03-11,VCB,83150.0,83600.0,82300.0,82800.0,3332393
2019-03-12,VCB,83100.0,83150.0,82300.0,82350.0,3376481
2019-03-13,VCB,81900.0,81900.0,80550.0,81400.0,2623965
2019-03-14,VCB,81400.0,83000.0,81150.0,82400.0,3137913
2019-03-15,VCB,82150.0,83800.0,81650.0,83550.0,2876808
2019-03-18,VCB,83450.0,84200.0,83450.0,83500.0,2418708
2019-03-19,VCB,83250.0,84700.0,83050.0,83750.0,2528637
2019-03-20,VCB,83650.0,84400.0,82150.0,82850.0,3271777
2019-03-21,VCB,82700.0,82950.0,82000.0,82750.0,3505417
2019-03-22,VCB,82500.0,83750.0,81900.0,82350.0,2935831
2019-03-25,VCB,82350.0,83850.0,82300.0,83500.0,2754902
2019-03-26,VCB,83250.0,83500.0,81400.0,82600.0,3759338
2019-03-27,VCB,82950.0,83850.0,82800.0,83100.0,3151047
2019-03-28,VCB,83850.0,84500.0,81800.0,82600.0,3211353
2019-03-29,VCB,82850.0,83200.0,82150.0,82400.0,4186696
2019-04-01,VCB,82700.0,83800.0,82350.0,83700.0,4013284
2019-04-02,VCB,83650.0,83700.0,82650.0,82950.0,3909536
2019-04-03,VCB,83050.0,84350.0,82850.0,84200.0,2818290
2019-04-04,VCB,83800.0,85350.0,83750.0,84900.0,3023629
2019-04-05,VCB,85200.0,87050.0,85050.0,86750.0,3949470
2019-04-08,VCB,86300.0,86650.0,86000.0,86500.0,3552227
2019-04-09,VCB,86300.0,87750.0,85800.0,86750.0,3289970
2019-04-10,VCB,86550.0,87150.0,85850.0,86800.0,2346920
2019-04-11,VCB,87000.0,87200.0,84850.0,85200.0,4261482
2019-04-12,VCB,85750.0,87200.0,85550.0,86450.0,4324712
2019-04-15,VCB,87200.0,87500.0,86050.0,86850.0,4367176
2019-04-16,VCB,87000.0,89300.0,86100.0,89000.0,4261578
2019-04-17,VCB,89200.0,90100.0,88050.0,89550.0,2782528
2019-04-18,VCB,89800.0,90350.0,87450.0,87500.0,3762326
2019-04-19,VCB,87350.0,87500.0,85000.0,85500.0,4048326
2019-04-22,VCB,85050.0,85200.0,83900.0,83950.0,3117564
2019-04-23,VCB,84150.0,84400.0,82800.0,82950.0,3968511
2019-04-24,VCB,82300.0,84050.0,81900.0,83800.0,3682469
2019-04-25,VCB,83300.0,83550.0,82950.0,83550.0,3241197
2019-04-26,VCB,83500.0,84100.0,82800.0,83150.0,4202872
2019-04-29,VCB,83150.0,84050.0,82600.0,84000.0,3362874
2019-04-30,VCB,84300.0,85050.0,84150.0,84950.0,2594457
2019-05-01,VCB,85000.0,86600.0,84550.0,86250.0,3083001
2019-05-02,VCB,86000.0,86100.0,83850.0,84400.0,4597118
2019-05-03,VCB,84450.0,84700.0,81450.0,82300.0,3626834
2019-05-06,VCB,82350.0,82950.0,81250.0,81550.0,4109091
2019-05-07,VCB,80900.0,80900.0,79500.0,80450.0,3079341
2019-05-08,VCB,80800.0,81400.0,78350.0,78550.0,3220393
2019-05-09,VCB,78450.0,78450.0,77100.0,77900.0,3440836
2019-05-10,VCB,77900.0,78200.0,77450.0,77550.0,3634501
2019-05-13,VCB,77700.0,77850.0,77300.0,77450.0,2042642
2019-05-14,VCB,77250.0,77400.0,75500.0,75650.0,3586731
2019-05-15,VCB,76100.0,76450.0,74350.0,74950.0,3858912
2019-05-16,VCB,75150.0,75450.0,75000.0,75200.0,2548485
2019-05-17,VCB,75400.0,75400.0,74800.0,75300.0,3934031
2019-05-20,VCB,75400.0,75550.0,74650.0,74750.0,4039455
2019-05-21,VCB,74500.0,74850.0,72250.0,73600.0,4325770
2019-05-22,VCB,73550.0,74150.0,73300.0,74100.0,3411327
2019-05-23,VCB,74300.0,75300.0,73050.0,73500.0,3671599
2019-05-24,VCB,73400.0,73600.0,73200.0,73200.0,3794577
2019-05-27,VCB,73250.0,74850.0,72900.0,74150.0,4097313
2019-05-28,VCB,73800.0,74550.0,73350.0,74550.0,3301094
2019-05-29,VCB,75150.0,75800.0,74150.0,74600.0,4122802
2019-05-30,VCB,74550.0,74850.0,73850.0,74350.0,3211625
2019-05-31,VCB,74350.0,74400.0,72900.0,73100.0,4043359
2019-06-03,VCB,73000.0,73700.0,72450.0,72550.0,4213315
2019-06-04,VCB,72450.0,73200.0,72200.0,73000.0,3898633
2019-06-05,VCB,73000.0,73500.0,72750.0,72950.0,3024210
2019-06-06,VCB,72950.0,73300.0,71350.0,72300.0,3951446
2019-06-07,VCB,72200.0,74500.0,71800.0,74100.0,3506640
2019-06-10,VCB,74100.0,75600.0,73700.0,75600.0,3415471
2019-06-11,VCB,75550.0,75800.0,74600.0,75300.0,3504873
2019-06-12,VCB,75450.0,76750.0,74850.0,76050.0,3213452
2019-06-13,VCB,76000.0,77500.0,75650.0,76900.0,2662557
2019-06-14,VCB,76950.0,77350.0,76500.0,76500.0,3098156
2019-06-17,VCB,76250.0,76750.0,76000.0,76550.0,2987177
2019-06-18,VCB,76850.0,77150.0,76100.0,76250.0,2787300
2019-06-19,VCB,76500.0,76850.0,75800.0,76100.0,3359988
2019-06-20,VCB,76100.0,76250.0,75500.0,75750.0,3781699
2019-06-21,VCB,75700.0,76200.0,75550.0,76000.0,3677045
2019-06-24,VCB,75900.0,76900.0,75900.0,76100.0,4104855
2019-06-25,VCB,75550.0,75700.0,74300.0,74350.0,2562869
2019-06-26,VCB,74500.0,74850.0,72450.0,72600.0,3366839
2019-06-27,VCB,72250.0,72850.0,71350.0,72550.0,4072283
2019-06-28,VCB,72600.0,74300.0,72050.0,74100.0,4578574
2019-07-01,VCB,74600.0,74950.0,73500.0,73900.0,2610849
2019-07-02,VCB,73600.0,74950.0,73350.0,74250.0,3181104
2019-07-03,VCB,74150.0,74250.0,72800.0,73550.0,4068832
2019-07-04,VCB,73550.0,73950.0,73300.0,73850.0,2820284
2019-07-05,VCB,73550.0,74950.0,73500.0,74900.0,4081299
2019-07-08,VCB,74800.0,75150.0,73950.0,74100.0,3517064
2019-07-09,VCB,74200.0,75100.0,73550.0,73950.0,4312196
2019-07-10,VCB,73850.0,75000.0,73550.0,74300.0,4267417
2019-07-11,VCB,74650.0,76000.0,74500.0,75600.0,4236476
2019-07-12,VCB,75850.0,76150.0,74300.0,75150.0,3985960
2019-07-15,VCB,75050.0,75250.0,74300.0,74500.0,3405420
2019-07-16,VCB,74300.0,75250.0,74200.0,75000.0,2424926
2019-07-17,VCB,75050.0,77650.0,74750.0,77050.0,4388044
2019-07-18,VCB,76800.0,77100.0,76450.0,76950.0,2956212
2019-07-19,VCB,76550.0,78950.0,75300.0,78500.0,3755067
2019-07-22,VCB,78900.0,80000.0,78850.0,79400.0,3598093
2019-07-23,VCB,79450.0,80100.0,78800.0,79700.0,4309311
2019-07-24,VCB,79650.0,80300.0,79450.0,79500.0,2272344
2019-07-25,VCB,79550.0,82050.0,79500.0,81500.0,3136315
2019-07-26,VCB,81550.0,83050.0,81100.0,82850.0,3317502
2019-07-29,VCB,82500.0,82650.0,81200.0,81800.0,3862432
2019-07-30,VCB,82300.0,82600.0,82000.0,82100.0,2559948
2019-07-31,VCB,82000.0,82850.0,81950.0,82750.0,2402431
2019-08-01,VCB,83150.0,83650.0,81550.0,81850.0,3719904
2019-08-02,VCB,81650.0,81900.0,80050.0,80900.0,2980242
2019-08-05,VCB,80600.0,80600.0,78750.0,79100.0,3238680
2019-08-06,VCB,79150.0,79150.0,78500.0,79050.0,2995757
2019-08-07,VCB,78950.0,80750.0,78650.0,80350.0,3889015
2019-08-08,VCB,80150.0,81950.0,80050.0,81850.0,4539866
2019-08-09,VCB,81800.0,83650.0,81700.0,83400.0,3573408
2019-08-12,VCB,83500.0,84250.0,83300.0,83300.0,3288160
2019-08-13,VCB,82950.0,83350.0,82400.0,83250.0,2815302
2019-08-14,VCB,83200.0,83250.0,81450.0,81900.0,2617087
2019-08-15,VCB,81650.0,83000.0,81550.0,82300.0,3164780
2019-08-16,VCB,82400.0,83400.0,82350.0,83150.0,2232597
2019-08-19,VCB,83700.0,84200.0,82700.0,82900.0,3649283
2019-08-20,VCB,83700.0,84450.0,83250.0,84400.0,2876457
2019-08-21,VCB,84450.0,84750.0,82600.0,83050.0,3071482
2019-08-22,VCB,83100.0,83800.0,83000.0,83350.0,3451660
2019-08-23,VCB,83200.0,83350.0,81500.0,81500.0,4075635
2019-08-26,VCB,81500.0,81500.0,77900.0,78250.0,4836175
2019-08-27,VCB,78200.0,79900.0,77200.0,78900.0,3330977
2019-08-28,VCB,78750.0,79050.0,77800.0,78300.0,3414521
2019-08-29,VCB,78500.0,79100.0,78250.0,78950.0,2801234
2019-08-30,VCB,79150.0,79800.0,79150.0,79600.0,2169314
2019-09-02,VCB,79800.0,80000.0,77300.0,77350.0,3299386
2019-09-03,VCB,77650.0,78000.0,76500.0,76550.0,3166003
2019-09-04,VCB,76550.0,77500.0,76300.0,76750.0,2664557
2019-09-05,VCB,76550.0,76650.0,76150.0,76250.0,3989895
2019-09-06,VCB,76100.0,76550.0,75000.0,75450.0,3230586
2019-09-09,VCB,75900.0,76200.0,75350.0,75500.0,2549303
2019-09-10,VCB,75550.0,75750.0,75300.0,75500.0,2578388
2019-09-11,VCB,75200.0,75250.0,74450.0,74550.0,2688472
2019-09-12,VCB,74750.0,75550.0,74600.0,75350.0,2716205
2019-09-13,VCB,75300.0,76150.0,74800.0,76000.0,3914418
2019-09-16,VCB,75950.0,77450.0,75800.0,77250.0,3620861
2019-09-17,VCB,77350.0,77550.0,75050.0,75850.0,4962302
2019-09-18,VCB,76000.0,76450.0,75850.0,76250.0,2305449
2019-09-19,VCB,76150.0,76750.0,75500.0,76050.0,2671023
2019-09-20,VCB,76050.0,76950.0,74750.0,75400.0,4326928
2019-09-23,VCB,75750.0,75750.0,74300.0,74450.0,3883627
2019-09-24,VCB,74800.0,74950.0,73350.0,73450.0,4426898
2019-09-25,VCB,73200.0,74100.0,72650.0,72950.0,4316645
2019-09-26,VCB,73100.0,73300.0,71800.0,72200.0,3982279
2019-09-27,VCB,72350.0,73950.0,72000.0,73350.0,2877439
2019-09-30,VCB,73100.0,74550.0,72900.0,74250.0,4272452
2019-10-01,VCB,74250.0,74500.0,73250.0,74100.0,2701766
2019-10-02,VCB,74400.0,74650.0,73700.0,73700.0,4150864
2019-10-03,VCB,74050.0,74500.0,73000.0,73100.0,2767839
2019-10-04,VCB,73350.0,73350.0,72800.0,73150.0,3779757
2019-10-07,VCB,72750.0,74100.0,72350.0,73750.0,3457917
2019-10-08,VCB,73850.0,76350.0,73600.0,76100.0,3761525
2019-10-09,VCB,76000.0,76500.0,74600.0,75200.0,2798178
2019-10-10,VCB,75000.0,77250.0,74900.0,76400.0,3217707
2019-10-11,VCB,76450.0,77300.0,75750.0,76800.0,4177951
2019-10-14,VCB,76350.0,77100.0,73850.0,74250.0,4283513
2019-10-15,VCB,74100.0,75000.0,73900.0,74800.0,2799746
2019-10-16,VCB,75050.0,75300.0,73900.0,74550.0,3725199
2019-10-17,VCB,74450.0,75750.0,74300.0,75700.0,2956353
2019-10-18,VCB,75750.0,75950.0,75450.0,75900.0,3364688
2019-10-21,VCB,75400.0,77350.0,75300.0,77150.0,4254354
2019-10-22,VCB,77000.0,78300.0,76750.0,78150.0,3309446
2019-10-23,VCB,78050.0,78150.0,76650.0,77150.0,3851179
2019-10-24,VCB,77400.0,77950.0,77200.0,77900.0,3497041
2019-10-25,VCB,77850.0,78400.0,77750.0,78200.0,2565910
2019-10-28,VCB,78150.0,79250.0,77450.0,79150.0,3135451
2019-10-29,VCB,80150.0,80800.0,78750.0,78850.0,2815283
2019-10-30,VCB,79100.0,80050.0,78600.0,79750.0,3070822
2019-10-31,VCB,79850.0,80750.0,77700.0,78050.0,4100192
2019-11-01,VCB,77800.0,78100.0,74850.0,75600.0,4113232
2019-11-04,VCB,75650.0,76650.0,75100.0,75200.0,3633341
2019-11-05,VCB,74850.0,77950.0,73950.0,77000.0,5103879
2019-11-06,VCB,77000.0,79150.0,76550.0,78500.0,4966592
2019-11-07,VCB,78300.0,78750.0,77100.0,77400.0,4002942
2019-11-08,VCB,77300.0,78650.0,77100.0,78200.0,3444805
2019-11-11,VCB,77800.0,78650.0,77150.0,78250.0,3999915
2019-11-12,VCB,78700.0,78800.0,77150.0,77500.0,3243981
2019-11-13,VCB,77050.0,77650.0,76100.0,77250.0,3594004
2019-11-14,VCB,77000.0,77350.0,76150.0,76500.0,2767349
2019-11-15,VCB,76500.0,76850.0,75850.0,76200.0,2296692
2019-11-18,VCB,76200.0,78200.0,75650.0,77200.0,3852826
2019-11-19,VCB,77200.0,78900.0,77100.0,78750.0,2921705
2019-11-20,VCB,79000.0,79450.0,77150.0,78000.0,3396835
2019-11-21,VCB,77400.0,79600.0,77400.0,79400.0,4178063
2019-11-22,VCB,79250.0,79700.0,79200.0,79300.0,3460374
2019-11-25,VCB,79150.0,80500.0,79000.0,80200.0,2647445
2019-11-26,VCB,80250.0,81600.0,80150.0,81400.0,3400809
2019-11-27,VCB,82000.0,82000.0,79550.0,80100.0,2928659
2019-11-28,VCB,79800.0,81650.0,79100.0,81000.0,3881470
2019-11-29,VCB,81050.0,81750.0,79100.0,79350.0,4602870
2019-12-02,VCB,78950.0,80200.0,78850.0,80100.0,3296516
2019-12-03,VCB,80000.0,82800.0,79900.0,81650.0,3302628
2019-12-04,VCB,81900.0,82300.0,81050.0,81200.0,3872419
2019-12-05,VCB,81500.0,81700.0,79150.0,79300.0,4048894
2019-12-06,VCB,79350.0,81000.0,77000.0,77450.0,4080457
2019-12-09,VCB,77850.0,77950.0,76900.0,77300.0,2839694
2019-12-10,VCB,77400.0,78750.0,76650.0,78200.0,3380745
2019-12-11,VCB,78250.0,78550.0,77900.0,78350.0,3095050
2019-12-12,VCB,78650.0,79150.0,77250.0,78000.0,4498725
2019-12-13,VCB,77350.0,77900.0,77350.0,77850.0,3578656
2019-12-16,VCB,77100.0,78400.0,76100.0,78400.0,4348802
2019-12-17,VCB,78400.0,79000.0,77500.0,78750.0,2887972
2019-12-18,VCB,79150.0,79400.0,78400.0,78850.0,3298013
2019-12-19,VCB,78900.0,81400.0,78200.0,81000.0,4378029
2019-12-20,VCB,80800.0,81400.0,80350.0,81050.0,2965842
2019-12-23,VCB,80300.0,80950.0,80250.0,80650.0,2792882
2019-12-24,VCB,80400.0,82900.0,79550.0,81600.0,4083121
2019-12-25,VCB,81800.0,82400.0,80950.0,81550.0,3527056
2019-12-26,VCB,81600.0,83850.0,81000.0,83700.0,4576590
2019-12-27,VCB,83700.0,84550.0,83100.0,84000.0,4249954
2019-12-30,VCB,83900.0,84250.0,83850.0,84200.0,3465515
2019-12-31,VCB,83900.0,84750.0,83900.0,84450.0,2222287
2020-01-01,VCB,84250.0,86100.0,84000.0,85950.0,3990578
2020-01-02,VCB,86050.0,86650.0,84750.0,85300.0,3282433
2020-01-03,VCB,85250.0,85900.0,83550.0,83700.0,3698567
2020-01-06,VCB,83850.0,85350.0,83650.0,84700.0,4141269
2020-01-07,VCB,84800.0,85650.0,81900.0,82500.0,4137160
2020-01-08,VCB,82550.0,85000.0,82150.0,84400.0,3629895
2020-01-09,VCB,84500.0,84500.0,82400.0,82550.0,3715155
2020-01-10,VCB,82600.0,84350.0,82500.0,84300.0,3411697
2020-01-13,VCB,84700.0,84850.0,83250.0,83450.0,2690068
2020-01-14,VCB,82950.0,84650.0,82650.0,83550.0,2666342
2020-01-15,VCB,83100.0,83250.0,81650.0,82800.0,4466961
2020-01-16,VCB,82000.0,82000.0,81750.0,81950.0,3507146
2020-01-17,VCB,81250.0,83900.0,80400.0,83500.0,5032718
2020-01-20,VCB,83400.0,83800.0,82950.0,82950.0,2559514
2020-01-21,VCB,82350.0,82500.0,82200.0,82250.0,3337453
2020-01-22,VCB,81800.0,82050.0,80100.0,80500.0,3884379
2020-01-23,VCB,80950.0,82900.0,80650.0,82800.0,3977585
2020-01-24,VCB,82900.0,82950.0,80550.0,81150.0,3221745
2020-01-27,VCB,81550.0,81850.0,80600.0,81650.0,2646834
2020-01-28,VCB,81750.0,82950.0,81600.0,82700.0,3198928
2020-01-29,VCB,82100.0,82300.0,81450.0,81650.0,2524463
2020-01-30,VCB,81500.0,83500.0,81400.0,83100.0,2833849
2020-01-31,VCB,83800.0,84300.0,80350.0,80350.0,4308510
2020-02-03,VCB,80650.0,80900.0,79850.0,80500.0,2745548
2020-02-04,VCB,80000.0,80300.0,79150.0,79400.0,4064112
2020-02-05,VCB,78900.0,80900.0,78900.0,80400.0,2964386
2020-02-06,VCB,80850.0,81600.0,80550.0,80750.0,3182331
2020-02-07,VCB,80950.0,81300.0,80100.0,80700.0,3296541
2020-02-10,VCB,80500.0,80550.0,79900.0,80450.0,3126299
2020-02-11,VCB,80450.0,81900.0,80300.0,81550.0,4391872
2020-02-12,VCB,82200.0,83350.0,81650.0,82800.0,3816174
2020-02-13,VCB,82700.0,82950.0,82150.0,82450.0,3283236
2020-02-14,VCB,82300.0,82950.0,81450.0,81850.0,3231951
2020-02-17,VCB,81900.0,82000.0,80650.0,80850.0,2969523
2020-02-18,VCB,80400.0,82800.0,80200.0,82150.0,4361920
2020-02-19,VCB,81750.0,83450.0,81650.0,82450.0,3482793
2020-02-20,VCB,82250.0,82650.0,81450.0,81800.0,2362993
2020-02-21,VCB,81150.0,81450.0,81000.0,81150.0,2347339
2020-02-24,VCB,81600.0,81850.0,80650.0,80750.0,3052222
2020-02-25,VCB,80900.0,81200.0,80300.0,80350.0,3453290
2020-02-26,VCB,80300.0,81050.0,77800.0,78250.0,4887390
2020-02-27,VCB,77850.0,80950.0,77750.0,80500.0,5086061
2020-02-28,VCB,80800.0,81150.0,79450.0,80850.0,2856450
2020-03-02,VCB,80900.0,81100.0,78900.0,80150.0,4014932
2020-03-03,VCB,80050.0,80500.0,79700.0,80050.0,2892778
2020-03-04,VCB,80300.0,80500.0,78400.0,78700.0,3818429
2020-03-05,VCB,79150.0,79500.0,79150.0,79400.0,2590990
2020-03-06,VCB,79950.0,80550.0,79400.0,80100.0,3151037
2020-03-09,VCB,80150.0,80450.0,79800.0,80300.0,2512106
2020-03-10,VCB,80450.0,80550.0,79800.0,80500.0,3882845
2020-03-11,VCB,80550.0,81250.0,80450.0,80800.0,2869883
2020-03-12,VCB,80450.0,82800.0,80400.0,81850.0,4318308
2020-03-13,VCB,81350.0,82400.0,80700.0,81600.0,3362144
2020-03-16,VCB,81300.0,82150.0,81200.0,81250.0,2552824
2020-03-17,VCB,81450.0,82000.0,81200.0,81650.0,2869895
2020-03-18,VCB,81550.0,82900.0,80600.0,82600.0,4711657
2020-03-19,VCB,82000.0,82600.0,81350.0,81550.0,3728878
2020-03-20,VCB,82250.0,84400.0,82200.0,83700.0,4543204
2020-03-23,VCB,83450.0,84150.0,83300.0,83800.0,3809556
2020-03-24,VCB,83800.0,84200.0,83450.0,83900.0,2389873
2020-03-25,VCB,83550.0,86300.0,83000.0,85500.0,4820238
2020-03-26,VCB,85200.0,86800.0,84400.0,86650.0,4255879
2020-03-27,VCB,87550.0,88500.0,87200.0,87200.0,3008235
2020-03-30,VCB,87150.0,87250.0,85300.0,86100.0,3021852
2020-03-31,VCB,85800.0,85950.0,85350.0,85900.0,3605672
2020-04-01,VCB,86450.0,87050.0,85600.0,86900.0,3122281
2020-04-02,VCB,87050.0,87700.0,86550.0,86700.0,4019441
2020-04-03,VCB,87400.0,88150.0,85700.0,85800.0,4034116
2020-04-06,VCB,85600.0,86850.0,85100.0,86550.0,2534212
2020-04-07,VCB,86050.0,86900.0,85550.0,86650.0,2790324
2020-04-08,VCB,86550.0,88350.0,86450.0,87000.0,2652799
2020-04-09,VCB,86850.0,87350.0,85950.0,85950.0,3314095
2020-04-10,VCB,86200.0,86450.0,83950.0,84050.0,4817685
2020-04-13,VCB,84300.0,85700.0,84100.0,85200.0,3053136
2020-04-14,VCB,85450.0,85500.0,83500.0,83900.0,4522265
2020-04-15,VCB,83350.0,83650.0,82950.0,83350.0,2549714
2020-04-16,VCB,83550.0,83700.0,82650.0,83050.0,3457699
2020-04-17,VCB,83000.0,84300.0,82700.0,84100.0,2929737
2020-04-20,VCB,84150.0,85450.0,83950.0,85100.0,3274712
2020-04-21,VCB,85450.0,86950.0,85000.0,85500.0,4199203
2020-04-22,VCB,85500.0,85750.0,85000.0,85150.0,2199996
2020-04-23,VCB,85500.0,86050.0,85200.0,85800.0,2799400
2020-04-24,VCB,86050.0,86650.0,83650.0,84000.0,4659907
2020-04-27,VCB,83400.0,85200.0,82450.0,84900.0,4521268
2020-04-28,VCB,84850.0,85200.0,82950.0,83950.0,4754389
2020-04-29,VCB,84750.0,85150.0,82800.0,83200.0,3567307
2020-04-30,VCB,83100.0,83350.0,82650.0,82650.0,3318595
2020-05-01,VCB,82950.0,84000.0,81150.0,81350.0,3102132
2020-05-04,VCB,81350.0,83350.0,81350.0,82900.0,3084028
2020-05-05,VCB,83050.0,83700.0,82950.0,83500.0,3590565
2020-05-06,VCB,83700.0,84550.0,83150.0,83300.0,3943360
2020-05-07,VCB,83200.0,86100.0,82950.0,85800.0,3378358
2020-05-08,VCB,85650.0,85800.0,83550.0,84900.0,3502232
2020-05-11,VCB,84700.0,84950.0,82050.0,83000.0,3636018
2020-05-12,VCB,83300.0,84400.0,83200.0,84350.0,2605360
2020-05-13,VCB,84150.0,86400.0,83800.0,85450.0,4202999
2020-05-14,VCB,85650.0,86950.0,85600.0,86500.0,2805955
2020-05-15,VCB,86350.0,88550.0,85950.0,88500.0,4712392
2020-05-18,VCB,88700.0,89150.0,87850.0,88250.0,3301283
2020-05-19,VCB,88400.0,88800.0,86800.0,86850.0,3607537
2020-05-20,VCB,87400.0,87650.0,85450.0,86050.0,3223131
2020-05-21,VCB,85750.0,88150.0,85100.0,87900.0,3927711
2020-05-22,VCB,88000.0,88700.0,87750.0,88350.0,3484075
2020-05-25,VCB,88350.0,89400.0,88100.0,88100.0,2502367
2020-05-26,VCB,87950.0,89800.0,87850.0,89400.0,2921623
2020-05-27,VCB,89050.0,92350.0,88450.0,91650.0,3360517
2020-05-28,VCB,91900.0,92600.0,89350.0,89850.0,4854925
2020-05-29,VCB,90050.0,90950.0,89950.0,90850.0,3953815
2020-06-01,VCB,90650.0,91050.0,90000.0,90150.0,2707420
2020-06-02,VCB,89950.0,93750.0,89550.0,93150.0,4253793
2020-06-03,VCB,93500.0,94100.0,92050.0,92500.0,2908952
2020-06-04,VCB,92400.0,94900.0,92200.0,94600.0,4359199
2020-06-05,VCB,94350.0,94750.0,93450.0,93600.0,3308499
2020-06-08,VCB,93250.0,95850.0,93150.0,95000.0,3599194
2020-06-09,VCB,95050.0,96450.0,94350.0,96450.0,3031623
2020-06-10,VCB,96150.0,97850.0,96100.0,97050.0,3545252
2020-06-11,VCB,97450.0,97950.0,96250.0,97900.0,2447355
2020-06-12,VCB,97700.0,98550.0,96000.0,97000.0,3246983
2020-06-15,VCB,97050.0,97400.0,96450.0,97000.0,3131690
2020-06-16,VCB,96850.0,96900.0,95300.0,96250.0,2965954
2020-06-17,VCB,95950.0,96600.0,95650.0,96300.0,3967886
2020-06-18,VCB,96450.0,97000.0,96100.0,96250.0,2402725
2020-06-19,VCB,96200.0,96700.0,94100.0,94450.0,3521236
2020-06-22,VCB,94900.0,95400.0,92250.0,93650.0,3299863
2020-06-23,VCB,93950.0,94050.0,90000.0,90950.0,3987588
2020-06-24,VCB,91000.0,91300.0,89400.0,89650.0,3905181
2020-06-25,VCB,89400.0,90450.0,89400.0,89950.0,2238264
2020-06-26,VCB,89850.0,90200.0,89300.0,89650.0,2763030
2020-06-29,VCB,89650.0,91500.0,88600.0,90750.0,4366125
2020-06-30,VCB,89900.0,91400.0,89750.0,90750.0,4179323
2020-07-01,VCB,90400.0,91200.0,90300.0,90700.0,3990299
2020-07-02,VCB,91350.0,91700.0,90450.0,90850.0,3342218
2020-07-03,VCB,90850.0,91450.0,90100.0,90250.0,3534441
2020-07-06,VCB,90000.0,90800.0,87150.0,87550.0,4695535
2020-07-07,VCB,87550.0,87550.0,86200.0,86850.0,3809839
2020-07-08,VCB,86800.0,87100.0,84900.0,84900.0,3206109
2020-07-09,VCB,84350.0,86350.0,84100.0,85550.0,4695272
2020-07-10,VCB,85650.0,85700.0,82600.0,82750.0,3848669
2020-07-13,VCB,83000.0,83400.0,82600.0,83100.0,3260916
2020-07-14,VCB,82750.0,85450.0,82750.0,84850.0,3643905
2020-07-15,VCB,85350.0,85650.0,83350.0,83700.0,4377120
2020-07-16,VCB,83450.0,85550.0,83250.0,85200.0,2946318
2020-07-17,VCB,85550.0,87150.0,85450.0,85850.0,3362374
2020-07-20,VCB,86150.0,86150.0,84200.0,84900.0,3099748
2020-07-21,VCB,85050.0,86600.0,84600.0,86200.0,3056576
2020-07-22,VCB,86250.0,87750.0,86200.0,87700.0,4085203
2020-07-23,VCB,88450.0,89550.0,88000.0,89150.0,2864649
2020-07-24,VCB,89100.0,89500.0,89100.0,89200.0,3156174
2020-07-27,VCB,88700.0,90850.0,88400.0,90000.0,3056283
2020-07-28,VCB,89900.0,90500.0,88700.0,88850.0,2922084
2020-07-29,VCB,88950.0,90700.0,88600.0,90600.0,2675591
2020-07-30,VCB,90850.0,93800.0,90750.0,92700.0,4564323
2020-07-31,VCB,92600.0,95000.0,92550.0,94650.0,4343392
2020-08-03,VCB,94000.0,96150.0,93400.0,95800.0,4114486
2020-08-04,VCB,96150.0,97500.0,95350.0,97350.0,3913795
2020-08-05,VCB,96900.0,97500.0,96550.0,97250.0,4104442
2020-08-06,VCB,97500.0,97650.0,95500.0,95700.0,4092985
2020-08-07,VCB,96300.0,98000.0,96000.0,97950.0,3499413
2020-08-10,VCB,98850.0,100600.0,98400.0,100000.0,3378071
2020-08-11,VCB,99650.0,99750.0,98100.0,98200.0,2672432
2020-08-12,VCB,97600.0,98050.0,97150.0,97650.0,3312575
2020-08-13,VCB,98050.0,98850.0,96850.0,97100.0,2826318
2020-08-14,VCB,96750.0,97000.0,96550.0,96750.0,3701896
2020-08-17,VCB,96400.0,98250.0,96400.0,97850.0,3440662
2020-08-18,VCB,97500.0,97600.0,96750.0,97100.0,3680260
2020-08-19,VCB,96950.0,99550.0,96550.0,99200.0,3897240
2020-08-20,VCB,99200.0,99550.0,98000.0,98050.0,3525910
2020-08-21,VCB,98700.0,101000.0,98600.0,100850.0,3234387
2020-08-24,VCB,101100.0,102200.0,100700.0,100750.0,3488700
2020-08-25,VCB,101000.0,102300.0,101000.0,102200.0,3802032
2020-08-26,VCB,102150.0,102850.0,97850.0,98200.0,5053996
2020-08-27,VCB,98350.0,100700.0,98100.0,99600.0,4245753
2020-08-28,VCB,99950.0,101650.0,99950.0,101350.0,2949602
2020-08-31,VCB,101950.0,103350.0,101550.0,102550.0,3031350
2020-09-01,VCB,102750.0,103650.0,102500.0,103450.0,4106076
2020-09-02,VCB,103150.0,104200.0,101200.0,102300.0,3596977
2020-09-03,VCB,102150.0,103300.0,101450.0,101500.0,3322805
2020-09-04,VCB,101450.0,103250.0,100450.0,102800.0,4284658
2020-09-07,VCB,102900.0,104600.0,102150.0,104150.0,4237017
2020-09-08,VCB,103850.0,105000.0,103850.0,104300.0,3256949
2020-09-09,VCB,103550.0,103950.0,101450.0,101850.0,3849591
2020-09-10,VCB,102500.0,103350.0,101900.0,101950.0,3341137
2020-09-11,VCB,101850.0,102050.0,99750.0,99800.0,3785183
2020-09-14,VCB,99550.0,102400.0,99350.0,101450.0,4770911
2020-09-15,VCB,101000.0,102500.0,101000.0,102500.0,2451449
2020-09-16,VCB,102500.0,104550.0,102050.0,103350.0,4545222
2020-09-17,VCB,102550.0,103200.0,102500.0,103050.0,2850946
2020-09-18,VCB,103100.0,104750.0,102050.0,104250.0,3749862
2020-09-21,VCB,103800.0,104800.0,103400.0,104400.0,2624071
2020-09-22,VCB,104750.0,104750.0,102450.0,102750.0,2684404
2020-09-23,VCB,102500.0,103250.0,101000.0,101650.0,3426284
2020-09-24,VCB,101300.0,103450.0,100300.0,102900.0,3908976
2020-09-25,VCB,103400.0,106000.0,102050.0,105700.0,3290295
2020-09-28,VCB,106100.0,108500.0,106100.0,108200.0,3649059
2020-09-29,VCB,107850.0,109150.0,107250.0,108850.0,3552748
2020-09-30,VCB,109000.0,109000.0,106550.0,108200.0,3873943
2020-10-01,VCB,107750.0,109250.0,106500.0,108150.0,2817410
2020-10-02,VCB,108450.0,110250.0,107350.0,109150.0,3159149
2020-10-05,VCB,109800.0,112650.0,109250.0,111900.0,4392232
2020-10-06,VCB,111400.0,111500.0,108450.0,110100.0,3006843
2020-10-07,VCB,109900.0,110650.0,109200.0,109250.0,4067774
2020-10-08,VCB,108800.0,109750.0,108400.0,109550.0,3391658
2020-10-09,VCB,108600.0,110300.0,108200.0,109850.0,3086350
2020-10-12,VCB,109200.0,109250.0,108950.0,109200.0,2834757
2020-10-13,VCB,108950.0,109100.0,106400.0,107000.0,3324281
2020-10-14,VCB,106950.0,108100.0,106250.0,107050.0,3414060
2020-10-15,VCB,107250.0,107550.0,106250.0,106500.0,3136531
2020-10-16,VCB,106800.0,107500.0,104750.0,105600.0,2957791
2020-10-19,VCB,105200.0,105600.0,105100.0,105250.0,3508365
2020-10-20,VCB,105800.0,107100.0,104500.0,106750.0,3194306
2020-10-21,VCB,106850.0,109300.0,106650.0,108200.0,3941274
2020-10-22,VCB,108400.0,108750.0,106250.0,107200.0,4540737
2020-10-23,VCB,107000.0,109700.0,106350.0,109550.0,3206846
2020-10-26,VCB,109500.0,111500.0,109200.0,110750.0,4361397
2020-10-27,VCB,110850.0,111800.0,106400.0,107850.0,4628548
2020-10-28,VCB,107950.0,109000.0,107900.0,108000.0,3195322
2020-10-29,VCB,108600.0,111450.0,108100.0,111150.0,4649781
2020-10-30,VCB,110800.0,110900.0,107500.0,108100.0,3674325
2020-11-02,VCB,108350.0,110950.0,108100.0,109700.0,4576295
2020-11-03,VCB,109650.0,109700.0,106600.0,107450.0,4423383
2020-11-04,VCB,107400.0,107650.0,106000.0,106450.0,2561144
2020-11-05,VCB,106450.0,107900.0,106350.0,107900.0,2825674
2020-11-06,VCB,108400.0,109250.0,106500.0,107300.0,3144879
2020-11-09,VCB,107800.0,108450.0,107100.0,107250.0,4220207
2020-11-10,VCB,106900.0,107700.0,105300.0,105450.0,2765419
2020-11-11,VCB,105150.0,106150.0,104250.0,105950.0,4375955
2020-11-12,VCB,105950.0,106100.0,105200.0,105600.0,3974568
2020-11-13,VCB,105300.0,106350.0,105150.0,105850.0,2833963
2020-11-16,VCB,105300.0,108450.0,105200.0,107850.0,4246704
2020-11-17,VCB,107800.0,109250.0,106500.0,107050.0,4047299
2020-11-18,VCB,107600.0,108050.0,107400.0,107700.0,3060521
2020-11-19,VCB,107850.0,108000.0,105350.0,106400.0,4366943
2020-11-20,VCB,106450.0,107250.0,106300.0,107150.0,3965568
2020-11-23,VCB,106950.0,107000.0,104800.0,105500.0,3379872
2020-11-24,VCB,105450.0,106200.0,104900.0,106150.0,2982517
2020-11-25,VCB,105850.0,110250.0,105300.0,109000.0,4108566
2020-11-26,VCB,108650.0,110000.0,108300.0,109600.0,2960661
2020-11-27,VCB,109850.0,110800.0,109450.0,110600.0,2508185
2020-11-30,VCB,110900.0,112300.0,110300.0,111950.0,3037619
2020-12-01,VCB,111950.0,113850.0,111850.0,113050.0,3920815
2020-12-02,VCB,112800.0,113450.0,112400.0,112850.0,2954730
2020-12-03,VCB,113750.0,115150.0,113650.0,114450.0,3032362
2020-12-04,VCB,114150.0,114500.0,111400.0,111550.0,4689673
2020-12-07,VCB,111900.0,113300.0,111400.0,112800.0,4301288
2020-12-08,VCB,113100.0,114200.0,113050.0,113650.0,3083546
2020-12-09,VCB,113350.0,115850.0,113050.0,115750.0,2765351
2020-12-10,VCB,115600.0,118800.0,114850.0,118400.0,3897909
2020-12-11,VCB,118250.0,120050.0,117800.0,119050.0,3061456
2020-12-14,VCB,119800.0,120100.0,119050.0,119400.0,2743775
2020-12-15,VCB,119800.0,121200.0,119450.0,120550.0,3536484
2020-12-16,VCB,120500.0,121300.0,120350.0,121150.0,3749197
2020-12-17,VCB,119650.0,122900.0,119350.0,122550.0,2910904
2020-12-18,VCB,122250.0,123000.0,119550.0,119850.0,2949859
2020-12-21,VCB,120300.0,120850.0,118900.0,119600.0,2690004
2020-12-22,VCB,120250.0,121500.0,119450.0,119800.0,4303259
2020-12-23,VCB,119450.0,120950.0,118900.0,120000.0,3762223
2020-12-24,VCB,119450.0,119600.0,118500.0,119450.0,2823897
2020-12-25,VCB,120050.0,122000.0,119350.0,120700.0,4416080
2020-12-28,VCB,121250.0,122900.0,120950.0,122800.0,3203737
2020-12-29,VCB,122350.0,124950.0,120300.0,123600.0,3679672
2020-12-30,VCB,123350.0,124400.0,122600.0,123800.0,2352385
2020-12-31,VCB,123450.0,125950.0,123400.0,125800.0,3183278
2021-01-01,VCB,125150.0,129000.0,124350.0,127700.0,4713549
2021-01-04,VCB,127650.0,131750.0,127550.0,131700.0,4114556
2021-01-05,VCB,132200.0,132750.0,132000.0,132050.0,3048993
2021-01-06,VCB,132400.0,132650.0,131150.0,131250.0,4174735
2021-01-07,VCB,131000.0,133000.0,129500.0,132200.0,3089572
2021-01-08,VCB,131600.0,134200.0,131500.0,133900.0,3277787
2021-01-11,VCB,134050.0,135600.0,133350.0,135250.0,3449146
2021-01-12,VCB,135050.0,135300.0,133500.0,134100.0,2787084
2021-01-13,VCB,133900.0,137900.0,132800.0,137150.0,3670281
2021-01-14,VCB,137250.0,139450.0,135600.0,138700.0,4341844
2021-01-15,VCB,139450.0,139450.0,136500.0,137600.0,4503713
2021-01-18,VCB,137100.0,139800.0,136550.0,139350.0,3672627
2021-01-19,VCB,139500.0,141250.0,139450.0,140400.0,3159595
2021-01-20,VCB,139750.0,139800.0,137350.0,137950.0,2528839
2021-01-21,VCB,138350.0,139400.0,137700.0,139150.0,4026263
2021-01-22,VCB,138750.0,140450.0,137350.0,140100.0,4395167
2021-01-25,VCB,139550.0,140050.0,138250.0,139550.0,3503744
2021-01-26,VCB,140000.0,140950.0,139650.0,140900.0,2460236
2021-01-27,VCB,140750.0,145200.0,139300.0,144550.0,3797844
2021-01-28,VCB,145350.0,147300.0,144800.0,147250.0,4373995
2021-01-29,VCB,147850.0,148700.0,147150.0,147700.0,4061525
2021-02-01,VCB,146800.0,150200.0,146100.0,149150.0,3687527
2021-02-02,VCB,148950.0,149150.0,147500.0,148900.0,3149815
2021-02-03,VCB,149100.0,150300.0,148400.0,149700.0,3495249
2021-02-04,VCB,149900.0,150450.0,145700.0,146850.0,3939476
2021-02-05,VCB,147850.0,147950.0,143200.0,143450.0,3449193
2021-02-08,VCB,143400.0,145500.0,142600.0,145250.0,4491228
2021-02-09,VCB,145350.0,147750.0,144150.0,147650.0,3418770
2021-02-10,VCB,147300.0,147750.0,146050.0,146200.0,3254508
2021-02-11,VCB,146500.0,150550.0,145650.0,149900.0,3163307
2021-02-12,VCB,150700.0,151250.0,149600.0,149600.0,2799874
2021-02-15,VCB,149250.0,150250.0,145650.0,146200.0,3397675
2021-02-16,VCB,146900.0,147650.0,144350.0,145050.0,3860686
2021-02-17,VCB,144300.0,148700.0,142700.0,148050.0,4449437
2021-02-18,VCB,147850.0,148350.0,143300.0,144150.0,4071076
2021-02-19,VCB,144700.0,144950.0,143150.0,144400.0,3558199
2021-02-22,VCB,145000.0,145350.0,144350.0,144350.0,2071684
2021-02-23,VCB,144700.0,148300.0,143800.0,147500.0,3997967
2021-02-24,VCB,147700.0,148500.0,147300.0,148300.0,4052226
2021-02-25,VCB,147450.0,150150.0,147200.0,149750.0,4138642
2021-02-26,VCB,149600.0,150650.0,147450.0,148050.0,2878539
2021-03-01,VCB,147100.0,148450.0,145000.0,145500.0,4475531
2021-03-02,VCB,146350.0,147700.0,144400.0,146500.0,4173146
2021-03-03,VCB,147250.0,148100.0,146400.0,147000.0,3293979
2021-03-04,VCB,147150.0,152050.0,145800.0,151950.0,4846593
2021-03-05,VCB,151850.0,152150.0,151350.0,151900.0,2646977
2021-03-08,VCB,151150.0,154450.0,150550.0,152550.0,3337700
2021-03-09,VCB,153450.0,154550.0,152150.0,152300.0,2759417
2021-03-10,VCB,153550.0,154600.0,150850.0,151850.0,3403918
2021-03-11,VCB,152850.0,153100.0,151800.0,152050.0,2473210
2021-03-12,VCB,152600.0,154950.0,151000.0,153700.0,3500768
2021-03-15,VCB,154100.0,154600.0,152850.0,153550.0,3028291
2021-03-16,VCB,153350.0,157300.0,152050.0,155900.0,3491350
2021-03-17,VCB,155450.0,156100.0,154900.0,156050.0,3569671
2021-03-18,VCB,155300.0,157550.0,155050.0,157000.0,3282948
2021-03-19,VCB,157000.0,157200.0,152850.0,154400.0,3091632
2021-03-22,VCB,153900.0,158800.0,153650.0,158750.0,3869390
2021-03-23,VCB,158550.0,159600.0,156650.0,157900.0,3567922
2021-03-24,VCB,157550.0,158350.0,156700.0,158200.0,3528062
2021-03-25,VCB,159400.0,160850.0,154600.0,156200.0,3466394
2021-03-26,VCB,156650.0,156850.0,154550.0,154700.0,3623187
2021-03-29,VCB,155050.0,155350.0,154250.0,154400.0,3721453
2021-03-30,VCB,154100.0,155150.0,152900.0,153400.0,4044908
2021-03-31,VCB,153550.0,154950.0,152650.0,154100.0,2753793
2021-04-01,VCB,153850.0,154200.0,150650.0,151600.0,2629834
2021-04-02,VCB,151850.0,153600.0,150700.0,152850.0,2990737
2021-04-05,VCB,152900.0,153600.0,149750.0,150150.0,3818621
2021-04-06,VCB,149350.0,150850.0,146550.0,147550.0,3351617
2021-04-07,VCB,147000.0,147050.0,146000.0,146400.0,2597431
2021-04-08,VCB,147000.0,147450.0,144850.0,145350.0,3224471
2021-04-09,VCB,146100.0,148650.0,145600.0,147400.0,3503620
2021-04-12,VCB,147450.0,148350.0,147250.0,147700.0,2277650
2021-04-13,VCB,146950.0,151050.0,146500.0,149450.0,3787925
2021-04-14,VCB,149800.0,151250.0,146650.0,148500.0,3545618
2021-04-15,VCB,147750.0,147950.0,145950.0,146500.0,3345326
2021-04-16,VCB,146200.0,147700.0,146000.0,146300.0,2238009
2021-04-19,VCB,147000.0,147850.0,141900.0,142800.0,4705240
2021-04-20,VCB,142650.0,147400.0,142200.0,145950.0,3492924
2021-04-21,VCB,145800.0,149950.0,144100.0,149100.0,4744302
2021-04-22,VCB,149550.0,151900.0,147400.0,148150.0,4833036
2021-04-23,VCB,148950.0,149100.0,142800.0,144000.0,4427209
2021-04-26,VCB,144900.0,145000.0,144300.0,144350.0,2957485
2021-04-27,VCB,144950.0,145600.0,142300.0,142450.0,4531598
2021-04-28,VCB,141900.0,143050.0,141350.0,142900.0,3801991
2021-04-29,VCB,142750.0,147100.0,142750.0,146800.0,3244893
2021-04-30,VCB,146300.0,148900.0,146300.0,148050.0,3280382
2021-05-03,VCB,148750.0,149150.0,147500.0,147850.0,3478699
2021-05-04,VCB,148400.0,148800.0,148250.0,148400.0,3051841
2021-05-05,VCB,149050.0,149500.0,145450.0,147500.0,2929302
2021-05-06,VCB,147150.0,149150.0,147150.0,148100.0,3250300
2021-05-07,VCB,147300.0,147750.0,143050.0,145300.0,3895234
2021-05-10,VCB,145300.0,146000.0,144800.0,145700.0,3216854
2021-05-11,VCB,146100.0,147900.0,145550.0,145900.0,3118943
2021-05-12,VCB,147000.0,147200.0,143250.0,144900.0,3537622
2021-05-13,VCB,145150.0,145200.0,143400.0,143550.0,3741492
2021-05-14,VCB,143350.0,144900.0,142250.0,142800.0,2598059
2021-05-17,VCB,142900.0,145300.0,142100.0,144800.0,4168187
2021-05-18,VCB,145050.0,145300.0,144300.0,145050.0,3066422
2021-05-19,VCB,144400.0,146000.0,144400.0,145450.0,3368132
2021-05-20,VCB,145050.0,146500.0,144250.0,146250.0,4224697
2021-05-21,VCB,146100.0,149200.0,145050.0,148400.0,3901614
2021-05-24,VCB,147700.0,148450.0,144950.0,146600.0,3799903
2021-05-25,VCB,146550.0,146950.0,145150.0,146750.0,2401330
2021-05-26,VCB,146650.0,147650.0,146250.0,146900.0,3888403
2021-05-27,VCB,145550.0,150450.0,143400.0,150150.0,5040271
2021-05-28,VCB,149900.0,151550.0,149050.0,150950.0,3593635
2021-05-31,VCB,150150.0,152150.0,149300.0,152050.0,3477968
2021-06-01,VCB,151500.0,152950.0,149950.0,151600.0,2965451
2021-06-02,VCB,152750.0,153850.0,149250.0,149900.0,2905739
2021-06-03,VCB,150250.0,151650.0,148950.0,150550.0,2680689
2021-06-04,VCB,151250.0,151550.0,146850.0,147200.0,3574075
2021-06-07,VCB,147450.0,148200.0,146900.0,147100.0,3938556
2021-06-08,VCB,147650.0,148150.0,145450.0,146150.0,3239253
2021-06-09,VCB,146300.0,147100.0,145250.0,145600.0,3598262
2021-06-10,VCB,146250.0,150350.0,145350.0,149450.0,4535242
2021-06-11,VCB,149500.0,150450.0,148950.0,150450.0,3903984
2021-06-14,VCB,150900.0,151250.0,150750.0,151250.0,2726784
2021-06-15,VCB,150900.0,153750.0,150450.0,153650.0,3545371
2021-06-16,VCB,153600.0,154750.0,151850.0,154650.0,3894658
2021-06-17,VCB,155100.0,161050.0,154750.0,157850.0,4213062
2021-06-18,VCB,158400.0,160050.0,157900.0,159550.0,2976851
2021-06-21,VCB,159750.0,162750.0,159450.0,162000.0,3864518
2021-06-22,VCB,161300.0,161400.0,159550.0,160300.0,3897015
2021-06-23,VCB,159550.0,161000.0,158150.0,160400.0,3355763
2021-06-24,VCB,159900.0,161600.0,157850.0,160450.0,2903354
2021-06-25,VCB,159400.0,165850.0,159350.0,165150.0,3534732
2021-06-28,VCB,164050.0,164250.0,162300.0,163050.0,3470285
2021-06-29,VCB,161850.0,162800.0,160800.0,161750.0,4199298
2021-06-30,VCB,161800.0,166750.0,161250.0,164450.0,4497694
2021-07-01,VCB,164450.0,165400.0,158950.0,159300.0,4599956
2021-07-02,VCB,159500.0,160100.0,156600.0,157050.0,3218974
2021-07-05,VCB,157050.0,157550.0,153600.0,155450.0,2894807
2021-07-06,VCB,155500.0,156850.0,153550.0,155050.0,4355726
2021-07-07,VCB,155350.0,155700.0,152450.0,153750.0,4365408
2021-07-08,VCB,152350.0,154550.0,150850.0,154100.0,3512660
2021-07-09,VCB,154550.0,155500.0,152900.0,153250.0,3600175
2021-07-12,VCB,153200.0,156850.0,152600.0,155300.0,2937263
2021-07-13,VCB,155150.0,157250.0,155000.0,156250.0,3802763
2021-07-14,VCB,156650.0,156900.0,150100.0,151800.0,4440862
2021-07-15,VCB,152450.0,153300.0,151100.0,152150.0,3139698
2021-07-16,VCB,152300.0,153850.0,151250.0,153650.0,3363726
2021-07-19,VCB,155050.0,155250.0,155000.0,155200.0,3098297
2021-07-20,VCB,154750.0,154750.0,152850.0,152950.0,3919650
2021-07-21,VCB,154250.0,154700.0,151500.0,152250.0,3016701
2021-07-22,VCB,151700.0,152100.0,150650.0,151450.0,3727845
2021-07-23,VCB,151250.0,151650.0,149950.0,151450.0,2199573
2021-07-26,VCB,151100.0,152600.0,151000.0,151850.0,3969284
2021-07-27,VCB,152100.0,154650.0,152000.0,153200.0,3447899
2021-07-28,VCB,153300.0,154300.0,152650.0,153600.0,3253706
2021-07-29,VCB,153450.0,154850.0,152950.0,153300.0,3438586
2021-07-30,VCB,153850.0,154450.0,152450.0,154450.0,3024090
2021-08-02,VCB,154100.0,154450.0,152000.0,152650.0,2768415
2021-08-03,VCB,152150.0,152750.0,150500.0,151400.0,2551026
2021-08-04,VCB,151050.0,152250.0,148800.0,149700.0,4385033
2021-08-05,VCB,149150.0,149200.0,145400.0,145950.0,2806093
2021-08-06,VCB,146100.0,146850.0,142200.0,142950.0,4381540
2021-08-09,VCB,142450.0,146100.0,142000.0,145800.0,4596565
2021-08-10,VCB,145200.0,146450.0,143950.0,145450.0,3355587
2021-08-11,VCB,145000.0,150450.0,143300.0,149600.0,5302027
2021-08-12,VCB,148750.0,150550.0,148700.0,149250.0,2273519
2021-08-13,VCB,149250.0,149900.0,148250.0,148350.0,3892437
2021-08-16,VCB,148750.0,151650.0,147200.0,151300.0,2855664
2021-08-17,VCB,150250.0,153150.0,149500.0,152100.0,2742272
2021-08-18,VCB,152500.0,154050.0,150650.0,151600.0,4488534
2021-08-19,VCB,151250.0,151800.0,147850.0,148600.0,4537767
2021-08-20,VCB,148150.0,150500.0,147300.0,149900.0,2700744
2021-08-23,VCB,149900.0,150500.0,148650.0,149050.0,3594513
2021-08-24,VCB,149250.0,149500.0,145200.0,146100.0,3638064
2021-08-25,VCB,147100.0,148000.0,144050.0,144100.0,4413009
2021-08-26,VCB,144350.0,146600.0,143800.0,146300.0,4082663
2021-08-27,VCB,146950.0,148600.0,145400.0,148300.0,2820787
2021-08-30,VCB,148450.0,148950.0,147750.0,148100.0,3609770
2021-08-31,VCB,148700.0,149400.0,147850.0,149300.0,2839729
2021-09-01,VCB,149400.0,149750.0,148550.0,149550.0,2543943
2021-09-02,VCB,149450.0,150200.0,148450.0,148700.0,2780836
2021-09-03,VCB,148750.0,149000.0,145750.0,146400.0,4155583
2021-09-06,VCB,146600.0,146950.0,144850.0,145500.0,3378297
2021-09-07,VCB,144700.0,149000.0,143000.0,146650.0,3569787
2021-09-08,VCB,146600.0,150750.0,146450.0,149900.0,3569689
2021-09-09,VCB,150300.0,150350.0,147250.0,149650.0,3943489
2021-09-10,VCB,149800.0,150900.0,147900.0,148150.0,4219018
2021-09-13,VCB,147900.0,152250.0,147000.0,151950.0,4623593
2021-09-14,VCB,152250.0,152400.0,146650.0,147350.0,5159608
2021-09-15,VCB,147050.0,147400.0,146300.0,147100.0,3759694
2021-09-16,VCB,147750.0,148100.0,144550.0,144700.0,3933877
2021-09-17,VCB,145300.0,145800.0,144050.0,144750.0,3758064
2021-09-20,VCB,144350.0,149450.0,144250.0,146850.0,4026794
2021-09-21,VCB,147400.0,148200.0,144250.0,144350.0,3631598
2021-09-22,VCB,145550.0,146600.0,142850.0,143350.0,3422807
2021-09-23,VCB,142700.0,142900.0,142300.0,142750.0,3372233
2021-09-24,VCB,143050.0,145300.0,142450.0,144050.0,3562572
2021-09-27,VCB,145300.0,145800.0,139850.0,140300.0,4691289
2021-09-28,VCB,140750.0,142350.0,140400.0,141100.0,3066479
2021-09-29,VCB,140500.0,143200.0,139850.0,142100.0,3609805
2021-09-30,VCB,142950.0,145400.0,142450.0,143150.0,3307110
2021-10-01,VCB,143350.0,143750.0,142150.0,142400.0,3365953
2021-10-04,VCB,142750.0,144000.0,137950.0,138600.0,4065601
2021-10-05,VCB,139550.0,139750.0,136200.0,137400.0,4490698
2021-10-06,VCB,138250.0,138750.0,137800.0,137850.0,3383101
2021-10-07,VCB,138050.0,139150.0,135150.0,135300.0,4622559
2021-10-08,VCB,135600.0,138000.0,134850.0,136800.0,3334035
2021-10-11,VCB,136400.0,138050.0,136100.0,136650.0,4042143
2021-10-12,VCB,136350.0,137600.0,134950.0,137200.0,3949443
2021-10-13,VCB,137200.0,140050.0,135900.0,138850.0,2936281
2021-10-14,VCB,139400.0,140500.0,137750.0,140350.0,3557084
2021-10-15,VCB,140100.0,141050.0,139950.0,140950.0,3299603
2021-10-18,VCB,141000.0,141900.0,139750.0,140150.0,3517053
2021-10-19,VCB,139400.0,140850.0,138550.0,140250.0,3961431
2021-10-20,VCB,140350.0,140550.0,138600.0,139050.0,2955360
2021-10-21,VCB,139700.0,140400.0,136900.0,137100.0,3289204
2021-10-22,VCB,137950.0,138000.0,137250.0,137500.0,2792092
2021-10-25,VCB,137900.0,141200.0,137300.0,140850.0,3470642
2021-10-26,VCB,140750.0,141100.0,138900.0,139450.0,3579383
2021-10-27,VCB,139550.0,140200.0,139500.0,140150.0,3002395
2021-10-28,VCB,139650.0,140500.0,138500.0,139350.0,3971567
2021-10-29,VCB,140000.0,140150.0,134400.0,134500.0,5272570
2021-11-01,VCB,134850.0,135850.0,132000.0,132200.0,3998235
2021-11-02,VCB,131750.0,132650.0,131200.0,132450.0,2473575
2021-11-03,VCB,133050.0,133550.0,131350.0,132050.0,2877217
2021-11-04,VCB,132800.0,132800.0,129900.0,131050.0,3809296
2021-11-05,VCB,130850.0,131050.0,130700.0,130950.0,1880727
2021-11-08,VCB,131000.0,132150.0,129350.0,129450.0,4502195
2021-11-09,VCB,129350.0,132850.0,128700.0,131950.0,3946118
2021-11-10,VCB,132700.0,133200.0,130650.0,131500.0,3963234
2021-11-11,VCB,132000.0,132100.0,128000.0,128400.0,3826163
2021-11-12,VCB,128300.0,129150.0,127650.0,128050.0,2545135
2021-11-15,VCB,127650.0,132000.0,127400.0,131200.0,4079016
2021-11-16,VCB,131000.0,131650.0,128000.0,129050.0,4008848
2021-11-17,VCB,129350.0,130300.0,128950.0,129950.0,2950795
2021-11-18,VCB,130200.0,131200.0,129350.0,130900.0,2440128
2021-11-19,VCB,130250.0,131000.0,129500.0,129900.0,2719971
2021-11-22,VCB,129100.0,132500.0,128900.0,131750.0,3299166
2021-11-23,VCB,131800.0,132150.0,129150.0,130350.0,3043568
2021-11-24,VCB,130550.0,130650.0,128850.0,129100.0,2537735
2021-11-25,VCB,129550.0,129750.0,128550.0,128800.0,3862481
2021-11-26,VCB,128800.0,130400.0,128200.0,129300.0,3234169
2021-11-29,VCB,128800.0,129250.0,128050.0,128600.0,2359087
2021-11-30,VCB,129000.0,129700.0,123850.0,124150.0,4318764
2021-12-01,VCB,123650.0,126300.0,122500.0,125750.0,3441332
2021-12-02,VCB,126300.0,127200.0,125750.0,126400.0,2531521
2021-12-03,VCB,125400.0,126750.0,124350.0,126000.0,3555168
2021-12-06,VCB,125450.0,129600.0,125200.0,128700.0,3826750
2021-12-07,VCB,129000.0,130350.0,127300.0,129600.0,4591534
2021-12-08,VCB,129450.0,130750.0,128650.0,130150.0,3910720
2021-12-09,VCB,130900.0,131200.0,130200.0,130250.0,2218243
2021-12-10,VCB,129600.0,131000.0,128900.0,130500.0,2562950
2021-12-13,VCB,131150.0,132500.0,130900.0,132300.0,2968437
2021-12-14,VCB,133500.0,133650.0,132300.0,132500.0,3049437
2021-12-15,VCB,132100.0,132100.0,129400.0,129450.0,3604648
2021-12-16,VCB,129900.0,131600.0,128800.0,129050.0,3157801
2021-12-17,VCB,128400.0,131750.0,128150.0,131200.0,4105725
2021-12-20,VCB,130950.0,135050.0,130700.0,134000.0,4812632
2021-12-21,VCB,134450.0,136050.0,133200.0,134400.0,4518263
2021-12-22,VCB,135250.0,138600.0,134900.0,137350.0,4060594
2021-12-23,VCB,137950.0,139550.0,135250.0,136450.0,3517037
2021-12-24,VCB,136500.0,138100.0,136250.0,137300.0,3386485
2021-12-27,VCB,137550.0,137950.0,137450.0,137500.0,2406012
2021-12-28,VCB,137900.0,138500.0,135400.0,136500.0,3506108
2021-12-29,VCB,137600.0,138550.0,132200.0,133650.0,3985292
2021-12-30,VCB,133900.0,137250.0,132000.0,136900.0,3976514
2021-12-31,VCB,137650.0,139200.0,133350.0,133850.0,5179292
2022-01-03,VCB,134200.0,134450.0,130150.0,131050.0,3586829
2022-01-04,VCB,131250.0,133600.0,130100.0,133000.0,2743701
2022-01-05,VCB,132600.0,134050.0,131350.0,133700.0,2780090
2022-01-06,VCB,133450.0,134500.0,132300.0,133800.0,3214172
2022-01-07,VCB,134600.0,135500.0,133850.0,135450.0,3745738
2022-01-10,VCB,135700.0,138400.0,134900.0,137050.0,4015441
2022-01-11,VCB,136900.0,139400.0,136200.0,139150.0,3843734
2022-01-12,VCB,138900.0,139400.0,137300.0,139200.0,3771290
2022-01-13,VCB,139650.0,143000.0,138850.0,142650.0,3530804
2022-01-14,VCB,142500.0,142950.0,138950.0,139200.0,3571805
2022-01-17,VCB,139200.0,139950.0,138650.0,139600.0,2896896
2022-01-18,VCB,139050.0,139750.0,138050.0,139000.0,2823282
2022-01-19,VCB,139300.0,139850.0,136500.0,137800.0,4184197
2022-01-20,VCB,137600.0,139100.0,136350.0,137400.0,4418959
2022-01-21,VCB,137850.0,139350.0,137300.0,138700.0,2518967
2022-01-24,VCB,138750.0,139150.0,137650.0,138450.0,2508905
2022-01-25,VCB,137350.0,138350.0,136450.0,137000.0,2902013
2022-01-26,VCB,137500.0,137500.0,133200.0,134400.0,4062756
2022-01-27,VCB,134050.0,137350.0,133850.0,136500.0,4693187
2022-01-28,VCB,136050.0,137750.0,134750.0,137250.0,4404112
2022-01-31,VCB,136700.0,138200.0,136600.0,137150.0,3554235
2022-02-01,VCB,136500.0,139500.0,135250.0,139150.0,3911848
2022-02-02,VCB,138800.0,139150.0,137750.0,138400.0,3777829
2022-02-03,VCB,139000.0,139150.0,136200.0,137050.0,2878772
2022-02-04,VCB,137600.0,138350.0,136150.0,137100.0,3425690
2022-02-07,VCB,137250.0,138000.0,136050.0,136650.0,3258123
2022-02-08,VCB,137050.0,138200.0,135200.0,135500.0,2878542
2022-02-09,VCB,135100.0,138450.0,133900.0,137350.0,3164809
2022-02-10,VCB,137850.0,140150.0,136600.0,138900.0,3080547
2022-02-11,VCB,139050.0,144150.0,138050.0,144100.0,4015268
2022-02-14,VCB,144000.0,144250.0,143650.0,144250.0,2650170
2022-02-15,VCB,145050.0,146200.0,144400.0,145650.0,3611132
2022-02-16,VCB,145600.0,146000.0,143700.0,145200.0,2571846
2022-02-17,VCB,146000.0,146050.0,145950.0,146050.0,3154106
2022-02-18,VCB,145550.0,145900.0,145200.0,145850.0,3759012
2022-02-21,VCB,145650.0,146700.0,144900.0,146250.0,3553624
2022-02-22,VCB,145850.0,151000.0,144550.0,150450.0,4610470
2022-02-23,VCB,149550.0,151500.0,148650.0,151300.0,3747610
2022-02-24,VCB,152400.0,153750.0,150850.0,153200.0,4048564
2022-02-25,VCB,152500.0,152950.0,151800.0,152850.0,3993828
2022-02-28,VCB,152750.0,154600.0,150600.0,151600.0,4158836
2022-03-01,VCB,151800.0,152250.0,150600.0,150850.0,3664305
2022-03-02,VCB,151400.0,152250.0,151050.0,151450.0,3892614
2022-03-03,VCB,152400.0,158050.0,151550.0,157150.0,4729840
2022-03-04,VCB,157200.0,157350.0,156600.0,156750.0,3874889
2022-03-07,VCB,156950.0,159000.0,155800.0,158750.0,3111108
2022-03-08,VCB,158100.0,158650.0,154450.0,155200.0,2787336
2022-03-09,VCB,156500.0,158350.0,153500.0,154700.0,4694829
2022-03-10,VCB,155950.0,157700.0,155650.0,157450.0,4146810
2022-03-11,VCB,156700.0,158750.0,155450.0,158350.0,3605285
2022-03-14,VCB,158500.0,159050.0,158150.0,158300.0,3174593
2022-03-15,VCB,157300.0,158900.0,156650.0,158250.0,3828314
2022-03-16,VCB,158800.0,160450.0,158050.0,159050.0,3900554
2022-03-17,VCB,158450.0,159500.0,157700.0,158850.0,2522342
2022-03-18,VCB,159600.0,159600.0,152950.0,155050.0,3856145
2022-03-21,VCB,155850.0,156050.0,154600.0,154800.0,3116199
2022-03-22,VCB,154850.0,156150.0,152900.0,155900.0,3207239
2022-03-23,VCB,156550.0,158300.0,155600.0,156950.0,3051150
2022-03-24,VCB,157650.0,158450.0,153750.0,155850.0,3907388
2022-03-25,VCB,156100.0,156150.0,152700.0,152850.0,2856339
2022-03-28,VCB,152700.0,152900.0,150700.0,151950.0,3028168
2022-03-29,VCB,151850.0,153600.0,150650.0,152500.0,3496580
2022-03-30,VCB,152000.0,153000.0,151700.0,152400.0,3999070
2022-03-31,VCB,151450.0,152300.0,150700.0,151750.0,3047892
2022-04-01,VCB,151800.0,152600.0,150350.0,150850.0,3973675
2022-04-04,VCB,149750.0,150300.0,149500.0,150000.0,2176899
2022-04-05,VCB,149850.0,152750.0,148800.0,151600.0,4532843
2022-04-06,VCB,151200.0,154100.0,148850.0,153950.0,4173830
2022-04-07,VCB,153350.0,158000.0,153300.0,157200.0,4017028
2022-04-08,VCB,157800.0,159750.0,156600.0,159150.0,4347514
2022-04-11,VCB,158450.0,158750.0,153100.0,154900.0,3410219
2022-04-12,VCB,155200.0,156200.0,150250.0,151200.0,4605960
2022-04-13,VCB,150750.0,151850.0,149900.0,151500.0,4075690
2022-04-14,VCB,151550.0,154000.0,151250.0,153000.0,3009704
2022-04-15,VCB,153400.0,156650.0,153300.0,155050.0,4349029
2022-04-18,VCB,154950.0,157950.0,153650.0,155600.0,3021720
2022-04-19,VCB,156800.0,156850.0,156100.0,156500.0,2401199
2022-04-20,VCB,157500.0,159000.0,156950.0,158100.0,3371318
2022-04-21,VCB,157200.0,160200.0,155400.0,159400.0,3499724
2022-04-22,VCB,160300.0,160650.0,160250.0,160550.0,3285210
2022-04-25,VCB,160050.0,160850.0,159600.0,159600.0,3330529
2022-04-26,VCB,160250.0,160650.0,157850.0,159150.0,3442280
2022-04-27,VCB,157600.0,158100.0,155150.0,155200.0,2848889
2022-04-28,VCB,155900.0,158350.0,155350.0,157500.0,3002585
2022-04-29,VCB,156900.0,161750.0,156200.0,161250.0,4595595
2022-05-02,VCB,161050.0,162850.0,160500.0,162550.0,2641891
2022-05-03,VCB,161350.0,161950.0,159950.0,160600.0,3419589
2022-05-04,VCB,160600.0,161450.0,156550.0,157700.0,4786292
2022-05-05,VCB,157700.0,161050.0,156900.0,160950.0,2859208
2022-05-06,VCB,160150.0,163400.0,159850.0,161700.0,3573906
2022-05-09,VCB,162050.0,163100.0,159700.0,160350.0,3747113
2022-05-10,VCB,160050.0,162200.0,159200.0,161850.0,3775023
2022-05-11,VCB,161850.0,166200.0,161000.0,165500.0,4115204
2022-05-12,VCB,166200.0,169150.0,166050.0,167700.0,2870140
2022-05-13,VCB,168700.0,169450.0,164450.0,165550.0,3541803
2022-05-16,VCB,167100.0,169900.0,167050.0,168950.0,3399614
2022-05-17,VCB,168650.0,173450.0,168400.0,171950.0,3252481
2022-05-18,VCB,172050.0,172650.0,171600.0,172300.0,2280072
2022-05-19,VCB,171600.0,175150.0,171600.0,174800.0,4377200
2022-05-20,VCB,176350.0,178400.0,170600.0,172100.0,4544741
2022-05-23,VCB,172800.0,173200.0,172250.0,172850.0,3511256
2022-05-24,VCB,171350.0,176300.0,171300.0,176050.0,3929494
2022-05-25,VCB,175350.0,176200.0,174950.0,176200.0,3886332
2022-05-26,VCB,176500.0,177700.0,176350.0,177150.0,3429403
2022-05-27,VCB,177800.0,179050.0,175300.0,178900.0,3836853
2022-05-30,VCB,179700.0,180000.0,177050.0,177700.0,2480101
2022-05-31,VCB,177700.0,181800.0,177650.0,181800.0,3563314
2022-06-01,VCB,182750.0,182850.0,179150.0,180500.0,4133040
2022-06-02,VCB,179100.0,179850.0,173200.0,174600.0,3545247
2022-06-03,VCB,175000.0,175850.0,173600.0,174000.0,2709021
2022-06-06,VCB,174150.0,174750.0,173000.0,173650.0,3033961
2022-06-07,VCB,174050.0,178450.0,173050.0,178200.0,4579083
2022-06-08,VCB,178600.0,179700.0,178000.0,179050.0,4092117
2022-06-09,VCB,178200.0,182900.0,177550.0,182800.0,4079185
2022-06-10,VCB,183150.0,183600.0,176200.0,177150.0,4046582
2022-06-13,VCB,176250.0,177950.0,174650.0,175750.0,3746676
2022-06-14,VCB,175200.0,175850.0,172900.0,173800.0,2400417
2022-06-15,VCB,174550.0,180150.0,172700.0,178800.0,3445268
2022-06-16,VCB,179100.0,181650.0,178300.0,181550.0,4109096
2022-06-17,VCB,182000.0,182600.0,176750.0,177450.0,4682292
2022-06-20,VCB,177450.0,177650.0,175300.0,176350.0,3205506
2022-06-21,VCB,175500.0,178950.0,175450.0,177000.0,3280794
2022-06-22,VCB,178850.0,179800.0,174150.0,175250.0,3716329
2022-06-23,VCB,175250.0,175250.0,173950.0,175150.0,3908397
2022-06-24,VCB,175200.0,176400.0,174650.0,175350.0,2767367
2022-06-27,VCB,175250.0,175300.0,173450.0,174050.0,3093165
2022-06-28,VCB,174100.0,178600.0,173200.0,175450.0,4059235
2022-06-29,VCB,175900.0,177150.0,172650.0,173850.0,4454792
2022-06-30,VCB,173500.0,174700.0,172300.0,173400.0,2744883
2022-07-01,VCB,172600.0,172950.0,167850.0,169000.0,3592045
2022-07-04,VCB,169350.0,169750.0,165400.0,166050.0,4064642
2022-07-05,VCB,166450.0,168500.0,166450.0,166750.0,3675988
2022-07-06,VCB,166500.0,166750.0,164600.0,165350.0,3920984
2022-07-07,VCB,166250.0,169100.0,166000.0,167700.0,2474384
2022-07-08,VCB,167450.0,169850.0,167150.0,169800.0,2705028
2022-07-11,VCB,170550.0,171150.0,165600.0,166650.0,4505769
2022-07-12,VCB,166050.0,166900.0,163000.0,164850.0,3109739
2022-07-13,VCB,165350.0,170350.0,164600.0,168500.0,3285932
2022-07-14,VCB,167250.0,170100.0,166900.0,169900.0,3066758
2022-07-15,VCB,169850.0,171100.0,169400.0,170350.0,2537136
2022-07-18,VCB,170050.0,170250.0,166600.0,166700.0,2645002
2022-07-19,VCB,166700.0,168350.0,165950.0,167900.0,3362087
2022-07-20,VCB,168250.0,169450.0,166500.0,166600.0,3286520
2022-07-21,VCB,165650.0,165750.0,162700.0,164550.0,2768171
2022-07-22,VCB,164850.0,165600.0,160050.0,161050.0,3905608
2022-07-25,VCB,160500.0,160500.0,157250.0,157900.0,3581143
2022-07-26,VCB,158200.0,158500.0,152100.0,153500.0,4693926
2022-07-27,VCB,153700.0,156300.0,153500.0,155250.0,4240018
2022-07-28,VCB,154950.0,156000.0,152400.0,152400.0,3594202
2022-07-29,VCB,151750.0,153050.0,151500.0,151950.0,2475868
2022-08-01,VCB,151650.0,151800.0,150250.0,151050.0,3850845
2022-08-02,VCB,151550.0,152550.0,148450.0,148950.0,3654482
2022-08-03,VCB,149050.0,150500.0,148400.0,149750.0,3198220
2022-08-04,VCB,150400.0,151850.0,146400.0,147700.0,4079263
2022-08-05,VCB,146800.0,148750.0,145000.0,148250.0,3810298
2022-08-08,VCB,148850.0,151300.0,145400.0,145450.0,3998607
2022-08-09,VCB,145750.0,147550.0,144950.0,146800.0,3087320
2022-08-10,VCB,147000.0,148100.0,144750.0,147700.0,3445859
2022-08-11,VCB,146100.0,149250.0,145000.0,148650.0,4540756
2022-08-12,VCB,147850.0,148350.0,146300.0,146400.0,2834625
2022-08-15,VCB,145650.0,146650.0,143150.0,143600.0,4592479
2022-08-16,VCB,143350.0,148850.0,142200.0,148000.0,4881545
2022-08-17,VCB,148500.0,150750.0,146750.0,149950.0,2873034
2022-08-18,VCB,149700.0,153000.0,148750.0,151450.0,4588241
2022-08-19,VCB,151000.0,151800.0,150150.0,150700.0,3119240
2022-08-22,VCB,150550.0,150850.0,149450.0,150450.0,3347084
2022-08-23,VCB,149900.0,151700.0,149550.0,150450.0,3547323
2022-08-24,VCB,150000.0,152100.0,147700.0,147950.0,2962291
2022-08-25,VCB,147750.0,151250.0,147600.0,150450.0,4319638
2022-08-26,VCB,151550.0,152050.0,150450.0,151000.0,2693638
2022-08-29,VCB,150550.0,155500.0,150550.0,154850.0,4024476
2022-08-30,VCB,154000.0,156000.0,153000.0,154050.0,3671978
2022-08-31,VCB,154150.0,154200.0,148700.0,149850.0,3161113
2022-09-01,VCB,149550.0,151550.0,149200.0,151450.0,2830640
2022-09-02,VCB,152200.0,153000.0,149250.0,150400.0,3998845
2022-09-05,VCB,149800.0,153300.0,149600.0,152450.0,3974393
2022-09-06,VCB,153500.0,154300.0,150800.0,152850.0,3422449
2022-09-07,VCB,153350.0,154250.0,150350.0,151250.0,3064068
2022-09-08,VCB,150550.0,150850.0,146750.0,148000.0,3698481
2022-09-09,VCB,148300.0,152900.0,147700.0,151250.0,4089051
2022-09-12,VCB,151750.0,152750.0,147600.0,148700.0,3664030
2022-09-13,VCB,148750.0,150350.0,142750.0,143700.0,4912236
2022-09-14,VCB,144600.0,146050.0,142900.0,143100.0,3789415
2022-09-15,VCB,142650.0,144300.0,140950.0,142750.0,3930920
2022-09-16,VCB,143050.0,144750.0,141350.0,142050.0,3441173
2022-09-19,VCB,142700.0,145500.0,142450.0,143900.0,3765170
2022-09-20,VCB,143100.0,144600.0,141150.0,141900.0,3810956
2022-09-21,VCB,141250.0,142350.0,137050.0,137650.0,4527656
2022-09-22,VCB,138000.0,144300.0,137750.0,143650.0,3929582
2022-09-23,VCB,142650.0,142950.0,142100.0,142550.0,2290098
2022-09-26,VCB,141200.0,144500.0,139800.0,143700.0,4523320
2022-09-27,VCB,143750.0,144500.0,142150.0,142400.0,3491825
2022-09-28,VCB,142150.0,142450.0,140200.0,141900.0,2669164
2022-09-29,VCB,140450.0,142550.0,140050.0,142400.0,2526763
2022-09-30,VCB,141750.0,141750.0,140450.0,141200.0,2519206
2022-10-03,VCB,141000.0,141200.0,139150.0,139500.0,3201674
2022-10-04,VCB,139900.0,143550.0,139550.0,142450.0,3474857
2022-10-05,VCB,143600.0,144500.0,137150.0,138250.0,4661622
2022-10-06,VCB,138400.0,141450.0,137650.0,140000.0,4333121
2022-10-07,VCB,140600.0,141350.0,139400.0,140100.0,2984707
2022-10-10,VCB,139400.0,144000.0,138700.0,142350.0,3811426
2022-10-11,VCB,142650.0,142700.0,138400.0,138600.0,4691853
2022-10-12,VCB,138450.0,139700.0,138350.0,139700.0,2906722
2022-10-13,VCB,139650.0,140100.0,139100.0,139200.0,3948788
2022-10-14,VCB,138200.0,141150.0,137750.0,140800.0,4137635
2022-10-17,VCB,140500.0,146100.0,139250.0,144850.0,3781844
2022-10-18,VCB,143700.0,148950.0,143350.0,148750.0,4645945
2022-10-19,VCB,148800.0,150450.0,148600.0,150250.0,3595419
2022-10-20,VCB,149300.0,152700.0,149200.0,151650.0,3257244
2022-10-21,VCB,151000.0,153500.0,150750.0,152850.0,3215024
2022-10-24,VCB,153250.0,153600.0,150800.0,150950.0,2831299
2022-10-25,VCB,152050.0,153250.0,151550.0,151550.0,3310815
2022-10-26,VCB,151700.0,152050.0,150600.0,151800.0,3704775
2022-10-27,VCB,152700.0,153200.0,149900.0,149950.0,4565320
2022-10-28,VCB,150500.0,153500.0,149600.0,151650.0,4505311
2022-10-31,VCB,150950.0,155750.0,150500.0,154050.0,4874889
2022-11-01,VCB,154450.0,155250.0,152450.0,153150.0,2954444
2022-11-02,VCB,152250.0,155150.0,151500.0,154450.0,4485622
2022-11-03,VCB,154750.0,161850.0,153700.0,160650.0,5451446
2022-11-04,VCB,159800.0,164200.0,158850.0,164150.0,3116164
2022-11-07,VCB,164500.0,166400.0,163700.0,165800.0,3833411
2022-11-08,VCB,165450.0,169700.0,164850.0,168650.0,4465410
2022-11-09,VCB,169350.0,170900.0,163200.0,164250.0,4565068
2022-11-10,VCB,165000.0,166150.0,164200.0,165300.0,3229893
2022-11-11,VCB,165450.0,166500.0,163650.0,164000.0,2928256
2022-11-14,VCB,163250.0,166500.0,162950.0,166050.0,3632271
2022-11-15,VCB,165800.0,166600.0,161100.0,161100.0,4610441
2022-11-16,VCB,161700.0,162250.0,160150.0,160500.0,2787644
2022-11-17,VCB,160100.0,160700.0,156500.0,157650.0,3431634
2022-11-18,VCB,157800.0,158350.0,153700.0,155000.0,3932226
2022-11-21,VCB,155500.0,155800.0,152950.0,153000.0,2943961
2022-11-22,VCB,152450.0,154400.0,150300.0,152850.0,4706987
2022-11-23,VCB,153350.0,154550.0,150200.0,151350.0,3010613
2022-11-24,VCB,152000.0,152700.0,147250.0,149150.0,4531013
2022-11-25,VCB,150250.0,152100.0,148800.0,151800.0,2737847
2022-11-28,VCB,151600.0,151800.0,151300.0,151400.0,3318116
2022-11-29,VCB,151550.0,152200.0,148450.0,149950.0,3073338
2022-11-30,VCB,149650.0,151050.0,147200.0,148600.0,3307878
2022-12-01,VCB,148250.0,150350.0,148200.0,149700.0,4032484
2022-12-02,VCB,149850.0,150250.0,149750.0,150100.0,3011462
2022-12-05,VCB,150950.0,152200.0,150750.0,152000.0,2445286
2022-12-06,VCB,152100.0,155600.0,151350.0,154350.0,4166290
2022-12-07,VCB,155050.0,160450.0,154100.0,159250.0,3564970
2022-12-08,VCB,158350.0,159000.0,157800.0,158450.0,3154704
2022-12-09,VCB,158150.0,159050.0,154200.0,154200.0,3305217
2022-12-12,VCB,153000.0,154150.0,152850.0,153850.0,3568823
2022-12-13,VCB,154850.0,155500.0,150100.0,150650.0,4138319
2022-12-14,VCB,150900.0,153900.0,150500.0,152950.0,2669342
2022-12-15,VCB,152650.0,154200.0,146850.0,148850.0,4109819
2022-12-16,VCB,149950.0,150750.0,147950.0,148050.0,3115184
2022-12-19,VCB,147500.0,152250.0,145150.0,151300.0,4126265
2022-12-20,VCB,151100.0,153100.0,150050.0,152650.0,2718985
2022-12-21,VCB,152000.0,153950.0,151700.0,153700.0,3413907
2022-12-22,VCB,152700.0,155450.0,151950.0,153350.0,3494828
2022-12-23,VCB,153150.0,153400.0,150850.0,151150.0,2631129
2022-12-26,VCB,150650.0,154200.0,147900.0,153850.0,4289555
2022-12-27,VCB,153400.0,154350.0,153050.0,153200.0,3608791
2022-12-28,VCB,152700.0,155400.0,151450.0,153950.0,3672780
2022-12-29,VCB,154150.0,154350.0,151050.0,152450.0,2635377
2022-12-30,VCB,151950.0,152250.0,150200.0,150700.0,4092936
2023-01-02,VCB,150700.0,154350.0,150550.0,154150.0,2784885
2023-01-03,VCB,154400.0,156500.0,154050.0,155700.0,2887209
2023-01-04,VCB,156300.0,156800.0,152650.0,154700.0,3548830
2023-01-05,VCB,155650.0,156850.0,153950.0,155450.0,2964269
2023-01-06,VCB,155950.0,157400.0,154000.0,156700.0,4218776
2023-01-09,VCB,156100.0,156650.0,153000.0,153800.0,3855346
2023-01-10,VCB,153750.0,156300.0,153500.0,155850.0,3910150
2023-01-11,VCB,156450.0,157700.0,155700.0,156900.0,4122935
2023-01-12,VCB,157350.0,158950.0,155600.0,158100.0,3426860
2023-01-13,VCB,158500.0,159400.0,157850.0,158350.0,3346874
2023-01-16,VCB,158650.0,159400.0,156200.0,158200.0,2835906
2023-01-17,VCB,158150.0,161750.0,156700.0,161650.0,3931281
2023-01-18,VCB,161450.0,162100.0,159400.0,159700.0,4252630
2023-01-19,VCB,160100.0,162950.0,159300.0,161800.0,3702483
2023-01-20,VCB,161800.0,163450.0,160250.0,163200.0,3875974
2023-01-23,VCB,163500.0,165800.0,162800.0,165350.0,3158365
2023-01-24,VCB,165150.0,167050.0,165100.0,166200.0,3050563
2023-01-25,VCB,166200.0,167350.0,165450.0,166500.0,2694321
2023-01-26,VCB,166450.0,169200.0,164650.0,168350.0,3620499
2023-01-27,VCB,169000.0,169500.0,167500.0,168350.0,3337295
2023-01-30,VCB,167900.0,169400.0,166450.0,167150.0,2990524
2023-01-31,VCB,167000.0,167450.0,163950.0,166050.0,2881174
2023-02-01,VCB,165950.0,166350.0,164950.0,165000.0,2671061
2023-02-02,VCB,165000.0,170400.0,163750.0,168850.0,4113097
2023-02-03,VCB,169300.0,170750.0,164150.0,165900.0,5230297
2023-02-06,VCB,167300.0,168850.0,165550.0,166500.0,2974881
2023-02-07,VCB,165900.0,168800.0,165300.0,166900.0,4042445
2023-02-08,VCB,166300.0,170500.0,165150.0,170350.0,4360957
2023-02-09,VCB,171100.0,172800.0,168100.0,169400.0,4367174
2023-02-10,VCB,169200.0,169500.0,167750.0,168500.0,2541130
2023-02-13,VCB,169250.0,169750.0,166350.0,167550.0,3758268
2023-02-14,VCB,167750.0,170150.0,166250.0,167950.0,2891629
2023-02-15,VCB,168400.0,170550.0,168000.0,169750.0,3038262
2023-02-16,VCB,169900.0,172850.0,168550.0,172700.0,2686557
2023-02-17,VCB,173850.0,174050.0,172350.0,173800.0,3584348
2023-02-20,VCB,173900.0,177050.0,173450.0,174450.0,3052003
2023-02-21,VCB,174550.0,175150.0,172650.0,173450.0,2526268
2023-02-22,VCB,174450.0,175050.0,171300.0,171600.0,3342327
2023-02-23,VCB,172150.0,172650.0,167400.0,168700.0,4171286
2023-02-24,VCB,168250.0,168300.0,164000.0,165950.0,2939911
2023-02-27,VCB,166100.0,167500.0,164650.0,167250.0,3847529
2023-02-28,VCB,166550.0,171750.0,164600.0,171700.0,4608121
2023-03-01,VCB,172500.0,177050.0,171800.0,175800.0,4727088
2023-03-02,VCB,175500.0,175900.0,171550.0,172900.0,3534252
2023-03-03,VCB,173500.0,174200.0,171050.0,172000.0,3390486
2023-03-06,VCB,172050.0,172400.0,171550.0,172200.0,3368639
2023-03-07,VCB,171250.0,175550.0,170150.0,174900.0,4372190
2023-03-08,VCB,173400.0,174650.0,172450.0,173300.0,2758282
2023-03-09,VCB,172900.0,173200.0,170600.0,171250.0,3795444
2023-03-10,VCB,171750.0,172300.0,165750.0,166450.0,4791671
2023-03-13,VCB,166100.0,167700.0,165850.0,167000.0,3814218
2023-03-14,VCB,166900.0,168500.0,166450.0,168100.0,3920949
2023-03-15,VCB,168450.0,170700.0,166850.0,170100.0,4394264
2023-03-16,VCB,170400.0,171350.0,169000.0,171150.0,2993533
2023-03-17,VCB,170000.0,172200.0,169350.0,172150.0,3516977
2023-03-20,VCB,172550.0,173300.0,171150.0,173250.0,3377546
2023-03-21,VCB,174250.0,175650.0,171000.0,171450.0,3437161
2023-03-22,VCB,170900.0,172150.0,169550.0,170150.0,3753278
2023-03-23,VCB,170850.0,172950.0,170000.0,171650.0,2403679
2023-03-24,VCB,172250.0,172900.0,170950.0,171000.0,2237318
2023-03-27,VCB,172200.0,174500.0,171950.0,174150.0,2785422
2023-03-28,VCB,174400.0,176900.0,173250.0,176750.0,4442538
2023-03-29,VCB,176050.0,177050.0,174450.0,176650.0,4024347
2023-03-30,VCB,177250.0,178700.0,175750.0,176050.0,3346971
2023-03-31,VCB,176200.0,177300.0,175250.0,176750.0,3515556
2023-04-03,VCB,176750.0,177450.0,171900.0,172050.0,3825660
2023-04-04,VCB,172000.0,172100.0,169800.0,170000.0,3509797
2023-04-05,VCB,170600.0,170700.0,168200.0,168950.0,3735769
2023-04-06,VCB,169400.0,171150.0,166650.0,167850.0,3585732
2023-04-07,VCB,166650.0,172850.0,166150.0,172150.0,3888497
2023-04-10,VCB,171400.0,171600.0,170550.0,170950.0,2191157
2023-04-11,VCB,171050.0,171300.0,167900.0,168300.0,2898258
2023-04-12,VCB,168550.0,169700.0,166300.0,166800.0,2976385
2023-04-13,VCB,166550.0,167050.0,161150.0,161200.0,3161856
2023-04-14,VCB,161350.0,162900.0,160500.0,161550.0,3639148
2023-04-17,VCB,161900.0,163250.0,158750.0,158950.0,3537756
2023-04-18,VCB,159300.0,163950.0,159250.0,162300.0,3000494
2023-04-19,VCB,162100.0,163150.0,154300.0,154550.0,4084268
2023-04-20,VCB,154950.0,155550.0,153750.0,154200.0,2637843
2023-04-21,VCB,154500.0,154750.0,152400.0,152750.0,3617618
2023-04-24,VCB,152400.0,153950.0,150950.0,151300.0,3498337
2023-04-25,VCB,151750.0,152550.0,149650.0,150500.0,3811862
2023-04-26,VCB,151400.0,152650.0,148300.0,149450.0,3107298
2023-04-27,VCB,149200.0,151800.0,146250.0,147250.0,3745782
2023-04-28,VCB,146550.0,149450.0,145950.0,149300.0,3300001
2023-05-01,VCB,149500.0,151100.0,149300.0,150250.0,3903972
2023-05-02,VCB,150050.0,153650.0,149950.0,153500.0,2895792
2023-05-03,VCB,153850.0,155300.0,150950.0,151850.0,4263244
2023-05-04,VCB,151850.0,155650.0,151850.0,155550.0,3371171
2023-05-05,VCB,155450.0,156650.0,154500.0,156050.0,2755469
2023-05-08,VCB,156200.0,157750.0,151650.0,152100.0,4155739
2023-05-09,VCB,151250.0,155950.0,151050.0,155200.0,4897242
2023-05-10,VCB,155750.0,157300.0,155550.0,156500.0,3638064
2023-05-11,VCB,156400.0,161100.0,156100.0,159150.0,3612341
2023-05-12,VCB,158950.0,162050.0,158650.0,161050.0,2742107
2023-05-15,VCB,160150.0,163400.0,159200.0,162750.0,2919133
2023-05-16,VCB,163550.0,165800.0,160450.0,161800.0,3249015
2023-05-17,VCB,160950.0,161550.0,159200.0,161000.0,3653900
2023-05-18,VCB,160750.0,162850.0,158450.0,158850.0,4013101
2023-05-19,VCB,158300.0,161450.0,158050.0,160650.0,2961758
2023-05-22,VCB,160600.0,160950.0,159400.0,159850.0,2283309
2023-05-23,VCB,160650.0,161000.0,156450.0,157400.0,4778169
2023-05-24,VCB,157800.0,159300.0,155150.0,155900.0,3737374
2023-05-25,VCB,156200.0,162650.0,156050.0,160700.0,4028050
2023-05-26,VCB,160800.0,162350.0,159900.0,159900.0,3816065
2023-05-29,VCB,160250.0,160350.0,159150.0,159800.0,3890173
2023-05-30,VCB,160000.0,160650.0,157250.0,158700.0,3600209
2023-05-31,VCB,158650.0,159700.0,157250.0,158050.0,3756139
2023-06-01,VCB,158550.0,161550.0,156700.0,159900.0,3730309
2023-06-02,VCB,160850.0,165350.0,159850.0,164350.0,3513646
2023-06-05,VCB,164900.0,169900.0,164400.0,166650.0,4259571
2023-06-06,VCB,166150.0,169300.0,165100.0,168650.0,2704918
2023-06-07,VCB,169250.0,171850.0,167100.0,169250.0,3383323
2023-06-08,VCB,169100.0,170050.0,169050.0,169300.0,2181307
2023-06-09,VCB,168300.0,171050.0,168150.0,170150.0,3484766
2023-06-12,VCB,170500.0,172650.0,170250.0,171350.0,3712656
2023-06-13,VCB,170950.0,171800.0,169950.0,171000.0,3097797
2023-06-14,VCB,172500.0,173550.0,169800.0,170700.0,3335247
2023-06-15,VCB,170550.0,171800.0,168100.0,168450.0,4163836
2023-06-16,VCB,168950.0,169100.0,164950.0,165750.0,3305195
2023-06-19,VCB,165550.0,166450.0,164650.0,164750.0,3553634
2023-06-20,VCB,164350.0,165550.0,164050.0,164700.0,2566197
2023-06-21,VCB,164650.0,166650.0,164150.0,166300.0,3076301
2023-06-22,VCB,165900.0,167150.0,165200.0,166500.0,3181062
2023-06-23,VCB,166800.0,170600.0,166100.0,169200.0,2879492
2023-06-26,VCB,169450.0,169850.0,166650.0,167150.0,2889749
2023-06-27,VCB,166900.0,168800.0,160750.0,162050.0,3884320
2023-06-28,VCB,161250.0,161600.0,157750.0,160000.0,2918095
2023-06-29,VCB,160500.0,160900.0,158850.0,159350.0,3735452
2023-06-30,VCB,159500.0,159550.0,155500.0,156150.0,4710808
2023-07-03,VCB,155650.0,156500.0,155500.0,156250.0,2464244
2023-07-04,VCB,155300.0,156150.0,155300.0,155850.0,2465220
2023-07-05,VCB,156650.0,157300.0,156100.0,156750.0,2555468
2023-07-06,VCB,156000.0,161150.0,154700.0,160100.0,5251489
2023-07-07,VCB,159100.0,159900.0,157150.0,157200.0,3427999
2023-07-10,VCB,158400.0,161100.0,157850.0,158700.0,3070253
2023-07-11,VCB,159800.0,161100.0,158150.0,159250.0,2521634
2023-07-12,VCB,159000.0,161850.0,158300.0,161600.0,3995399
2023-07-13,VCB,161950.0,162450.0,161250.0,162000.0,3756502
2023-07-14,VCB,161850.0,163300.0,161800.0,162900.0,2501429
2023-07-17,VCB,162400.0,162850.0,161700.0,162650.0,3121466
2023-07-18,VCB,162750.0,167950.0,162600.0,165550.0,3811142
2023-07-19,VCB,166600.0,167900.0,166350.0,166700.0,2298506
2023-07-20,VCB,166800.0,167400.0,164950.0,166850.0,3628545
2023-07-21,VCB,166500.0,169150.0,166200.0,167700.0,3580826
2023-07-24,VCB,168150.0,168800.0,167700.0,168700.0,2090388
2023-07-25,VCB,169000.0,169800.0,168850.0,169250.0,2991464
2023-07-26,VCB,169550.0,170550.0,166100.0,167100.0,3067717
2023-07-27,VCB,166850.0,167350.0,165600.0,166200.0,4104681
2023-07-28,VCB,167050.0,171750.0,166050.0,169350.0,3541125
2023-07-31,VCB,168000.0,170200.0,167350.0,169850.0,3505255
2023-08-01,VCB,169550.0,171000.0,168750.0,169800.0,4218397
2023-08-02,VCB,169400.0,170200.0,166800.0,167800.0,2671737
2023-08-03,VCB,168250.0,169000.0,167050.0,167850.0,3439237
2023-08-04,VCB,168300.0,169050.0,165950.0,168900.0,3191034
2023-08-07,VCB,169600.0,171700.0,169150.0,171700.0,3221021
2023-08-08,VCB,170700.0,174650.0,170650.0,173750.0,2939531
2023-08-09,VCB,173950.0,175700.0,171750.0,172050.0,3930033
2023-08-10,VCB,171450.0,173900.0,170100.0,170900.0,3772153
2023-08-11,VCB,171600.0,175350.0,171150.0,174450.0,3876070
2023-08-14,VCB,174450.0,174900.0,172200.0,173750.0,4118324
2023-08-15,VCB,172900.0,178800.0,172600.0,178600.0,3231577
2023-08-16,VCB,177250.0,178950.0,175750.0,178000.0,3440077
2023-08-17,VCB,178300.0,180150.0,174900.0,176250.0,4335252
2023-08-18,VCB,175800.0,179600.0,175600.0,179000.0,3948596
2023-08-21,VCB,180600.0,181000.0,177450.0,180050.0,3957509
2023-08-22,VCB,180250.0,181100.0,178650.0,178950.0,3740133
2023-08-23,VCB,178700.0,179750.0,173500.0,175000.0,3750605
2023-08-24,VCB,175650.0,176200.0,172700.0,172800.0,3510272
2023-08-25,VCB,171750.0,173500.0,170050.0,170100.0,3751986
2023-08-28,VCB,170750.0,170800.0,167450.0,168800.0,2805776
2023-08-29,VCB,169700.0,170400.0,162800.0,163100.0,5321241
2023-08-30,VCB,162850.0,165100.0,161250.0,161650.0,3619278
2023-08-31,VCB,162300.0,162400.0,158400.0,158850.0,3594989
2023-09-01,VCB,158300.0,160350.0,158050.0,159500.0,2584110
2023-09-04,VCB,159550.0,160650.0,156700.0,159100.0,2696045
2023-09-05,VCB,160050.0,160200.0,157100.0,159200.0,4105904
2023-09-06,VCB,159450.0,160700.0,153400.0,154400.0,4897425
2023-09-07,VCB,154850.0,155500.0,150050.0,151700.0,3499276
2023-09-08,VCB,151350.0,152700.0,150450.0,152350.0,4115161
2023-09-11,VCB,152450.0,153250.0,151400.0,152200.0,3374603
2023-09-12,VCB,151950.0,152950.0,150000.0,152200.0,3615325
2023-09-13,VCB,151950.0,152850.0,147750.0,149800.0,4763350
2023-09-14,VCB,149950.0,152250.0,149450.0,152250.0,2805867
2023-09-15,VCB,151250.0,152250.0,148700.0,152200.0,3607720
2023-09-18,VCB,151900.0,152000.0,149050.0,150250.0,4202429
2023-09-19,VCB,150900.0,151000.0,149300.0,149550.0,3490279
2023-09-20,VCB,149150.0,149450.0,147100.0,147300.0,3553643
2023-09-21,VCB,147300.0,147850.0,142550.0,142800.0,4537821
2023-09-22,VCB,142700.0,145900.0,142050.0,145000.0,4546158
2023-09-25,VCB,145000.0,145250.0,142800.0,143400.0,3389363
2023-09-26,VCB,144800.0,146700.0,143800.0,146650.0,2559704
2023-09-27,VCB,146650.0,148600.0,146100.0,146200.0,2752544
2023-09-28,VCB,146100.0,146250.0,142500.0,144450.0,4125564
2023-09-29,VCB,145500.0,146000.0,144950.0,145600.0,3331000
2023-10-02,VCB,145450.0,145600.0,144700.0,144950.0,3187603
2023-10-03,VCB,145300.0,147350.0,145100.0,147100.0,3086507
2023-10-04,VCB,146550.0,148050.0,145850.0,146400.0,4091625
2023-10-05,VCB,145950.0,146050.0,144750.0,145700.0,3645659
2023-10-06,VCB,146100.0,147450.0,142200.0,142700.0,3431675
2023-10-09,VCB,143000.0,145100.0,141650.0,143950.0,3792276
2023-10-10,VCB,143500.0,146100.0,142900.0,145600.0,4483410
2023-10-11,VCB,146400.0,148400.0,144950.0,148200.0,4168035
2023-10-12,VCB,148750.0,150100.0,147950.0,149700.0,3163383
2023-10-13,VCB,149500.0,153200.0,149200.0,150850.0,3359624
2023-10-16,VCB,151450.0,151850.0,146850.0,147200.0,4866448
2023-10-17,VCB,145950.0,147550.0,143000.0,143150.0,4217600
2023-10-18,VCB,142950.0,145150.0,142850.0,144450.0,3141296
2023-10-19,VCB,145050.0,146150.0,143700.0,145450.0,4089264
2023-10-20,VCB,145700.0,148400.0,144550.0,147400.0,3757156
2023-10-23,VCB,146850.0,147700.0,145650.0,146750.0,4168939
2023-10-24,VCB,146000.0,148950.0,145950.0,147000.0,4325212
2023-10-25,VCB,147500.0,149450.0,147100.0,148950.0,3858046
2023-10-26,VCB,149900.0,151850.0,149550.0,151250.0,2738311
2023-10-27,VCB,150750.0,151400.0,146700.0,147150.0,4683025
2023-10-30,VCB,146850.0,147750.0,145300.0,146650.0,4257449
2023-10-31,VCB,146400.0,148100.0,146350.0,147950.0,3097981
2023-11-01,VCB,148000.0,149550.0,146750.0,149450.0,3812582
2023-11-02,VCB,150050.0,152400.0,149650.0,151600.0,3102967
2023-11-03,VCB,152800.0,154350.0,151500.0,152500.0,3974895
2023-11-06,VCB,152500.0,153200.0,150150.0,151800.0,3958204
2023-11-07,VCB,151300.0,156500.0,150700.0,155650.0,5002986
2023-11-08,VCB,155550.0,155750.0,151350.0,151800.0,3076921
2023-11-09,VCB,152400.0,155800.0,150700.0,153450.0,4280195
2023-11-10,VCB,153550.0,153650.0,152450.0,153550.0,3518267
2023-11-13,VCB,152600.0,156400.0,151900.0,156200.0,3022775
2023-11-14,VCB,156050.0,161300.0,155000.0,160050.0,4990713
2023-11-15,VCB,161150.0,162000.0,155000.0,156300.0,4882040
2023-11-16,VCB,155450.0,158250.0,154950.0,157900.0,2922749
2023-11-17,VCB,157150.0,157550.0,155900.0,156250.0,2468521
2023-11-20,VCB,156200.0,159700.0,155700.0,159550.0,3593672
2023-11-21,VCB,159250.0,161950.0,156850.0,160850.0,3741299
2023-11-22,VCB,160400.0,161300.0,157450.0,159150.0,3147376
2023-11-23,VCB,159350.0,162800.0,157550.0,162800.0,4444865
2023-11-24,VCB,162500.0,163000.0,160550.0,160700.0,3678122
2023-11-27,VCB,160350.0,161200.0,157800.0,158100.0,3731844
2023-11-28,VCB,158900.0,159950.0,157750.0,158600.0,2988101
2023-11-29,VCB,158400.0,160100.0,157850.0,160050.0,3817888
2023-11-30,VCB,160450.0,161050.0,158750.0,159000.0,3792047
2023-12-01,VCB,158900.0,164150.0,158250.0,163650.0,4024875
2023-12-04,VCB,163950.0,167550.0,162100.0,166950.0,4731608
2023-12-05,VCB,167250.0,170350.0,166150.0,170000.0,3917583
2023-12-06,VCB,169900.0,172300.0,169250.0,171750.0,3121871
2023-12-07,VCB,172100.0,172200.0,170450.0,172050.0,2429817
2023-12-08,VCB,171800.0,172300.0,171200.0,171250.0,2177872
2023-12-11,VCB,171500.0,172350.0,168500.0,168750.0,4598954
2023-12-12,VCB,168450.0,169950.0,166850.0,167800.0,3524520
2023-12-13,VCB,168250.0,169350.0,164850.0,167050.0,2760191
2023-12-14,VCB,167800.0,168250.0,162200.0,163700.0,3397060
2023-12-15,VCB,164800.0,167700.0,164500.0,166950.0,4041272
2023-12-18,VCB,166800.0,167000.0,163300.0,164000.0,4578019
2023-12-19,VCB,165100.0,166650.0,163600.0,166000.0,3638531
2023-12-20,VCB,166150.0,166150.0,162450.0,163950.0,4393765
2023-12-21,VCB,163250.0,164650.0,162300.0,162300.0,3008700
2023-12-22,VCB,162850.0,163150.0,158200.0,158500.0,3109401
2023-12-25,VCB,159550.0,161300.0,157900.0,160850.0,3088177
2023-12-26,VCB,160550.0,162850.0,160400.0,162350.0,4165753
2023-12-27,VCB,163250.0,165200.0,161700.0,164650.0,4059256
2023-12-28,VCB,164950.0,166000.0,163250.0,164150.0,2697192
2023-12-29,VCB,163500.0,163600.0,160700.0,160750.0,4120436
2024-01-01,VCB,161200.0,161750.0,158950.0,159400.0,2885302
2024-01-02,VCB,159950.0,162850.0,157700.0,161150.0,4501397
2024-01-03,VCB,160650.0,161500.0,158650.0,159000.0,4197806
2024-01-04,VCB,157000.0,158200.0,156950.0,157850.0,3314742
2024-01-05,VCB,157400.0,158650.0,156350.0,156450.0,3763669
2024-01-08,VCB,156350.0,157150.0,154950.0,156950.0,2953543
2024-01-09,VCB,156300.0,158150.0,154150.0,154500.0,3991734
2024-01-10,VCB,154350.0,156200.0,153900.0,154750.0,4193817
2024-01-11,VCB,154750.0,155000.0,154000.0,154450.0,2030961
2024-01-12,VCB,153750.0,154300.0,153050.0,153300.0,2125226
2024-01-15,VCB,153550.0,157350.0,153100.0,155250.0,4669591
2024-01-16,VCB,155950.0,158400.0,153650.0,153900.0,3009193
2024-01-17,VCB,154450.0,156700.0,154350.0,156600.0,4280423
2024-01-18,VCB,158150.0,159350.0,157950.0,158850.0,3346544
2024-01-19,VCB,158850.0,159050.0,154100.0,155150.0,4349328
2024-01-22,VCB,154850.0,159000.0,154450.0,158250.0,3878747
2024-01-23,VCB,158150.0,158750.0,155300.0,157900.0,4428742
2024-01-24,VCB,157950.0,160650.0,157450.0,159350.0,2546355
2024-01-25,VCB,159000.0,159350.0,153700.0,154950.0,4290634
2024-01-26,VCB,154400.0,156400.0,153750.0,156200.0,3907623
2024-01-29,VCB,156000.0,158650.0,154300.0,158350.0,3082718
2024-01-30,VCB,158550.0,158650.0,156700.0,156950.0,3754791
2024-01-31,VCB,156900.0,157900.0,154400.0,154950.0,3838491
2024-02-01,VCB,155050.0,156450.0,153000.0,153050.0,3014802
2024-02-02,VCB,152900.0,153100.0,152100.0,152800.0,2194179
2024-02-05,VCB,152800.0,157000.0,152650.0,155750.0,3582807
2024-02-06,VCB,156800.0,157250.0,154600.0,155600.0,2869831
2024-02-07,VCB,155350.0,156850.0,154900.0,156100.0,3614954
2024-02-08,VCB,155700.0,156050.0,154500.0,155650.0,2544207
2024-02-09,VCB,155150.0,157600.0,153900.0,157250.0,4471530
2024-02-12,VCB,158550.0,159350.0,153850.0,155150.0,4320096
2024-02-13,VCB,154700.0,155050.0,151350.0,152050.0,2972302
2024-02-14,VCB,151950.0,153350.0,151000.0,151250.0,3120485
2024-02-15,VCB,151400.0,151800.0,149750.0,150000.0,2991336
2024-02-16,VCB,149350.0,151800.0,147600.0,148250.0,4212869
2024-02-19,VCB,148200.0,150200.0,146800.0,148000.0,3672179
2024-02-20,VCB,147350.0,150500.0,145750.0,149000.0,3756580
2024-02-21,VCB,149450.0,150550.0,147000.0,147700.0,3450545
2024-02-22,VCB,148100.0,149200.0,143300.0,143750.0,3334661
2024-02-23,VCB,143950.0,144200.0,138500.0,139400.0,3605531
2024-02-26,VCB,139100.0,139150.0,137650.0,138400.0,4070306
2024-02-27,VCB,138350.0,138500.0,137050.0,137600.0,3989333
2024-02-28,VCB,137500.0,138500.0,136900.0,138250.0,2386621
2024-02-29,VCB,138850.0,138900.0,135100.0,137450.0,3521515
2024-03-01,VCB,137300.0,138450.0,134000.0,134800.0,4540942
2024-03-04,VCB,134050.0,134100.0,133150.0,133550.0,3554514
2024-03-05,VCB,133400.0,134400.0,131650.0,131800.0,3374182
2024-03-06,VCB,132000.0,134300.0,131900.0,134050.0,2819266
2024-03-07,VCB,133900.0,134450.0,132550.0,133650.0,2508573
2024-03-08,VCB,133000.0,135600.0,132350.0,134600.0,2852642
2024-03-11,VCB,134300.0,137150.0,133200.0,136500.0,4571640
2024-03-12,VCB,136250.0,138700.0,135200.0,138050.0,4662631
2024-03-13,VCB,138000.0,138700.0,136100.0,137450.0,4085403
2024-03-14,VCB,138200.0,138600.0,138050.0,138450.0,2955707
2024-03-15,VCB,139450.0,140900.0,139150.0,139500.0,2567859
2024-03-18,VCB,139650.0,140800.0,136850.0,138550.0,3269854
2024-03-19,VCB,138700.0,139950.0,137900.0,139450.0,3620336
2024-03-20,VCB,139950.0,141250.0,139050.0,140550.0,2665460
2024-03-21,VCB,141650.0,141800.0,138000.0,139400.0,4416462
2024-03-22,VCB,139150.0,140300.0,138200.0,139700.0,2534007
2024-03-25,VCB,139600.0,139850.0,136600.0,137950.0,4095714
2024-03-26,VCB,138000.0,138800.0,136650.0,136900.0,4198864
2024-03-27,VCB,135950.0,136700.0,134200.0,134800.0,4431271
2024-03-28,VCB,135850.0,136100.0,135600.0,135750.0,2269147
2024-03-29,VCB,136250.0,137450.0,133600.0,134400.0,4708434
2024-04-01,VCB,134250.0,136700.0,132600.0,135750.0,4150018
2024-04-02,VCB,136300.0,139100.0,136150.0,138350.0,3220743
2024-04-03,VCB,137900.0,138550.0,136450.0,136500.0,3865652
2024-04-04,VCB,136400.0,137750.0,136100.0,137500.0,3854734
2024-04-05,VCB,137700.0,139750.0,135000.0,135650.0,4783517
2024-04-08,VCB,134600.0,135350.0,133900.0,135050.0,2305804
2024-04-09,VCB,135700.0,137100.0,134400.0,136850.0,3761622
2024-04-10,VCB,137650.0,137900.0,136700.0,137650.0,2353251
2024-04-11,VCB,137100.0,143050.0,135800.0,140950.0,5321044
2024-04-12,VCB,140750.0,142350.0,137900.0,139050.0,4351488
2024-04-15,VCB,138150.0,138400.0,137400.0,137900.0,2529627
2024-04-16,VCB,137550.0,138350.0,132950.0,133800.0,4898911
2024-04-17,VCB,133750.0,136700.0,133400.0,136550.0,4105966
2024-04-18,VCB,135750.0,136350.0,135650.0,136250.0,2368931
2024-04-19,VCB,136050.0,136100.0,133600.0,134150.0,3660318
2024-04-22,VCB,134000.0,134550.0,132350.0,133150.0,2911939
2024-04-23,VCB,133350.0,134500.0,132550.0,133450.0,3638567
2024-04-24,VCB,132850.0,133000.0,131800.0,132900.0,3162681
2024-04-25,VCB,132750.0,133300.0,131800.0,132250.0,3433150
2024-04-26,VCB,132650.0,133750.0,129150.0,129800.0,4610373
2024-04-29,VCB,130100.0,131150.0,129150.0,129400.0,2764590
2024-04-30,VCB,129100.0,131200.0,127950.0,131150.0,3089939
2024-05-01,VCB,131550.0,132200.0,129200.0,130450.0,3549665
2024-05-02,VCB,130650.0,132900.0,129400.0,132550.0,3803382
2024-05-03,VCB,133000.0,133950.0,128450.0,129500.0,3933750
2024-05-06,VCB,128700.0,129850.0,128350.0,128750.0,2761245
2024-05-07,VCB,128700.0,130750.0,128600.0,129400.0,3131702
2024-05-08,VCB,129700.0,130950.0,129550.0,130500.0,3293107
2024-05-09,VCB,130450.0,131850.0,130300.0,131050.0,2780956
2024-05-10,VCB,131650.0,132350.0,128000.0,128300.0,3326502
2024-05-13,VCB,127950.0,131300.0,127600.0,130250.0,4454035
2024-05-14,VCB,129400.0,129950.0,125600.0,126250.0,4396688
2024-05-15,VCB,126650.0,126850.0,126200.0,126450.0,2963555
2024-05-16,VCB,126750.0,129200.0,125400.0,127500.0,3831614
2024-05-17,VCB,128100.0,129850.0,127850.0,129600.0,3424227
2024-05-20,VCB,128650.0,128750.0,127400.0,127900.0,3094569
2024-05-21,VCB,128400.0,128750.0,126750.0,127400.0,2849272
2024-05-22,VCB,127550.0,127850.0,126300.0,126650.0,4206681
2024-05-23,VCB,125800.0,126900.0,124200.0,124650.0,4161628
2024-05-24,VCB,124500.0,125500.0,124450.0,124800.0,2951130
2024-05-27,VCB,124550.0,126050.0,123350.0,124800.0,3491089
2024-05-28,VCB,125150.0,126750.0,123850.0,123850.0,3371657
2024-05-29,VCB,124300.0,124600.0,122400.0,122750.0,3276144
2024-05-30,VCB,122800.0,123450.0,122550.0,123100.0,3874418
2024-05-31,VCB,122700.0,125900.0,122450.0,125300.0,4536866
2024-06-03,VCB,126000.0,129050.0,125200.0,129000.0,3198514
2024-06-04,VCB,129150.0,131400.0,128600.0,131100.0,3742470
2024-06-05,VCB,131850.0,132900.0,130550.0,132700.0,3748338
2024-06-06,VCB,133100.0,133300.0,129750.0,130550.0,4497646
2024-06-07,VCB,130250.0,130350.0,126200.0,126350.0,3103906
2024-06-10,VCB,125700.0,126550.0,125150.0,126100.0,3683157
2024-06-11,VCB,126200.0,126900.0,124700.0,125000.0,3224856
2024-06-12,VCB,125050.0,129150.0,124950.0,128100.0,4289296
2024-06-13,VCB,127800.0,127850.0,126850.0,126950.0,3786100
2024-06-14,VCB,127200.0,127300.0,126850.0,127100.0,2578902
2024-06-17,VCB,127000.0,128100.0,123350.0,123900.0,4232920
2024-06-18,VCB,124150.0,129450.0,123700.0,128450.0,3767511
2024-06-19,VCB,128950.0,131950.0,128100.0,130900.0,3203643
2024-06-20,VCB,132050.0,134300.0,131450.0,132900.0,3617414
2024-06-21,VCB,132150.0,134800.0,132050.0,134550.0,3561767
2024-06-24,VCB,135150.0,136750.0,134450.0,136700.0,3878486
2024-06-25,VCB,137200.0,139000.0,134450.0,136100.0,3407230
2024-06-26,VCB,136500.0,139450.0,135450.0,138450.0,3475586
2024-06-27,VCB,138250.0,141600.0,136900.0,141350.0,4851978
2024-06-28,VCB,141800.0,144300.0,139200.0,139800.0,4864558
2024-07-01,VCB,140250.0,141200.0,140100.0,141050.0,3468499
2024-07-02,VCB,141650.0,141950.0,140400.0,141350.0,3359859
2024-07-03,VCB,140550.0,143150.0,139250.0,142850.0,2986110
2024-07-04,VCB,142750.0,143250.0,140100.0,140450.0,3262443
2024-07-05,VCB,140800.0,143050.0,138900.0,143000.0,4368706
2024-07-08,VCB,144100.0,144800.0,143100.0,144500.0,3732185
2024-07-09,VCB,144350.0,146600.0,143800.0,145500.0,3047087
2024-07-10,VCB,145250.0,147200.0,144550.0,145750.0,3223968
2024-07-11,VCB,145900.0,146500.0,142300.0,143000.0,3630503
2024-07-12,VCB,142700.0,146050.0,142300.0,145300.0,4402199
2024-07-15,VCB,145350.0,146050.0,143500.0,144400.0,2634809
2024-07-16,VCB,144450.0,146150.0,143550.0,145000.0,4102604
2024-07-17,VCB,144850.0,144950.0,142000.0,142200.0,3099484
2024-07-18,VCB,142000.0,144850.0,141450.0,143850.0,3568285
2024-07-19,VCB,144350.0,144800.0,143700.0,144500.0,2223517
2024-07-22,VCB,145350.0,147800.0,144700.0,146750.0,3157147
2024-07-23,VCB,146900.0,147900.0,146400.0,147100.0,4125568
2024-07-24,VCB,146800.0,147050.0,142650.0,144500.0,3171151
2024-07-25,VCB,144350.0,145450.0,142050.0,142400.0,3866050
2024-07-26,VCB,141200.0,141550.0,138800.0,140250.0,3311519
2024-07-29,VCB,140300.0,140900.0,139950.0,140200.0,2345043
2024-07-30,VCB,140200.0,140250.0,137600.0,138800.0,3257484
2024-07-31,VCB,138450.0,139600.0,137800.0,139550.0,4076599
2024-08-01,VCB,138850.0,139800.0,138600.0,139400.0,2216022
2024-08-02,VCB,139650.0,140550.0,138700.0,139600.0,2718087
2024-08-05,VCB,139150.0,141600.0,138700.0,140700.0,4107246
2024-08-06,VCB,141050.0,141850.0,139750.0,140000.0,3359162
2024-08-07,VCB,139700.0,148500.0,138350.0,147200.0,4457461
2024-08-08,VCB,147150.0,147350.0,143100.0,144400.0,3660358
2024-08-09,VCB,144600.0,148600.0,143800.0,146700.0,3375023
2024-08-12,VCB,146850.0,150250.0,146450.0,149350.0,4126838
2024-08-13,VCB,149900.0,151450.0,145900.0,146950.0,3834146
2024-08-14,VCB,145900.0,146000.0,142900.0,143900.0,4112575
2024-08-15,VCB,144900.0,145150.0,141750.0,141800.0,3315723
2024-08-16,VCB,141350.0,143650.0,140900.0,143450.0,4338005
2024-08-19,VCB,144200.0,145000.0,143800.0,144900.0,2888981
2024-08-20,VCB,145250.0,148050.0,145050.0,146750.0,4498307
2024-08-21,VCB,146650.0,147700.0,145850.0,147300.0,2508977
2024-08-22,VCB,146900.0,147600.0,144000.0,145800.0,4202970
2024-08-23,VCB,146750.0,147000.0,144400.0,144500.0,4334495
2024-08-26,VCB,144600.0,146900.0,143950.0,145400.0,3438353
2024-08-27,VCB,146300.0,146400.0,142300.0,143550.0,3011226
2024-08-28,VCB,143800.0,145050.0,142700.0,145000.0,2704128
2024-08-29,VCB,145000.0,146600.0,143450.0,144250.0,2927331
2024-08-30,VCB,143650.0,148400.0,142650.0,146600.0,5003470
2024-09-02,VCB,145500.0,145750.0,143900.0,144000.0,3574790
2024-09-03,VCB,144000.0,144300.0,142050.0,142500.0,3931865
2024-09-04,VCB,143350.0,146050.0,143300.0,145600.0,3872720
2024-09-05,VCB,145850.0,146300.0,145700.0,146200.0,3612982
2024-09-06,VCB,146600.0,148000.0,144000.0,145050.0,2868914
2024-09-09,VCB,145750.0,146300.0,143200.0,143450.0,4483076
2024-09-10,VCB,142400.0,146600.0,142200.0,145500.0,3985292
2024-09-11,VCB,145250.0,145400.0,144150.0,145200.0,3817220
2024-09-12,VCB,146400.0,146700.0,146200.0,146700.0,2895882
2024-09-13,VCB,146750.0,148250.0,145400.0,147300.0,3681616
2024-09-16,VCB,148150.0,148550.0,146250.0,147000.0,3823013
2024-09-17,VCB,147850.0,147850.0,146100.0,146250.0,3291415
2024-09-18,VCB,146450.0,147750.0,145400.0,145500.0,4045527
2024-09-19,VCB,146600.0,148850.0,146100.0,146600.0,2900671
2024-09-20,VCB,146200.0,146300.0,145550.0,146250.0,3184606
2024-09-23,VCB,145550.0,147200.0,145550.0,147150.0,2553221
2024-09-24,VCB,146350.0,150250.0,145800.0,148900.0,4460743
2024-09-25,VCB,149950.0,150200.0,148300.0,149000.0,3883627
2024-09-26,VCB,148050.0,151650.0,147600.0,150850.0,4248568
2024-09-27,VCB,151050.0,151950.0,149050.0,150100.0,3074389
2024-09-30,VCB,149550.0,150250.0,146900.0,147550.0,3526378
2024-10-01,VCB,145900.0,147250.0,144950.0,147250.0,3873059
2024-10-02,VCB,148300.0,149350.0,142600.0,143200.0,4761796
2024-10-03,VCB,143800.0,145250.0,142750.0,142950.0,3019430
2024-10-04,VCB,142100.0,143600.0,140250.0,141250.0,4262998
2024-10-07,VCB,141450.0,143250.0,140500.0,142800.0,2861016
2024-10-08,VCB,142300.0,143700.0,141750.0,142150.0,2505371
2024-10-09,VCB,141300.0,141650.0,140350.0,140900.0,2705639
2024-10-10,VCB,140150.0,140150.0,137450.0,137950.0,3293133
2024-10-11,VCB,138450.0,139000.0,137000.0,138100.0,2376424
2024-10-14,VCB,137800.0,137900.0,134450.0,135550.0,3773996
2024-10-15,VCB,136050.0,137200.0,132900.0,133700.0,4308697
2024-10-16,VCB,133800.0,135850.0,133100.0,135350.0,2603979
2024-10-17,VCB,135600.0,136200.0,135200.0,135750.0,2122349
2024-10-18,VCB,136000.0,136150.0,134100.0,135800.0,4223515
2024-10-21,VCB,135300.0,136950.0,134950.0,135450.0,2971686
2024-10-22,VCB,134650.0,135750.0,134550.0,134650.0,2199688
2024-10-23,VCB,134650.0,135350.0,132700.0,133150.0,3898212
2024-10-24,VCB,133600.0,135300.0,127100.0,128450.0,5694771
2024-10-25,VCB,128250.0,128250.0,127200.0,127850.0,3930027
2024-10-28,VCB,127350.0,128850.0,127150.0,127850.0,2839029
2024-10-29,VCB,127150.0,131300.0,126550.0,130800.0,4065045
2024-10-30,VCB,130200.0,132000.0,130150.0,131150.0,3046623
2024-10-31,VCB,130450.0,133400.0,129650.0,132250.0,3990022
2024-11-01,VCB,132600.0,134100.0,131800.0,134000.0,2755030
2024-11-04,VCB,134350.0,135950.0,131850.0,132800.0,3114403
2024-11-05,VCB,132950.0,133800.0,131700.0,132550.0,2598733
2024-11-06,VCB,131950.0,132400.0,129750.0,130550.0,2531901
2024-11-07,VCB,130350.0,132350.0,129750.0,130200.0,3997899
2024-11-08,VCB,129700.0,129800.0,129100.0,129250.0,2040092
2024-11-11,VCB,129450.0,129600.0,127750.0,127800.0,4062641
2024-11-12,VCB,127100.0,128600.0,126350.0,127850.0,3472890
2024-11-13,VCB,128000.0,128650.0,127450.0,128250.0,2351454
2024-11-14,VCB,127900.0,128600.0,126200.0,126700.0,3338852
2024-11-15,VCB,126450.0,129400.0,126400.0,129350.0,4391596
2024-11-18,VCB,129700.0,131500.0,128400.0,131300.0,4128816
2024-11-19,VCB,131750.0,132850.0,131250.0,132450.0,3368652
2024-11-20,VCB,132150.0,132500.0,129200.0,130550.0,3432719
2024-11-21,VCB,131000.0,132800.0,128500.0,129950.0,3078549
2024-11-22,VCB,129200.0,133000.0,129150.0,132600.0,4813782
2024-11-25,VCB,132400.0,132700.0,131150.0,132150.0,2896224
2024-11-26,VCB,132200.0,134150.0,130250.0,133650.0,4092936
2024-11-27,VCB,134000.0,135200.0,132000.0,133350.0,3510218
2024-11-28,VCB,133850.0,134000.0,132200.0,133200.0,3469622
2024-11-29,VCB,132900.0,133150.0,129250.0,129800.0,3459919
2024-12-02,VCB,129550.0,130550.0,128150.0,130500.0,2586868
2024-12-03,VCB,131600.0,131950.0,128650.0,129850.0,3637187
2024-12-04,VCB,131200.0,134000.0,131150.0,132650.0,3463645
2024-12-05,VCB,132550.0,133050.0,131650.0,132200.0,4133257
2024-12-06,VCB,132400.0,134700.0,131150.0,134700.0,4609092
2024-12-09,VCB,134400.0,136700.0,133150.0,136650.0,4601759
2024-12-10,VCB,136150.0,138200.0,135450.0,138050.0,2670652
2024-12-11,VCB,137400.0,139350.0,136900.0,138750.0,2639956
2024-12-12,VCB,139400.0,141700.0,138800.0,140700.0,2523313
2024-12-13,VCB,141000.0,141900.0,140350.0,140750.0,3225898
2024-12-16,VCB,139900.0,142800.0,139500.0,142450.0,2962724
2024-12-17,VCB,142100.0,142600.0,138950.0,139150.0,3301238
2024-12-18,VCB,139700.0,141300.0,136750.0,138400.0,4648503
2024-12-19,VCB,139350.0,140250.0,135800.0,136650.0,4451195
2024-12-20,VCB,135850.0,137750.0,135850.0,136800.0,2828016
2024-12-23,VCB,136050.0,140200.0,135200.0,139800.0,4442170
2024-12-24,VCB,140650.0,140700.0,134800.0,135400.0,3889908
2024-12-25,VCB,136200.0,137950.0,130300.0,132900.0,4555307
2024-12-26,VCB,134050.0,135250.0,133700.0,134450.0,2721657
2024-12-27,VCB,134300.0,135150.0,131700.0,132250.0,4616026
2024-12-30,VCB,132150.0,134800.0,131650.0,133600.0,4245805
2024-12-31,VCB,133100.0,133350.0,132350.0,133100.0,2667388
2025-01-01,VCB,132150.0,133650.0,130150.0,130250.0,4370924
2025-01-02,VCB,129850.0,132300.0,128500.0,131200.0,4308830
2025-01-03,VCB,132500.0,132700.0,128750.0,129200.0,3794114
2025-01-06,VCB,128450.0,130100.0,127800.0,129700.0,3280876
2025-01-07,VCB,129300.0,133650.0,129100.0,133550.0,3344959
2025-01-08,VCB,134050.0,138100.0,133800.0,137850.0,3076025
2025-01-09,VCB,137650.0,137750.0,135550.0,135950.0,4003356
2025-01-10,VCB,136250.0,136800.0,133200.0,134550.0,2902905
2025-01-13,VCB,133950.0,135150.0,132300.0,132700.0,3664082
2025-01-14,VCB,132250.0,134850.0,132200.0,134350.0,2596739
2025-01-15,VCB,134350.0,138200.0,133800.0,137550.0,3169757
2025-01-16,VCB,136500.0,136950.0,134050.0,135050.0,3549731
2025-01-17,VCB,135550.0,138250.0,135300.0,137450.0,3625353
2025-01-20,VCB,137900.0,138400.0,134600.0,134750.0,3243331
2025-01-21,VCB,134850.0,136700.0,134700.0,135800.0,3191974
2025-01-22,VCB,135150.0,136200.0,134800.0,136050.0,3112006
2025-01-23,VCB,135750.0,136100.0,132850.0,134000.0,4440038
2025-01-24,VCB,133950.0,134400.0,131400.0,131400.0,3433779
2025-01-27,VCB,131400.0,134050.0,130650.0,134050.0,3604706
2025-01-28,VCB,134050.0,134450.0,133350.0,134200.0,2580865
2025-01-29,VCB,134150.0,135050.0,132950.0,133000.0,3078378
2025-01-30,VCB,133600.0,133850.0,131550.0,133100.0,2534181
2025-01-31,VCB,132350.0,133200.0,130350.0,130800.0,4120326
2025-02-03,VCB,131300.0,132850.0,125450.0,126500.0,4878763
2025-02-04,VCB,126650.0,128350.0,126450.0,127600.0,3431855
2025-02-05,VCB,127900.0,130200.0,127150.0,129800.0,4221701
2025-02-06,VCB,130100.0,132100.0,129550.0,131500.0,3667273
2025-02-07,VCB,131350.0,133000.0,130900.0,132600.0,3391842
2025-02-10,VCB,132700.0,134000.0,132650.0,133450.0,2957292
2025-02-11,VCB,133650.0,134750.0,132550.0,134450.0,3543968
2025-02-12,VCB,134650.0,135600.0,131700.0,132250.0,4200601
2025-02-13,VCB,131700.0,132600.0,129300.0,130000.0,3050257
2025-02-14,VCB,130200.0,131050.0,129750.0,130450.0,2600289
2025-02-17,VCB,130750.0,132700.0,130450.0,131700.0,3870377
2025-02-18,VCB,132100.0,132850.0,129200.0,129650.0,4320126
2025-02-19,VCB,130000.0,131200.0,129500.0,131050.0,3562214
2025-02-20,VCB,131800.0,132850.0,130750.0,131350.0,4112311
2025-02-21,VCB,131300.0,133300.0,131000.0,132600.0,2750764
2025-02-24,VCB,131800.0,134950.0,131450.0,134700.0,4603740
2025-02-25,VCB,134150.0,135250.0,132200.0,133550.0,4235975
2025-02-26,VCB,133900.0,134800.0,131800.0,132100.0,3122709
2025-02-27,VCB,131850.0,132400.0,129450.0,129750.0,4113668
2025-02-28,VCB,129100.0,130800.0,127500.0,130750.0,3254706
2025-03-03,VCB,130800.0,135550.0,130450.0,135000.0,3653200
2025-03-04,VCB,135250.0,135600.0,133850.0,134550.0,3087620
2025-03-05,VCB,133950.0,140000.0,132800.0,138750.0,4741469
2025-03-06,VCB,138750.0,140700.0,137000.0,137950.0,4638572
2025-03-07,VCB,137800.0,138550.0,133850.0,134150.0,3999729
2025-03-10,VCB,133850.0,135350.0,133700.0,134950.0,2856585
2025-03-11,VCB,134950.0,135800.0,133400.0,133600.0,3307001
2025-03-12,VCB,133650.0,134150.0,130950.0,131700.0,4170018
2025-03-13,VCB,131350.0,132650.0,130950.0,132500.0,3052539
2025-03-14,VCB,132050.0,132900.0,131150.0,132500.0,3641005
2025-03-17,VCB,130950.0,133350.0,130350.0,132550.0,4519295
2025-03-18,VCB,131800.0,132050.0,129350.0,131250.0,4510510
2025-03-19,VCB,131350.0,132300.0,130800.0,132200.0,2616883
2025-03-20,VCB,132050.0,135550.0,131850.0,135250.0,4553972
2025-03-21,VCB,134700.0,138350.0,134600.0,137400.0,3548518
2025-03-24,VCB,137050.0,139950.0,135750.0,138450.0,3466573
2025-03-25,VCB,137850.0,141650.0,137800.0,140250.0,3025078
2025-03-26,VCB,140100.0,143850.0,139850.0,142800.0,3849424
2025-03-27,VCB,143550.0,144300.0,140200.0,141050.0,3203399
2025-03-28,VCB,141750.0,142100.0,140700.0,141000.0,2535981
2025-03-31,VCB,141650.0,143050.0,141500.0,142250.0,2950009
2025-04-01,VCB,141750.0,143850.0,141050.0,143200.0,4427213
2025-04-02,VCB,143850.0,144500.0,142100.0,142400.0,2833992
2025-04-03,VCB,142500.0,145350.0,141950.0,144200.0,3655849
2025-04-04,VCB,143050.0,149100.0,142550.0,148500.0,5268748
2025-04-07,VCB,149300.0,150600.0,147950.0,149950.0,2871198
2025-04-08,VCB,149950.0,152850.0,149850.0,152000.0,3824209
2025-04-09,VCB,151650.0,153000.0,150700.0,152350.0,2577651
2025-04-10,VCB,153400.0,154600.0,153100.0,154050.0,2790975
2025-04-11,VCB,154300.0,154450.0,152400.0,152950.0,3308601
2025-04-14,VCB,152100.0,155150.0,151850.0,154850.0,4238006
2025-04-15,VCB,154650.0,155250.0,150950.0,153500.0,4683535
2025-04-16,VCB,153550.0,154050.0,149600.0,150700.0,4312866
2025-04-17,VCB,151450.0,151900.0,148950.0,150000.0,4104764
2025-04-18,VCB,150850.0,153600.0,150250.0,153200.0,4186919
2025-04-21,VCB,152700.0,154300.0,152200.0,153950.0,2302707
2025-04-22,VCB,153750.0,154400.0,153250.0,154000.0,3245051
2025-04-23,VCB,154650.0,154950.0,152550.0,153300.0,3780350
2025-04-24,VCB,153450.0,157400.0,153200.0,156500.0,3782376
2025-04-25,VCB,155500.0,156050.0,152900.0,153100.0,2598595
2025-04-28,VCB,153100.0,155300.0,152550.0,154950.0,2489991
2025-04-29,VCB,155100.0,155950.0,153800.0,154600.0,3500505
2025-04-30,VCB,154300.0,158200.0,152400.0,157750.0,3977949
2025-05-01,VCB,158350.0,158550.0,155800.0,156200.0,3141936
2025-05-02,VCB,156100.0,157900.0,154850.0,156150.0,2931545
2025-05-05,VCB,156750.0,156750.0,153900.0,154500.0,3499875
2025-05-06,VCB,154450.0,155700.0,153450.0,153500.0,4298912
2025-05-07,VCB,154000.0,154050.0,151700.0,151950.0,2729097
2025-05-08,VCB,152950.0,154000.0,151850.0,151850.0,2603890
2025-05-09,VCB,153600.0,155350.0,152200.0,153200.0,2942479
2025-05-12,VCB,152650.0,156150.0,151900.0,155900.0,3210821
2025-05-13,VCB,156600.0,158700.0,154950.0,157250.0,2682752
2025-05-14,VCB,157000.0,157100.0,153900.0,154750.0,4124750
2025-05-15,VCB,155750.0,156950.0,154950.0,156800.0,3729728
2025-05-16,VCB,157250.0,158000.0,156700.0,157050.0,3970481
2025-05-19,VCB,157400.0,157600.0,152050.0,153000.0,3747357
2025-05-20,VCB,153550.0,155100.0,151250.0,154350.0,4640157
2025-05-21,VCB,154400.0,155750.0,154300.0,154500.0,2969416
2025-05-22,VCB,154150.0,159750.0,153350.0,159350.0,4853098
2025-05-23,VCB,159750.0,160150.0,155800.0,156850.0,3186825
2025-05-26,VCB,157350.0,159850.0,157300.0,158800.0,2480438
2025-05-27,VCB,158050.0,161400.0,157500.0,160350.0,2744516
2025-05-28,VCB,159750.0,160950.0,156550.0,156750.0,3218636
2025-05-29,VCB,156000.0,158450.0,155400.0,157900.0,3371650
2025-05-30,VCB,158250.0,158850.0,156450.0,157150.0,3118101
2025-06-02,VCB,156550.0,160750.0,156200.0,160050.0,3509536
2025-06-03,VCB,160100.0,160300.0,157000.0,157150.0,2752188
2025-06-04,VCB,156900.0,156950.0,152400.0,152900.0,3672513
2025-06-05,VCB,153000.0,153900.0,152850.0,153600.0,3070981
2025-06-06,VCB,154350.0,156200.0,152650.0,154850.0,4588711
2025-06-09,VCB,154850.0,155600.0,154500.0,155550.0,2233882
2025-06-10,VCB,154350.0,156250.0,154150.0,154700.0,3993539
2025-06-11,VCB,155250.0,156100.0,154600.0,155450.0,3157143
2025-06-12,VCB,155750.0,158400.0,153850.0,157200.0,4526146
2025-06-13,VCB,157400.0,159650.0,156850.0,159300.0,3271990
2025-06-16,VCB,159250.0,161700.0,159150.0,161150.0,2444918
2025-06-17,VCB,160850.0,161250.0,159800.0,160400.0,2729596
2025-06-18,VCB,160800.0,161200.0,158350.0,158400.0,4398185
2025-06-19,VCB,157400.0,159700.0,156450.0,159600.0,3953042
2025-06-20,VCB,158900.0,164150.0,156350.0,162900.0,3603926
2025-06-23,VCB,163650.0,165000.0,162650.0,164700.0,2978147
2025-06-24,VCB,164250.0,165850.0,162850.0,162950.0,2579896
2025-06-25,VCB,163250.0,163900.0,160800.0,161700.0,2992384
2025-06-26,VCB,161900.0,162400.0,159850.0,160050.0,3398076
2025-06-27,VCB,160150.0,160700.0,154400.0,156700.0,3679651
2025-06-30,VCB,157100.0,160000.0,156750.0,159250.0,2579561
2025-07-01,VCB,160000.0,160450.0,157700.0,158900.0,2576663
2025-07-02,VCB,159900.0,161500.0,157950.0,159000.0,3452991
2025-07-03,VCB,158900.0,159250.0,156200.0,157100.0,3428552
2025-07-04,VCB,156850.0,158400.0,152550.0,154850.0,3449705
2025-07-07,VCB,154500.0,155700.0,154250.0,154850.0,2216713
2025-07-08,VCB,154100.0,154850.0,152550.0,153500.0,3784517
2025-07-09,VCB,154100.0,154150.0,151200.0,152350.0,2888351
2025-07-10,VCB,152600.0,155900.0,151700.0,155350.0,3898546
2025-07-11,VCB,155000.0,158700.0,154950.0,156850.0,4002317
2025-07-14,VCB,157250.0,157900.0,151150.0,152550.0,4975015
2025-07-15,VCB,152750.0,153950.0,151700.0,152900.0,2516563
2025-07-16,VCB,152100.0,152200.0,151250.0,151250.0,3528835
2025-07-17,VCB,151000.0,152850.0,149300.0,152400.0,4577154
2025-07-18,VCB,153100.0,156450.0,152550.0,155800.0,4652273
2025-07-21,VCB,155550.0,157050.0,154900.0,155100.0,2629102
2025-07-22,VCB,154400.0,154550.0,154150.0,154200.0,2412935
2025-07-23,VCB,153250.0,159600.0,152450.0,159200.0,4178901
2025-07-24,VCB,157950.0,163300.0,157900.0,162050.0,4593843
2025-07-25,VCB,162350.0,162700.0,161600.0,161650.0,2434084
2025-07-28,VCB,161850.0,162850.0,160150.0,160800.0,3291285
2025-07-29,VCB,160300.0,160300.0,159050.0,159600.0,3181499
2025-07-30,VCB,160450.0,162300.0,159350.0,159750.0,2854496
2025-07-31,VCB,159200.0,161550.0,157800.0,161300.0,4162564
2025-08-01,VCB,162000.0,163950.0,160800.0,162950.0,2746274
2025-08-04,VCB,162850.0,166450.0,162100.0,165200.0,3080305
2025-08-05,VCB,164000.0,167250.0,162500.0,167150.0,3019513
2025-08-06,VCB,166900.0,167000.0,165950.0,166950.0,2595356
2025-08-07,VCB,167250.0,168500.0,166250.0,166250.0,2966474
2025-08-08,VCB,165950.0,167600.0,165200.0,166650.0,2299806
2025-08-11,VCB,166150.0,170050.0,165750.0,169050.0,3754168
2025-08-12,VCB,168300.0,170100.0,167500.0,169650.0,3602807
2025-08-13,VCB,168600.0,172250.0,168050.0,171900.0,4154735
2025-08-14,VCB,173450.0,173650.0,167000.0,168450.0,5190577
2025-08-15,VCB,169800.0,170550.0,168250.0,169050.0,3523422
2025-08-18,VCB,170200.0,175550.0,170100.0,174000.0,4860164
2025-08-19,VCB,174450.0,175850.0,173000.0,174500.0,3027929
2025-08-20,VCB,174000.0,176000.0,173550.0,175700.0,2517520
2025-08-21,VCB,177050.0,178600.0,172850.0,173650.0,3511076
2025-08-22,VCB,173400.0,174450.0,172950.0,173700.0,2360890
2025-08-25,VCB,173500.0,173900.0,172800.0,173550.0,3865628
2025-08-26,VCB,173200.0,177600.0,172450.0,176100.0,4260382
2025-08-27,VCB,174800.0,175500.0,172800.0,175350.0,2568841
2025-08-28,VCB,175050.0,175550.0,172200.0,173100.0,3506631
2025-08-29,VCB,172750.0,176250.0,172150.0,175400.0,3664997
2025-09-01,VCB,175850.0,180350.0,175400.0,178350.0,3932925
2025-09-02,VCB,178250.0,178700.0,176550.0,177950.0,3428818
2025-09-03,VCB,177000.0,178100.0,175350.0,175750.0,3074055
2025-09-04,VCB,175550.0,177300.0,172850.0,175350.0,3879328
2025-09-05,VCB,173850.0,176100.0,173100.0,174700.0,2412812
2025-09-08,VCB,174700.0,175900.0,173500.0,175600.0,3673912
2025-09-09,VCB,175750.0,176900.0,169550.0,171600.0,3823087
2025-09-10,VCB,170850.0,176400.0,169950.0,175300.0,5029509
2025-09-11,VCB,176000.0,176050.0,172550.0,172900.0,4087495
2025-09-12,VCB,173000.0,173250.0,168150.0,168750.0,4358927
2025-09-15,VCB,169750.0,170500.0,167600.0,169000.0,2608135
2025-09-16,VCB,168450.0,169400.0,167550.0,169050.0,2688751
2025-09-17,VCB,168700.0,172200.0,168550.0,169500.0,3641015
2025-09-18,VCB,169250.0,169800.0,165100.0,166400.0,3295661
2025-09-19,VCB,166100.0,167700.0,161950.0,162200.0,3799562
2025-09-22,VCB,162950.0,164500.0,162350.0,163400.0,3599307
2025-09-23,VCB,162950.0,168700.0,162050.0,167550.0,4409387
2025-09-24,VCB,167400.0,170400.0,166950.0,169700.0,3199720
2025-09-25,VCB,169450.0,174000.0,167500.0,171100.0,4342010
2025-09-26,VCB,171250.0,175000.0,170000.0,174150.0,3152902
2025-09-29,VCB,173500.0,173650.0,168750.0,170600.0,3904688
2025-09-30,VCB,171750.0,173600.0,171500.0,172200.0,3733957
2025-10-01,VCB,172050.0,172650.0,171450.0,171650.0,2240894
2025-10-02,VCB,171300.0,171700.0,168500.0,169650.0,2591485
2025-10-03,VCB,169450.0,173200.0,169400.0,172200.0,3236444
2025-10-06,VCB,172200.0,174800.0,171750.0,174100.0,2573350
2025-10-07,VCB,175050.0,176350.0,167550.0,170400.0,4573488
2025-10-08,VCB,170850.0,171350.0,167750.0,168100.0,2571041
2025-10-09,VCB,167650.0,170700.0,166250.0,169500.0,4663513
2025-10-10,VCB,168650.0,169700.0,168450.0,169150.0,3197762
2025-10-13,VCB,168550.0,171750.0,167800.0,171700.0,3987185
2025-10-14,VCB,172500.0,173200.0,171250.0,172100.0,2931628
2025-10-15,VCB,171550.0,173800.0,170950.0,172200.0,2735797
2025-10-16,VCB,172000.0,173550.0,171450.0,173100.0,3127844
2025-10-17,VCB,173400.0,177300.0,172600.0,175700.0,3693802
2025-10-20,VCB,174850.0,176200.0,174400.0,174750.0,3134214
2025-10-21,VCB,174600.0,174750.0,173500.0,173550.0,3338806
2025-10-22,VCB,173450.0,177100.0,173100.0,174700.0,3687981
2025-10-23,VCB,175150.0,179250.0,174250.0,178850.0,4069372
2025-10-24,VCB,178850.0,180300.0,177650.0,179850.0,3125940
2025-10-27,VCB,179950.0,180100.0,177650.0,179050.0,3161354
2025-10-28,VCB,178550.0,179800.0,177950.0,178750.0,3163351
2025-10-29,VCB,179550.0,181200.0,177700.0,178300.0,3455543
2025-10-30,VCB,177250.0,181950.0,176550.0,181700.0,4857336
2025-10-31,VCB,181150.0,185700.0,180700.0,184850.0,4199998
2025-11-03,VCB,183850.0,186450.0,183700.0,186000.0,3381722
2025-11-04,VCB,184750.0,186650.0,183550.0,186350.0,4198651
2025-11-05,VCB,186850.0,187800.0,184550.0,184800.0,2561151
2025-11-06,VCB,184300.0,186650.0,183200.0,186300.0,2498802
2025-11-07,VCB,187100.0,187700.0,186700.0,186700.0,2204773
2025-11-10,VCB,186600.0,191300.0,186050.0,190350.0,2877034
2025-11-11,VCB,191100.0,192450.0,186100.0,187800.0,3728691
2025-11-12,VCB,186850.0,187900.0,181450.0,181750.0,3666096
2025-11-13,VCB,180800.0,184400.0,179750.0,184250.0,4624155
2025-11-14,VCB,185700.0,187050.0,182150.0,182800.0,3435613
2025-11-17,VCB,183450.0,185400.0,182250.0,182850.0,3865340
2025-11-18,VCB,181950.0,182650.0,181700.0,182500.0,3482370
2025-11-19,VCB,183100.0,185100.0,181350.0,185050.0,4159188
2025-11-20,VCB,184600.0,188550.0,183700.0,187500.0,3412579
2025-11-21,VCB,187050.0,193250.0,186250.0,192600.0,4478532
2025-11-24,VCB,191800.0,192550.0,190350.0,190550.0,4181189
2025-11-25,VCB,190550.0,190600.0,190400.0,190400.0,3008021
2025-11-26,VCB,190700.0,193700.0,190200.0,193300.0,3778869
2025-11-27,VCB,192100.0,193100.0,189100.0,189750.0,4140644
2025-11-28,VCB,189350.0,192250.0,188800.0,191750.0,3420597
2025-12-01,VCB,192800.0,192900.0,190700.0,191300.0,2880979
2025-12-02,VCB,191300.0,192300.0,188150.0,189000.0,2754886
2025-12-03,VCB,188800.0,192500.0,187400.0,191600.0,3146836
2025-12-04,VCB,191000.0,191850.0,187700.0,188250.0,2872328
2025-12-05,VCB,188650.0,189900.0,187350.0,188500.0,3458884
2025-12-08,VCB,189800.0,192600.0,189250.0,192450.0,3240288
2025-12-09,VCB,191500.0,199200.0,191300.0,197150.0,4685039
2025-12-10,VCB,196800.0,198000.0,192700.0,193950.0,4607423
2025-12-11,VCB,194300.0,197250.0,194150.0,195450.0,3757427
2025-12-12,VCB,195250.0,197250.0,194700.0,195300.0,3408802
2025-12-15,VCB,195350.0,195650.0,187700.0,189100.0,5196908
2025-12-16,VCB,189200.0,189600.0,187100.0,188450.0,3595922
2025-12-17,VCB,188450.0,189200.0,182250.0,183700.0,3841248
2025-12-18,VCB,185650.0,187050.0,184600.0,184750.0,2592621
2025-12-19,VCB,185750.0,187350.0,184750.0,187250.0,4160583
2025-12-22,VCB,187700.0,188350.0,180550.0,181950.0,4250223
2025-12-23,VCB,181350.0,182100.0,179450.0,180100.0,3306811
2025-12-24,VCB,179850.0,182550.0,179600.0,181900.0,3788994
2025-12-25,VCB,183950.0,185000.0,175750.0,176900.0,5426587
2025-12-26,VCB,176900.0,180550.0,175250.0,179450.0,3834625
2025-12-29,VCB,179950.0,182200.0,178600.0,180600.0,3002346
2025-12-30,VCB,179200.0,181000.0,177800.0,180150.0,3705868
2025-12-31,VCB,179700.0,182600.0,179650.0,182400.0,3671579
2026-01-01,VCB,183300.0,187200.0,182650.0,187000.0,3927561
2026-01-02,VCB,188100.0,189200.0,186200.0,186900.0,2390618
2026-01-05,VCB,185800.0,185850.0,185700.0,185850.0,2622196
2026-01-06,VCB,184550.0,185400.0,182250.0,183750.0,3344305
2026-01-07,VCB,184350.0,185600.0,180650.0,182000.0,4116717
2026-01-08,VCB,181000.0,182100.0,180200.0,181050.0,2767222
2026-01-09,VCB,181650.0,182550.0,178600.0,179000.0,2912805
2026-01-12,VCB,179250.0,179300.0,174150.0,176550.0,3448288
2026-01-13,VCB,176400.0,179500.0,176250.0,177600.0,4098836
2026-01-14,VCB,176400.0,178000.0,175300.0,177350.0,2414514
2026-01-15,VCB,177650.0,181050.0,175900.0,177400.0,4553600
2026-01-16,VCB,178150.0,178550.0,176750.0,177600.0,2143693
2026-01-19,VCB,177300.0,179650.0,176800.0,178950.0,4069836
2026-01-20,VCB,179200.0,181300.0,174750.0,175950.0,3522789
2026-01-21,VCB,175300.0,175400.0,173350.0,173350.0,3500089
2026-01-22,VCB,172850.0,172950.0,171400.0,172050.0,2661820
2026-01-23,VCB,171200.0,176850.0,169400.0,175100.0,4384224
2026-01-26,VCB,174650.0,175650.0,172550.0,173500.0,4301675
2026-01-27,VCB,173050.0,174000.0,168550.0,168650.0,3036476
2026-01-28,VCB,169400.0,171100.0,168850.0,170400.0,2458810
2026-01-29,VCB,169700.0,170500.0,167400.0,167900.0,3361722
2026-01-30,VCB,167800.0,168450.0,162750.0,163650.0,3674771
2026-02-02,VCB,163350.0,165850.0,163200.0,165350.0,2450390
2026-02-03,VCB,165300.0,166700.0,164850.0,165800.0,3158795
2026-02-04,VCB,165550.0,166500.0,162150.0,162800.0,3465391
2026-02-05,VCB,162600.0,166600.0,162450.0,166050.0,3971400
2026-02-06,VCB,166700.0,167200.0,165650.0,166300.0,3896992
2026-02-09,VCB,165650.0,168400.0,164950.0,168350.0,4090306
2026-02-10,VCB,167950.0,171900.0,167550.0,170750.0,4497396
2026-02-11,VCB,170200.0,170750.0,169750.0,170500.0,2362568
2026-02-12,VCB,169600.0,169850.0,166950.0,167150.0,4291863
2026-02-13,VCB,167200.0,167900.0,166150.0,166350.0,2403532
2026-02-16,VCB,166400.0,173650.0,164950.0,173400.0,5044353
2026-02-17,VCB,172600.0,176500.0,171650.0,175300.0,3467865
2026-02-18,VCB,173700.0,175700.0,172550.0,174800.0,3946238
2026-02-19,VCB,175050.0,175850.0,173750.0,175700.0,3614977
2026-02-20,VCB,175600.0,176350.0,171550.0,171850.0,3500601
2026-02-23,VCB,172150.0,173700.0,170050.0,173150.0,4284588
2026-02-24,VCB,172900.0,172950.0,170300.0,172500.0,2716167
2026-02-25,VCB,172550.0,175000.0,171650.0,173450.0,3537259
2026-02-26,VCB,172550.0,174550.0,171150.0,174200.0,4124908
2026-02-27,VCB,175550.0,175600.0,171950.0,172600.0,3132095
2026-03-02,VCB,172150.0,172500.0,166750.0,167350.0,3147688
2026-03-03,VCB,167500.0,168850.0,166900.0,168650.0,2229864
2026-03-04,VCB,169000.0,169150.0,167650.0,168100.0,3751805
2026-03-05,VCB,167650.0,170250.0,166600.0,169400.0,3310676
2026-03-06,VCB,168350.0,169550.0,167750.0,168600.0,2714685
2026-03-09,VCB,168350.0,168800.0,165100.0,165250.0,3469427
2026-03-10,VCB,164300.0,165300.0,162650.0,163700.0,4314834
2026-03-11,VCB,163550.0,165200.0,162600.0,164300.0,3272896
2026-03-12,VCB,164450.0,166200.0,164300.0,165500.0,3945688
2026-03-13,VCB,164000.0,166800.0,163850.0,166600.0,3934778
2026-03-16,VCB,166100.0,167250.0,164650.0,166650.0,2753757
2026-03-17,VCB,165750.0,171350.0,165700.0,169550.0,3756678
2026-03-18,VCB,168900.0,170000.0,166800.0,167350.0,3754502
2026-03-19,VCB,166550.0,166900.0,164050.0,164250.0,3619346
2026-03-20,VCB,163900.0,164500.0,163800.0,164100.0,3721924
2026-03-23,VCB,162050.0,162950.0,161400.0,162700.0,2333044
2026-03-24,VCB,163500.0,164650.0,161500.0,161700.0,3969340
2026-03-25,VCB,161750.0,165900.0,161600.0,164600.0,4478763
2026-03-26,VCB,164500.0,167600.0,163900.0,166350.0,4167151
2026-03-27,VCB,165700.0,166350.0,163950.0,164400.0,3257058
2026-03-30,VCB,164800.0,166400.0,162150.0,163750.0,4258886
2026-03-31,VCB,164100.0,164350.0,162600.0,162900.0,4081046
2026-04-01,VCB,163700.0,169000.0,163250.0,168950.0,3107908
2026-04-02,VCB,168050.0,171200.0,167400.0,170100.0,3642790
2026-04-03,VCB,170150.0,173300.0,169350.0,172750.0,2959577
2026-04-06,VCB,172900.0,173500.0,168500.0,169950.0,3394262
2026-04-07,VCB,169950.0,171200.0,169900.0,170350.0,2675021
2026-04-08,VCB,170850.0,174000.0,169250.0,173400.0,3795337
2026-04-09,VCB,173450.0,175200.0,167850.0,169400.0,4259617
2026-04-10,VCB,169550.0,170500.0,164250.0,165550.0,3192931
2026-04-13,VCB,165800.0,166300.0,161400.0,163850.0,4691276
2026-04-14,VCB,163250.0,169600.0,162400.0,168850.0,5323050
2026-04-15,VCB,168200.0,168650.0,167850.0,168400.0,2818878
2026-04-16,VCB,167950.0,169600.0,167500.0,168300.0,2456227
2026-04-17,VCB,168700.0,169350.0,166850.0,167750.0,3122581
2026-04-20,VCB,168050.0,169150.0,167550.0,168100.0,2364185
2026-04-21,VCB,168200.0,172150.0,167500.0,171450.0,4727486
2026-04-22,VCB,171550.0,172200.0,171200.0,171300.0,3541745
2026-04-23,VCB,170550.0,171300.0,169200.0,169750.0,2437610
2026-04-24,VCB,170650.0,171100.0,170100.0,170550.0,2400189
2026-04-27,VCB,170700.0,170750.0,170200.0,170350.0,2654931
2026-04-28,VCB,170600.0,171750.0,170550.0,171550.0,3520433
2026-04-29,VCB,170950.0,173000.0,169400.0,170450.0,2574222
2026-04-30,VCB,169900.0,170650.0,169250.0,170000.0,3603837
2026-05-01,VCB,170400.0,171450.0,167200.0,168500.0,4021909
2026-05-04,VCB,167800.0,168350.0,164550.0,166650.0,2736159
2026-05-05,VCB,166250.0,168250.0,165700.0,167650.0,2688745
2026-05-06,VCB,167500.0,168100.0,165700.0,165900.0,2448004
2026-05-07,VCB,164900.0,165950.0,163300.0,165000.0,3930189
2026-05-08,VCB,164500.0,166750.0,164050.0,165750.0,3547151
2026-05-11,VCB,165150.0,165900.0,162200.0,162900.0,4538596
2026-05-12,VCB,162700.0,166750.0,162550.0,165700.0,3758610
2026-05-13,VCB,165350.0,165400.0,164600.0,165400.0,2577636
2026-05-14,VCB,164750.0,165400.0,163500.0,163650.0,3997059
2026-05-15,VCB,162650.0,165800.0,162400.0,163700.0,4351947
2026-05-18,VCB,163600.0,163950.0,161250.0,161700.0,2906899
2026-05-19,VCB,161700.0,165000.0,161200.0,163800.0,3471480
2026-05-20,VCB,164100.0,165950.0,163550.0,164550.0,3738624
2026-05-21,VCB,164150.0,164850.0,163950.0,164350.0,2048432
2026-05-22,VCB,164100.0,165200.0,163950.0,164600.0,3384293
2026-05-25,VCB,165200.0,166350.0,164800.0,165100.0,3786740
2026-05-26,VCB,165850.0,167050.0,165300.0,166500.0,2294984
2026-05-27,VCB,166100.0,172400.0,166100.0,171800.0,3686302
2026-05-28,VCB,170800.0,171200.0,170400.0,170550.0,2651403
2026-05-29,VCB,170450.0,173200.0,169750.0,171950.0,3084580
2026-06-01,VCB,172550.0,175500.0,171550.0,174150.0,4268534
2026-06-02,VCB,173700.0,174200.0,167950.0,168600.0,3329637
2026-06-03,VCB,168150.0,168950.0,166700.0,167800.0,3013699
2026-06-04,VCB,168600.0,171900.0,168100.0,170050.0,3087441
2026-06-05,VCB,170050.0,171350.0,167500.0,171100.0,3610926
2026-06-08,VCB,169750.0,174850.0,169050.0,173950.0,3714111
2026-06-09,VCB,173800.0,182900.0,173600.0,180200.0,4826439
2026-06-10,VCB,180700.0,181550.0,176000.0,176850.0,4910188
2026-06-11,VCB,176750.0,178900.0,174700.0,177500.0,3835945
2026-06-12,VCB,176300.0,182200.0,175450.0,180250.0,4015550
2026-06-15,VCB,179950.0,180600.0,177350.0,177900.0,4168710
2026-06-16,VCB,178000.0,182550.0,177100.0,181800.0,3906021
2026-06-17,VCB,181900.0,182550.0,180250.0,180400.0,2751743
2026-06-18,VCB,179850.0,180200.0,178700.0,179950.0,2452365
2026-06-19,VCB,179700.0,180950.0,176800.0,178650.0,3640639
2026-06-22,VCB,178700.0,182250.0,177450.0,181250.0,3250028
2026-06-23,VCB,182700.0,183500.0,181850.0,182250.0,3631499
2026-06-24,VCB,181950.0,183050.0,181250.0,182450.0,2522137
2026-06-25,VCB,182100.0,185700.0,182050.0,185150.0,3719328
2026-06-26,VCB,185600.0,186550.0,182900.0,186150.0,2721564
2026-06-29,VCB,186750.0,187650.0,186050.0,186800.0,2145690
2026-06-30,VCB,186700.0,187850.0,185200.0,186500.0,3123892
2026-07-01,VCB,186250.0,186950.0,184500.0,186800.0,3533125
2026-07-02,VCB,186900.0,187400.0,183050.0,183850.0,3599695
2026-07-03,VCB,183000.0,185700.0,181900.0,184900.0,4318055
2026-07-06,VCB,185300.0,190950.0,184400.0,189750.0,4146416
2026-07-07,VCB,188600.0,192100.0,188450.0,191950.0,2843524
2026-07-08,VCB,191350.0,193400.0,190350.0,191700.0,4088444
2026-07-09,VCB,191650.0,194850.0,189750.0,190000.0,3282140
2026-07-10,VCB,190800.0,191700.0,185000.0,186050.0,5036921
2026-07-13,VCB,184700.0,188500.0,183450.0,187650.0,4374643
2026-07-14,VCB,186800.0,188800.0,186000.0,186650.0,4207312
2026-07-15,VCB,186050.0,189500.0,185400.0,189050.0,3067098
2026-07-16,VCB,189300.0,190500.0,188650.0,189600.0,3812335
2026-07-17,VCB,190700.0,191050.0,188500.0,188900.0,3283214
2026-07-20,VCB,189050.0,190100.0,187500.0,189500.0,2430035
2026-07-21,VCB,189900.0,193250.0,188750.0,192650.0,3292594
2026-07-22,VCB,193600.0,193950.0,192400.0,192900.0,3646790
2026-07-23,VCB,192100.0,196250.0,191800.0,194750.0,4584735
2026-07-24,VCB,194450.0,195950.0,192750.0,192800.0,3894512
2026-07-27,VCB,192300.0,192750.0,190550.0,192100.0,3351028
2026-07-28,VCB,192350.0,193450.0,192050.0,193300.0,3801727
2026-07-29,VCB,193550.0,194450.0,189350.0,189650.0,4148222
2026-07-30,VCB,188750.0,192800.0,188100.0,191250.0,4394196
2026-07-31,VCB,190500.0,194150.0,189550.0,193000.0,3149073
2026-08-03,VCB,191950.0,196200.0,191550.0,195750.0,4629800
2026-08-04,VCB,194250.0,194450.0,191400.0,193250.0,4019108
2026-08-05,VCB,192700.0,194950.0,190300.0,194150.0,2707164
2026-08-06,VCB,193750.0,194750.0,190150.0,190350.0,3390232
2026-08-07,VCB,190900.0,192700.0,190000.0,190700.0,2328007
2026-08-10,VCB,189400.0,192250.0,187250.0,191600.0,3096907
2026-08-11,VCB,192850.0,193050.0,189950.0,190950.0,3434484
2026-08-12,VCB,191050.0,192400.0,190200.0,190400.0,3349834
2026-08-13,VCB,190950.0,193550.0,189850.0,191650.0,2597075
2026-08-14,VCB,191900.0,194500.0,189200.0,190600.0,3797022
2026-08-17,VCB,190850.0,194500.0,190800.0,194000.0,3777140
2026-08-18,VCB,193550.0,195300.0,191400.0,192000.0,2836462
2026-08-19,VCB,191250.0,192100.0,191100.0,191850.0,2433605
2026-08-20,VCB,191900.0,195250.0,191650.0,192900.0,3933294
2026-08-21,VCB,195250.0,195550.0,190150.0,191850.0,4442954
2026-08-24,VCB,191850.0,195050.0,191300.0,193600.0,2996054
2026-08-25,VCB,193700.0,194500.0,186650.0,188700.0,5054987
2026-08-26,VCB,188450.0,193950.0,187050.0,193200.0,3875007
2026-08-27,VCB,193600.0,193700.0,187150.0,187950.0,3768810
2026-08-28,VCB,189200.0,189750.0,187300.0,188200.0,3890049
2026-08-31,VCB,188200.0,190600.0,187850.0,189800.0,2674275
