Date,Symbol,Open,High,Low,Close,Volume
2018-01-01,VHM,65050.0,65400.0,64850.0,65000.0,6664299
2018-01-02,VHM,65200.0,65450.0,63850.0,64600.0,11253898
2018-01-03,VHM,64400.0,65700.0,64300.0,65650.0,7827308
2018-01-04,VHM,65750.0,66950.0,65600.0,66150.0,9859493
2018-01-05,VHM,66650.0,66650.0,65550.0,65600.0,9317619
2018-01-08,VHM,65600.0,65800.0,65050.0,65150.0,7914449
2018-01-09,VHM,65000.0,65500.0,64350.0,64900.0,8752225
2018-01-10,VHM,65000.0,65850.0,64550.0,65700.0,9379378
2018-01-11,VHM,65600.0,66500.0,65350.0,66050.0,6994347
2018-01-12,VHM,66300.0,66950.0,63600.0,63600.0,14823095
2018-01-15,VHM,63350.0,63800.0,62800.0,63600.0,9749764
2018-01-16,VHM,63600.0,64250.0,61550.0,61950.0,10254063
2018-01-17,VHM,61600.0,62850.0,61350.0,62800.0,9566621
2018-01-18,VHM,63200.0,64400.0,63100.0,64150.0,7033391
2018-01-19,VHM,64400.0,64500.0,63950.0,64200.0,10208262
2018-01-22,VHM,64400.0,64400.0,63450.0,63550.0,8105903
2018-01-23,VHM,63850.0,65400.0,63500.0,65150.0,12985582
2018-01-24,VHM,65150.0,65200.0,63700.0,63700.0,9976974
2018-01-25,VHM,63750.0,63950.0,61850.0,62100.0,10589773
2018-01-26,VHM,62150.0,62200.0,59850.0,60450.0,11345872
2018-01-29,VHM,60800.0,61550.0,58300.0,58500.0,15839873
2018-01-30,VHM,58250.0,58700.0,57150.0,57600.0,11660847
2018-01-31,VHM,57450.0,60750.0,57400.0,60150.0,14385456
2018-02-01,VHM,60200.0,61400.0,60100.0,61250.0,12051978
2018-02-02,VHM,61700.0,61800.0,59500.0,59950.0,9305976
2018-02-05,VHM,59850.0,60500.0,58200.0,58550.0,10425435
2018-02-06,VHM,58450.0,58900.0,58250.0,58850.0,9701670
2018-02-07,VHM,58700.0,58800.0,56300.0,57150.0,10020412
2018-02-08,VHM,57450.0,57850.0,56850.0,56900.0,11541527
2018-02-09,VHM,57000.0,57850.0,56900.0,57750.0,12154997
2018-02-12,VHM,57500.0,58400.0,57200.0,57900.0,12114054
2018-02-13,VHM,57800.0,60300.0,56850.0,60150.0,14991198
2018-02-14,VHM,60000.0,60200.0,59800.0,59800.0,6360685
2018-02-15,VHM,59750.0,60050.0,59550.0,59900.0,7236397
2018-02-16,VHM,59650.0,60050.0,59300.0,59750.0,9104034
2018-02-19,VHM,59700.0,60400.0,59650.0,60050.0,8748455
2018-02-20,VHM,59750.0,60000.0,56350.0,56650.0,16545081
2018-02-21,VHM,57100.0,57450.0,56600.0,56850.0,8380723
2018-02-22,VHM,57000.0,57450.0,56450.0,56550.0,10646012
2018-02-23,VHM,56450.0,57100.0,56350.0,56700.0,9968587
2018-02-26,VHM,56550.0,56700.0,54950.0,55050.0,11556903
2018-02-27,VHM,55150.0,56950.0,55050.0,56950.0,10348376
2018-02-28,VHM,56850.0,58700.0,56550.0,58250.0,12167415
2018-03-01,VHM,58150.0,58600.0,56450.0,56900.0,9136931
2018-03-02,VHM,56950.0,57400.0,56950.0,57050.0,10384687
2018-03-05,VHM,56550.0,58300.0,56350.0,58250.0,12747440
2018-03-06,VHM,58300.0,58550.0,58200.0,58300.0,9388722
2018-03-07,VHM,58150.0,58550.0,57150.0,57550.0,7961939
2018-03-08,VHM,57200.0,59100.0,56900.0,58900.0,9268466
2018-03-09,VHM,59200.0,60150.0,58350.0,59700.0,9344392
2018-03-12,VHM,59450.0,59600.0,59000.0,59500.0,7191663
2018-03-13,VHM,59400.0,60050.0,56900.0,57000.0,12807520
2018-03-14,VHM,56800.0,58700.0,56450.0,58450.0,10089815
2018-03-15,VHM,58950.0,60850.0,58650.0,60450.0,10910024
2018-03-16,VHM,60550.0,60950.0,58050.0,58550.0,11629065
2018-03-19,VHM,58250.0,61000.0,58200.0,60650.0,14594031
2018-03-20,VHM,61150.0,61400.0,59600.0,59950.0,8481230
2018-03-21,VHM,59850.0,61400.0,59300.0,60800.0,11458574
2018-03-22,VHM,60850.0,62800.0,60600.0,62350.0,14038142
2018-03-23,VHM,62500.0,62650.0,60850.0,60950.0,11926475
2018-03-26,VHM,60650.0,61750.0,60450.0,61600.0,11314898
2018-03-27,VHM,61750.0,61950.0,59800.0,60750.0,10040588
2018-03-28,VHM,60950.0,62750.0,60500.0,62050.0,10828002
2018-03-29,VHM,62600.0,62600.0,60150.0,60250.0,11354554
2018-03-30,VHM,60200.0,60250.0,59750.0,60000.0,9209440
2018-04-02,VHM,60300.0,60900.0,59700.0,60450.0,8626675
2018-04-03,VHM,60800.0,62600.0,60650.0,62000.0,13584746
2018-04-04,VHM,62500.0,62850.0,60150.0,60200.0,14650718
2018-04-05,VHM,60000.0,60500.0,59750.0,60400.0,8027835
2018-04-06,VHM,60700.0,61900.0,60450.0,61850.0,8485957
2018-04-09,VHM,61950.0,62550.0,59550.0,59900.0,14213926
2018-04-10,VHM,59750.0,62650.0,59700.0,62250.0,10270292
2018-04-11,VHM,62350.0,62700.0,60200.0,60400.0,14089409
2018-04-12,VHM,60400.0,61550.0,60300.0,61300.0,11085052
2018-04-13,VHM,61150.0,63650.0,61100.0,63400.0,9844681
2018-04-16,VHM,63600.0,66250.0,63350.0,66000.0,11883007
2018-04-17,VHM,65950.0,66450.0,65800.0,66250.0,11394940
2018-04-18,VHM,66200.0,66900.0,64850.0,65500.0,9547793
2018-04-19,VHM,66050.0,66900.0,65900.0,66450.0,7847485
2018-04-20,VHM,66600.0,69150.0,66400.0,68700.0,10192657
2018-04-23,VHM,69200.0,69950.0,66750.0,66900.0,10165678
2018-04-24,VHM,66750.0,66950.0,65750.0,66200.0,12227227
2018-04-25,VHM,66100.0,68400.0,66050.0,68100.0,11393162
2018-04-26,VHM,68300.0,68550.0,64700.0,65850.0,13095701
2018-04-27,VHM,65950.0,66000.0,65650.0,65950.0,10637849
2018-04-30,VHM,65900.0,68100.0,65600.0,67750.0,10924153
2018-05-01,VHM,67600.0,70400.0,67550.0,70200.0,13968776
2018-05-02,VHM,70200.0,71350.0,69550.0,71000.0,12354708
2018-05-03,VHM,71200.0,72950.0,71000.0,72800.0,10540620
2018-05-04,VHM,72950.0,73950.0,72800.0,73550.0,9483757
2018-05-07,VHM,73400.0,73550.0,73000.0,73500.0,8429958
2018-05-08,VHM,73200.0,73600.0,72100.0,72450.0,10563199
2018-05-09,VHM,72450.0,72500.0,70950.0,71700.0,9675993
2018-05-10,VHM,71400.0,72900.0,70750.0,72650.0,13410638
2018-05-11,VHM,72600.0,73900.0,72450.0,73600.0,8102619
2018-05-14,VHM,73750.0,75800.0,73150.0,75300.0,13818690
2018-05-15,VHM,75450.0,75500.0,75400.0,75450.0,5422754
2018-05-16,VHM,75450.0,76000.0,75150.0,75750.0,6265737
2018-05-17,VHM,75900.0,76550.0,73100.0,73550.0,14399005
2018-05-18,VHM,73950.0,74300.0,70250.0,70300.0,13573432
2018-05-21,VHM,70400.0,71200.0,69400.0,69600.0,11622433
2018-05-22,VHM,69150.0,70250.0,68700.0,70150.0,9712058
2018-05-23,VHM,70050.0,72050.0,69400.0,71950.0,12406277
2018-05-24,VHM,71600.0,72850.0,71450.0,71800.0,8099118
2018-05-25,VHM,72050.0,72850.0,71800.0,72750.0,10891119
2018-05-28,VHM,73250.0,73300.0,72300.0,72600.0,6610984
2018-05-29,VHM,72700.0,75800.0,72050.0,75600.0,11073903
2018-05-30,VHM,75300.0,75700.0,72300.0,72700.0,11968441
2018-05-31,VHM,72700.0,74150.0,72500.0,73750.0,10927646
2018-06-01,VHM,73700.0,73800.0,71500.0,72150.0,11035903
2018-06-04,VHM,72150.0,72900.0,70750.0,71150.0,10239020
2018-06-05,VHM,71050.0,71800.0,70600.0,70800.0,11608722
2018-06-06,VHM,70650.0,72500.0,70450.0,72050.0,12862816
2018-06-07,VHM,72050.0,72350.0,70550.0,70750.0,9239307
2018-06-08,VHM,70400.0,70950.0,69250.0,69350.0,8171339
2018-06-11,VHM,69200.0,71800.0,69150.0,71300.0,11380550
2018-06-12,VHM,71000.0,72400.0,70400.0,72300.0,13266588
2018-06-13,VHM,72000.0,74100.0,71550.0,73150.0,10861558
2018-06-14,VHM,73100.0,73250.0,70250.0,70350.0,10299087
2018-06-15,VHM,70350.0,70800.0,68100.0,68550.0,9065438
2018-06-18,VHM,68600.0,68800.0,66350.0,66600.0,12564678
2018-06-19,VHM,66550.0,67050.0,66350.0,66950.0,9505405
2018-06-20,VHM,66950.0,67150.0,65950.0,67050.0,11183591
2018-06-21,VHM,66900.0,70350.0,66300.0,69750.0,16321140
2018-06-22,VHM,70400.0,71050.0,68900.0,69250.0,10852120
2018-06-25,VHM,69150.0,69400.0,67600.0,68000.0,7995112
2018-06-26,VHM,68250.0,69250.0,67600.0,69050.0,11291071
2018-06-27,VHM,69000.0,69650.0,66450.0,66650.0,10755776
2018-06-28,VHM,66550.0,67650.0,66050.0,67050.0,11351978
2018-06-29,VHM,67000.0,67200.0,65650.0,65950.0,10085380
2018-07-02,VHM,65750.0,65950.0,64700.0,64850.0,8751350
2018-07-03,VHM,64850.0,66050.0,64400.0,64900.0,11131493
2018-07-04,VHM,64600.0,64950.0,63650.0,63650.0,8180034
2018-07-05,VHM,63700.0,63950.0,62800.0,63200.0,9812499
2018-07-06,VHM,63300.0,64150.0,62050.0,62200.0,13172578
2018-07-09,VHM,61850.0,62950.0,61650.0,62400.0,12180056
2018-07-10,VHM,61950.0,63400.0,61600.0,63350.0,9579092
2018-07-11,VHM,62850.0,63650.0,62400.0,63350.0,11226696
2018-07-12,VHM,63600.0,64000.0,62050.0,62050.0,10708769
2018-07-13,VHM,62500.0,62600.0,61200.0,61250.0,8268332
2018-07-16,VHM,61300.0,63400.0,60700.0,62750.0,12225594
2018-07-17,VHM,62900.0,64250.0,62400.0,63650.0,11567397
2018-07-18,VHM,63900.0,64000.0,61550.0,61650.0,13843875
2018-07-19,VHM,61450.0,61800.0,61150.0,61150.0,11164824
2018-07-20,VHM,61500.0,61750.0,59500.0,60000.0,13031236
2018-07-23,VHM,59700.0,59900.0,58050.0,58450.0,11197917
2018-07-24,VHM,58300.0,58650.0,56600.0,57250.0,13362894
2018-07-25,VHM,57150.0,57150.0,55950.0,56250.0,8459645
2018-07-26,VHM,56700.0,56700.0,54700.0,55150.0,14274462
2018-07-27,VHM,55000.0,56500.0,54350.0,56250.0,13490915
2018-07-30,VHM,56200.0,60400.0,56200.0,59700.0,12869748
2018-07-31,VHM,59850.0,60000.0,57300.0,57750.0,15163041
2018-08-01,VHM,57600.0,58350.0,57200.0,58300.0,8068191
2018-08-02,VHM,58300.0,58450.0,56550.0,56800.0,13194390
2018-08-03,VHM,56650.0,56900.0,56300.0,56700.0,7381249
2018-08-06,VHM,56900.0,56950.0,56600.0,56750.0,6093693
2018-08-07,VHM,56500.0,56800.0,56100.0,56700.0,7693545
2018-08-08,VHM,57150.0,58650.0,56700.0,58300.0,9930959
2018-08-09,VHM,58100.0,59250.0,57250.0,59000.0,9065455
2018-08-10,VHM,59500.0,59600.0,58750.0,59100.0,10219478
2018-08-13,VHM,59400.0,59450.0,58450.0,58550.0,8384775
2018-08-14,VHM,58700.0,58850.0,56600.0,56900.0,13632199
2018-08-15,VHM,56800.0,57050.0,54100.0,54850.0,12909103
2018-08-16,VHM,54600.0,55800.0,54500.0,55200.0,9125832
2018-08-17,VHM,54550.0,54900.0,53800.0,54000.0,8300130
2018-08-20,VHM,54050.0,54500.0,52550.0,52750.0,12196969
2018-08-21,VHM,52950.0,53200.0,52300.0,52400.0,11170327
2018-08-22,VHM,52250.0,52350.0,50500.0,50600.0,14292608
2018-08-23,VHM,50400.0,52900.0,50350.0,52600.0,14513259
2018-08-24,VHM,52100.0,52250.0,51750.0,51800.0,8074545
2018-08-27,VHM,51950.0,53600.0,51550.0,53150.0,13759864
2018-08-28,VHM,53150.0,53250.0,51300.0,51950.0,9275927
2018-08-29,VHM,52200.0,52900.0,51900.0,52650.0,12383632
2018-08-30,VHM,52750.0,55150.0,52550.0,55100.0,12643540
2018-08-31,VHM,54900.0,55050.0,54700.0,54800.0,8412987
2018-09-03,VHM,54850.0,55400.0,54800.0,55150.0,11489953
2018-09-04,VHM,54950.0,57150.0,54950.0,56600.0,13229994
2018-09-05,VHM,56350.0,57600.0,56150.0,56950.0,12574991
2018-09-06,VHM,56900.0,58150.0,56750.0,58050.0,10860983
2018-09-07,VHM,58300.0,58550.0,56850.0,56850.0,9707270
2018-09-10,VHM,56850.0,57450.0,56800.0,57000.0,7279169
2018-09-11,VHM,56750.0,56900.0,55300.0,55950.0,9779554
2018-09-12,VHM,55800.0,56400.0,55750.0,56000.0,10073986
2018-09-13,VHM,56200.0,56500.0,55950.0,56500.0,9314635
2018-09-14,VHM,56350.0,56850.0,55850.0,56000.0,10569940
2018-09-17,VHM,56000.0,57350.0,55850.0,56900.0,9898576
2018-09-18,VHM,57200.0,57800.0,55750.0,55800.0,10056733
2018-09-19,VHM,56150.0,58300.0,55900.0,57750.0,13952787
2018-09-20,VHM,58050.0,58350.0,57900.0,58250.0,11085107
2018-09-21,VHM,58050.0,58600.0,57950.0,58450.0,10911558
2018-09-24,VHM,59000.0,59250.0,56750.0,56900.0,13774367
2018-09-25,VHM,56750.0,58100.0,56500.0,57800.0,10487613
2018-09-26,VHM,57700.0,58700.0,56950.0,58200.0,8479571
2018-09-27,VHM,58400.0,58900.0,56750.0,56800.0,9236410
2018-09-28,VHM,57100.0,58500.0,56700.0,58250.0,9538842
2018-10-01,VHM,58000.0,60200.0,58000.0,59850.0,12656269
2018-10-02,VHM,59950.0,60050.0,59850.0,59950.0,6004293
2018-10-03,VHM,60050.0,60700.0,60000.0,60650.0,10800046
2018-10-04,VHM,60900.0,60900.0,57950.0,59000.0,12108937
2018-10-05,VHM,58750.0,59150.0,58750.0,58800.0,10182082
2018-10-08,VHM,58700.0,58950.0,58000.0,58400.0,11844878
2018-10-09,VHM,58650.0,59050.0,58500.0,58950.0,9063322
2018-10-10,VHM,58650.0,59000.0,58650.0,58750.0,8295315
2018-10-11,VHM,58250.0,58400.0,55300.0,55600.0,11739379
2018-10-12,VHM,55250.0,57150.0,54850.0,57000.0,11165573
2018-10-15,VHM,56850.0,59450.0,56850.0,59300.0,11563664
2018-10-16,VHM,59250.0,59250.0,58250.0,58750.0,7443574
2018-10-17,VHM,58800.0,59200.0,57350.0,57400.0,12984604
2018-10-18,VHM,57100.0,57450.0,56950.0,56950.0,7985740
2018-10-19,VHM,56850.0,57100.0,55800.0,56500.0,9210511
2018-10-22,VHM,56300.0,59050.0,56000.0,58750.0,11094662
2018-10-23,VHM,58900.0,59450.0,57100.0,57700.0,12482643
2018-10-24,VHM,57700.0,57950.0,57450.0,57500.0,9819364
2018-10-25,VHM,57650.0,58150.0,56150.0,56450.0,11221590
2018-10-26,VHM,56750.0,57250.0,56700.0,56900.0,11226864
2018-10-29,VHM,56750.0,57300.0,56700.0,57150.0,7756981
2018-10-30,VHM,57100.0,57350.0,55600.0,55700.0,13478438
2018-10-31,VHM,55650.0,55950.0,55600.0,55700.0,7218098
2018-11-01,VHM,55850.0,56600.0,55800.0,56550.0,11623395
2018-11-02,VHM,56750.0,57450.0,56350.0,57400.0,10268908
2018-11-05,VHM,57550.0,58150.0,55900.0,56000.0,11314704
2018-11-06,VHM,56300.0,56300.0,55550.0,55800.0,8599360
2018-11-07,VHM,55650.0,55950.0,54800.0,55000.0,10747091
2018-11-08,VHM,54600.0,54900.0,53950.0,54500.0,8288587
2018-11-09,VHM,54400.0,54550.0,52350.0,52800.0,12943954
2018-11-12,VHM,52950.0,53250.0,52750.0,52850.0,8599852
2018-11-13,VHM,52900.0,53950.0,52700.0,53850.0,8889162
2018-11-14,VHM,53600.0,54400.0,53400.0,54200.0,10523652
2018-11-15,VHM,54300.0,55850.0,54250.0,55400.0,12906724
2018-11-16,VHM,55550.0,56200.0,54150.0,54300.0,10721941
2018-11-19,VHM,54250.0,56150.0,53800.0,56000.0,11141893
2018-11-20,VHM,56050.0,56400.0,55200.0,55650.0,11229782
2018-11-21,VHM,55700.0,57000.0,55550.0,56500.0,12179738
2018-11-22,VHM,56550.0,57150.0,55600.0,56050.0,9780403
2018-11-23,VHM,55950.0,56300.0,55050.0,55200.0,10684013
2018-11-26,VHM,54950.0,55050.0,53950.0,54100.0,9091671
2018-11-27,VHM,53850.0,53900.0,52300.0,52550.0,10149245
2018-11-28,VHM,52850.0,54300.0,52600.0,54200.0,8973319
2018-11-29,VHM,54000.0,55100.0,53950.0,54750.0,10163309
2018-11-30,VHM,54850.0,55000.0,54650.0,54650.0,9410167
2018-12-03,VHM,54650.0,56900.0,54600.0,56400.0,12121105
2018-12-04,VHM,56200.0,56550.0,55050.0,55100.0,11070688
2018-12-05,VHM,55150.0,57400.0,55150.0,57000.0,13875801
2018-12-06,VHM,56950.0,58950.0,56850.0,57850.0,11696271
2018-12-07,VHM,57750.0,57800.0,57100.0,57400.0,7502620
2018-12-10,VHM,57600.0,58250.0,56850.0,57350.0,7656652
2018-12-11,VHM,57150.0,58450.0,56700.0,58200.0,10095244
2018-12-12,VHM,58100.0,59450.0,58050.0,59000.0,11477182
2018-12-13,VHM,58850.0,59000.0,57500.0,57800.0,11095624
2018-12-14,VHM,57700.0,57900.0,56500.0,57100.0,10819707
2018-12-17,VHM,57550.0,58050.0,56200.0,56900.0,13041606
2018-12-18,VHM,56750.0,56900.0,55650.0,55750.0,11191343
2018-12-19,VHM,56050.0,56850.0,54250.0,54600.0,13998811
2018-12-20,VHM,54550.0,56150.0,54500.0,56100.0,9829934
2018-12-21,VHM,56150.0,56200.0,54450.0,54550.0,10096682
2018-12-24,VHM,54500.0,55250.0,53800.0,54050.0,8259452
2018-12-25,VHM,54100.0,54450.0,54050.0,54400.0,7602926
2018-12-26,VHM,54300.0,56650.0,54300.0,56250.0,10975560
2018-12-27,VHM,56250.0,56300.0,55700.0,55750.0,8586866
2018-12-28,VHM,55650.0,56000.0,55200.0,55300.0,9694698
2018-12-31,VHM,55350.0,55400.0,54400.0,54800.0,12302993
2019-01-01,VHM,54550.0,54950.0,52850.0,53000.0,9931185
2019-01-02,VHM,52600.0,53850.0,52100.0,53800.0,8787808
2019-01-03,VHM,54050.0,55300.0,53450.0,54700.0,11979620
2019-01-04,VHM,54400.0,56100.0,54350.0,55850.0,10644218
2019-01-07,VHM,56100.0,56150.0,54350.0,54600.0,11145687
2019-01-08,VHM,55100.0,55200.0,54750.0,55100.0,7368067
2019-01-09,VHM,55100.0,55450.0,53300.0,53750.0,11746638
2019-01-10,VHM,53600.0,53750.0,53250.0,53350.0,6054071
2019-01-11,VHM,53250.0,53300.0,52750.0,53100.0,8849621
2019-01-14,VHM,53000.0,53000.0,52100.0,52400.0,12009160
2019-01-15,VHM,52250.0,52650.0,50750.0,51200.0,13624767
2019-01-16,VHM,50950.0,51000.0,50050.0,50300.0,9388910
2019-01-17,VHM,50350.0,50750.0,48650.0,49000.0,14652125
2019-01-18,VHM,49050.0,49150.0,48550.0,48900.0,8184023
2019-01-21,VHM,49000.0,49450.0,48150.0,48400.0,12823364
2019-01-22,VHM,48500.0,48900.0,48300.0,48550.0,10756084
2019-01-23,VHM,48550.0,50100.0,48250.0,49500.0,9768894
2019-01-24,VHM,49500.0,49750.0,48900.0,49100.0,9275195
2019-01-25,VHM,48750.0,50250.0,48550.0,50200.0,14027962
2019-01-28,VHM,50100.0,50200.0,49100.0,49800.0,11068464
2019-01-29,VHM,49600.0,51050.0,49250.0,50650.0,8910612
2019-01-30,VHM,50600.0,51050.0,49100.0,49100.0,13434576
2019-01-31,VHM,49350.0,49750.0,46400.0,46700.0,12552730
2019-02-01,VHM,46650.0,46800.0,45950.0,46000.0,11261327
2019-02-04,VHM,45850.0,46700.0,45850.0,45950.0,9843754
2019-02-05,VHM,45900.0,47600.0,45700.0,47500.0,11267104
2019-02-06,VHM,47650.0,47700.0,46100.0,46550.0,14065159
2019-02-07,VHM,46650.0,47300.0,46500.0,47050.0,10128885
2019-02-08,VHM,46950.0,50550.0,46750.0,49950.0,15620339
2019-02-11,VHM,50050.0,50200.0,48250.0,48450.0,9486799
2019-02-12,VHM,48250.0,49250.0,48150.0,49250.0,12549345
2019-02-13,VHM,49150.0,50550.0,48900.0,50500.0,11003151
2019-02-14,VHM,50350.0,50350.0,48800.0,49350.0,13194310
2019-02-15,VHM,49600.0,49800.0,49350.0,49500.0,6632739
2019-02-18,VHM,49500.0,49500.0,48250.0,48250.0,10891237
2019-02-19,VHM,48600.0,49000.0,48100.0,48450.0,9332582
2019-02-20,VHM,48550.0,48550.0,48550.0,48550.0,9775222
2019-02-21,VHM,48150.0,49500.0,47650.0,49250.0,10823120
2019-02-22,VHM,49250.0,50450.0,48750.0,50350.0,14002446
2019-02-25,VHM,49900.0,49950.0,48450.0,48450.0,9175658
2019-02-26,VHM,48100.0,48150.0,47400.0,47450.0,8507802
2019-02-27,VHM,47650.0,49000.0,47600.0,48550.0,8826661
2019-02-28,VHM,48600.0,49250.0,48550.0,49050.0,7128003
2019-03-01,VHM,49450.0,49500.0,47850.0,48150.0,10898779
2019-03-04,VHM,48000.0,48350.0,47650.0,47800.0,9598206
2019-03-05,VHM,47800.0,48050.0,47800.0,47950.0,8479779
2019-03-06,VHM,47750.0,50500.0,47250.0,49800.0,13549037
2019-03-07,VHM,50150.0,50200.0,49650.0,50150.0,10072091
2019-03-08,VHM,49900.0,50250.0,49450.0,49600.0,7584531
2019-03-11,VHM,49450.0,50550.0,49000.0,50350.0,8696306
2019-03-12,VHM,50650.0,52950.0,50250.0,52650.0,11299365
2019-03-13,VHM,52650.0,53550.0,52300.0,53350.0,12419783
2019-03-14,VHM,53400.0,53450.0,52750.0,52950.0,10138010
2019-03-15,VHM,52700.0,54250.0,52050.0,53600.0,12924634
2019-03-18,VHM,53550.0,54000.0,52750.0,53150.0,8075880
2019-03-19,VHM,53250.0,53600.0,52150.0,52250.0,12879771
2019-03-20,VHM,52300.0,52650.0,52100.0,52500.0,6647979
2019-03-21,VHM,52550.0,53300.0,52500.0,52900.0,7252731
2019-03-22,VHM,52900.0,52950.0,51300.0,51600.0,13727822
2019-03-25,VHM,51850.0,52600.0,51600.0,52100.0,7336177
2019-03-26,VHM,52100.0,52550.0,52050.0,52500.0,7329868
2019-03-27,VHM,52400.0,52650.0,51600.0,52100.0,11424247
2019-03-28,VHM,52100.0,54000.0,52000.0,53850.0,11718862
2019-03-29,VHM,54000.0,54200.0,53700.0,53800.0,9940574
2019-04-01,VHM,53800.0,54500.0,53300.0,54250.0,9114466
2019-04-02,VHM,54050.0,56400.0,54000.0,55950.0,13735613
2019-04-03,VHM,55800.0,55800.0,55100.0,55500.0,11306008
2019-04-04,VHM,55350.0,56100.0,55300.0,56050.0,9224741
2019-04-05,VHM,55700.0,55950.0,55550.0,55600.0,5834530
2019-04-08,VHM,55450.0,55900.0,55100.0,55400.0,9281891
2019-04-09,VHM,55100.0,55300.0,54950.0,55100.0,9840837
2019-04-10,VHM,55200.0,55500.0,53950.0,54100.0,9257171
2019-04-11,VHM,54050.0,55950.0,53800.0,55550.0,13426661
2019-04-12,VHM,56000.0,56300.0,53750.0,53900.0,11695424
2019-04-15,VHM,53800.0,55250.0,52700.0,54850.0,12725095
2019-04-16,VHM,54450.0,55550.0,54400.0,55450.0,11861455
2019-04-17,VHM,55350.0,56900.0,55200.0,56400.0,11137629
2019-04-18,VHM,56600.0,57350.0,55000.0,55050.0,11533040
2019-04-19,VHM,54800.0,55800.0,54600.0,55500.0,12429538
2019-04-22,VHM,55200.0,57050.0,55000.0,56800.0,13273389
2019-04-23,VHM,56700.0,56850.0,56150.0,56300.0,8033047
2019-04-24,VHM,56350.0,59150.0,56250.0,58900.0,11367408
2019-04-25,VHM,59150.0,59550.0,58200.0,58700.0,9539497
2019-04-26,VHM,58700.0,59100.0,58050.0,58250.0,10880314
2019-04-29,VHM,58400.0,58700.0,57150.0,57350.0,8261708
2019-04-30,VHM,57850.0,59250.0,57550.0,58650.0,9112469
2019-05-01,VHM,58450.0,59750.0,57800.0,59150.0,11912357
2019-05-02,VHM,59100.0,59750.0,58150.0,58500.0,10780410
2019-05-03,VHM,58400.0,59200.0,58350.0,58400.0,11685635
2019-05-06,VHM,58700.0,59650.0,57850.0,58150.0,10972229
2019-05-07,VHM,57900.0,58150.0,57200.0,57450.0,8800539
2019-05-08,VHM,57650.0,57700.0,57300.0,57700.0,7323079
2019-05-09,VHM,57600.0,57800.0,57200.0,57500.0,7504581
2019-05-10,VHM,57550.0,59100.0,57150.0,58800.0,11086507
2019-05-13,VHM,58600.0,59100.0,57700.0,58050.0,7657729
2019-05-14,VHM,58200.0,58200.0,57450.0,57550.0,10153260
2019-05-15,VHM,57500.0,57550.0,55850.0,56050.0,10098083
2019-05-16,VHM,56100.0,57300.0,55950.0,57050.0,11164785
2019-05-17,VHM,57500.0,58000.0,56300.0,56650.0,12467296
2019-05-20,VHM,56950.0,57650.0,56500.0,57050.0,7194818
2019-05-21,VHM,57200.0,57800.0,57150.0,57450.0,10035293
2019-05-22,VHM,57550.0,59750.0,57100.0,59400.0,11804175
2019-05-23,VHM,59700.0,60400.0,59300.0,60200.0,9823235
2019-05-24,VHM,59900.0,60350.0,59050.0,59400.0,7612602
2019-05-27,VHM,59250.0,60250.0,58650.0,59850.0,7950188
2019-05-28,VHM,59650.0,59700.0,56400.0,56700.0,16468996
2019-05-29,VHM,56900.0,57950.0,56300.0,57750.0,11762390
2019-05-30,VHM,57900.0,58250.0,57850.0,58200.0,6834222
2019-05-31,VHM,58250.0,58250.0,56300.0,56350.0,12180494
2019-06-03,VHM,56400.0,56700.0,54650.0,55200.0,14376079
2019-06-04,VHM,54900.0,55850.0,54750.0,55600.0,8897817
2019-06-05,VHM,55450.0,56900.0,55350.0,56500.0,9575456
2019-06-06,VHM,56700.0,56950.0,55400.0,55650.0,10103021
2019-06-07,VHM,55750.0,55750.0,55300.0,55450.0,11300082
2019-06-10,VHM,55500.0,55750.0,55150.0,55550.0,7582455
2019-06-11,VHM,55850.0,56900.0,55800.0,56650.0,11232005
2019-06-12,VHM,56750.0,57800.0,56350.0,57300.0,8049237
2019-06-13,VHM,57450.0,57850.0,56150.0,56300.0,10703651
2019-06-14,VHM,56300.0,56350.0,55150.0,55250.0,10503614
2019-06-17,VHM,55500.0,55600.0,54300.0,54550.0,11327309
2019-06-18,VHM,54550.0,54700.0,53350.0,53900.0,8343923
2019-06-19,VHM,53900.0,55100.0,53850.0,54500.0,7485253
2019-06-20,VHM,54350.0,54650.0,54200.0,54450.0,6788387
2019-06-21,VHM,54800.0,55200.0,53300.0,53400.0,12231839
2019-06-24,VHM,53300.0,53800.0,52950.0,53100.0,8127224
2019-06-25,VHM,53100.0,53650.0,53000.0,53600.0,9977229
2019-06-26,VHM,53350.0,54150.0,53100.0,54050.0,8840980
2019-06-27,VHM,53650.0,56450.0,53300.0,56000.0,15214331
2019-06-28,VHM,55850.0,57100.0,55150.0,56950.0,12650864
2019-07-01,VHM,57300.0,57600.0,56900.0,57600.0,10721111
2019-07-02,VHM,57750.0,58500.0,57200.0,57650.0,9883608
2019-07-03,VHM,57750.0,58350.0,57650.0,58100.0,8098575
2019-07-04,VHM,58350.0,58650.0,57950.0,58050.0,6872583
2019-07-05,VHM,57900.0,59000.0,57600.0,58950.0,10711352
2019-07-08,VHM,59400.0,61100.0,58950.0,60800.0,11304850
2019-07-09,VHM,60700.0,62900.0,60650.0,62300.0,11363960
2019-07-10,VHM,62150.0,63600.0,62050.0,62900.0,12627573
2019-07-11,VHM,62500.0,64450.0,61600.0,63900.0,9830901
2019-07-12,VHM,64250.0,65550.0,64000.0,65550.0,12866151
2019-07-15,VHM,65600.0,66100.0,63500.0,63900.0,9225626
2019-07-16,VHM,64300.0,64650.0,61950.0,62450.0,14380051
2019-07-17,VHM,62450.0,65300.0,62400.0,65100.0,15032421
2019-07-18,VHM,64850.0,66050.0,64550.0,65900.0,11336126
2019-07-19,VHM,65800.0,66050.0,64850.0,64900.0,9450602
2019-07-22,VHM,64950.0,65500.0,64350.0,64600.0,9561194
2019-07-23,VHM,64750.0,68550.0,64200.0,67700.0,11744921
2019-07-24,VHM,67500.0,68700.0,67450.0,68200.0,8995922
2019-07-25,VHM,68350.0,68550.0,67400.0,67650.0,10529689
2019-07-26,VHM,67700.0,67900.0,66750.0,67150.0,8305600
2019-07-29,VHM,67250.0,68700.0,67200.0,68300.0,10932325
2019-07-30,VHM,68400.0,71800.0,68150.0,71600.0,12952358
2019-07-31,VHM,71650.0,71850.0,71200.0,71250.0,7196980
2019-08-01,VHM,71400.0,71550.0,69900.0,70200.0,12683477
2019-08-02,VHM,70600.0,71650.0,70250.0,71500.0,11500588
2019-08-05,VHM,71250.0,73000.0,70800.0,72750.0,9911263
2019-08-06,VHM,72900.0,76200.0,72500.0,75900.0,14947021
2019-08-07,VHM,75800.0,75900.0,73550.0,74150.0,9290173
2019-08-08,VHM,74400.0,74700.0,73100.0,73200.0,10729462
2019-08-09,VHM,73250.0,73600.0,72300.0,72600.0,9158367
2019-08-12,VHM,73100.0,73450.0,72300.0,72850.0,6869940
2019-08-13,VHM,73150.0,73450.0,72550.0,73400.0,8228050
2019-08-14,VHM,73750.0,73950.0,72700.0,72800.0,11804886
2019-08-15,VHM,72700.0,74750.0,72450.0,74700.0,8240564
2019-08-16,VHM,74900.0,77850.0,74700.0,77750.0,14707031
2019-08-19,VHM,77550.0,77950.0,74850.0,75650.0,11528001
2019-08-20,VHM,75350.0,75950.0,74500.0,74650.0,10226964
2019-08-21,VHM,74300.0,75500.0,74250.0,75450.0,7442587
2019-08-22,VHM,75700.0,76100.0,74950.0,75750.0,11268969
2019-08-23,VHM,76050.0,76300.0,71450.0,71950.0,12010119
2019-08-26,VHM,71950.0,73150.0,71350.0,72800.0,11881646
2019-08-27,VHM,72550.0,74550.0,72150.0,73750.0,8971653
2019-08-28,VHM,74500.0,74650.0,70050.0,70200.0,13125997
2019-08-29,VHM,70400.0,71050.0,70250.0,70950.0,9943277
2019-08-30,VHM,71150.0,72000.0,70250.0,70350.0,9114206
2019-09-02,VHM,70750.0,70850.0,70000.0,70500.0,7155481
2019-09-03,VHM,70700.0,72850.0,69300.0,72600.0,11485994
2019-09-04,VHM,72500.0,72950.0,71000.0,71600.0,8922618
2019-09-05,VHM,71950.0,72100.0,71000.0,71350.0,10602296
2019-09-06,VHM,71550.0,71750.0,70750.0,70850.0,10267034
2019-09-09,VHM,70800.0,71000.0,69200.0,69450.0,11283481
2019-09-10,VHM,69500.0,70300.0,69200.0,69550.0,8860097
2019-09-11,VHM,69450.0,71850.0,68900.0,71500.0,13861063
2019-09-12,VHM,71500.0,71550.0,69200.0,69500.0,10600669
2019-09-13,VHM,69900.0,71200.0,69750.0,70500.0,12432402
2019-09-16,VHM,70450.0,72300.0,70200.0,71300.0,8089416
2019-09-17,VHM,71350.0,71750.0,70500.0,71000.0,6928404
2019-09-18,VHM,70800.0,71350.0,69250.0,69550.0,9996358
2019-09-19,VHM,69600.0,69750.0,68250.0,68700.0,8504454
2019-09-20,VHM,68550.0,69600.0,68150.0,69350.0,8067022
2019-09-23,VHM,69050.0,69150.0,66050.0,66100.0,10525511
2019-09-24,VHM,66000.0,67000.0,66000.0,66300.0,9566372
2019-09-25,VHM,65850.0,66400.0,64750.0,66250.0,10823160
2019-09-26,VHM,66450.0,68550.0,65750.0,68400.0,12547910
2019-09-27,VHM,68450.0,68750.0,67350.0,67850.0,8557884
2019-09-30,VHM,67950.0,69000.0,67450.0,68800.0,12179353
2019-10-01,VHM,68850.0,69400.0,66750.0,67750.0,11833154
2019-10-02,VHM,68000.0,68300.0,64200.0,64750.0,11559933
2019-10-03,VHM,65000.0,65100.0,64250.0,64750.0,7396737
2019-10-04,VHM,64700.0,64750.0,64350.0,64550.0,6895146
2019-10-07,VHM,64500.0,64650.0,64200.0,64650.0,10691883
2019-10-08,VHM,64550.0,64600.0,63900.0,64300.0,9393087
2019-10-09,VHM,64050.0,64150.0,63700.0,63800.0,7946766
2019-10-10,VHM,63450.0,66400.0,62800.0,65750.0,15383242
2019-10-11,VHM,65900.0,66000.0,63800.0,63900.0,13783394
2019-10-14,VHM,64100.0,64100.0,62500.0,62750.0,12288394
2019-10-15,VHM,62150.0,64150.0,61850.0,63200.0,12439569
2019-10-16,VHM,63000.0,63550.0,62750.0,63150.0,7205147
2019-10-17,VHM,63250.0,63550.0,62800.0,62900.0,7513028
2019-10-18,VHM,62900.0,63750.0,61100.0,61200.0,10766585
2019-10-21,VHM,61200.0,61400.0,60900.0,61100.0,6344060
2019-10-22,VHM,60700.0,60800.0,59850.0,59900.0,11060761
2019-10-23,VHM,59700.0,62250.0,59700.0,61900.0,11037852
2019-10-24,VHM,61900.0,62150.0,61000.0,61400.0,8195390
2019-10-25,VHM,60750.0,61300.0,60500.0,61250.0,8299173
2019-10-28,VHM,61500.0,61750.0,60950.0,61150.0,11852863
2019-10-29,VHM,61600.0,62800.0,61400.0,62600.0,10574554
2019-10-30,VHM,62550.0,63500.0,62550.0,63400.0,9407946
2019-10-31,VHM,63950.0,64450.0,60950.0,61050.0,13286217
2019-11-01,VHM,61200.0,61400.0,61100.0,61100.0,9681334
2019-11-04,VHM,61150.0,62700.0,61050.0,62300.0,9948710
2019-11-05,VHM,62100.0,62400.0,61650.0,62200.0,7877476
2019-11-06,VHM,62050.0,62100.0,61100.0,61900.0,7043733
2019-11-07,VHM,61700.0,63600.0,61400.0,63450.0,13696090
2019-11-08,VHM,63100.0,63500.0,62900.0,62950.0,10286944
2019-11-11,VHM,62900.0,64050.0,62650.0,63900.0,9381890
2019-11-12,VHM,64300.0,64450.0,62550.0,62950.0,8638589
2019-11-13,VHM,63050.0,63950.0,61350.0,61650.0,9547944
2019-11-14,VHM,62100.0,62400.0,61550.0,62100.0,6396568
2019-11-15,VHM,62050.0,63300.0,61200.0,63050.0,8799455
2019-11-18,VHM,62900.0,63450.0,61600.0,61900.0,13436679
2019-11-19,VHM,61950.0,63250.0,61700.0,62450.0,10557867
2019-11-20,VHM,62400.0,65700.0,62100.0,65150.0,12743553
2019-11-21,VHM,65300.0,66300.0,64350.0,66150.0,11878124
2019-11-22,VHM,66200.0,66950.0,64950.0,65100.0,13054154
2019-11-25,VHM,65150.0,68400.0,65050.0,68150.0,12331190
2019-11-26,VHM,68050.0,69300.0,68050.0,69250.0,11176485
2019-11-27,VHM,68900.0,69000.0,66950.0,68000.0,8594243
2019-11-28,VHM,68100.0,68400.0,66050.0,66800.0,8700621
2019-11-29,VHM,66750.0,70650.0,66300.0,70400.0,13442122
2019-12-02,VHM,70450.0,70650.0,66900.0,67350.0,12963662
2019-12-03,VHM,67050.0,67300.0,66850.0,67050.0,7155050
2019-12-04,VHM,67300.0,67550.0,65550.0,65950.0,11052038
2019-12-05,VHM,66050.0,66450.0,65850.0,65950.0,10496822
2019-12-06,VHM,65800.0,68250.0,65700.0,67400.0,14176582
2019-12-09,VHM,67100.0,67650.0,66350.0,66350.0,10593537
2019-12-10,VHM,66450.0,67150.0,66000.0,67050.0,12169532
2019-12-11,VHM,67200.0,67500.0,64550.0,64750.0,9736828
2019-12-12,VHM,64650.0,64900.0,62650.0,63000.0,13530562
2019-12-13,VHM,63550.0,63550.0,61300.0,61350.0,9373923
2019-12-16,VHM,61400.0,62500.0,61400.0,62000.0,7929711
2019-12-17,VHM,62450.0,62600.0,61550.0,61750.0,11168702
2019-12-18,VHM,61700.0,61700.0,61450.0,61600.0,6026485
2019-12-19,VHM,61550.0,64400.0,61500.0,64300.0,10681984
2019-12-20,VHM,64300.0,65550.0,64200.0,65300.0,9819631
2019-12-23,VHM,65350.0,65800.0,64000.0,64800.0,8422952
2019-12-24,VHM,64450.0,64550.0,64200.0,64550.0,6828243
2019-12-25,VHM,64450.0,64650.0,62100.0,62250.0,13042110
2019-12-26,VHM,62150.0,62900.0,62050.0,62400.0,9869188
2019-12-27,VHM,62500.0,63900.0,61900.0,63500.0,9580473
2019-12-30,VHM,63450.0,63850.0,63250.0,63400.0,6073667
2019-12-31,VHM,62950.0,65300.0,62200.0,65100.0,14337934
2020-01-01,VHM,65150.0,65200.0,63700.0,63800.0,11642210
2020-01-02,VHM,64050.0,64400.0,61250.0,61450.0,10951772
2020-01-03,VHM,61850.0,62700.0,60550.0,60750.0,10507289
2020-01-06,VHM,60850.0,61300.0,59400.0,59700.0,11383231
2020-01-07,VHM,59750.0,61500.0,59700.0,60750.0,12484133
2020-01-08,VHM,60750.0,61000.0,58100.0,58650.0,14340939
2020-01-09,VHM,58450.0,58600.0,56600.0,56800.0,13076834
2020-01-10,VHM,57300.0,57500.0,55400.0,55800.0,10096026
2020-01-13,VHM,55850.0,58200.0,55850.0,58100.0,13068507
2020-01-14,VHM,57450.0,57750.0,55850.0,56650.0,9943768
2020-01-15,VHM,56500.0,57200.0,56150.0,57050.0,7975620
2020-01-16,VHM,57150.0,58600.0,57050.0,58450.0,8552306
2020-01-17,VHM,58350.0,59000.0,57350.0,57900.0,9364566
2020-01-20,VHM,57800.0,58150.0,57800.0,57850.0,10468141
2020-01-21,VHM,57850.0,58200.0,56500.0,57400.0,10935227
2020-01-22,VHM,57400.0,58450.0,57200.0,58350.0,9946372
2020-01-23,VHM,58600.0,58850.0,58050.0,58200.0,6760429
2020-01-24,VHM,58600.0,61300.0,58150.0,60700.0,10443811
2020-01-27,VHM,60500.0,61050.0,59550.0,60900.0,11184883
2020-01-28,VHM,60900.0,61350.0,60850.0,60850.0,6766614
2020-01-29,VHM,60700.0,61200.0,60550.0,61050.0,8685112
2020-01-30,VHM,61550.0,62000.0,61200.0,61700.0,10154199
2020-01-31,VHM,61500.0,61700.0,60150.0,60250.0,12958686
2020-02-03,VHM,60450.0,60850.0,59800.0,59850.0,12242653
2020-02-04,VHM,59550.0,59750.0,59100.0,59550.0,11088931
2020-02-05,VHM,59600.0,60650.0,58800.0,60500.0,8440035
2020-02-06,VHM,60500.0,60650.0,60350.0,60650.0,9156559
2020-02-07,VHM,61150.0,62750.0,61050.0,61550.0,11774823
2020-02-10,VHM,61550.0,63550.0,61200.0,63000.0,9507386
2020-02-11,VHM,62950.0,63550.0,62600.0,63200.0,9979774
2020-02-12,VHM,63350.0,63700.0,63050.0,63250.0,7730688
2020-02-13,VHM,63250.0,63700.0,62800.0,63100.0,10507576
2020-02-14,VHM,63000.0,63450.0,62950.0,63300.0,11236225
2020-02-17,VHM,63400.0,63600.0,63250.0,63500.0,6378896
2020-02-18,VHM,63200.0,63600.0,62050.0,62050.0,11452142
2020-02-19,VHM,62500.0,63050.0,62250.0,62950.0,10484574
2020-02-20,VHM,62650.0,64450.0,62600.0,64300.0,12202974
2020-02-21,VHM,64350.0,65250.0,64150.0,65050.0,8482603
2020-02-24,VHM,64950.0,65500.0,64850.0,65350.0,6105479
2020-02-25,VHM,65250.0,65250.0,64850.0,65100.0,10278532
2020-02-26,VHM,65500.0,65700.0,62900.0,63200.0,13385527
2020-02-27,VHM,63100.0,63400.0,62400.0,62750.0,8261031
2020-02-28,VHM,62700.0,63100.0,61650.0,61850.0,10242218
2020-03-02,VHM,61900.0,63000.0,61850.0,62150.0,7026404
2020-03-03,VHM,62000.0,62700.0,61600.0,62400.0,12210020
2020-03-04,VHM,62500.0,63050.0,60600.0,60650.0,10363515
2020-03-05,VHM,60950.0,61050.0,59900.0,60350.0,8477170
2020-03-06,VHM,60150.0,60600.0,60050.0,60400.0,8330728
2020-03-09,VHM,60300.0,60550.0,59600.0,59700.0,7967776
2020-03-10,VHM,59350.0,59550.0,58350.0,58600.0,7465660
2020-03-11,VHM,58600.0,59000.0,58100.0,58400.0,6547875
2020-03-12,VHM,58200.0,58250.0,57800.0,58000.0,8868083
2020-03-13,VHM,58100.0,58150.0,56650.0,57050.0,12234307
2020-03-16,VHM,57250.0,60500.0,57000.0,60200.0,12899272
2020-03-17,VHM,60050.0,60300.0,59950.0,60150.0,7944651
2020-03-18,VHM,60050.0,60550.0,59300.0,59600.0,12557084
2020-03-19,VHM,60050.0,63500.0,60000.0,63050.0,14155873
2020-03-20,VHM,63350.0,64400.0,62700.0,64250.0,8720327
2020-03-23,VHM,64250.0,65950.0,63950.0,65600.0,8246835
2020-03-24,VHM,65400.0,65450.0,64650.0,65000.0,9364115
2020-03-25,VHM,65150.0,66100.0,64750.0,65450.0,10718088
2020-03-26,VHM,65600.0,66150.0,63050.0,63200.0,12265162
2020-03-27,VHM,62950.0,63600.0,62250.0,63350.0,11560782
2020-03-30,VHM,63300.0,63800.0,61850.0,61950.0,11625351
2020-03-31,VHM,61800.0,61850.0,61750.0,61750.0,6839907
2020-04-01,VHM,61950.0,62350.0,61450.0,61550.0,7865589
2020-04-02,VHM,61150.0,61400.0,60850.0,61050.0,8404982
2020-04-03,VHM,60600.0,60750.0,60100.0,60200.0,11421963
2020-04-06,VHM,60200.0,60300.0,59600.0,60050.0,6191629
2020-04-07,VHM,60400.0,60400.0,58000.0,58500.0,11879731
2020-04-08,VHM,58800.0,59200.0,58400.0,58550.0,11867950
2020-04-09,VHM,58200.0,59900.0,57950.0,59400.0,13565175
2020-04-10,VHM,59450.0,59500.0,58750.0,58800.0,8327051
2020-04-13,VHM,58600.0,59400.0,57750.0,57850.0,13145597
2020-04-14,VHM,57750.0,57900.0,57350.0,57450.0,10081684
2020-04-15,VHM,57300.0,57650.0,57100.0,57400.0,7798615
2020-04-16,VHM,57300.0,57850.0,55650.0,56150.0,12112017
2020-04-17,VHM,56500.0,56500.0,54700.0,54800.0,11016543
2020-04-20,VHM,55150.0,55750.0,52250.0,52800.0,13850890
2020-04-21,VHM,52650.0,55300.0,52600.0,54900.0,15071547
2020-04-22,VHM,55250.0,55800.0,54250.0,54600.0,8681283
2020-04-23,VHM,55150.0,55700.0,54850.0,54850.0,11863011
2020-04-24,VHM,54600.0,54750.0,53800.0,54000.0,8548232
2020-04-27,VHM,53950.0,54100.0,51850.0,52000.0,11768338
2020-04-28,VHM,51800.0,51850.0,51300.0,51700.0,6301478
2020-04-29,VHM,51750.0,52350.0,50750.0,50800.0,11224188
2020-04-30,VHM,50850.0,50950.0,50400.0,50700.0,7526141
2020-05-01,VHM,50650.0,51450.0,50550.0,51350.0,11129299
2020-05-04,VHM,51200.0,51500.0,51150.0,51200.0,7909889
2020-05-05,VHM,51100.0,51450.0,48650.0,48700.0,14185478
2020-05-06,VHM,48300.0,48750.0,48200.0,48450.0,11124714
2020-05-07,VHM,48650.0,49000.0,48100.0,48900.0,10729482
2020-05-08,VHM,48950.0,50850.0,48850.0,50750.0,13345910
2020-05-11,VHM,50850.0,51100.0,50050.0,50200.0,10830652
2020-05-12,VHM,50450.0,51000.0,50200.0,51000.0,10356018
2020-05-13,VHM,51050.0,52100.0,50700.0,52100.0,9179829
2020-05-14,VHM,52150.0,53500.0,52100.0,53100.0,10591307
2020-05-15,VHM,53100.0,54000.0,52650.0,54000.0,10575062
2020-05-18,VHM,54050.0,54950.0,53850.0,54750.0,7472714
2020-05-19,VHM,54900.0,56400.0,54750.0,56300.0,12011076
2020-05-20,VHM,56350.0,56400.0,56100.0,56250.0,7221836
2020-05-21,VHM,56100.0,56850.0,55650.0,56600.0,9308624
2020-05-22,VHM,56350.0,56550.0,54450.0,55050.0,13260084
2020-05-25,VHM,55050.0,56550.0,55000.0,56400.0,10056267
2020-05-26,VHM,56350.0,58600.0,56200.0,58300.0,12393810
2020-05-27,VHM,58300.0,59150.0,58100.0,59150.0,9194969
2020-05-28,VHM,58850.0,59300.0,58400.0,58600.0,6529180
2020-05-29,VHM,58450.0,59600.0,58000.0,59450.0,9807706
2020-06-01,VHM,59100.0,60550.0,59000.0,60300.0,11396306
2020-06-02,VHM,60650.0,60850.0,58900.0,59200.0,9338037
2020-06-03,VHM,59350.0,59750.0,59200.0,59700.0,9099295
2020-06-04,VHM,59250.0,59550.0,59000.0,59450.0,7227701
2020-06-05,VHM,59800.0,59950.0,58800.0,59000.0,11608493
2020-06-08,VHM,59000.0,60150.0,58900.0,60100.0,10326574
2020-06-09,VHM,60350.0,60650.0,58950.0,59100.0,12780717
2020-06-10,VHM,59250.0,59550.0,56350.0,56400.0,12867130
2020-06-11,VHM,56350.0,58400.0,56150.0,58150.0,9675217
2020-06-12,VHM,57800.0,58450.0,57600.0,58150.0,8300758
2020-06-15,VHM,57850.0,57900.0,56450.0,56950.0,9461496
2020-06-16,VHM,56750.0,57550.0,56700.0,57450.0,7728615
2020-06-17,VHM,57700.0,60350.0,57650.0,59700.0,11692970
2020-06-18,VHM,60250.0,60950.0,58650.0,59200.0,9891639
2020-06-19,VHM,59100.0,59600.0,56750.0,57050.0,12769343
2020-06-22,VHM,57400.0,57450.0,55550.0,55700.0,12458864
2020-06-23,VHM,55650.0,55750.0,54900.0,55150.0,9091859
2020-06-24,VHM,55200.0,56450.0,55000.0,56050.0,11310608
2020-06-25,VHM,55750.0,55900.0,54100.0,54500.0,9760331
2020-06-26,VHM,54400.0,54750.0,53950.0,54150.0,10872246
2020-06-29,VHM,54250.0,54750.0,53950.0,54400.0,10017166
2020-06-30,VHM,54250.0,54350.0,52650.0,53000.0,8961149
2020-07-01,VHM,53050.0,55300.0,52150.0,54600.0,15528751
2020-07-02,VHM,55000.0,55350.0,54700.0,55150.0,10294549
2020-07-03,VHM,55000.0,57250.0,54900.0,56900.0,14054581
2020-07-06,VHM,57200.0,57300.0,53350.0,53500.0,15346154
2020-07-07,VHM,54050.0,54450.0,50650.0,50750.0,17883581
2020-07-08,VHM,50800.0,52100.0,50700.0,51700.0,12758168
2020-07-09,VHM,51550.0,53400.0,51250.0,53250.0,12027860
2020-07-10,VHM,53200.0,54400.0,53150.0,54000.0,10870740
2020-07-13,VHM,53800.0,55950.0,53750.0,55550.0,10899682
2020-07-14,VHM,55500.0,55900.0,55050.0,55700.0,7260689
2020-07-15,VHM,55700.0,55900.0,55400.0,55500.0,8805043
2020-07-16,VHM,55450.0,56050.0,55200.0,55400.0,6686738
2020-07-17,VHM,55750.0,55800.0,54450.0,54600.0,13015085
2020-07-20,VHM,54550.0,55400.0,53850.0,55050.0,8078890
2020-07-21,VHM,55100.0,56050.0,54750.0,55900.0,9202552
2020-07-22,VHM,55700.0,56600.0,55500.0,56350.0,7218475
2020-07-23,VHM,56550.0,56650.0,54500.0,55050.0,10335734
2020-07-24,VHM,55100.0,56150.0,54800.0,55900.0,8555789
2020-07-27,VHM,55650.0,57800.0,55150.0,57750.0,12665180
2020-07-28,VHM,57550.0,58200.0,56250.0,57050.0,10379112
2020-07-29,VHM,57000.0,57950.0,56700.0,57900.0,7456173
2020-07-30,VHM,57500.0,57500.0,55300.0,55550.0,14089018
2020-07-31,VHM,55600.0,56000.0,55100.0,55950.0,9339973
2020-08-03,VHM,56200.0,56350.0,53300.0,53700.0,14396793
2020-08-04,VHM,53550.0,55150.0,53400.0,54450.0,10797023
2020-08-05,VHM,54700.0,54750.0,53300.0,53900.0,13014520
2020-08-06,VHM,53750.0,56050.0,53300.0,55850.0,11648809
2020-08-07,VHM,55950.0,56850.0,55500.0,56550.0,10361300
2020-08-10,VHM,56000.0,56950.0,55850.0,56850.0,9913352
2020-08-11,VHM,56800.0,57750.0,56600.0,57550.0,11151047
2020-08-12,VHM,57650.0,58050.0,57250.0,57450.0,9373995
2020-08-13,VHM,57800.0,57900.0,57450.0,57800.0,9912604
2020-08-14,VHM,57750.0,59850.0,57400.0,59600.0,13151003
2020-08-17,VHM,59550.0,61000.0,59150.0,60650.0,13403559
2020-08-18,VHM,59750.0,62050.0,59400.0,61900.0,10834705
2020-08-19,VHM,61900.0,62350.0,61550.0,61650.0,8631063
2020-08-20,VHM,61950.0,63850.0,61850.0,63050.0,9851128
2020-08-21,VHM,62900.0,66700.0,62350.0,66300.0,17373049
2020-08-24,VHM,66450.0,67150.0,66200.0,66450.0,10222983
2020-08-25,VHM,66150.0,67950.0,66150.0,67300.0,10885348
2020-08-26,VHM,67700.0,67750.0,64700.0,65000.0,14699781
2020-08-27,VHM,65100.0,65150.0,64400.0,64400.0,10599448
2020-08-28,VHM,63750.0,65550.0,63600.0,65300.0,10389270
2020-08-31,VHM,65300.0,65400.0,62400.0,62900.0,12111766
2020-09-01,VHM,62700.0,63850.0,62500.0,63450.0,9069510
2020-09-02,VHM,63300.0,64250.0,63250.0,63700.0,12083578
2020-09-03,VHM,64150.0,65300.0,63650.0,64600.0,8874875
2020-09-04,VHM,64350.0,64700.0,62700.0,63500.0,13117067
2020-09-07,VHM,63700.0,64650.0,63650.0,64100.0,9690106
2020-09-08,VHM,63900.0,65050.0,63100.0,64900.0,9251051
2020-09-09,VHM,65050.0,65450.0,63650.0,64000.0,12883480
2020-09-10,VHM,63850.0,64650.0,63650.0,64400.0,8902393
2020-09-11,VHM,64300.0,67800.0,64250.0,67550.0,11131239
2020-09-14,VHM,67800.0,69850.0,67250.0,69350.0,14214798
2020-09-15,VHM,70050.0,71050.0,69800.0,70650.0,6933984
2020-09-16,VHM,70650.0,73500.0,70450.0,72650.0,11337243
2020-09-17,VHM,72550.0,72550.0,72450.0,72500.0,8750115
2020-09-18,VHM,72850.0,73850.0,70700.0,71650.0,12802440
2020-09-21,VHM,71850.0,72500.0,68700.0,69300.0,10988925
2020-09-22,VHM,69000.0,69000.0,67400.0,67500.0,10895774
2020-09-23,VHM,68000.0,70250.0,67950.0,70250.0,9020286
2020-09-24,VHM,70550.0,73950.0,70000.0,73350.0,14892488
2020-09-25,VHM,73850.0,74550.0,73350.0,73350.0,9263452
2020-09-28,VHM,73400.0,76900.0,73350.0,76500.0,15351317
2020-09-29,VHM,76300.0,76650.0,75200.0,75850.0,9316010
2020-09-30,VHM,75350.0,77950.0,74700.0,77200.0,13558677
2020-10-01,VHM,77250.0,79250.0,76450.0,79200.0,11601725
2020-10-02,VHM,79550.0,79650.0,78250.0,79000.0,10221668
2020-10-05,VHM,78900.0,79100.0,74150.0,74300.0,16178874
2020-10-06,VHM,74050.0,75550.0,73500.0,74600.0,12908094
2020-10-07,VHM,74750.0,77650.0,74650.0,77050.0,14314744
2020-10-08,VHM,77350.0,77650.0,75750.0,75850.0,11072877
2020-10-09,VHM,75700.0,75750.0,72950.0,73050.0,10942451
2020-10-12,VHM,72900.0,74650.0,72400.0,74250.0,9993888
2020-10-13,VHM,74250.0,74550.0,73150.0,73400.0,10559002
2020-10-14,VHM,73050.0,78900.0,73000.0,78450.0,14457703
2020-10-15,VHM,78450.0,80050.0,77950.0,79900.0,12972220
2020-10-16,VHM,79500.0,79750.0,78550.0,78600.0,7907228
2020-10-19,VHM,78700.0,79300.0,77800.0,78100.0,10186587
2020-10-20,VHM,78250.0,80050.0,78150.0,79900.0,9763201
2020-10-21,VHM,80550.0,83700.0,80550.0,83050.0,14086338
2020-10-22,VHM,82900.0,83850.0,82900.0,83500.0,10515282
2020-10-23,VHM,83250.0,85000.0,83100.0,84300.0,7938432
2020-10-26,VHM,84550.0,85150.0,82950.0,84150.0,7657407
2020-10-27,VHM,84800.0,87100.0,84400.0,86200.0,11282781
2020-10-28,VHM,86050.0,89400.0,85900.0,88950.0,9490835
2020-10-29,VHM,89200.0,89500.0,87900.0,88050.0,10883395
2020-10-30,VHM,88000.0,90000.0,87850.0,89900.0,10432219
2020-11-02,VHM,89500.0,90200.0,88800.0,89400.0,11831763
2020-11-03,VHM,89650.0,89750.0,88150.0,88250.0,8121737
2020-11-04,VHM,88200.0,90800.0,87950.0,89950.0,9463613
2020-11-05,VHM,89950.0,90550.0,87950.0,88300.0,11208135
2020-11-06,VHM,88400.0,88600.0,85700.0,86250.0,11283662
2020-11-09,VHM,85650.0,86700.0,81400.0,82550.0,16438770
2020-11-10,VHM,82400.0,83000.0,81850.0,82900.0,8371566
2020-11-11,VHM,82600.0,83550.0,81750.0,83450.0,10392804
2020-11-12,VHM,83700.0,84650.0,81300.0,81400.0,12974136
2020-11-13,VHM,82100.0,82650.0,80000.0,80200.0,10456954
2020-11-16,VHM,80600.0,81600.0,80000.0,81050.0,10709125
2020-11-17,VHM,80700.0,80850.0,79900.0,80050.0,10622792
2020-11-18,VHM,80150.0,83350.0,80100.0,82600.0,13783179
2020-11-19,VHM,83000.0,83950.0,81850.0,83800.0,12233470
2020-11-20,VHM,84250.0,87900.0,83600.0,87400.0,15432452
2020-11-23,VHM,87100.0,89250.0,86500.0,88250.0,11739271
2020-11-24,VHM,87800.0,89850.0,86900.0,89600.0,13843007
2020-11-25,VHM,90000.0,90550.0,87750.0,88100.0,10383363
2020-11-26,VHM,87650.0,87800.0,81800.0,82050.0,18055096
2020-11-27,VHM,82050.0,82300.0,81500.0,82250.0,8422993
2020-11-30,VHM,82550.0,82850.0,81000.0,81200.0,11395346
2020-12-01,VHM,81050.0,81150.0,80850.0,81100.0,9169212
2020-12-02,VHM,81000.0,84700.0,80650.0,84350.0,11243847
2020-12-03,VHM,84200.0,85100.0,82400.0,82800.0,12234830
2020-12-04,VHM,83050.0,86550.0,82700.0,85900.0,14837801
2020-12-07,VHM,85900.0,88350.0,85800.0,87900.0,10654525
2020-12-08,VHM,88000.0,88150.0,86700.0,87100.0,8907632
2020-12-09,VHM,86800.0,90650.0,85350.0,90550.0,11395067
2020-12-10,VHM,90200.0,91050.0,88150.0,88350.0,10487851
2020-12-11,VHM,88650.0,88900.0,87950.0,88550.0,7176679
2020-12-14,VHM,88200.0,89100.0,87450.0,88400.0,11266040
2020-12-15,VHM,87950.0,89450.0,87400.0,88500.0,11052145
2020-12-16,VHM,88250.0,90400.0,88050.0,90350.0,9195652
2020-12-17,VHM,90600.0,92850.0,90500.0,92100.0,11576268
2020-12-18,VHM,92500.0,92700.0,92050.0,92300.0,9694770
2020-12-21,VHM,92300.0,94250.0,92000.0,94100.0,9524177
2020-12-22,VHM,94650.0,94750.0,93100.0,93350.0,11504375
2020-12-23,VHM,92950.0,94700.0,92150.0,94500.0,12430425
2020-12-24,VHM,94050.0,95050.0,93450.0,94100.0,9274438
2020-12-25,VHM,94300.0,97400.0,93650.0,95950.0,14344610
2020-12-28,VHM,95750.0,96900.0,95650.0,96550.0,9963384
2020-12-29,VHM,96350.0,97000.0,94100.0,94550.0,12061743
2020-12-30,VHM,94650.0,96900.0,94400.0,96100.0,12232329
2020-12-31,VHM,95950.0,96750.0,95900.0,96150.0,9834152
2021-01-01,VHM,95000.0,95100.0,92550.0,93100.0,10066296
2021-01-04,VHM,93150.0,93300.0,90750.0,90750.0,8893676
2021-01-05,VHM,90300.0,92150.0,89350.0,91500.0,12181506
2021-01-06,VHM,91200.0,93300.0,91100.0,92950.0,8712959
2021-01-07,VHM,92850.0,93650.0,92200.0,93450.0,10192463
2021-01-08,VHM,93400.0,93450.0,90400.0,91250.0,12344322
2021-01-11,VHM,91000.0,94850.0,90250.0,94100.0,12751979
2021-01-12,VHM,94250.0,94950.0,91700.0,91750.0,13633328
2021-01-13,VHM,91500.0,91950.0,91100.0,91600.0,6091791
2021-01-14,VHM,91400.0,92000.0,89250.0,89750.0,9901837
2021-01-15,VHM,89550.0,91000.0,89200.0,90450.0,7098260
2021-01-18,VHM,90150.0,90650.0,89750.0,90150.0,10933359
2021-01-19,VHM,90250.0,90600.0,85250.0,85300.0,14375203
2021-01-20,VHM,85450.0,88600.0,85300.0,88550.0,11658143
2021-01-21,VHM,88850.0,89800.0,86800.0,86950.0,10521820
2021-01-22,VHM,87250.0,87900.0,84550.0,85000.0,11587621
2021-01-25,VHM,85500.0,86700.0,84450.0,86450.0,11622624
2021-01-26,VHM,86600.0,86850.0,86150.0,86550.0,10239635
2021-01-27,VHM,87050.0,89300.0,86650.0,88500.0,12345179
2021-01-28,VHM,88100.0,90900.0,87650.0,90600.0,13956940
2021-01-29,VHM,90500.0,91100.0,89650.0,90800.0,8849599
2021-02-01,VHM,91300.0,92700.0,90000.0,92600.0,13366209
2021-02-02,VHM,92150.0,96250.0,91250.0,95300.0,14300010
2021-02-03,VHM,95250.0,96150.0,94550.0,95100.0,11679951
2021-02-04,VHM,95350.0,95450.0,94850.0,94900.0,8773634
2021-02-05,VHM,94550.0,96300.0,94550.0,95950.0,8682453
2021-02-08,VHM,95750.0,96000.0,92250.0,92350.0,11656652
2021-02-09,VHM,91400.0,95000.0,90700.0,93600.0,13457151
2021-02-10,VHM,93750.0,99650.0,92750.0,98950.0,14920657
2021-02-11,VHM,99000.0,102350.0,98900.0,101650.0,9691954
2021-02-12,VHM,101400.0,101700.0,100150.0,100250.0,10760914
2021-02-15,VHM,100100.0,102550.0,99150.0,101150.0,13168802
2021-02-16,VHM,101400.0,104250.0,101250.0,104100.0,10993238
2021-02-17,VHM,104350.0,108600.0,104200.0,107200.0,11452524
2021-02-18,VHM,108050.0,108400.0,107400.0,107850.0,8020931
2021-02-19,VHM,107450.0,109050.0,106550.0,108050.0,10896005
2021-02-22,VHM,108000.0,108300.0,103150.0,103850.0,13133586
2021-02-23,VHM,104200.0,104300.0,100850.0,100850.0,13531242
2021-02-24,VHM,100200.0,104200.0,99250.0,103700.0,13304586
2021-02-25,VHM,103150.0,104100.0,101200.0,102100.0,8868572
2021-02-26,VHM,102300.0,102600.0,99150.0,99200.0,10393573
2021-03-01,VHM,99100.0,99950.0,96800.0,97400.0,13274556
2021-03-02,VHM,97250.0,97600.0,96250.0,96700.0,9986230
2021-03-03,VHM,96500.0,101950.0,95900.0,101950.0,15482965
2021-03-04,VHM,102550.0,102900.0,98850.0,99300.0,12226854
2021-03-05,VHM,99750.0,101400.0,99150.0,101000.0,9414859
2021-03-08,VHM,100900.0,104900.0,100500.0,103500.0,13298062
2021-03-09,VHM,103450.0,109350.0,103050.0,108250.0,16168386
2021-03-10,VHM,108400.0,111200.0,107600.0,109950.0,9654375
2021-03-11,VHM,109900.0,110100.0,103700.0,104000.0,14872898
2021-03-12,VHM,103700.0,104200.0,99200.0,100300.0,12202931
2021-03-15,VHM,100350.0,101750.0,100150.0,100250.0,9566242
2021-03-16,VHM,100000.0,101500.0,99550.0,100250.0,11124112
2021-03-17,VHM,100000.0,104750.0,99350.0,104450.0,10722816
2021-03-18,VHM,104700.0,106550.0,104450.0,105700.0,7531102
2021-03-19,VHM,105600.0,109550.0,104650.0,109050.0,13366861
2021-03-22,VHM,108900.0,109750.0,106900.0,108000.0,9875360
2021-03-23,VHM,107550.0,108200.0,105850.0,107150.0,11354442
2021-03-24,VHM,106800.0,109850.0,106000.0,108000.0,9041254
2021-03-25,VHM,108500.0,109050.0,107800.0,108900.0,11140765
2021-03-26,VHM,108750.0,110050.0,107900.0,109050.0,7813001
2021-03-29,VHM,109050.0,109550.0,104200.0,105100.0,14531648
2021-03-30,VHM,105100.0,106550.0,104650.0,105950.0,11686601
2021-03-31,VHM,105700.0,107750.0,105300.0,107200.0,12489875
2021-04-01,VHM,106450.0,108900.0,106050.0,108850.0,9539235
2021-04-02,VHM,108750.0,111950.0,107950.0,111700.0,13990798
2021-04-05,VHM,111650.0,112050.0,110600.0,111100.0,6776185
2021-04-06,VHM,111100.0,114550.0,110850.0,113450.0,10303259
2021-04-07,VHM,112750.0,115900.0,112700.0,115650.0,9462312
2021-04-08,VHM,115300.0,120750.0,115100.0,120050.0,12479489
2021-04-09,VHM,120150.0,120800.0,119950.0,120400.0,8570589
2021-04-12,VHM,120850.0,121400.0,116550.0,117650.0,13219015
2021-04-13,VHM,117150.0,121700.0,117050.0,121200.0,13809367
2021-04-14,VHM,121100.0,123300.0,120400.0,122800.0,9808878
2021-04-15,VHM,121950.0,124750.0,120750.0,124150.0,10379076
2021-04-16,VHM,124150.0,125300.0,123250.0,124450.0,8129435
2021-04-19,VHM,124400.0,125100.0,121950.0,122350.0,9508981
2021-04-20,VHM,123050.0,123450.0,115700.0,115700.0,12963927
2021-04-21,VHM,115700.0,115800.0,113750.0,114900.0,8781438
2021-04-22,VHM,115450.0,118100.0,115400.0,118050.0,7475226
2021-04-23,VHM,118150.0,119000.0,116450.0,116800.0,12008981
2021-04-26,VHM,116450.0,117500.0,116300.0,117350.0,10880171
2021-04-27,VHM,117000.0,122500.0,116200.0,121800.0,14684855
2021-04-28,VHM,122500.0,122800.0,115750.0,117400.0,14368830
2021-04-29,VHM,116800.0,117800.0,116350.0,116500.0,11477898
2021-04-30,VHM,116150.0,116300.0,114750.0,115150.0,6921775
2021-05-03,VHM,115100.0,115550.0,110600.0,110850.0,12411526
2021-05-04,VHM,111250.0,114600.0,110750.0,113300.0,12730120
2021-05-05,VHM,112650.0,112700.0,111400.0,111500.0,11648199
2021-05-06,VHM,110900.0,111800.0,105900.0,106650.0,13069570
2021-05-07,VHM,106350.0,107100.0,105750.0,106700.0,7225373
2021-05-10,VHM,106450.0,109950.0,105650.0,108450.0,9441155
2021-05-11,VHM,108550.0,112650.0,107950.0,111900.0,10597221
2021-05-12,VHM,112100.0,112750.0,108400.0,108500.0,14589047
2021-05-13,VHM,108650.0,111750.0,108400.0,111150.0,12464893
2021-05-14,VHM,111200.0,111300.0,109400.0,109400.0,7587965
2021-05-17,VHM,109550.0,109600.0,102950.0,103250.0,16782477
2021-05-18,VHM,103050.0,107300.0,101850.0,106550.0,12525817
2021-05-19,VHM,106750.0,107050.0,105100.0,105750.0,11675933
2021-05-20,VHM,106150.0,106950.0,104850.0,104900.0,10248640
2021-05-21,VHM,104450.0,104750.0,98900.0,99900.0,13308334
2021-05-24,VHM,100100.0,100500.0,97900.0,98250.0,12755813
2021-05-25,VHM,97650.0,99400.0,96800.0,97250.0,11556055
2021-05-26,VHM,97050.0,99250.0,96300.0,98850.0,9248570
2021-05-27,VHM,99850.0,100150.0,97750.0,99200.0,7514565
2021-05-28,VHM,99850.0,100950.0,97450.0,99000.0,12284968
2021-05-31,VHM,99300.0,101550.0,99000.0,101450.0,10995512
2021-06-01,VHM,101400.0,105550.0,101400.0,104700.0,11424503
2021-06-02,VHM,104250.0,104800.0,101400.0,101450.0,12959708
2021-06-03,VHM,102100.0,104500.0,102050.0,103800.0,9229170
2021-06-04,VHM,104000.0,104300.0,103450.0,103850.0,6180423
2021-06-07,VHM,104650.0,105550.0,99900.0,101800.0,14064401
2021-06-08,VHM,102600.0,102900.0,99250.0,99550.0,11550452
2021-06-09,VHM,99950.0,102300.0,99000.0,101550.0,11818639
2021-06-10,VHM,101800.0,103250.0,101300.0,103250.0,7148875
2021-06-11,VHM,103100.0,103550.0,101450.0,101900.0,12443516
2021-06-14,VHM,102050.0,102450.0,98700.0,99800.0,9748415
2021-06-15,VHM,99550.0,101850.0,99500.0,101650.0,9311271
2021-06-16,VHM,102200.0,102700.0,98750.0,98900.0,13140888
2021-06-17,VHM,98500.0,98800.0,94500.0,94850.0,12556647
2021-06-18,VHM,95500.0,97200.0,94750.0,96800.0,8597132
2021-06-21,VHM,96550.0,101400.0,96150.0,101250.0,11841251
2021-06-22,VHM,100950.0,102200.0,99950.0,101250.0,12442847
2021-06-23,VHM,101450.0,103900.0,100800.0,103700.0,8810941
2021-06-24,VHM,103950.0,105750.0,103500.0,105650.0,10687485
2021-06-25,VHM,105600.0,107000.0,105100.0,106150.0,9979902
2021-06-28,VHM,106350.0,106400.0,103950.0,104450.0,10187562
2021-06-29,VHM,104050.0,106400.0,103600.0,105850.0,12622806
2021-06-30,VHM,105150.0,108650.0,104450.0,108500.0,9391704
2021-07-01,VHM,108450.0,108550.0,107950.0,108000.0,9191887
2021-07-02,VHM,108150.0,109250.0,107900.0,109200.0,11255068
2021-07-05,VHM,109150.0,111200.0,108600.0,110800.0,12272609
2021-07-06,VHM,111000.0,112700.0,110800.0,112000.0,9682594
2021-07-07,VHM,112350.0,115100.0,112250.0,114650.0,11138995
2021-07-08,VHM,114700.0,115300.0,113700.0,114050.0,11167834
2021-07-09,VHM,114200.0,114800.0,110950.0,111050.0,10032925
2021-07-12,VHM,110800.0,113250.0,109850.0,112800.0,11654027
2021-07-13,VHM,112250.0,115600.0,111550.0,114350.0,11114298
2021-07-14,VHM,114800.0,115650.0,110900.0,111050.0,9563025
2021-07-15,VHM,111850.0,116800.0,111350.0,116550.0,13742944
2021-07-16,VHM,116300.0,119200.0,115600.0,119150.0,8199558
2021-07-19,VHM,118200.0,118350.0,116150.0,117600.0,9587821
2021-07-20,VHM,117300.0,124050.0,116250.0,123900.0,11553753
2021-07-21,VHM,122700.0,123900.0,120300.0,120700.0,10410073
2021-07-22,VHM,121300.0,121500.0,115500.0,115650.0,13509575
2021-07-23,VHM,115600.0,116100.0,114350.0,115450.0,6888233
2021-07-26,VHM,115150.0,118250.0,113900.0,117950.0,13802597
2021-07-27,VHM,117900.0,119800.0,117300.0,117500.0,10175053
2021-07-28,VHM,116450.0,119500.0,114550.0,119100.0,10852650
2021-07-29,VHM,119400.0,120750.0,117650.0,117850.0,12876899
2021-07-30,VHM,117300.0,120200.0,117000.0,120050.0,9344566
2021-08-02,VHM,120250.0,121350.0,119600.0,120800.0,8474233
2021-08-03,VHM,121550.0,122950.0,120550.0,121050.0,10155255
2021-08-04,VHM,120300.0,122100.0,119700.0,122050.0,10537435
2021-08-05,VHM,122250.0,122250.0,114950.0,115300.0,12042380
2021-08-06,VHM,115300.0,117400.0,113400.0,116500.0,13880647
2021-08-09,VHM,116250.0,118200.0,115450.0,116900.0,8979607
2021-08-10,VHM,117200.0,117500.0,116650.0,117300.0,9758440
2021-08-11,VHM,117550.0,117900.0,113900.0,115800.0,12735325
2021-08-12,VHM,115050.0,116000.0,112350.0,113050.0,8764491
2021-08-13,VHM,113450.0,114400.0,112450.0,112500.0,7379464
2021-08-16,VHM,112650.0,113700.0,111450.0,112250.0,12187584
2021-08-17,VHM,112500.0,114100.0,111950.0,114000.0,7242087
2021-08-18,VHM,113800.0,116100.0,113550.0,114650.0,8970547
2021-08-19,VHM,115150.0,117100.0,114700.0,115800.0,11692557
2021-08-20,VHM,116300.0,120750.0,116200.0,120050.0,13470928
2021-08-23,VHM,120550.0,120700.0,114900.0,115850.0,12889878
2021-08-24,VHM,115450.0,115550.0,113050.0,113050.0,7738827
2021-08-25,VHM,113000.0,115450.0,112550.0,115200.0,10105121
2021-08-26,VHM,114650.0,117850.0,114500.0,117400.0,10759134
2021-08-27,VHM,118100.0,118350.0,115950.0,116050.0,7450967
2021-08-30,VHM,116800.0,121050.0,116400.0,119950.0,10320884
2021-08-31,VHM,120150.0,127000.0,119950.0,126300.0,12013254
2021-09-01,VHM,125600.0,127350.0,124950.0,126650.0,9628104
2021-09-02,VHM,127100.0,127150.0,119550.0,121750.0,16002249
2021-09-03,VHM,122000.0,124650.0,121150.0,124400.0,12795473
2021-09-06,VHM,124100.0,126200.0,123700.0,126000.0,11298780
2021-09-07,VHM,125500.0,127350.0,125400.0,126850.0,11143858
2021-09-08,VHM,127450.0,127750.0,124850.0,125250.0,11467496
2021-09-09,VHM,125000.0,125550.0,124100.0,125100.0,10980782
2021-09-10,VHM,125400.0,126050.0,124750.0,124800.0,6638916
2021-09-13,VHM,125000.0,125150.0,123150.0,123600.0,10426915
2021-09-14,VHM,123450.0,125600.0,118350.0,119800.0,13449514
2021-09-15,VHM,119500.0,120200.0,118200.0,119150.0,8497263
2021-09-16,VHM,119050.0,119250.0,117300.0,118150.0,9813765
2021-09-17,VHM,118300.0,122150.0,118250.0,121350.0,9745169
2021-09-20,VHM,120900.0,121700.0,119650.0,120650.0,10957062
2021-09-21,VHM,120350.0,120400.0,120050.0,120100.0,9976583
2021-09-22,VHM,120950.0,121400.0,118500.0,119500.0,10184048
2021-09-23,VHM,119200.0,119400.0,118100.0,118300.0,10565105
2021-09-24,VHM,119250.0,119750.0,118400.0,118700.0,10313987
2021-09-27,VHM,119750.0,120350.0,118850.0,119250.0,6583243
2021-09-28,VHM,119150.0,119850.0,117800.0,119650.0,8771831
2021-09-29,VHM,120150.0,121250.0,119150.0,119850.0,10783979
2021-09-30,VHM,119850.0,120600.0,117400.0,117650.0,9541293
2021-10-01,VHM,117250.0,117650.0,116100.0,116450.0,11824812
2021-10-04,VHM,116000.0,116800.0,112200.0,112550.0,13301431
2021-10-05,VHM,112700.0,112850.0,110850.0,111550.0,7185792
2021-10-06,VHM,111700.0,117400.0,111250.0,116450.0,13171699
2021-10-07,VHM,115950.0,118400.0,115750.0,118200.0,10188995
2021-10-08,VHM,117300.0,118700.0,115000.0,115750.0,9846353
2021-10-11,VHM,116150.0,116800.0,114550.0,115500.0,10610977
2021-10-12,VHM,115100.0,118900.0,114900.0,117550.0,11028770
2021-10-13,VHM,117850.0,119650.0,116550.0,118400.0,9139103
2021-10-14,VHM,118600.0,123450.0,117150.0,123150.0,13832337
2021-10-15,VHM,122850.0,124900.0,122300.0,124300.0,8709993
2021-10-18,VHM,123800.0,124050.0,120450.0,121700.0,9184973
2021-10-19,VHM,121750.0,121800.0,116950.0,117750.0,12903239
2021-10-20,VHM,117850.0,119050.0,115050.0,115950.0,10058025
2021-10-21,VHM,116050.0,116500.0,112700.0,113150.0,13286605
2021-10-22,VHM,112750.0,118100.0,112650.0,117550.0,10239722
2021-10-25,VHM,117950.0,118250.0,115450.0,115850.0,13011235
2021-10-26,VHM,115650.0,115850.0,112300.0,112850.0,9515671
2021-10-27,VHM,112500.0,113650.0,110050.0,110200.0,10962313
2021-10-28,VHM,110000.0,112350.0,109900.0,112150.0,9591269
2021-10-29,VHM,112900.0,114150.0,112250.0,114050.0,7875941
2021-11-01,VHM,114750.0,118900.0,114100.0,118500.0,13628838
2021-11-02,VHM,118750.0,119800.0,117150.0,119450.0,10135165
2021-11-03,VHM,119250.0,120900.0,119000.0,120800.0,11079744
2021-11-04,VHM,121000.0,121800.0,119300.0,119550.0,12372438
2021-11-05,VHM,119650.0,119950.0,116250.0,116950.0,9039546
2021-11-08,VHM,116350.0,116600.0,114200.0,115100.0,7534404
2021-11-09,VHM,115550.0,116450.0,112850.0,114300.0,8210270
2021-11-10,VHM,114150.0,114850.0,110700.0,111600.0,10429416
2021-11-11,VHM,112300.0,113450.0,106400.0,107500.0,16109193
2021-11-12,VHM,107450.0,107900.0,107200.0,107800.0,10696955
2021-11-15,VHM,106950.0,107600.0,103100.0,103900.0,13340394
2021-11-16,VHM,103250.0,110850.0,102850.0,110250.0,16578860
2021-11-17,VHM,110500.0,110500.0,109600.0,109600.0,9280543
2021-11-18,VHM,109150.0,111500.0,109000.0,109850.0,9502022
2021-11-19,VHM,109250.0,113200.0,108200.0,111600.0,11806792
2021-11-22,VHM,111500.0,113100.0,107500.0,107600.0,12368842
2021-11-23,VHM,107600.0,108350.0,106800.0,107400.0,8397701
2021-11-24,VHM,108050.0,108950.0,107900.0,108200.0,9904322
2021-11-25,VHM,108050.0,109900.0,106650.0,108150.0,11767903
2021-11-26,VHM,108900.0,109350.0,107300.0,108000.0,11333770
2021-11-29,VHM,107350.0,108450.0,106600.0,108100.0,8575553
2021-11-30,VHM,108750.0,109900.0,105350.0,105950.0,12380343
2021-12-01,VHM,105900.0,108300.0,104950.0,108150.0,13384123
2021-12-02,VHM,108050.0,108850.0,104250.0,104900.0,10130535
2021-12-03,VHM,105500.0,108450.0,105450.0,107150.0,8832245
2021-12-06,VHM,107300.0,108050.0,106750.0,107800.0,6418798
2021-12-07,VHM,107600.0,114050.0,107600.0,112850.0,12523601
2021-12-08,VHM,113000.0,113500.0,112900.0,113000.0,10014313
2021-12-09,VHM,113400.0,113650.0,112150.0,112900.0,11378441
2021-12-10,VHM,113100.0,113600.0,112300.0,113450.0,10491392
2021-12-13,VHM,113550.0,113550.0,109000.0,109150.0,11118729
2021-12-14,VHM,108550.0,108550.0,107100.0,107750.0,10241975
2021-12-15,VHM,108050.0,108200.0,105050.0,105800.0,12473211
2021-12-16,VHM,105500.0,105800.0,101150.0,101400.0,10986657
2021-12-17,VHM,101400.0,103350.0,101000.0,102950.0,10812941
2021-12-20,VHM,102800.0,103300.0,102650.0,103200.0,6014410
2021-12-21,VHM,103350.0,103450.0,100450.0,100900.0,12184596
2021-12-22,VHM,100900.0,102300.0,100000.0,101250.0,9893181
2021-12-23,VHM,100750.0,101350.0,99650.0,100000.0,6822408
2021-12-24,VHM,99850.0,101850.0,99500.0,101600.0,9470895
2021-12-27,VHM,102400.0,103400.0,102100.0,102700.0,6363982
2021-12-28,VHM,103000.0,103900.0,99350.0,99750.0,10683739
2021-12-29,VHM,99700.0,99750.0,96800.0,97650.0,12220236
2021-12-30,VHM,97900.0,102250.0,97650.0,101850.0,11643444
2021-12-31,VHM,101800.0,102250.0,97100.0,97350.0,12411820
2022-01-03,VHM,97350.0,97750.0,97000.0,97100.0,10956210
2022-01-04,VHM,96650.0,98650.0,96300.0,98200.0,11626939
2022-01-05,VHM,97800.0,99350.0,97400.0,98300.0,11702782
2022-01-06,VHM,98500.0,99000.0,95400.0,95600.0,10786271
2022-01-07,VHM,95550.0,95850.0,94950.0,95500.0,10330726
2022-01-10,VHM,95250.0,95850.0,89300.0,90450.0,14526704
2022-01-11,VHM,90300.0,90950.0,88450.0,88700.0,12511470
2022-01-12,VHM,89850.0,90500.0,89250.0,89400.0,9839470
2022-01-13,VHM,89200.0,90050.0,86350.0,86500.0,9766340
2022-01-14,VHM,86800.0,87800.0,86700.0,87750.0,7804864
2022-01-17,VHM,87600.0,87800.0,86600.0,87050.0,7742956
2022-01-18,VHM,87200.0,87200.0,85500.0,86100.0,11993222
2022-01-19,VHM,85850.0,87100.0,85250.0,86750.0,8409380
2022-01-20,VHM,86600.0,87400.0,86150.0,87350.0,8652306
2022-01-21,VHM,86900.0,87300.0,84550.0,86050.0,13122988
2022-01-24,VHM,86100.0,86200.0,83200.0,83350.0,12723379
2022-01-25,VHM,83200.0,83550.0,82400.0,82750.0,6447440
2022-01-26,VHM,83300.0,84300.0,81450.0,81950.0,12317417
2022-01-27,VHM,81750.0,81800.0,79900.0,80850.0,8344007
2022-01-28,VHM,80800.0,81150.0,78250.0,78450.0,12745791
2022-01-31,VHM,78700.0,78800.0,77250.0,77800.0,8004826
2022-02-01,VHM,77850.0,78650.0,77550.0,78500.0,7316452
2022-02-02,VHM,78250.0,78550.0,76800.0,77400.0,9642588
2022-02-03,VHM,77050.0,77200.0,76200.0,76700.0,11664911
2022-02-04,VHM,75750.0,77400.0,75200.0,76900.0,9584587
2022-02-07,VHM,76850.0,79450.0,76750.0,79300.0,9928288
2022-02-08,VHM,78950.0,80450.0,78750.0,80400.0,8592202
2022-02-09,VHM,80550.0,81050.0,77250.0,78250.0,14586159
2022-02-10,VHM,78700.0,80050.0,76350.0,76450.0,13099901
2022-02-11,VHM,76750.0,76800.0,75100.0,75400.0,9145098
2022-02-14,VHM,75200.0,76800.0,74500.0,76300.0,10829791
2022-02-15,VHM,76250.0,76600.0,74900.0,75150.0,11635457
2022-02-16,VHM,75000.0,75300.0,73750.0,74100.0,9661812
2022-02-17,VHM,74150.0,74950.0,71400.0,71550.0,11524820
2022-02-18,VHM,71100.0,74200.0,70400.0,74000.0,11110425
2022-02-21,VHM,74100.0,74650.0,72600.0,73050.0,13395085
2022-02-22,VHM,72850.0,76650.0,72600.0,76150.0,14728886
2022-02-23,VHM,75650.0,76300.0,75450.0,76250.0,9666766
2022-02-24,VHM,76500.0,78800.0,75750.0,78300.0,13344291
2022-02-25,VHM,78450.0,80050.0,78000.0,79350.0,8953489
2022-02-28,VHM,78700.0,78750.0,76300.0,76500.0,13365064
2022-03-01,VHM,76550.0,77050.0,73300.0,73500.0,12952440
2022-03-02,VHM,73800.0,76550.0,73250.0,75650.0,10333787
2022-03-03,VHM,76000.0,77250.0,75900.0,76650.0,6812313
2022-03-04,VHM,76650.0,76750.0,74200.0,75300.0,9051614
2022-03-07,VHM,75650.0,76050.0,73250.0,73600.0,11756943
2022-03-08,VHM,73900.0,74450.0,72250.0,72250.0,12743949
2022-03-09,VHM,72300.0,72950.0,71700.0,71750.0,11185558
2022-03-10,VHM,71900.0,74300.0,71600.0,73550.0,14234990
2022-03-11,VHM,73500.0,73650.0,71300.0,72650.0,11309258
2022-03-14,VHM,73100.0,73550.0,73000.0,73350.0,9056413
2022-03-15,VHM,73650.0,73950.0,71900.0,72150.0,11288854
2022-03-16,VHM,72150.0,72550.0,72150.0,72200.0,9843003
2022-03-17,VHM,72400.0,72950.0,69200.0,69850.0,11210228
2022-03-18,VHM,69900.0,70150.0,68400.0,68600.0,11720123
2022-03-21,VHM,68450.0,71000.0,68250.0,70400.0,12590293
2022-03-22,VHM,70150.0,70450.0,68600.0,69350.0,7702784
2022-03-23,VHM,69250.0,69700.0,68750.0,69500.0,9699990
2022-03-24,VHM,69700.0,71050.0,69600.0,70650.0,9498823
2022-03-25,VHM,70500.0,74300.0,70100.0,74200.0,13684864
2022-03-28,VHM,74000.0,75200.0,73850.0,74550.0,11883525
2022-03-29,VHM,75450.0,75450.0,70750.0,71150.0,15938255
2022-03-30,VHM,70750.0,72850.0,70250.0,72000.0,8705909
2022-03-31,VHM,71950.0,72600.0,70850.0,71400.0,9918642
2022-04-01,VHM,71700.0,71800.0,70400.0,70450.0,10624418
2022-04-04,VHM,70500.0,71300.0,68500.0,68800.0,9192141
2022-04-05,VHM,68950.0,72150.0,68850.0,71850.0,11946796
2022-04-06,VHM,72000.0,73100.0,72000.0,72500.0,9156055
2022-04-07,VHM,72600.0,76250.0,71850.0,75650.0,15795350
2022-04-08,VHM,75750.0,76550.0,73350.0,73600.0,10718581
2022-04-11,VHM,73250.0,74150.0,70650.0,71300.0,14999529
2022-04-12,VHM,71700.0,73050.0,70750.0,73050.0,9003693
2022-04-13,VHM,73450.0,73850.0,70650.0,70750.0,10216672
2022-04-14,VHM,70400.0,71450.0,69700.0,71200.0,11568046
2022-04-15,VHM,70950.0,74100.0,70750.0,73950.0,15104701
2022-04-18,VHM,74150.0,76500.0,74050.0,75400.0,12724266
2022-04-19,VHM,75250.0,77250.0,74550.0,76700.0,12035695
2022-04-20,VHM,76500.0,77400.0,76500.0,77400.0,6811287
2022-04-21,VHM,77100.0,77150.0,75900.0,76750.0,9890502
2022-04-22,VHM,76700.0,77900.0,76650.0,77550.0,9761442
2022-04-25,VHM,77700.0,78500.0,77400.0,78450.0,7996145
2022-04-26,VHM,78550.0,80950.0,78050.0,80900.0,10799449
2022-04-27,VHM,80700.0,82250.0,80500.0,81900.0,8052454
2022-04-28,VHM,81900.0,85350.0,81300.0,83650.0,11599904
2022-04-29,VHM,83650.0,85200.0,83350.0,85000.0,11119619
2022-05-02,VHM,84600.0,84650.0,83700.0,84400.0,9321376
2022-05-03,VHM,84400.0,84450.0,81150.0,81200.0,13842968
2022-05-04,VHM,81550.0,81600.0,81000.0,81400.0,5726111
2022-05-05,VHM,81750.0,82200.0,80650.0,81350.0,11209857
2022-05-06,VHM,81250.0,82650.0,81200.0,82300.0,6811295
2022-05-09,VHM,82200.0,84050.0,82050.0,83600.0,10981902
2022-05-10,VHM,82900.0,83300.0,82150.0,83200.0,6697864
2022-05-11,VHM,82950.0,83250.0,82400.0,82500.0,11256175
2022-05-12,VHM,82100.0,83600.0,81800.0,83100.0,10219375
2022-05-13,VHM,83450.0,83600.0,81650.0,82300.0,8588511
2022-05-16,VHM,82350.0,84950.0,81600.0,84950.0,10035063
2022-05-17,VHM,84900.0,87250.0,84150.0,86350.0,11872125
2022-05-18,VHM,86550.0,88500.0,86350.0,88250.0,11579562
2022-05-19,VHM,88200.0,88350.0,85550.0,86100.0,12219968
2022-05-20,VHM,86150.0,86400.0,85400.0,85800.0,7182830
2022-05-23,VHM,84900.0,85350.0,84350.0,84950.0,6686660
2022-05-24,VHM,84750.0,85000.0,83600.0,83850.0,10677620
2022-05-25,VHM,84000.0,84200.0,83750.0,83950.0,10472355
2022-05-26,VHM,83800.0,88050.0,83700.0,87250.0,15431280
2022-05-27,VHM,87350.0,87500.0,86500.0,87000.0,6455227
2022-05-30,VHM,87250.0,87650.0,84100.0,84600.0,12563464
2022-05-31,VHM,84050.0,84750.0,82900.0,83450.0,9805833
2022-06-01,VHM,83300.0,84600.0,82850.0,84100.0,10979897
2022-06-02,VHM,84000.0,84700.0,83550.0,84200.0,7675359
2022-06-03,VHM,84500.0,84750.0,83150.0,83650.0,8513936
2022-06-06,VHM,83950.0,84350.0,83250.0,83950.0,7298506
2022-06-07,VHM,84200.0,85800.0,83800.0,85600.0,11709534
2022-06-08,VHM,85050.0,86400.0,84450.0,86400.0,11353254
2022-06-09,VHM,86400.0,87450.0,86050.0,87300.0,9638035
2022-06-10,VHM,87000.0,87250.0,86200.0,87200.0,9578277
2022-06-13,VHM,87100.0,88750.0,86750.0,88150.0,8983978
2022-06-14,VHM,87450.0,90200.0,87150.0,89800.0,10211247
2022-06-15,VHM,90150.0,90450.0,87700.0,88500.0,9157045
2022-06-16,VHM,88050.0,92850.0,87700.0,92700.0,14287618
2022-06-17,VHM,92700.0,94050.0,92000.0,93700.0,12064159
2022-06-20,VHM,93700.0,94050.0,92450.0,92950.0,8820039
2022-06-21,VHM,92950.0,93300.0,88400.0,89650.0,12404083
2022-06-22,VHM,90250.0,90750.0,88050.0,88100.0,8963028
2022-06-23,VHM,88650.0,89200.0,85900.0,86450.0,11528557
2022-06-24,VHM,86100.0,89050.0,86000.0,88950.0,13357896
2022-06-27,VHM,88700.0,92000.0,88450.0,91900.0,10492492
2022-06-28,VHM,91650.0,92850.0,91300.0,91850.0,12119600
2022-06-29,VHM,91550.0,92550.0,89500.0,89750.0,10680216
2022-06-30,VHM,90200.0,90950.0,88400.0,89050.0,11324441
2022-07-01,VHM,88950.0,89200.0,86100.0,86500.0,9853924
2022-07-04,VHM,86550.0,87350.0,84500.0,85050.0,10347554
2022-07-05,VHM,85150.0,86550.0,84750.0,85950.0,10218827
2022-07-06,VHM,86100.0,86400.0,84100.0,84400.0,7914325
2022-07-07,VHM,84400.0,84950.0,84350.0,84550.0,8609500
2022-07-08,VHM,84600.0,88000.0,84350.0,87400.0,12254169
2022-07-11,VHM,87700.0,89350.0,87550.0,89350.0,9582428
2022-07-12,VHM,89650.0,91150.0,89100.0,89400.0,11795091
2022-07-13,VHM,89300.0,89650.0,87450.0,88500.0,7902593
2022-07-14,VHM,88400.0,88650.0,87250.0,87350.0,10154992
2022-07-15,VHM,87300.0,87400.0,85150.0,85200.0,9979174
2022-07-18,VHM,85200.0,85300.0,82750.0,83750.0,11660520
2022-07-19,VHM,83850.0,86100.0,83800.0,85550.0,9345659
2022-07-20,VHM,85100.0,85150.0,81650.0,81800.0,13924408
2022-07-21,VHM,81750.0,82350.0,78800.0,79050.0,14410023
2022-07-22,VHM,78950.0,79000.0,78250.0,78350.0,11006833
2022-07-25,VHM,78500.0,80250.0,78200.0,79300.0,10198375
2022-07-26,VHM,79250.0,79900.0,77850.0,78250.0,9610668
2022-07-27,VHM,78500.0,78700.0,75550.0,76350.0,11746282
2022-07-28,VHM,76150.0,76300.0,75550.0,76100.0,11169405
2022-07-29,VHM,76450.0,76800.0,74300.0,74650.0,9588393
2022-08-01,VHM,74850.0,75350.0,74650.0,75250.0,11384897
2022-08-02,VHM,75300.0,75900.0,72650.0,73650.0,12707375
2022-08-03,VHM,73650.0,76300.0,73500.0,75350.0,14331642
2022-08-04,VHM,74900.0,77000.0,74700.0,76500.0,11755964
2022-08-05,VHM,76400.0,77350.0,76300.0,77150.0,9090877
2022-08-08,VHM,77500.0,78650.0,74450.0,74500.0,14104449
2022-08-09,VHM,74750.0,76600.0,74600.0,76150.0,8097396
2022-08-10,VHM,76000.0,78000.0,75600.0,77650.0,11753145
2022-08-11,VHM,77800.0,78150.0,77750.0,78050.0,7319589
2022-08-12,VHM,78050.0,79300.0,77550.0,78950.0,11939507
2022-08-15,VHM,79200.0,80300.0,79150.0,80050.0,8764697
2022-08-16,VHM,79450.0,79900.0,79100.0,79500.0,11317878
2022-08-17,VHM,79450.0,79850.0,77450.0,77750.0,10626148
2022-08-18,VHM,77650.0,78100.0,74750.0,75800.0,14207545
2022-08-19,VHM,75900.0,76250.0,75600.0,76250.0,11276273
2022-08-22,VHM,76400.0,78300.0,76250.0,77350.0,9397649
2022-08-23,VHM,76850.0,77300.0,74350.0,74600.0,13160676
2022-08-24,VHM,74650.0,74800.0,74150.0,74600.0,10647494
2022-08-25,VHM,74850.0,75150.0,74100.0,74700.0,9758933
2022-08-26,VHM,74900.0,77450.0,74650.0,77400.0,9566108
2022-08-29,VHM,77400.0,78250.0,76950.0,78050.0,9851516
2022-08-30,VHM,77950.0,78550.0,77650.0,78250.0,10821275
2022-08-31,VHM,78000.0,78950.0,75400.0,75450.0,14420170
2022-09-01,VHM,76100.0,76250.0,73800.0,73900.0,10264113
2022-09-02,VHM,73550.0,75600.0,73300.0,75600.0,12959337
2022-09-05,VHM,74950.0,75550.0,74750.0,75550.0,9316884
2022-09-06,VHM,74850.0,77150.0,74650.0,77050.0,11831021
2022-09-07,VHM,77000.0,78100.0,76850.0,77800.0,7961962
2022-09-08,VHM,77800.0,77900.0,76100.0,76150.0,12142915
2022-09-09,VHM,76300.0,76350.0,73550.0,73600.0,9147280
2022-09-12,VHM,74250.0,74700.0,72800.0,72900.0,12908585
2022-09-13,VHM,73050.0,74350.0,71700.0,72100.0,13076182
2022-09-14,VHM,72350.0,72900.0,72250.0,72350.0,5847227
2022-09-15,VHM,72100.0,73750.0,71800.0,73050.0,9459816
2022-09-16,VHM,73300.0,73550.0,72800.0,73550.0,7351791
2022-09-19,VHM,73450.0,73600.0,71700.0,72050.0,8723808
2022-09-20,VHM,72450.0,73300.0,72350.0,73100.0,6740958
2022-09-21,VHM,73150.0,73800.0,71950.0,72050.0,11841425
2022-09-22,VHM,71650.0,73000.0,71300.0,72950.0,10414051
2022-09-23,VHM,72900.0,73350.0,72800.0,73150.0,10171230
2022-09-26,VHM,73000.0,76950.0,72600.0,76550.0,11085039
2022-09-27,VHM,76800.0,77850.0,76550.0,77650.0,6775561
2022-09-28,VHM,77650.0,78350.0,77200.0,77250.0,6700201
2022-09-29,VHM,77650.0,78250.0,75450.0,75600.0,10649950
2022-09-30,VHM,75950.0,77700.0,75900.0,77400.0,10839525
2022-10-03,VHM,77850.0,78400.0,76350.0,77250.0,7771755
2022-10-04,VHM,76850.0,77900.0,76550.0,77400.0,7471465
2022-10-05,VHM,77800.0,78250.0,75250.0,75600.0,10878152
2022-10-06,VHM,75750.0,78250.0,75300.0,77900.0,14342482
2022-10-07,VHM,77950.0,78000.0,74750.0,75000.0,9963820
2022-10-10,VHM,74650.0,74900.0,72950.0,73350.0,11508460
2022-10-11,VHM,73350.0,73500.0,71900.0,71900.0,8097521
2022-10-12,VHM,72250.0,72650.0,70650.0,70850.0,9703266
2022-10-13,VHM,70450.0,70900.0,69300.0,69550.0,8452823
2022-10-14,VHM,69450.0,69700.0,69050.0,69250.0,7576015
2022-10-17,VHM,69400.0,69650.0,68700.0,69000.0,6795257
2022-10-18,VHM,68400.0,69150.0,67050.0,67350.0,10224018
2022-10-19,VHM,67450.0,67700.0,65200.0,65200.0,10529224
2022-10-20,VHM,64950.0,66500.0,64850.0,66300.0,9117786
2022-10-21,VHM,66100.0,67250.0,65950.0,66600.0,8070255
2022-10-24,VHM,66250.0,67500.0,65500.0,66900.0,12776639
2022-10-25,VHM,66950.0,67300.0,65950.0,66350.0,8046266
2022-10-26,VHM,66350.0,68100.0,65850.0,67350.0,12824583
2022-10-27,VHM,67450.0,68150.0,67150.0,67750.0,10292238
2022-10-28,VHM,67550.0,69100.0,67450.0,68400.0,11894098
2022-10-31,VHM,69000.0,69300.0,67100.0,67600.0,10913107
2022-11-01,VHM,67400.0,68750.0,67200.0,68250.0,11546485
2022-11-02,VHM,68000.0,68600.0,67600.0,67750.0,9977283
2022-11-03,VHM,67350.0,68400.0,67050.0,68000.0,11011493
2022-11-04,VHM,68250.0,68800.0,66200.0,67150.0,11836895
2022-11-07,VHM,67650.0,67950.0,64800.0,65100.0,12948207
2022-11-08,VHM,65150.0,65600.0,64700.0,64850.0,10385285
2022-11-09,VHM,65050.0,68250.0,64850.0,67200.0,14599260
2022-11-10,VHM,67200.0,67900.0,66100.0,66300.0,9191526
2022-11-11,VHM,66550.0,66550.0,65500.0,65800.0,8933031
2022-11-14,VHM,65550.0,65600.0,63250.0,64400.0,9814329
2022-11-15,VHM,64300.0,64800.0,62300.0,62600.0,9955708
2022-11-16,VHM,62350.0,63950.0,61850.0,63800.0,13537158
2022-11-17,VHM,64400.0,64600.0,63700.0,63750.0,11507274
2022-11-18,VHM,63650.0,64450.0,63400.0,63850.0,10988477
2022-11-21,VHM,64000.0,64750.0,63950.0,64300.0,11704778
2022-11-22,VHM,64600.0,64850.0,64450.0,64700.0,9696516
2022-11-23,VHM,64150.0,65600.0,63950.0,65500.0,7645851
2022-11-24,VHM,65300.0,65700.0,63350.0,63400.0,8986160
2022-11-25,VHM,63100.0,65050.0,62850.0,64400.0,13481758
2022-11-28,VHM,64600.0,65150.0,64350.0,64400.0,7574003
2022-11-29,VHM,64000.0,65800.0,63200.0,65750.0,10200027
2022-11-30,VHM,65700.0,65900.0,63350.0,63850.0,10767723
2022-12-01,VHM,63450.0,64050.0,61850.0,62200.0,11367631
2022-12-02,VHM,61950.0,64100.0,61800.0,63550.0,12107133
2022-12-05,VHM,63450.0,63650.0,63300.0,63400.0,8755830
2022-12-06,VHM,63350.0,63700.0,62500.0,62650.0,9091369
2022-12-07,VHM,62450.0,62850.0,61450.0,61950.0,8277418
2022-12-08,VHM,61650.0,62000.0,60750.0,60950.0,12626700
2022-12-09,VHM,60650.0,60750.0,59350.0,59600.0,12552934
2022-12-12,VHM,59300.0,60550.0,59300.0,60500.0,11410472
2022-12-13,VHM,60350.0,62650.0,60300.0,62400.0,10577787
2022-12-14,VHM,62800.0,63200.0,62150.0,62800.0,10168910
2022-12-15,VHM,62300.0,64150.0,62200.0,63900.0,11376326
2022-12-16,VHM,64000.0,65050.0,63600.0,64750.0,10384146
2022-12-19,VHM,64650.0,64750.0,63050.0,63450.0,11360591
2022-12-20,VHM,63250.0,63800.0,63100.0,63250.0,9515422
2022-12-21,VHM,63250.0,64900.0,63150.0,64500.0,8018366
2022-12-22,VHM,64600.0,64950.0,64350.0,64900.0,11049163
2022-12-23,VHM,65000.0,65700.0,64950.0,65450.0,10535152
2022-12-26,VHM,65100.0,65900.0,65050.0,65800.0,10879065
2022-12-27,VHM,65900.0,67500.0,65850.0,66900.0,7884579
2022-12-28,VHM,67150.0,67350.0,66500.0,67000.0,7096933
2022-12-29,VHM,66950.0,67100.0,65500.0,65550.0,11338887
2022-12-30,VHM,65350.0,66650.0,65000.0,66650.0,11140474
2023-01-02,VHM,66400.0,66950.0,64750.0,64950.0,8923540
2023-01-03,VHM,65150.0,67000.0,65050.0,66900.0,13348623
2023-01-04,VHM,67250.0,67900.0,66850.0,67750.0,6587584
2023-01-05,VHM,67500.0,68200.0,66400.0,66550.0,10287738
2023-01-06,VHM,66900.0,68550.0,66250.0,67900.0,11874081
2023-01-09,VHM,67850.0,69500.0,67600.0,69250.0,7864339
2023-01-10,VHM,68950.0,70500.0,68800.0,70400.0,10533830
2023-01-11,VHM,70150.0,72350.0,70000.0,71950.0,11371856
2023-01-12,VHM,72050.0,72900.0,72000.0,72800.0,7974651
2023-01-13,VHM,72700.0,73500.0,72150.0,73450.0,11958879
2023-01-16,VHM,73650.0,75450.0,73300.0,75050.0,11662024
2023-01-17,VHM,74850.0,75850.0,74400.0,75400.0,9065266
2023-01-18,VHM,75750.0,76400.0,74700.0,74800.0,7480607
2023-01-19,VHM,75300.0,75700.0,74550.0,75650.0,8224898
2023-01-20,VHM,75700.0,76600.0,75300.0,76550.0,7664215
2023-01-23,VHM,76650.0,76800.0,73600.0,73700.0,12001973
2023-01-24,VHM,73600.0,73650.0,71350.0,71700.0,11873579
2023-01-25,VHM,71500.0,71600.0,70850.0,70850.0,9032835
2023-01-26,VHM,70600.0,70950.0,70050.0,70950.0,10594252
2023-01-27,VHM,71200.0,71300.0,69950.0,69950.0,12010231
2023-01-30,VHM,70400.0,72400.0,70350.0,72250.0,8634847
2023-01-31,VHM,72350.0,72700.0,70250.0,70650.0,12254911
2023-02-01,VHM,70700.0,71800.0,70350.0,71150.0,10809270
2023-02-02,VHM,71200.0,73350.0,71200.0,73250.0,13208925
2023-02-03,VHM,73050.0,74100.0,72800.0,73550.0,6869005
2023-02-06,VHM,73300.0,74800.0,73050.0,74600.0,8119867
2023-02-07,VHM,74150.0,75400.0,73850.0,75350.0,10182619
2023-02-08,VHM,75450.0,77950.0,75250.0,77300.0,10802040
2023-02-09,VHM,77400.0,77700.0,75550.0,76400.0,13197603
2023-02-10,VHM,76350.0,77750.0,75600.0,77500.0,12442989
2023-02-13,VHM,77750.0,79150.0,76150.0,76250.0,14602277
2023-02-14,VHM,75850.0,76450.0,75150.0,76300.0,9248502
2023-02-15,VHM,76150.0,78550.0,75900.0,78250.0,9402921
2023-02-16,VHM,78300.0,78450.0,77700.0,78250.0,6887552
2023-02-17,VHM,77600.0,80700.0,76750.0,80650.0,10194132
2023-02-20,VHM,80800.0,81300.0,80500.0,80500.0,11386266
2023-02-21,VHM,80450.0,81000.0,77450.0,77700.0,13577873
2023-02-22,VHM,77500.0,78750.0,77400.0,78500.0,11661774
2023-02-23,VHM,78500.0,78500.0,78100.0,78500.0,5479709
2023-02-24,VHM,78550.0,79350.0,75350.0,75850.0,14860127
2023-02-27,VHM,75600.0,76500.0,74900.0,76200.0,9662492
2023-02-28,VHM,76350.0,79550.0,76150.0,78700.0,9519106
2023-03-01,VHM,78850.0,79150.0,77400.0,77850.0,10186481
2023-03-02,VHM,78100.0,80250.0,77600.0,79500.0,12545615
2023-03-03,VHM,79500.0,79600.0,78250.0,78300.0,10383950
2023-03-06,VHM,78500.0,78900.0,78200.0,78650.0,10916357
2023-03-07,VHM,78450.0,78850.0,77350.0,78250.0,7148493
2023-03-08,VHM,78350.0,78650.0,78050.0,78100.0,7329387
2023-03-09,VHM,78250.0,78550.0,78000.0,78300.0,5651578
2023-03-10,VHM,78350.0,78950.0,77850.0,77850.0,11084362
2023-03-13,VHM,78000.0,78100.0,76750.0,76850.0,8874819
2023-03-14,VHM,76950.0,77600.0,73750.0,73750.0,13022424
2023-03-15,VHM,73550.0,76100.0,73100.0,75850.0,9063861
2023-03-16,VHM,76100.0,76800.0,75950.0,76500.0,9757498
2023-03-17,VHM,77300.0,79100.0,77200.0,78850.0,10802939
2023-03-20,VHM,78150.0,79900.0,77650.0,79400.0,9864030
2023-03-21,VHM,79900.0,80200.0,79650.0,79850.0,5862791
2023-03-22,VHM,80150.0,82700.0,79750.0,82250.0,12692844
2023-03-23,VHM,82200.0,82400.0,80400.0,80950.0,9062288
2023-03-24,VHM,80950.0,81050.0,80850.0,80950.0,7681328
2023-03-27,VHM,80500.0,85200.0,80350.0,84750.0,15175556
2023-03-28,VHM,84750.0,85550.0,84700.0,85550.0,8448080
2023-03-29,VHM,86250.0,87700.0,86100.0,86750.0,7463897
2023-03-30,VHM,87000.0,88250.0,84700.0,85550.0,10468760
2023-03-31,VHM,85250.0,90150.0,84850.0,89950.0,13929998
2023-04-03,VHM,90050.0,90700.0,89350.0,89550.0,8475285
2023-04-04,VHM,89800.0,91350.0,89650.0,91150.0,7568065
2023-04-05,VHM,91500.0,91950.0,91050.0,91200.0,9619812
2023-04-06,VHM,91000.0,91150.0,89600.0,89900.0,9930781
2023-04-07,VHM,89450.0,90300.0,85550.0,86350.0,14858095
2023-04-10,VHM,86250.0,86550.0,85050.0,85500.0,7306007
2023-04-11,VHM,85200.0,85250.0,84700.0,85050.0,8076104
2023-04-12,VHM,84950.0,85650.0,81050.0,81750.0,14463891
2023-04-13,VHM,81450.0,82850.0,80600.0,82450.0,8532556
2023-04-14,VHM,83250.0,84050.0,82500.0,83900.0,9021295
2023-04-17,VHM,83600.0,85200.0,83200.0,84600.0,12663714
2023-04-18,VHM,84750.0,84850.0,82950.0,83300.0,10136365
2023-04-19,VHM,83200.0,83650.0,81500.0,81750.0,11997740
2023-04-20,VHM,81500.0,82250.0,78200.0,78900.0,13846060
2023-04-21,VHM,79200.0,82200.0,78900.0,81450.0,10478187
2023-04-24,VHM,81750.0,82600.0,79900.0,80000.0,13915200
2023-04-25,VHM,79900.0,80400.0,79300.0,80300.0,8876679
2023-04-26,VHM,80400.0,81000.0,80200.0,80700.0,9467115
2023-04-27,VHM,81250.0,81500.0,81150.0,81150.0,6665280
2023-04-28,VHM,80900.0,83450.0,79900.0,83000.0,11012426
2023-05-01,VHM,82750.0,83450.0,81050.0,81150.0,13074222
2023-05-02,VHM,81450.0,81850.0,77250.0,77700.0,12314553
2023-05-03,VHM,77700.0,78000.0,76250.0,76700.0,12060253
2023-05-04,VHM,76850.0,77200.0,73650.0,73700.0,10592170
2023-05-05,VHM,73900.0,74700.0,72450.0,72700.0,13065554
2023-05-08,VHM,72450.0,75650.0,72150.0,75200.0,12928354
2023-05-09,VHM,75000.0,75250.0,74650.0,74900.0,9396144
2023-05-10,VHM,75000.0,75250.0,72600.0,72650.0,10971924
2023-05-11,VHM,72900.0,74400.0,72850.0,74200.0,8698653
2023-05-12,VHM,74200.0,75000.0,73200.0,73300.0,8763892
2023-05-15,VHM,73600.0,74650.0,72950.0,74400.0,11645942
2023-05-16,VHM,74000.0,74100.0,72050.0,72200.0,13404831
2023-05-17,VHM,72150.0,73350.0,72100.0,73000.0,9784815
2023-05-18,VHM,73150.0,73900.0,72800.0,72900.0,8159798
2023-05-19,VHM,72500.0,75050.0,72450.0,74700.0,13331391
2023-05-22,VHM,74450.0,75500.0,74200.0,75150.0,8599497
2023-05-23,VHM,74850.0,75100.0,74250.0,74350.0,8848364
2023-05-24,VHM,73850.0,74950.0,73750.0,74650.0,10805520
2023-05-25,VHM,74800.0,75750.0,73850.0,75550.0,11112422
2023-05-26,VHM,75800.0,77400.0,75700.0,77250.0,12036511
2023-05-29,VHM,77550.0,80050.0,77200.0,79850.0,10404555
2023-05-30,VHM,79600.0,80150.0,77750.0,78100.0,13354556
2023-05-31,VHM,78400.0,79450.0,78200.0,79150.0,7310732
2023-06-01,VHM,79250.0,79400.0,77600.0,77850.0,11715451
2023-06-02,VHM,77450.0,77850.0,76200.0,76350.0,12309202
2023-06-05,VHM,75650.0,76200.0,72550.0,73100.0,11729600
2023-06-06,VHM,73200.0,74150.0,71300.0,72250.0,10962468
2023-06-07,VHM,72050.0,73000.0,71750.0,72250.0,11256877
2023-06-08,VHM,72500.0,73650.0,72500.0,73400.0,7663758
2023-06-09,VHM,73700.0,74600.0,73350.0,73600.0,10086084
2023-06-12,VHM,73800.0,74700.0,71700.0,72550.0,14124306
2023-06-13,VHM,72500.0,73200.0,69100.0,69700.0,16604022
2023-06-14,VHM,69900.0,70850.0,69450.0,70750.0,10977083
2023-06-15,VHM,71100.0,71350.0,68350.0,68600.0,9724523
2023-06-16,VHM,68950.0,69150.0,67650.0,67750.0,12331230
2023-06-19,VHM,67650.0,67850.0,66500.0,67500.0,8125939
2023-06-20,VHM,67650.0,70150.0,67550.0,69950.0,11856980
2023-06-21,VHM,70000.0,72200.0,69900.0,71450.0,13334369
2023-06-22,VHM,71750.0,72100.0,71350.0,71650.0,11589238
2023-06-23,VHM,71700.0,72150.0,67350.0,67650.0,16237525
2023-06-26,VHM,67500.0,67800.0,65100.0,65600.0,11222634
2023-06-27,VHM,65800.0,67300.0,64950.0,67300.0,8729415
2023-06-28,VHM,66700.0,68000.0,65750.0,67900.0,9678252
2023-06-29,VHM,67950.0,68100.0,65250.0,65750.0,14704573
2023-06-30,VHM,65650.0,65950.0,64550.0,65150.0,11062208
2023-07-03,VHM,64900.0,68750.0,64600.0,68500.0,15171467
2023-07-04,VHM,68300.0,69700.0,67850.0,69450.0,11006913
2023-07-05,VHM,69700.0,70750.0,69200.0,69800.0,7848475
2023-07-06,VHM,70050.0,70100.0,69800.0,70000.0,6799597
2023-07-07,VHM,69550.0,70000.0,69400.0,69850.0,8802664
2023-07-10,VHM,69950.0,70550.0,69150.0,69800.0,12421764
2023-07-11,VHM,69350.0,70100.0,68750.0,69850.0,8385884
2023-07-12,VHM,70000.0,72150.0,69250.0,72050.0,11942609
2023-07-13,VHM,71800.0,71900.0,71050.0,71200.0,7579667
2023-07-14,VHM,71000.0,71700.0,70850.0,71550.0,7486946
2023-07-17,VHM,71400.0,72000.0,69450.0,69500.0,11062286
2023-07-18,VHM,69650.0,70250.0,69550.0,69900.0,10973736
2023-07-19,VHM,69650.0,71850.0,69400.0,71450.0,11795648
2023-07-20,VHM,71400.0,73450.0,71350.0,73300.0,10044378
2023-07-21,VHM,73050.0,75000.0,72300.0,74650.0,13974592
2023-07-24,VHM,74600.0,75150.0,72350.0,72500.0,14400797
2023-07-25,VHM,72850.0,74300.0,72500.0,73850.0,8364338
2023-07-26,VHM,73850.0,74700.0,72050.0,72450.0,11098405
2023-07-27,VHM,72500.0,73150.0,71750.0,72700.0,8429270
2023-07-28,VHM,72700.0,72750.0,69950.0,69950.0,11304720
2023-07-31,VHM,70100.0,71000.0,69950.0,70700.0,11515746
2023-08-01,VHM,70950.0,71200.0,69550.0,69900.0,10265701
2023-08-02,VHM,70050.0,70350.0,66950.0,68100.0,11308335
2023-08-03,VHM,67850.0,68250.0,67100.0,67600.0,7290104
2023-08-04,VHM,67300.0,68150.0,66350.0,66450.0,10769470
2023-08-07,VHM,66900.0,68650.0,66550.0,68100.0,11314930
2023-08-08,VHM,67950.0,68400.0,66000.0,66000.0,10446842
2023-08-09,VHM,65850.0,66150.0,65250.0,65450.0,8681471
2023-08-10,VHM,65450.0,66400.0,64850.0,66000.0,10950542
2023-08-11,VHM,66100.0,66500.0,64250.0,64900.0,11016079
2023-08-14,VHM,64700.0,66050.0,64450.0,65900.0,8137047
2023-08-15,VHM,65900.0,66250.0,64200.0,64500.0,11850680
2023-08-16,VHM,64900.0,64900.0,62550.0,62600.0,13699485
2023-08-17,VHM,62750.0,64100.0,62750.0,63650.0,12048755
2023-08-18,VHM,63700.0,65300.0,63250.0,64900.0,13582235
2023-08-21,VHM,64850.0,65850.0,64500.0,65700.0,8231403
2023-08-22,VHM,65600.0,67350.0,65500.0,67350.0,10819965
2023-08-23,VHM,67250.0,70550.0,67000.0,69950.0,10271183
2023-08-24,VHM,69050.0,72250.0,68800.0,71900.0,10715028
2023-08-25,VHM,71800.0,72350.0,71800.0,72050.0,9970037
2023-08-28,VHM,72250.0,72450.0,68900.0,69150.0,15537545
2023-08-29,VHM,69250.0,70150.0,68650.0,68700.0,8080507
2023-08-30,VHM,68400.0,68550.0,67700.0,67750.0,11118056
2023-08-31,VHM,67700.0,70200.0,67600.0,70100.0,14376402
2023-09-01,VHM,70150.0,70850.0,67850.0,67950.0,10496870
2023-09-04,VHM,68250.0,68900.0,67250.0,67450.0,9633685
2023-09-05,VHM,67550.0,68050.0,66200.0,67050.0,13214368
2023-09-06,VHM,67000.0,67350.0,63900.0,64300.0,11031053
2023-09-07,VHM,64200.0,64650.0,63250.0,63300.0,7965386
2023-09-08,VHM,63750.0,64800.0,63500.0,64500.0,8078161
2023-09-11,VHM,64300.0,64500.0,63900.0,64100.0,6193212
2023-09-12,VHM,64300.0,64400.0,62250.0,62250.0,8824978
2023-09-13,VHM,62150.0,63750.0,61350.0,63250.0,10127236
2023-09-14,VHM,63250.0,63300.0,62700.0,62700.0,9216679
2023-09-15,VHM,62450.0,62650.0,58200.0,58600.0,18430736
2023-09-18,VHM,58650.0,58750.0,58350.0,58400.0,10394964
2023-09-19,VHM,58750.0,59100.0,56150.0,56350.0,15233375
2023-09-20,VHM,56200.0,57650.0,56100.0,57100.0,10838804
2023-09-21,VHM,57100.0,58050.0,57000.0,57600.0,12050214
2023-09-22,VHM,58050.0,58050.0,56400.0,56500.0,12930674
2023-09-25,VHM,56550.0,58350.0,56250.0,58100.0,12516838
2023-09-26,VHM,58150.0,58500.0,56900.0,57150.0,11307642
2023-09-27,VHM,57200.0,58700.0,56950.0,58500.0,11059520
2023-09-28,VHM,58200.0,58550.0,57050.0,57250.0,9777947
2023-09-29,VHM,57050.0,58200.0,57050.0,58100.0,9265851
2023-10-02,VHM,57800.0,60150.0,57450.0,59700.0,14561250
2023-10-03,VHM,59300.0,60100.0,59250.0,59650.0,11162080
2023-10-04,VHM,59950.0,60000.0,58550.0,58750.0,11219233
2023-10-05,VHM,58250.0,58250.0,57150.0,57700.0,8459907
2023-10-06,VHM,57750.0,57800.0,57450.0,57800.0,9106604
2023-10-09,VHM,57800.0,58100.0,56800.0,56800.0,11127021
2023-10-10,VHM,56750.0,57650.0,56500.0,57600.0,9575833
2023-10-11,VHM,57350.0,58700.0,57200.0,58600.0,8348864
2023-10-12,VHM,58650.0,59300.0,58150.0,58700.0,7970329
2023-10-13,VHM,58750.0,58950.0,57250.0,57300.0,12259791
2023-10-16,VHM,57100.0,60500.0,57050.0,60100.0,13922138
2023-10-17,VHM,60450.0,60500.0,59400.0,59650.0,7269286
2023-10-18,VHM,59500.0,62050.0,58750.0,61850.0,15511239
2023-10-19,VHM,61650.0,62600.0,61350.0,62050.0,9514504
2023-10-20,VHM,62300.0,65400.0,61750.0,64900.0,12498258
2023-10-23,VHM,65150.0,65200.0,64050.0,64650.0,7680753
2023-10-24,VHM,64900.0,65200.0,63550.0,64100.0,12648533
2023-10-25,VHM,64200.0,67050.0,64150.0,66900.0,14952991
2023-10-26,VHM,66550.0,69250.0,66450.0,68800.0,12228178
2023-10-27,VHM,69000.0,70700.0,68400.0,70550.0,11143111
2023-10-30,VHM,70600.0,71800.0,70550.0,71700.0,10042574
2023-10-31,VHM,72100.0,73850.0,71850.0,73000.0,11252792
2023-11-01,VHM,73550.0,76450.0,72500.0,76000.0,15864397
2023-11-02,VHM,76150.0,76600.0,75600.0,75750.0,8692496
2023-11-03,VHM,75300.0,75850.0,73550.0,73650.0,12821083
2023-11-06,VHM,73550.0,75800.0,73450.0,75650.0,8466381
2023-11-07,VHM,75100.0,78000.0,74950.0,77300.0,9575126
2023-11-08,VHM,77300.0,79300.0,76850.0,79200.0,13382096
2023-11-09,VHM,79100.0,79950.0,77150.0,77400.0,13958616
2023-11-10,VHM,77200.0,78650.0,77100.0,78100.0,7987046
2023-11-13,VHM,77900.0,81700.0,77450.0,80450.0,13995427
2023-11-14,VHM,80350.0,81050.0,79800.0,80000.0,11802732
2023-11-15,VHM,80050.0,80200.0,79650.0,79950.0,9436698
2023-11-16,VHM,79900.0,80850.0,77300.0,77350.0,11481590
2023-11-17,VHM,77300.0,77550.0,76800.0,77100.0,10412978
2023-11-20,VHM,77050.0,77900.0,75500.0,75900.0,9498315
2023-11-21,VHM,76050.0,78550.0,75800.0,78550.0,13005652
2023-11-22,VHM,78750.0,79950.0,78650.0,79900.0,10667614
2023-11-23,VHM,79850.0,80500.0,78700.0,79200.0,11411705
2023-11-24,VHM,79700.0,79850.0,78900.0,79350.0,11595136
2023-11-27,VHM,79150.0,80800.0,78750.0,80800.0,13121954
2023-11-28,VHM,80800.0,81100.0,79350.0,79350.0,8396066
2023-11-29,VHM,80000.0,80750.0,79600.0,80500.0,7027845
2023-11-30,VHM,80500.0,80950.0,79150.0,79150.0,11042759
2023-12-01,VHM,79100.0,79500.0,76550.0,76650.0,9877437
2023-12-04,VHM,76900.0,76950.0,76100.0,76350.0,11402763
2023-12-05,VHM,76350.0,78450.0,76300.0,77850.0,11315972
2023-12-06,VHM,77250.0,78550.0,76950.0,78350.0,8017020
2023-12-07,VHM,78150.0,78500.0,76350.0,76950.0,11344180
2023-12-08,VHM,76500.0,81250.0,76150.0,81150.0,12408077
2023-12-11,VHM,80550.0,80700.0,78400.0,78700.0,12442259
2023-12-12,VHM,78550.0,80850.0,78500.0,80850.0,11756072
2023-12-13,VHM,80850.0,82350.0,80750.0,81900.0,7012988
2023-12-14,VHM,82050.0,82200.0,81350.0,81700.0,11304669
2023-12-15,VHM,82050.0,83150.0,81300.0,82250.0,10450720
2023-12-18,VHM,82200.0,84650.0,82050.0,84400.0,12841275
2023-12-19,VHM,84100.0,85100.0,83450.0,84500.0,10588982
2023-12-20,VHM,84850.0,89400.0,84700.0,89250.0,13344753
2023-12-21,VHM,89150.0,93000.0,88500.0,92600.0,14345242
2023-12-22,VHM,92150.0,92350.0,91650.0,91800.0,7111594
2023-12-25,VHM,91900.0,92350.0,87300.0,88100.0,15822110
2023-12-26,VHM,88100.0,89150.0,87950.0,88900.0,11079599
2023-12-27,VHM,88150.0,88250.0,87100.0,87800.0,8182266
2023-12-28,VHM,88150.0,88700.0,85950.0,86800.0,11965668
2023-12-29,VHM,86350.0,91200.0,86300.0,90450.0,12846540
2024-01-01,VHM,90500.0,91300.0,88900.0,89300.0,10160146
2024-01-02,VHM,89600.0,90400.0,88150.0,88750.0,12318032
2024-01-03,VHM,88500.0,93900.0,88200.0,93300.0,13234950
2024-01-04,VHM,93800.0,94000.0,91700.0,92250.0,7894800
2024-01-05,VHM,92700.0,93400.0,89250.0,90100.0,14173861
2024-01-08,VHM,90300.0,92300.0,89500.0,91300.0,10985017
2024-01-09,VHM,91850.0,94100.0,90950.0,93450.0,10255277
2024-01-10,VHM,94300.0,95050.0,92500.0,92850.0,10663826
2024-01-11,VHM,93150.0,93400.0,90250.0,90750.0,10441833
2024-01-12,VHM,90700.0,91000.0,90350.0,90950.0,8980505
2024-01-15,VHM,91300.0,91300.0,86700.0,87000.0,14776476
2024-01-16,VHM,86600.0,86900.0,83600.0,83800.0,11185365
2024-01-17,VHM,83800.0,84000.0,83200.0,83400.0,9580203
2024-01-18,VHM,84000.0,84450.0,81550.0,81650.0,12031077
2024-01-19,VHM,81750.0,83600.0,81700.0,83400.0,12638403
2024-01-22,VHM,83550.0,85050.0,83200.0,84950.0,12724593
2024-01-23,VHM,85100.0,87450.0,84000.0,87250.0,14056572
2024-01-24,VHM,86850.0,87750.0,84550.0,84850.0,13367590
2024-01-25,VHM,85250.0,86450.0,85100.0,85850.0,9118407
2024-01-26,VHM,86300.0,87500.0,86100.0,87050.0,9573547
2024-01-29,VHM,86650.0,86750.0,85000.0,85450.0,9995673
2024-01-30,VHM,85950.0,86600.0,84200.0,84550.0,8606059
2024-01-31,VHM,84950.0,85900.0,84250.0,85650.0,8263038
2024-02-01,VHM,85800.0,85800.0,83350.0,84000.0,11293692
2024-02-02,VHM,83750.0,84400.0,81550.0,82600.0,12158028
2024-02-05,VHM,82250.0,84350.0,82200.0,83700.0,12498194
2024-02-06,VHM,83850.0,84000.0,82650.0,82750.0,9186786
2024-02-07,VHM,82900.0,84100.0,82750.0,84050.0,9434860
2024-02-08,VHM,84250.0,85300.0,83650.0,84700.0,9339395
2024-02-09,VHM,84300.0,84350.0,80850.0,81400.0,10771957
2024-02-12,VHM,81100.0,83200.0,80850.0,82950.0,9858591
2024-02-13,VHM,82900.0,83850.0,82850.0,83750.0,9289931
2024-02-14,VHM,83600.0,85450.0,83400.0,84850.0,10078005
2024-02-15,VHM,84950.0,85050.0,84350.0,84450.0,8012192
2024-02-16,VHM,84250.0,84250.0,81800.0,82050.0,8074863
2024-02-19,VHM,82550.0,82750.0,82050.0,82550.0,7226241
2024-02-20,VHM,83050.0,83700.0,82300.0,83400.0,8781345
2024-02-21,VHM,83150.0,84800.0,82850.0,84350.0,7591318
2024-02-22,VHM,84700.0,85150.0,84250.0,84950.0,7833195
2024-02-23,VHM,84800.0,85000.0,81500.0,81800.0,13686884
2024-02-26,VHM,81500.0,83200.0,81300.0,82950.0,9248385
2024-02-27,VHM,82900.0,86450.0,82850.0,85700.0,13065922
2024-02-28,VHM,86000.0,87600.0,85400.0,87150.0,13031331
2024-02-29,VHM,86950.0,87800.0,86900.0,87450.0,10657573
2024-03-01,VHM,88100.0,88850.0,87500.0,88250.0,9885737
2024-03-04,VHM,88150.0,89100.0,87150.0,87800.0,11205710
2024-03-05,VHM,87500.0,90000.0,87000.0,89900.0,12127597
2024-03-06,VHM,89000.0,89450.0,86550.0,86750.0,11290221
2024-03-07,VHM,86550.0,88550.0,85900.0,88500.0,8665083
2024-03-08,VHM,88550.0,90250.0,88450.0,89750.0,11496545
2024-03-11,VHM,90000.0,90650.0,87150.0,87800.0,11253691
2024-03-12,VHM,88300.0,89450.0,87650.0,88000.0,11965617
2024-03-13,VHM,87950.0,88050.0,87150.0,88050.0,9673586
2024-03-14,VHM,88200.0,88750.0,87100.0,88550.0,10790132
2024-03-15,VHM,88500.0,90450.0,88400.0,90300.0,10540130
2024-03-18,VHM,90300.0,90850.0,87600.0,87700.0,11029808
2024-03-19,VHM,87450.0,88150.0,86950.0,87900.0,9961735
2024-03-20,VHM,87850.0,88650.0,87250.0,88400.0,11583547
2024-03-21,VHM,88350.0,89800.0,88300.0,88800.0,9370282
2024-03-22,VHM,88250.0,89250.0,87050.0,87700.0,11499097
2024-03-25,VHM,87650.0,88100.0,86250.0,86250.0,8571429
2024-03-26,VHM,86900.0,87100.0,86200.0,86250.0,10620305
2024-03-27,VHM,86750.0,86750.0,84000.0,84450.0,12842814
2024-03-28,VHM,84500.0,86900.0,84250.0,85900.0,10283587
2024-03-29,VHM,86050.0,86850.0,85250.0,85750.0,11320782
2024-04-01,VHM,85700.0,88100.0,85050.0,87750.0,9394545
2024-04-02,VHM,87750.0,88450.0,84950.0,85550.0,12865298
2024-04-03,VHM,86150.0,86400.0,83750.0,85200.0,11042085
2024-04-04,VHM,84950.0,85050.0,84050.0,84600.0,9523658
2024-04-05,VHM,84900.0,86800.0,84800.0,86350.0,8945929
2024-04-08,VHM,85950.0,88100.0,85550.0,87300.0,13362700
2024-04-09,VHM,87150.0,88250.0,84600.0,84750.0,10067570
2024-04-10,VHM,84950.0,85150.0,83350.0,83850.0,8286310
2024-04-11,VHM,83700.0,83750.0,81700.0,82650.0,10822107
2024-04-12,VHM,82450.0,84750.0,82400.0,84250.0,12524533
2024-04-15,VHM,84500.0,87850.0,84000.0,87350.0,13451703
2024-04-16,VHM,86850.0,88200.0,86600.0,88150.0,7313739
2024-04-17,VHM,87950.0,89500.0,87550.0,89350.0,9948051
2024-04-18,VHM,88750.0,90000.0,88200.0,89750.0,8877415
2024-04-19,VHM,89300.0,90550.0,88950.0,89900.0,11248297
2024-04-22,VHM,90050.0,93150.0,89300.0,92650.0,13831429
2024-04-23,VHM,92500.0,93850.0,91100.0,91500.0,9019630
2024-04-24,VHM,91800.0,92900.0,91600.0,92800.0,10974708
2024-04-25,VHM,92450.0,92800.0,92300.0,92450.0,9206637
2024-04-26,VHM,92600.0,92750.0,90450.0,90500.0,8185654
2024-04-29,VHM,89650.0,90800.0,88900.0,90700.0,7574921
2024-04-30,VHM,90200.0,90950.0,88900.0,89500.0,7595963
2024-05-01,VHM,89550.0,90050.0,88950.0,89650.0,10880592
2024-05-02,VHM,89100.0,89300.0,87600.0,88300.0,11962376
2024-05-03,VHM,88400.0,90300.0,87650.0,90100.0,12475272
2024-05-06,VHM,89900.0,90650.0,88050.0,88850.0,12583595
2024-05-07,VHM,89450.0,90250.0,89100.0,90100.0,9799341
2024-05-08,VHM,90200.0,93700.0,89000.0,93650.0,15265764
2024-05-09,VHM,93700.0,94550.0,91750.0,91850.0,11945131
2024-05-10,VHM,91550.0,94700.0,91050.0,94600.0,11902967
2024-05-13,VHM,94800.0,95500.0,92500.0,93050.0,13523339
2024-05-14,VHM,93000.0,93300.0,89900.0,90250.0,12541340
2024-05-15,VHM,90700.0,94300.0,90650.0,93550.0,13894168
2024-05-16,VHM,93650.0,94500.0,93200.0,93900.0,10575111
2024-05-17,VHM,94400.0,95250.0,90650.0,91050.0,12117802
2024-05-20,VHM,90400.0,93150.0,89700.0,92750.0,14380968
2024-05-21,VHM,92100.0,92550.0,90900.0,90950.0,11683287
2024-05-22,VHM,91150.0,91400.0,88000.0,88850.0,14088186
2024-05-23,VHM,89750.0,89950.0,87650.0,88250.0,9769360
2024-05-24,VHM,88050.0,90450.0,87800.0,89450.0,9812250
2024-05-27,VHM,89000.0,89400.0,86750.0,87100.0,13389018
2024-05-28,VHM,86900.0,87150.0,84800.0,84800.0,11021569
2024-05-29,VHM,84700.0,85050.0,83750.0,84850.0,7761929
2024-05-30,VHM,85600.0,86100.0,85300.0,85800.0,11353448
2024-05-31,VHM,85950.0,86600.0,85350.0,85550.0,7925579
2024-06-03,VHM,85200.0,86150.0,83800.0,84250.0,9050320
2024-06-04,VHM,84400.0,84450.0,83000.0,83050.0,7037767
2024-06-05,VHM,82850.0,85050.0,82750.0,84700.0,13198498
2024-06-06,VHM,84600.0,86600.0,84100.0,86550.0,12437594
2024-06-07,VHM,86750.0,87450.0,85650.0,86000.0,10340748
2024-06-10,VHM,86300.0,86700.0,85600.0,85600.0,7198210
2024-06-11,VHM,85750.0,87350.0,85150.0,87050.0,10156420
2024-06-12,VHM,86900.0,87450.0,85100.0,85250.0,10090210
2024-06-13,VHM,85400.0,87300.0,84850.0,86700.0,9962796
2024-06-14,VHM,86500.0,87650.0,86200.0,87150.0,9533698
2024-06-17,VHM,87150.0,89550.0,86950.0,89550.0,10427724
2024-06-18,VHM,89600.0,91000.0,89150.0,90550.0,9744851
2024-06-19,VHM,90250.0,91350.0,89300.0,90550.0,10945221
2024-06-20,VHM,90950.0,91350.0,89400.0,89800.0,11197429
2024-06-21,VHM,90050.0,90750.0,89850.0,90600.0,11194085
2024-06-24,VHM,90200.0,90650.0,87050.0,88250.0,10294128
2024-06-25,VHM,88250.0,88450.0,87250.0,87800.0,9991553
2024-06-26,VHM,87800.0,88650.0,86950.0,87950.0,9512573
2024-06-27,VHM,87900.0,88450.0,87000.0,87150.0,11044558
2024-06-28,VHM,86750.0,89500.0,86150.0,88350.0,13488928
2024-07-01,VHM,88300.0,88650.0,86600.0,86850.0,10540142
2024-07-02,VHM,86600.0,87900.0,85350.0,87250.0,13377115
2024-07-03,VHM,87250.0,87300.0,85700.0,86450.0,8186308
2024-07-04,VHM,86650.0,87300.0,85450.0,85750.0,7521586
2024-07-05,VHM,85750.0,88500.0,85700.0,88200.0,10964635
2024-07-08,VHM,88550.0,90400.0,88300.0,90250.0,10102669
2024-07-09,VHM,90000.0,91300.0,89950.0,90350.0,10408816
2024-07-10,VHM,90350.0,94950.0,90300.0,94950.0,12616881
2024-07-11,VHM,94800.0,95500.0,94650.0,95500.0,6142907
2024-07-12,VHM,95550.0,97250.0,95250.0,96550.0,9759958
2024-07-15,VHM,95700.0,95800.0,93750.0,93900.0,12054805
2024-07-16,VHM,93950.0,94150.0,92000.0,93500.0,9674676
2024-07-17,VHM,94300.0,96300.0,93750.0,95850.0,12269195
2024-07-18,VHM,95600.0,98350.0,94500.0,98300.0,10994508
2024-07-19,VHM,98400.0,99100.0,97450.0,98750.0,11293203
2024-07-22,VHM,99500.0,100050.0,95250.0,95850.0,13039839
2024-07-23,VHM,96450.0,99050.0,96450.0,98800.0,8229846
2024-07-24,VHM,98250.0,98950.0,95800.0,95950.0,10343082
2024-07-25,VHM,96150.0,99100.0,95550.0,98150.0,11939439
2024-07-26,VHM,97900.0,98450.0,96300.0,96750.0,7704779
2024-07-29,VHM,97050.0,99750.0,96000.0,99000.0,10744478
2024-07-30,VHM,98750.0,99050.0,95000.0,95250.0,13232529
2024-07-31,VHM,94850.0,101450.0,94550.0,101400.0,13527820
2024-08-01,VHM,100400.0,101900.0,99550.0,101800.0,7807114
2024-08-02,VHM,102500.0,102750.0,101000.0,101650.0,8716085
2024-08-05,VHM,101600.0,101650.0,101450.0,101550.0,5230255
2024-08-06,VHM,101050.0,102800.0,100900.0,102250.0,8865081
2024-08-07,VHM,102250.0,102950.0,97700.0,97750.0,11420426
2024-08-08,VHM,97500.0,98150.0,97250.0,98100.0,7418152
2024-08-09,VHM,98400.0,99100.0,98400.0,98550.0,10234004
2024-08-12,VHM,98350.0,99650.0,97550.0,99250.0,7906086
2024-08-13,VHM,99100.0,99550.0,96700.0,97400.0,9666026
2024-08-14,VHM,96800.0,101050.0,96350.0,100500.0,10454335
2024-08-15,VHM,100100.0,101900.0,98800.0,101750.0,8712019
2024-08-16,VHM,101350.0,101400.0,97750.0,97900.0,14192590
2024-08-19,VHM,97100.0,98550.0,96700.0,96800.0,9184069
2024-08-20,VHM,97350.0,98000.0,93800.0,94500.0,14261805
2024-08-21,VHM,94250.0,95850.0,94200.0,95600.0,11723935
2024-08-22,VHM,95300.0,95300.0,94500.0,94700.0,7815330
2024-08-23,VHM,94400.0,95450.0,93750.0,94450.0,10525342
2024-08-26,VHM,94100.0,94200.0,90500.0,91100.0,14031455
2024-08-27,VHM,91250.0,92050.0,90850.0,92050.0,7763868
2024-08-28,VHM,92550.0,92750.0,91250.0,91500.0,11395752
2024-08-29,VHM,91100.0,91150.0,90400.0,90450.0,10725843
2024-08-30,VHM,90850.0,91450.0,90000.0,90100.0,8667666
2024-09-02,VHM,90300.0,90550.0,89550.0,89700.0,9276619
2024-09-03,VHM,90050.0,91000.0,87300.0,87800.0,13166418
2024-09-04,VHM,88000.0,88500.0,85950.0,86050.0,9611705
2024-09-05,VHM,85300.0,86000.0,82250.0,83000.0,10724194
2024-09-06,VHM,83650.0,83750.0,82000.0,82150.0,8431688
2024-09-09,VHM,82500.0,82750.0,82100.0,82250.0,10722538
2024-09-10,VHM,82100.0,83050.0,80150.0,80350.0,9112797
2024-09-11,VHM,80400.0,81000.0,78350.0,78400.0,10206195
2024-09-12,VHM,78400.0,78450.0,77500.0,77800.0,10569790
2024-09-13,VHM,78150.0,78700.0,76400.0,76850.0,10428615
2024-09-16,VHM,76200.0,76700.0,74450.0,75350.0,12939006
2024-09-17,VHM,75750.0,76800.0,75450.0,76800.0,7583599
2024-09-18,VHM,76750.0,77350.0,73600.0,73750.0,11991654
2024-09-19,VHM,74200.0,74450.0,73350.0,73650.0,9890374
2024-09-20,VHM,72800.0,75900.0,72450.0,75200.0,13502494
2024-09-23,VHM,75400.0,75700.0,73500.0,73500.0,10565099
2024-09-24,VHM,73900.0,74050.0,69400.0,69900.0,13434325
2024-09-25,VHM,69850.0,70250.0,68550.0,69150.0,12032945
2024-09-26,VHM,69050.0,69800.0,68600.0,69600.0,11984898
2024-09-27,VHM,69450.0,69900.0,67850.0,68450.0,8530427
2024-09-30,VHM,68200.0,68500.0,67500.0,67700.0,10057373
2024-10-01,VHM,67700.0,68300.0,66650.0,66950.0,7978653
2024-10-02,VHM,66550.0,67150.0,66050.0,66350.0,11735275
2024-10-03,VHM,66850.0,67000.0,65650.0,65900.0,9522596
2024-10-04,VHM,65900.0,66950.0,65800.0,66850.0,11666846
2024-10-07,VHM,67250.0,67700.0,65350.0,65350.0,12773837
2024-10-08,VHM,65250.0,66850.0,64900.0,66400.0,10207543
2024-10-09,VHM,66200.0,68150.0,66100.0,67800.0,11401407
2024-10-10,VHM,67600.0,68450.0,67350.0,67850.0,11363866
2024-10-11,VHM,67800.0,68850.0,66450.0,66650.0,12146305
2024-10-14,VHM,66800.0,66850.0,65750.0,66350.0,11095362
2024-10-15,VHM,66600.0,66750.0,65300.0,65550.0,10137140
2024-10-16,VHM,65350.0,66000.0,63350.0,63400.0,9602597
2024-10-17,VHM,62650.0,64950.0,62550.0,64600.0,11275268
2024-10-18,VHM,64850.0,65700.0,64800.0,65300.0,9605441
2024-10-21,VHM,65750.0,66500.0,65500.0,66350.0,10749131
2024-10-22,VHM,66750.0,66950.0,63600.0,63800.0,14471701
2024-10-23,VHM,64150.0,64750.0,63700.0,63750.0,11556776
2024-10-24,VHM,63650.0,66600.0,63550.0,66000.0,14510695
2024-10-25,VHM,65600.0,68650.0,65200.0,67400.0,15386281
2024-10-28,VHM,67200.0,67800.0,65150.0,65450.0,12498610
2024-10-29,VHM,65200.0,65300.0,65150.0,65200.0,8804823
2024-10-30,VHM,65200.0,67000.0,64700.0,66600.0,12544496
2024-10-31,VHM,66350.0,67950.0,66150.0,67750.0,10872560
2024-11-01,VHM,67650.0,68250.0,66200.0,66500.0,11838368
2024-11-04,VHM,66150.0,67500.0,66050.0,67100.0,11915660
2024-11-05,VHM,67050.0,67100.0,66150.0,66650.0,6525472
2024-11-06,VHM,66550.0,66800.0,63850.0,63950.0,10585912
2024-11-07,VHM,63950.0,65000.0,63550.0,64600.0,11996794
2024-11-08,VHM,64900.0,65450.0,62550.0,62700.0,11651110
2024-11-11,VHM,62650.0,62850.0,61900.0,62100.0,10800738
2024-11-12,VHM,62150.0,63250.0,61800.0,63200.0,12460911
2024-11-13,VHM,63200.0,63550.0,62700.0,63000.0,10575015
2024-11-14,VHM,62400.0,62650.0,62150.0,62300.0,10218092
2024-11-15,VHM,62350.0,62500.0,62150.0,62400.0,9551868
2024-11-18,VHM,62500.0,62750.0,62000.0,62450.0,7684122
2024-11-19,VHM,62850.0,62850.0,62500.0,62700.0,5786684
2024-11-20,VHM,62500.0,65350.0,62250.0,65250.0,10373802
2024-11-21,VHM,65150.0,65650.0,65000.0,65550.0,6373303
2024-11-22,VHM,65200.0,68150.0,65050.0,68050.0,11766102
2024-11-25,VHM,68400.0,69750.0,67700.0,69650.0,13200868
2024-11-26,VHM,69750.0,70450.0,69250.0,69900.0,7139372
2024-11-27,VHM,69850.0,70200.0,68850.0,69000.0,9541624
2024-11-28,VHM,69150.0,69950.0,68300.0,69650.0,8049687
2024-11-29,VHM,69350.0,69400.0,67400.0,67800.0,13249668
2024-12-02,VHM,68200.0,68550.0,66500.0,66900.0,8254095
2024-12-03,VHM,67000.0,68050.0,66600.0,67800.0,12351235
2024-12-04,VHM,67950.0,68400.0,67550.0,68100.0,10347197
2024-12-05,VHM,68250.0,68250.0,67300.0,67350.0,8117464
2024-12-06,VHM,67550.0,67750.0,67450.0,67750.0,5877975
2024-12-09,VHM,68100.0,68650.0,65950.0,66200.0,14376338
2024-12-10,VHM,66000.0,67900.0,65550.0,67650.0,10876980
2024-12-11,VHM,67850.0,67900.0,65350.0,65500.0,11629364
2024-12-12,VHM,65400.0,65650.0,64300.0,64700.0,11157306
2024-12-13,VHM,64550.0,65050.0,64450.0,64700.0,11095853
2024-12-16,VHM,64650.0,66300.0,64250.0,65500.0,9105131
2024-12-17,VHM,65550.0,68250.0,65000.0,67750.0,12821515
2024-12-18,VHM,67950.0,67950.0,66050.0,66350.0,11307557
2024-12-19,VHM,65950.0,66950.0,65550.0,66400.0,8397292
2024-12-20,VHM,66100.0,66750.0,65350.0,65600.0,8347850
2024-12-23,VHM,65450.0,65700.0,63150.0,63700.0,12762602
2024-12-24,VHM,63950.0,64150.0,63300.0,63550.0,11384258
2024-12-25,VHM,63800.0,67800.0,63650.0,67150.0,16648533
2024-12-26,VHM,67050.0,67450.0,66750.0,67000.0,7046144
2024-12-27,VHM,67300.0,67350.0,64850.0,64900.0,11089538
2024-12-30,VHM,64900.0,65800.0,64750.0,65350.0,8288649
2024-12-31,VHM,65600.0,65650.0,64400.0,64450.0,10227333
2025-01-01,VHM,64050.0,64200.0,62450.0,62800.0,9904118
2025-01-02,VHM,62150.0,65000.0,61800.0,64850.0,13663678
2025-01-03,VHM,64950.0,65850.0,64850.0,65750.0,11283639
2025-01-06,VHM,65950.0,66250.0,65400.0,66050.0,8187026
2025-01-07,VHM,65500.0,66300.0,64850.0,65700.0,10416761
2025-01-08,VHM,65550.0,67750.0,65150.0,67600.0,9052346
2025-01-09,VHM,67650.0,69850.0,66750.0,69200.0,13261260
2025-01-10,VHM,69200.0,69500.0,66050.0,66650.0,15466436
2025-01-13,VHM,66950.0,67300.0,65100.0,65150.0,8580458
2025-01-14,VHM,65300.0,66350.0,65050.0,66300.0,7533499
2025-01-15,VHM,66650.0,67100.0,64850.0,65250.0,8843341
2025-01-16,VHM,65400.0,65550.0,63850.0,64000.0,7740446
2025-01-17,VHM,64300.0,67150.0,64100.0,66650.0,14685724
2025-01-20,VHM,66000.0,67100.0,65550.0,67100.0,9164149
2025-01-21,VHM,67350.0,68100.0,66550.0,66900.0,9010484
2025-01-22,VHM,66850.0,67000.0,64850.0,65400.0,9231855
2025-01-23,VHM,65600.0,65800.0,64050.0,64200.0,8181683
2025-01-24,VHM,64400.0,65300.0,61750.0,61900.0,15046493
2025-01-27,VHM,61600.0,63100.0,61200.0,62900.0,11056140
2025-01-28,VHM,62600.0,64200.0,62350.0,63950.0,11153332
2025-01-29,VHM,64150.0,64800.0,63600.0,64800.0,8740856
2025-01-30,VHM,65000.0,66050.0,65000.0,65850.0,9293488
2025-01-31,VHM,65600.0,66050.0,65500.0,65750.0,5826596
2025-02-03,VHM,66350.0,66600.0,63400.0,63900.0,15660409
2025-02-04,VHM,63850.0,64300.0,63050.0,63300.0,7908531
2025-02-05,VHM,63200.0,63350.0,62650.0,63200.0,8889335
2025-02-06,VHM,63250.0,63350.0,62550.0,62750.0,10102947
2025-02-07,VHM,62800.0,63200.0,60900.0,61500.0,12442513
2025-02-10,VHM,61250.0,62950.0,60950.0,62600.0,9199293
2025-02-11,VHM,62600.0,62700.0,61600.0,62100.0,9397297
2025-02-12,VHM,62000.0,62250.0,61100.0,61400.0,11526032
2025-02-13,VHM,61300.0,63050.0,61250.0,62700.0,9534818
2025-02-14,VHM,62900.0,63900.0,62700.0,63850.0,10137296
2025-02-17,VHM,63900.0,67550.0,63850.0,67250.0,13235261
2025-02-18,VHM,67250.0,67300.0,63850.0,63900.0,14438787
2025-02-19,VHM,63950.0,64500.0,62750.0,63050.0,9905785
2025-02-20,VHM,62950.0,63850.0,62600.0,63050.0,12242240
2025-02-21,VHM,62750.0,63000.0,61900.0,61950.0,7661959
2025-02-24,VHM,62000.0,62200.0,60350.0,61000.0,12274913
2025-02-25,VHM,61250.0,61950.0,60750.0,61700.0,9596830
2025-02-26,VHM,61750.0,62000.0,60450.0,60950.0,11640938
2025-02-27,VHM,60600.0,62550.0,60350.0,62300.0,9932907
2025-02-28,VHM,62800.0,64250.0,62150.0,63950.0,11160227
2025-03-03,VHM,63750.0,64500.0,63750.0,64400.0,9321551
2025-03-04,VHM,64650.0,64850.0,62000.0,62050.0,13797490
2025-03-05,VHM,61950.0,62200.0,61200.0,61300.0,7164255
2025-03-06,VHM,61100.0,61800.0,60950.0,61000.0,6887881
2025-03-07,VHM,60950.0,61100.0,59500.0,60150.0,13050271
2025-03-10,VHM,60500.0,62700.0,60400.0,62050.0,12911182
2025-03-11,VHM,61850.0,62050.0,61050.0,61050.0,9237127
2025-03-12,VHM,61350.0,63000.0,60750.0,62650.0,12939055
2025-03-13,VHM,62800.0,63300.0,62450.0,62700.0,8237651
2025-03-14,VHM,62450.0,62850.0,61500.0,61500.0,10255600
2025-03-17,VHM,61500.0,61750.0,59700.0,59700.0,14020572
2025-03-18,VHM,59600.0,59650.0,58550.0,58900.0,7473903
2025-03-19,VHM,58350.0,61500.0,57950.0,61100.0,11387478
2025-03-20,VHM,61650.0,62800.0,61600.0,62700.0,10963720
2025-03-21,VHM,62650.0,62850.0,62200.0,62800.0,9527133
2025-03-24,VHM,62750.0,63200.0,61650.0,61850.0,9330719
2025-03-25,VHM,62450.0,62500.0,61400.0,61450.0,6876900
2025-03-26,VHM,61000.0,61450.0,59450.0,59600.0,8681014
2025-03-27,VHM,59400.0,59450.0,58700.0,58950.0,7573040
2025-03-28,VHM,58800.0,60200.0,58350.0,59950.0,8844418
2025-03-31,VHM,59850.0,61750.0,59100.0,61450.0,13507871
2025-04-01,VHM,61500.0,64000.0,61150.0,63700.0,14206544
2025-04-02,VHM,63900.0,64000.0,63550.0,63700.0,10440374
2025-04-03,VHM,64100.0,67400.0,64000.0,66450.0,15542883
2025-04-04,VHM,66700.0,67450.0,66450.0,67200.0,10815294
2025-04-07,VHM,67100.0,67250.0,64800.0,65050.0,9572715
2025-04-08,VHM,65000.0,66250.0,64950.0,65900.0,8405747
2025-04-09,VHM,65850.0,67100.0,65800.0,66850.0,9199164
2025-04-10,VHM,66750.0,67200.0,66200.0,67000.0,11888573
2025-04-11,VHM,66800.0,66850.0,65350.0,65450.0,11678373
2025-04-14,VHM,64850.0,69900.0,64700.0,69350.0,13425631
2025-04-15,VHM,69550.0,69750.0,69050.0,69250.0,6906549
2025-04-16,VHM,69500.0,70300.0,67850.0,68450.0,10076998
2025-04-17,VHM,67750.0,67800.0,66550.0,66650.0,7436184
2025-04-18,VHM,66500.0,66650.0,63650.0,64050.0,12815888
2025-04-21,VHM,63750.0,64200.0,63250.0,64050.0,9436042
2025-04-22,VHM,64250.0,64600.0,61750.0,62050.0,13978314
2025-04-23,VHM,62300.0,64400.0,61900.0,64100.0,10878899
2025-04-24,VHM,64000.0,65150.0,63500.0,63500.0,13014691
2025-04-25,VHM,63750.0,63900.0,62150.0,62850.0,9704246
2025-04-28,VHM,63150.0,63300.0,60950.0,61250.0,12709023
2025-04-29,VHM,61700.0,62400.0,61150.0,61700.0,9123338
2025-04-30,VHM,61850.0,62100.0,60250.0,61350.0,12856088
2025-05-01,VHM,61650.0,62000.0,61350.0,61600.0,11098540
2025-05-02,VHM,61450.0,63900.0,61350.0,63850.0,9266233
2025-05-05,VHM,64000.0,64050.0,63500.0,63700.0,7744695
2025-05-06,VHM,63550.0,65900.0,63200.0,65750.0,14754781
2025-05-07,VHM,65350.0,65400.0,64800.0,65200.0,10678094
2025-05-08,VHM,65050.0,65050.0,62000.0,62100.0,13174035
2025-05-09,VHM,61800.0,61900.0,61500.0,61600.0,7184186
2025-05-12,VHM,62100.0,63150.0,61950.0,62450.0,12293099
2025-05-13,VHM,62200.0,63950.0,61950.0,63900.0,10088443
2025-05-14,VHM,63950.0,65100.0,63300.0,64800.0,9372402
2025-05-15,VHM,64500.0,64650.0,64450.0,64450.0,5835598
2025-05-16,VHM,64450.0,65850.0,64050.0,65200.0,12419510
2025-05-19,VHM,64950.0,66150.0,64600.0,66050.0,11137434
2025-05-20,VHM,65700.0,66300.0,65650.0,66000.0,9833705
2025-05-21,VHM,66050.0,67400.0,65700.0,67300.0,9113842
2025-05-22,VHM,67550.0,67650.0,64000.0,64300.0,14592327
2025-05-23,VHM,64200.0,64750.0,64050.0,64200.0,9925328
2025-05-26,VHM,64150.0,64950.0,64100.0,64850.0,7508713
2025-05-27,VHM,64900.0,65300.0,62350.0,62450.0,11581744
2025-05-28,VHM,62200.0,62300.0,61100.0,61900.0,11270119
2025-05-29,VHM,62000.0,62100.0,57300.0,57600.0,14608655
2025-05-30,VHM,57700.0,58650.0,57350.0,58650.0,12457210
2025-06-02,VHM,58900.0,59100.0,58150.0,58150.0,6649378
2025-06-03,VHM,58500.0,59150.0,57850.0,59050.0,7505281
2025-06-04,VHM,58900.0,59650.0,58400.0,59550.0,12486010
2025-06-05,VHM,59350.0,59850.0,59150.0,59700.0,8082283
2025-06-06,VHM,59950.0,60100.0,59750.0,59850.0,9781557
2025-06-09,VHM,60000.0,60300.0,59500.0,60200.0,6567802
2025-06-10,VHM,60400.0,62850.0,60300.0,62850.0,13570760
2025-06-11,VHM,62650.0,64550.0,61850.0,63900.0,10387879
2025-06-12,VHM,63700.0,63750.0,63550.0,63700.0,10270487
2025-06-13,VHM,63650.0,63700.0,60800.0,61250.0,12719091
2025-06-16,VHM,61150.0,61400.0,60350.0,60400.0,8502370
2025-06-17,VHM,60450.0,63000.0,60350.0,62900.0,13626856
2025-06-18,VHM,62650.0,63450.0,62000.0,63150.0,8755103
2025-06-19,VHM,63100.0,66350.0,62900.0,65600.0,14067047
2025-06-20,VHM,65450.0,66150.0,65150.0,65450.0,9128739
2025-06-23,VHM,65600.0,66300.0,65300.0,66200.0,10604271
2025-06-24,VHM,65800.0,67000.0,65700.0,66600.0,10216215
2025-06-25,VHM,67200.0,67300.0,65950.0,66150.0,10603286
2025-06-26,VHM,65900.0,66650.0,65900.0,66200.0,7315863
2025-06-27,VHM,66300.0,66600.0,64700.0,65000.0,11164067
2025-06-30,VHM,64900.0,65650.0,64650.0,65600.0,9896807
2025-07-01,VHM,65200.0,65550.0,64750.0,65450.0,11310565
2025-07-02,VHM,65050.0,65300.0,64750.0,64900.0,10634910
2025-07-03,VHM,64800.0,66950.0,64600.0,65800.0,13948072
2025-07-04,VHM,65650.0,66350.0,64850.0,65150.0,10014531
2025-07-07,VHM,65500.0,66100.0,62500.0,62700.0,14365586
2025-07-08,VHM,62900.0,63200.0,62550.0,62650.0,10713148
2025-07-09,VHM,62200.0,64700.0,61750.0,63850.0,14869683
2025-07-10,VHM,63800.0,65000.0,63750.0,64600.0,10670445
2025-07-11,VHM,65300.0,66050.0,65100.0,65800.0,7347151
2025-07-14,VHM,66050.0,67050.0,65250.0,66950.0,10895898
2025-07-15,VHM,67250.0,68350.0,67000.0,68100.0,9519312
2025-07-16,VHM,68250.0,68500.0,68200.0,68450.0,9550001
2025-07-17,VHM,68600.0,69450.0,66600.0,66950.0,10512629
2025-07-18,VHM,66800.0,66950.0,66350.0,66650.0,10314840
2025-07-21,VHM,66750.0,67700.0,66600.0,67650.0,8538174
2025-07-22,VHM,67650.0,67850.0,67350.0,67400.0,6665469
2025-07-23,VHM,67300.0,68400.0,67050.0,68050.0,10647019
2025-07-24,VHM,68100.0,68150.0,68050.0,68100.0,6655096
2025-07-25,VHM,68150.0,68600.0,67600.0,67650.0,11761442
2025-07-28,VHM,67450.0,69450.0,66850.0,68900.0,9561701
2025-07-29,VHM,69000.0,69350.0,67550.0,68250.0,8179063
2025-07-30,VHM,68050.0,68400.0,66700.0,67250.0,9774753
2025-07-31,VHM,67600.0,68600.0,67400.0,68350.0,11081867
2025-08-01,VHM,68050.0,68300.0,65750.0,66100.0,14315159
2025-08-04,VHM,65700.0,66450.0,64750.0,66150.0,7892417
2025-08-05,VHM,66000.0,66400.0,65950.0,66400.0,7154694
2025-08-06,VHM,66550.0,66800.0,65450.0,65550.0,8992002
2025-08-07,VHM,65650.0,68850.0,65150.0,68500.0,12073132
2025-08-08,VHM,68250.0,68450.0,68000.0,68400.0,7335174
2025-08-11,VHM,68500.0,69050.0,66200.0,66200.0,12574277
2025-08-12,VHM,66050.0,67250.0,65700.0,67200.0,7348141
2025-08-13,VHM,67450.0,70000.0,67100.0,69200.0,9503982
2025-08-14,VHM,69100.0,69250.0,65900.0,66150.0,14383123
2025-08-15,VHM,66250.0,66450.0,65750.0,65800.0,11107905
2025-08-18,VHM,65550.0,66850.0,65450.0,66250.0,9347669
2025-08-19,VHM,66500.0,67100.0,65750.0,66200.0,9281400
2025-08-20,VHM,65900.0,66500.0,65500.0,66150.0,8332141
2025-08-21,VHM,66050.0,66200.0,64950.0,65500.0,7363606
2025-08-22,VHM,65150.0,67950.0,65100.0,67350.0,12159313
2025-08-25,VHM,66850.0,67000.0,66600.0,66800.0,7278598
2025-08-26,VHM,67000.0,67100.0,65150.0,65150.0,12225260
2025-08-27,VHM,64850.0,65700.0,64400.0,65550.0,9544264
2025-08-28,VHM,65600.0,65800.0,61600.0,61950.0,12055354
2025-08-29,VHM,61650.0,61800.0,59500.0,59600.0,9419436
2025-09-01,VHM,59600.0,60100.0,58350.0,58950.0,11231268
2025-09-02,VHM,58750.0,59550.0,58500.0,59400.0,7410654
2025-09-03,VHM,59250.0,59400.0,59200.0,59250.0,10234771
2025-09-04,VHM,59700.0,59900.0,54450.0,55150.0,16622512
2025-09-05,VHM,54850.0,54900.0,53750.0,54150.0,10415222
2025-09-08,VHM,54100.0,54250.0,53350.0,53800.0,10664812
2025-09-09,VHM,53750.0,53950.0,52750.0,53150.0,12427857
2025-09-10,VHM,53150.0,53250.0,52250.0,52700.0,11158464
2025-09-11,VHM,52500.0,53150.0,52450.0,52700.0,11438107
2025-09-12,VHM,52850.0,52850.0,51350.0,51450.0,11997172
2025-09-15,VHM,51400.0,53000.0,51200.0,52850.0,12407003
2025-09-16,VHM,52700.0,53000.0,51650.0,52050.0,9618563
2025-09-17,VHM,51750.0,52000.0,51200.0,51550.0,11554816
2025-09-18,VHM,51700.0,51950.0,50650.0,50900.0,8020024
2025-09-19,VHM,50550.0,50850.0,48450.0,48800.0,11196149
2025-09-22,VHM,48650.0,49850.0,48050.0,49400.0,13982566
2025-09-23,VHM,49400.0,49600.0,48800.0,48950.0,6798771
2025-09-24,VHM,48800.0,48900.0,47150.0,47200.0,14041073
2025-09-25,VHM,47200.0,47750.0,47000.0,47500.0,6606207
2025-09-26,VHM,47300.0,48100.0,47250.0,48100.0,11768026
2025-09-29,VHM,48050.0,48100.0,47500.0,47600.0,10076099
2025-09-30,VHM,47550.0,48000.0,47300.0,47400.0,6885656
2025-10-01,VHM,47500.0,47900.0,47050.0,47700.0,6794176
2025-10-02,VHM,47650.0,47650.0,46750.0,46900.0,8503121
2025-10-03,VHM,46750.0,47250.0,46350.0,46600.0,9343477
2025-10-06,VHM,46600.0,48500.0,46500.0,48450.0,12669828
2025-10-07,VHM,48700.0,49000.0,48600.0,48900.0,9155862
2025-10-08,VHM,48650.0,49200.0,48400.0,49150.0,8427853
2025-10-09,VHM,49250.0,50000.0,49200.0,49750.0,11348231
2025-10-10,VHM,49550.0,49800.0,48550.0,48700.0,9201472
2025-10-13,VHM,48650.0,48900.0,48250.0,48650.0,10313587
2025-10-14,VHM,48550.0,49550.0,48500.0,49350.0,9554343
2025-10-15,VHM,49550.0,49700.0,47050.0,47250.0,15214370
2025-10-16,VHM,46850.0,47750.0,46550.0,47550.0,10452949
2025-10-17,VHM,47300.0,48350.0,47250.0,48300.0,11916175
2025-10-20,VHM,48400.0,48800.0,48200.0,48600.0,11324551
2025-10-21,VHM,48600.0,48700.0,48350.0,48600.0,9921452
2025-10-22,VHM,48300.0,50800.0,48100.0,50800.0,15375178
2025-10-23,VHM,50900.0,52100.0,50850.0,51650.0,10681412
2025-10-24,VHM,51700.0,51950.0,51250.0,51450.0,9538592
2025-10-27,VHM,51350.0,52150.0,51100.0,51950.0,9172807
2025-10-28,VHM,52300.0,53700.0,52050.0,53550.0,8746098
2025-10-29,VHM,53300.0,53700.0,52600.0,52900.0,10735578
2025-10-30,VHM,52750.0,53350.0,52750.0,53100.0,10053542
2025-10-31,VHM,52900.0,54750.0,52650.0,54600.0,12870808
2025-11-03,VHM,54400.0,54500.0,52800.0,53050.0,13007026
2025-11-04,VHM,52900.0,53300.0,52600.0,52900.0,7786837
2025-11-05,VHM,53150.0,53200.0,51150.0,51550.0,13309945
2025-11-06,VHM,51450.0,52600.0,51300.0,52500.0,13001231
2025-11-07,VHM,52650.0,53050.0,52150.0,52950.0,9933217
2025-11-10,VHM,52850.0,53100.0,50500.0,51500.0,12026764
2025-11-11,VHM,51250.0,51950.0,50950.0,51800.0,10012788
2025-11-12,VHM,51900.0,52000.0,51050.0,51100.0,10919864
2025-11-13,VHM,51150.0,51700.0,50800.0,51250.0,8911133
2025-11-14,VHM,51350.0,51950.0,50450.0,50950.0,10913841
2025-11-17,VHM,50900.0,51000.0,50100.0,50400.0,10049640
2025-11-18,VHM,50500.0,51250.0,50400.0,51200.0,11208427
2025-11-19,VHM,51550.0,51750.0,50400.0,51000.0,9666235
2025-11-20,VHM,51350.0,51700.0,49800.0,50850.0,14101952
2025-11-21,VHM,50800.0,51000.0,50500.0,50850.0,6646215
2025-11-24,VHM,50600.0,51350.0,50450.0,51100.0,11637851
2025-11-25,VHM,51200.0,51650.0,50850.0,51550.0,9916324
2025-11-26,VHM,51500.0,51500.0,48550.0,48550.0,16171180
2025-11-27,VHM,48250.0,50200.0,47950.0,50150.0,11116914
2025-11-28,VHM,50350.0,51350.0,50000.0,51150.0,10578080
2025-12-01,VHM,51250.0,51950.0,50600.0,50700.0,8129552
2025-12-02,VHM,50700.0,50900.0,49900.0,50150.0,8573031
2025-12-03,VHM,50450.0,51600.0,50400.0,51550.0,12506834
2025-12-04,VHM,51400.0,51700.0,49150.0,49350.0,14822816
2025-12-05,VHM,49100.0,49650.0,48950.0,49450.0,11379609
2025-12-08,VHM,49350.0,49450.0,47650.0,48250.0,11126140
2025-12-09,VHM,48100.0,48300.0,47300.0,47400.0,11697679
2025-12-10,VHM,47550.0,47750.0,46950.0,47000.0,8830864
2025-12-11,VHM,46500.0,47400.0,46350.0,47100.0,12763417
2025-12-12,VHM,47100.0,48150.0,46850.0,47500.0,9705081
2025-12-15,VHM,47950.0,48000.0,45600.0,45650.0,11476506
2025-12-16,VHM,45800.0,45900.0,45000.0,45050.0,10748901
2025-12-17,VHM,45050.0,45100.0,44250.0,44400.0,8506168
2025-12-18,VHM,44350.0,44500.0,43600.0,43700.0,11547240
2025-12-19,VHM,43650.0,45100.0,43350.0,44850.0,13435947
2025-12-22,VHM,44850.0,44950.0,43550.0,43800.0,8831196
2025-12-23,VHM,43800.0,44350.0,43700.0,44250.0,10772378
2025-12-24,VHM,44600.0,44800.0,44250.0,44400.0,10333975
2025-12-25,VHM,44400.0,45750.0,44050.0,45100.0,10494207
2025-12-26,VHM,44900.0,45300.0,44000.0,44100.0,13242629
2025-12-29,VHM,44000.0,44500.0,43850.0,43950.0,11251721
2025-12-30,VHM,43650.0,46750.0,43500.0,46500.0,13794280
2025-12-31,VHM,46650.0,46750.0,46150.0,46400.0,10699790
2026-01-01,VHM,46400.0,47600.0,46400.0,47200.0,9576557
2026-01-02,VHM,47000.0,47150.0,46250.0,46400.0,10894009
2026-01-05,VHM,46850.0,47200.0,45450.0,45500.0,11554155
2026-01-06,VHM,45800.0,47000.0,45400.0,46500.0,13549006
2026-01-07,VHM,46600.0,46850.0,46250.0,46500.0,10601156
2026-01-08,VHM,46450.0,47300.0,46300.0,47250.0,9397060
2026-01-09,VHM,46850.0,48350.0,46700.0,47950.0,11321782
2026-01-12,VHM,48150.0,48750.0,47950.0,48700.0,9580583
2026-01-13,VHM,48750.0,49050.0,47900.0,48150.0,12844046
2026-01-14,VHM,48000.0,48350.0,47400.0,47450.0,12158076
2026-01-15,VHM,47500.0,47600.0,46300.0,46800.0,12390697
2026-01-16,VHM,46750.0,47200.0,45750.0,46100.0,12879051
2026-01-19,VHM,46000.0,46150.0,45600.0,45650.0,10512716
2026-01-20,VHM,45450.0,46750.0,45150.0,46300.0,12554947
2026-01-21,VHM,46400.0,47550.0,46000.0,47350.0,12324427
2026-01-22,VHM,47350.0,47350.0,46250.0,46650.0,8008530
2026-01-23,VHM,46800.0,47150.0,44800.0,45100.0,15505121
2026-01-26,VHM,45150.0,45250.0,42800.0,43050.0,14400315
2026-01-27,VHM,42700.0,44200.0,42600.0,43600.0,14241061
2026-01-28,VHM,43700.0,43750.0,43300.0,43350.0,9386297
2026-01-29,VHM,43400.0,44350.0,43300.0,44300.0,11982687
2026-01-30,VHM,44000.0,46800.0,43600.0,46600.0,14409859
2026-02-02,VHM,46650.0,47100.0,46450.0,46800.0,8903582
2026-02-03,VHM,47050.0,49150.0,47050.0,48600.0,10413023
2026-02-04,VHM,48300.0,48550.0,48000.0,48100.0,7474748
2026-02-05,VHM,48050.0,48800.0,47800.0,48300.0,9584695
2026-02-06,VHM,48350.0,48400.0,45100.0,45300.0,17777497
2026-02-09,VHM,45250.0,45450.0,44450.0,44900.0,12134920
2026-02-10,VHM,45150.0,45200.0,42700.0,42850.0,11810232
2026-02-11,VHM,43100.0,43400.0,42900.0,43250.0,9579610
2026-02-12,VHM,43100.0,44850.0,42900.0,44350.0,14105855
2026-02-13,VHM,44000.0,44700.0,43900.0,44300.0,7976628
2026-02-16,VHM,44100.0,45350.0,44100.0,44850.0,8117499
2026-02-17,VHM,44650.0,44900.0,43450.0,43850.0,11712294
2026-02-18,VHM,43750.0,44550.0,43700.0,44250.0,7645396
2026-02-19,VHM,44050.0,44500.0,44000.0,44250.0,8316881
2026-02-20,VHM,44150.0,46150.0,44100.0,46050.0,12289189
2026-02-23,VHM,45900.0,46300.0,45350.0,45650.0,9926670
2026-02-24,VHM,45350.0,46600.0,45300.0,46250.0,12279498
2026-02-25,VHM,46400.0,46400.0,45350.0,45450.0,12700559
2026-02-26,VHM,45300.0,47350.0,44900.0,46700.0,14018530
2026-02-27,VHM,46350.0,46450.0,45700.0,45750.0,10316045
2026-03-02,VHM,45850.0,48500.0,45800.0,47900.0,14648138
2026-03-03,VHM,47900.0,49550.0,47700.0,49250.0,13891265
2026-03-04,VHM,49150.0,49250.0,48300.0,48800.0,7538411
2026-03-05,VHM,48700.0,48800.0,48100.0,48150.0,7606372
2026-03-06,VHM,48150.0,48450.0,46700.0,46850.0,10748642
2026-03-09,VHM,46900.0,47100.0,46350.0,46350.0,11265402
2026-03-10,VHM,46400.0,46700.0,46000.0,46100.0,8918882
2026-03-11,VHM,46200.0,48150.0,46200.0,47850.0,12961395
2026-03-12,VHM,48200.0,48400.0,46100.0,46600.0,12013688
2026-03-13,VHM,46700.0,49300.0,46450.0,48550.0,12056348
2026-03-16,VHM,48750.0,49150.0,48450.0,48750.0,8321423
2026-03-17,VHM,48550.0,48650.0,47700.0,48150.0,8536055
2026-03-18,VHM,48200.0,48450.0,47950.0,48200.0,10969243
2026-03-19,VHM,48100.0,49300.0,48000.0,49000.0,8042556
2026-03-20,VHM,48900.0,49200.0,47700.0,48150.0,12491220
2026-03-23,VHM,48350.0,48800.0,46400.0,46650.0,12604696
2026-03-24,VHM,46350.0,48200.0,46100.0,47700.0,9632021
2026-03-25,VHM,47700.0,48200.0,47450.0,47850.0,8407694
2026-03-26,VHM,47750.0,47900.0,46350.0,46800.0,8545597
2026-03-27,VHM,47250.0,47550.0,46250.0,46300.0,10752452
2026-03-30,VHM,46100.0,46500.0,45600.0,45600.0,9487383
2026-03-31,VHM,45750.0,45800.0,45400.0,45450.0,9331418
2026-04-01,VHM,45400.0,45500.0,42700.0,42850.0,15892358
2026-04-02,VHM,42900.0,43000.0,41650.0,42150.0,11652290
2026-04-03,VHM,42000.0,42350.0,41900.0,42300.0,7782494
2026-04-06,VHM,42500.0,42750.0,41750.0,42300.0,8686922
2026-04-07,VHM,42400.0,42750.0,41950.0,42700.0,7893573
2026-04-08,VHM,42350.0,42750.0,42350.0,42600.0,11131091
2026-04-09,VHM,42700.0,44050.0,42700.0,43850.0,12954259
2026-04-10,VHM,43800.0,45150.0,43400.0,44850.0,11554637
2026-04-13,VHM,45150.0,45300.0,44650.0,44750.0,10302931
2026-04-14,VHM,44600.0,46000.0,44450.0,45900.0,10760647
2026-04-15,VHM,45900.0,46250.0,44800.0,44900.0,12741844
2026-04-16,VHM,44750.0,45500.0,44450.0,44700.0,12429359
2026-04-17,VHM,44450.0,45350.0,44250.0,45350.0,12925433
2026-04-20,VHM,45400.0,45450.0,44000.0,44350.0,11655790
2026-04-21,VHM,44600.0,45350.0,44400.0,45150.0,7470125
2026-04-22,VHM,45400.0,45700.0,45000.0,45050.0,12044829
2026-04-23,VHM,45050.0,46600.0,44700.0,46500.0,10745509
2026-04-24,VHM,46450.0,47650.0,46400.0,47550.0,8151066
2026-04-27,VHM,47650.0,47700.0,46750.0,46900.0,9066304
2026-04-28,VHM,47050.0,47250.0,46950.0,47250.0,8626743
2026-04-29,VHM,47350.0,48250.0,46250.0,46350.0,12332810
2026-04-30,VHM,46600.0,48150.0,46450.0,47900.0,12541850
2026-05-01,VHM,47500.0,49550.0,47400.0,49150.0,13928471
2026-05-04,VHM,49350.0,49950.0,49250.0,49300.0,8635134
2026-05-05,VHM,49250.0,49900.0,48750.0,49350.0,10705483
2026-05-06,VHM,49550.0,49700.0,47850.0,47950.0,10921674
2026-05-07,VHM,47850.0,49900.0,47850.0,49750.0,10201730
2026-05-08,VHM,49450.0,50050.0,48750.0,49200.0,9119823
2026-05-11,VHM,48750.0,48900.0,47800.0,47800.0,8732070
2026-05-12,VHM,47750.0,48000.0,47650.0,47750.0,7421645
2026-05-13,VHM,47550.0,49950.0,47250.0,49600.0,14979332
2026-05-14,VHM,49450.0,50400.0,49300.0,50100.0,11585748
2026-05-15,VHM,49950.0,50400.0,49500.0,50300.0,11817597
2026-05-18,VHM,50500.0,50850.0,48550.0,48800.0,14267071
2026-05-19,VHM,48600.0,48800.0,47300.0,47450.0,13232346
2026-05-20,VHM,47300.0,47350.0,46900.0,47100.0,8698943
2026-05-21,VHM,47250.0,47600.0,46350.0,46500.0,12577610
2026-05-22,VHM,46500.0,46600.0,46400.0,46400.0,6607001
2026-05-25,VHM,46350.0,47250.0,45900.0,46800.0,11651459
2026-05-26,VHM,46600.0,47150.0,45950.0,46050.0,9471036
2026-05-27,VHM,45900.0,48100.0,45900.0,47750.0,11588743
2026-05-28,VHM,47750.0,48650.0,47600.0,48600.0,8466618
2026-05-29,VHM,48600.0,48850.0,47350.0,47450.0,9214111
2026-06-01,VHM,47350.0,48700.0,47100.0,48350.0,10998209
2026-06-02,VHM,48350.0,48550.0,47600.0,47850.0,9963221
2026-06-03,VHM,47650.0,49500.0,47550.0,49250.0,13818407
2026-06-04,VHM,48950.0,49300.0,48450.0,48550.0,9179254
2026-06-05,VHM,48500.0,49400.0,47650.0,49400.0,10029599
2026-06-08,VHM,49000.0,49300.0,48700.0,49150.0,9247176
2026-06-09,VHM,48850.0,49150.0,48350.0,48550.0,10023777
2026-06-10,VHM,48700.0,48950.0,47250.0,47650.0,14075110
2026-06-11,VHM,47500.0,47500.0,46650.0,46800.0,12004386
2026-06-12,VHM,46700.0,46900.0,46050.0,46200.0,11827668
2026-06-15,VHM,46100.0,46150.0,45150.0,45200.0,8162560
2026-06-16,VHM,45250.0,45300.0,44250.0,44500.0,10457866
2026-06-17,VHM,44250.0,44500.0,43850.0,44400.0,9336498
2026-06-18,VHM,44600.0,46350.0,44500.0,46100.0,14375915
2026-06-19,VHM,46300.0,46650.0,45100.0,45350.0,12911661
2026-06-22,VHM,45550.0,45750.0,44350.0,44550.0,12573055
2026-06-23,VHM,44450.0,44750.0,44100.0,44600.0,9178928
2026-06-24,VHM,44600.0,45000.0,44550.0,44850.0,7353295
2026-06-25,VHM,45000.0,46600.0,44800.0,46550.0,8984116
2026-06-26,VHM,46200.0,46650.0,44800.0,45050.0,10320857
2026-06-29,VHM,45150.0,45400.0,43750.0,44200.0,8848245
2026-06-30,VHM,44300.0,45300.0,44000.0,45000.0,8476664
2026-07-01,VHM,45250.0,45450.0,44750.0,45150.0,8130603
2026-07-02,VHM,45050.0,46600.0,44650.0,46100.0,13273859
2026-07-03,VHM,45950.0,46900.0,45900.0,46550.0,9401752
2026-07-06,VHM,46700.0,46800.0,45450.0,45550.0,9361383
2026-07-07,VHM,45600.0,46000.0,45250.0,45650.0,9221089
2026-07-08,VHM,45650.0,47750.0,45600.0,47100.0,13912457
2026-07-09,VHM,47150.0,48400.0,47050.0,48300.0,11183769
2026-07-10,VHM,48100.0,48150.0,46000.0,46850.0,12652686
2026-07-13,VHM,47000.0,48100.0,47000.0,47750.0,10851045
2026-07-14,VHM,47750.0,48700.0,47650.0,48250.0,12280839
2026-07-15,VHM,48400.0,48700.0,47300.0,47500.0,13161822
2026-07-16,VHM,47550.0,47600.0,45500.0,45850.0,12153439
2026-07-17,VHM,45850.0,46000.0,45150.0,45200.0,11458229
2026-07-20,VHM,45050.0,45250.0,44450.0,44550.0,12281693
2026-07-21,VHM,44650.0,44800.0,43500.0,43750.0,11979256
2026-07-22,VHM,43900.0,43900.0,43450.0,43450.0,6002109
2026-07-23,VHM,43500.0,43700.0,40600.0,40700.0,15592861
2026-07-24,VHM,40750.0,41500.0,40550.0,41150.0,10113925
2026-07-27,VHM,41250.0,41850.0,40650.0,41500.0,8656449
2026-07-28,VHM,41550.0,41850.0,40050.0,40050.0,12173584
2026-07-29,VHM,39800.0,39900.0,39150.0,39400.0,10778946
2026-07-30,VHM,39400.0,40250.0,39300.0,39800.0,11314783
2026-07-31,VHM,39850.0,41200.0,39850.0,40850.0,10685125
2026-08-03,VHM,41050.0,41150.0,39350.0,39700.0,11200808
2026-08-04,VHM,39500.0,39500.0,39100.0,39350.0,9612502
2026-08-05,VHM,39300.0,41250.0,38850.0,41200.0,13698707
2026-08-06,VHM,41250.0,41250.0,40350.0,40350.0,11908668
2026-08-07,VHM,39950.0,40000.0,38000.0,38500.0,11494994
2026-08-10,VHM,38500.0,38700.0,38000.0,38600.0,11310943
2026-08-11,VHM,38900.0,39800.0,38550.0,39550.0,10049368
2026-08-12,VHM,39750.0,40250.0,38300.0,38300.0,15599400
2026-08-13,VHM,38450.0,38500.0,37700.0,37850.0,11697919
2026-08-14,VHM,37900.0,38050.0,36550.0,36700.0,10849649
2026-08-17,VHM,36900.0,37050.0,36550.0,36650.0,7342885
2026-08-18,VHM,36550.0,36600.0,34650.0,34800.0,13238513
2026-08-19,VHM,34750.0,35050.0,34650.0,34950.0,11337233
2026-08-20,VHM,34800.0,36450.0,34600.0,36250.0,14800900
2026-08-21,VHM,36350.0,36450.0,35750.0,35750.0,7694651
2026-08-24,VHM,35800.0,35800.0,34300.0,34400.0,13487535
2026-08-25,VHM,34350.0,34600.0,34300.0,34300.0,6949177
2026-08-26,VHM,34300.0,34550.0,34100.0,34500.0,6564774
2026-08-27,VHM,34450.0,34650.0,34400.0,34600.0,9187071
2026-08-28,VHM,34750.0,35700.0,34650.0,35400.0,8366478
2026-08-31,VHM,35350.0,35850.0,35300.0,35850.0,11587398
