Date,Symbol,Open,High,Low,Close,Volume
2018-01-01,VIC,74750.0,75850.0,73700.0,75000.0,8044675
2018-01-02,VIC,75150.0,75450.0,73500.0,73600.0,9741486
2018-01-03,VIC,74100.0,76400.0,73750.0,75800.0,7739804
2018-01-04,VIC,76400.0,76650.0,74900.0,74900.0,6783737
2018-01-05,VIC,75500.0,75600.0,73850.0,74100.0,8820030
2018-01-08,VIC,74950.0,75250.0,74850.0,75250.0,5929088
2018-01-09,VIC,74800.0,75300.0,73400.0,73700.0,10883935
2018-01-10,VIC,73500.0,73850.0,72950.0,73500.0,6376637
2018-01-11,VIC,73250.0,75050.0,72950.0,74100.0,9128717
2018-01-12,VIC,73950.0,75650.0,73750.0,75500.0,6524437
2018-01-15,VIC,75400.0,76350.0,75150.0,75800.0,10412906
2018-01-16,VIC,75650.0,75800.0,74800.0,75250.0,8098399
2018-01-17,VIC,75050.0,77400.0,74700.0,76300.0,10751344
2018-01-18,VIC,76300.0,76350.0,76150.0,76250.0,5720680
2018-01-19,VIC,76400.0,79650.0,76050.0,79050.0,12256594
2018-01-22,VIC,79000.0,82100.0,78600.0,81750.0,8430105
2018-01-23,VIC,82150.0,82350.0,81750.0,82250.0,8408848
2018-01-24,VIC,82150.0,82200.0,81600.0,81950.0,7755526
2018-01-25,VIC,81700.0,81850.0,80500.0,81150.0,8996670
2018-01-26,VIC,81150.0,81400.0,75950.0,77100.0,14114392
2018-01-29,VIC,77800.0,79050.0,77200.0,78800.0,6699295
2018-01-30,VIC,79600.0,80900.0,79600.0,80750.0,8408669
2018-01-31,VIC,80700.0,81150.0,80200.0,80850.0,6828968
2018-02-01,VIC,80700.0,82700.0,80000.0,82550.0,10312774
2018-02-02,VIC,82600.0,82750.0,82450.0,82500.0,7367271
2018-02-05,VIC,83200.0,84050.0,83150.0,83750.0,7347309
2018-02-06,VIC,83500.0,83800.0,83300.0,83600.0,6140442
2018-02-07,VIC,83250.0,84650.0,82850.0,84350.0,6518798
2018-02-08,VIC,84450.0,84450.0,83450.0,83800.0,8543239
2018-02-09,VIC,83650.0,88850.0,83550.0,88700.0,14029641
2018-02-12,VIC,88600.0,93700.0,88300.0,93550.0,9911481
2018-02-13,VIC,93650.0,94700.0,89950.0,90250.0,11149803
2018-02-14,VIC,90300.0,90600.0,89000.0,89250.0,6586940
2018-02-15,VIC,88850.0,90050.0,88550.0,89850.0,6013684
2018-02-16,VIC,90250.0,90350.0,89550.0,90000.0,5612509
2018-02-19,VIC,89950.0,90500.0,89650.0,90400.0,5201578
2018-02-20,VIC,90550.0,90750.0,89950.0,90600.0,5711406
2018-02-21,VIC,90600.0,90800.0,86150.0,86150.0,11471932
2018-02-22,VIC,86300.0,89350.0,86200.0,89150.0,12040287
2018-02-23,VIC,88550.0,89800.0,87850.0,89500.0,9737121
2018-02-26,VIC,89200.0,89900.0,88650.0,89050.0,6363169
2018-02-27,VIC,89150.0,92150.0,88500.0,91500.0,9104665
2018-02-28,VIC,91950.0,94150.0,91350.0,93700.0,8233951
2018-03-01,VIC,93550.0,95500.0,93400.0,94800.0,8301103
2018-03-02,VIC,95450.0,101600.0,95300.0,101300.0,13960553
2018-03-05,VIC,100750.0,100900.0,96550.0,96600.0,12983585
2018-03-06,VIC,96800.0,96900.0,94250.0,94350.0,7940603
2018-03-07,VIC,94250.0,94950.0,92550.0,92900.0,7080824
2018-03-08,VIC,92800.0,93550.0,92400.0,93000.0,6989427
2018-03-09,VIC,92900.0,93000.0,88900.0,89350.0,10760334
2018-03-12,VIC,89550.0,92800.0,89400.0,92500.0,9450700
2018-03-13,VIC,92600.0,92900.0,90950.0,91200.0,8639005
2018-03-14,VIC,91200.0,94800.0,91200.0,94150.0,10989574
2018-03-15,VIC,93300.0,93550.0,93050.0,93550.0,6102866
2018-03-16,VIC,93450.0,94000.0,93400.0,93400.0,8096991
2018-03-19,VIC,93650.0,98150.0,93000.0,97650.0,12201809
2018-03-20,VIC,97500.0,98050.0,97250.0,97450.0,7064480
2018-03-21,VIC,97200.0,98150.0,96950.0,98100.0,6571899
2018-03-22,VIC,98000.0,101350.0,96300.0,100900.0,10265264
2018-03-23,VIC,100300.0,101050.0,94800.0,95000.0,12232285
2018-03-26,VIC,94950.0,95500.0,92850.0,93400.0,8753422
2018-03-27,VIC,93650.0,93850.0,93200.0,93550.0,8574992
2018-03-28,VIC,93650.0,94100.0,92700.0,93900.0,8921580
2018-03-29,VIC,93600.0,94550.0,93600.0,94500.0,6157724
2018-03-30,VIC,94700.0,96350.0,92850.0,93000.0,9845761
2018-04-02,VIC,92550.0,95900.0,92050.0,95500.0,10118481
2018-04-03,VIC,95900.0,96750.0,95150.0,96300.0,8926202
2018-04-04,VIC,95900.0,96700.0,94900.0,94950.0,9787337
2018-04-05,VIC,94850.0,96950.0,94550.0,96650.0,9921133
2018-04-06,VIC,96650.0,97900.0,95800.0,97600.0,7678694
2018-04-09,VIC,97500.0,101050.0,96750.0,100050.0,11819208
2018-04-10,VIC,99550.0,99800.0,97000.0,97700.0,9598219
2018-04-11,VIC,98000.0,98000.0,94050.0,94550.0,11381661
2018-04-12,VIC,94350.0,97550.0,94150.0,97000.0,11341794
2018-04-13,VIC,97150.0,97300.0,96800.0,97000.0,5523524
2018-04-16,VIC,97050.0,98950.0,95900.0,98950.0,9935487
2018-04-17,VIC,98800.0,100400.0,98650.0,99000.0,10571209
2018-04-18,VIC,98750.0,100750.0,98450.0,99900.0,6735668
2018-04-19,VIC,99800.0,104000.0,99450.0,103450.0,9559485
2018-04-20,VIC,103100.0,105100.0,102200.0,104850.0,11309842
2018-04-23,VIC,104850.0,106450.0,104450.0,105350.0,9866263
2018-04-24,VIC,106050.0,106350.0,105650.0,106150.0,6660841
2018-04-25,VIC,106500.0,107150.0,105500.0,105700.0,9742747
2018-04-26,VIC,105900.0,105950.0,101650.0,102300.0,9723193
2018-04-27,VIC,102300.0,102700.0,101950.0,102200.0,7844517
2018-04-30,VIC,102800.0,102900.0,101450.0,102850.0,7101619
2018-05-01,VIC,103150.0,104700.0,102850.0,103950.0,10137196
2018-05-02,VIC,104350.0,105750.0,103800.0,105400.0,10625511
2018-05-03,VIC,105900.0,106950.0,105500.0,106600.0,7922472
2018-05-04,VIC,106400.0,108300.0,106150.0,108300.0,8762380
2018-05-07,VIC,108400.0,109100.0,104800.0,105400.0,8531519
2018-05-08,VIC,105250.0,106650.0,104750.0,105450.0,8495777
2018-05-09,VIC,105150.0,106250.0,104800.0,105700.0,7416827
2018-05-10,VIC,105450.0,106300.0,103950.0,104400.0,8782915
2018-05-11,VIC,104200.0,106550.0,103900.0,105350.0,10953888
2018-05-14,VIC,105750.0,105850.0,102750.0,103500.0,11351224
2018-05-15,VIC,103600.0,104150.0,103300.0,104100.0,5802337
2018-05-16,VIC,104350.0,104900.0,103500.0,103600.0,7316544
2018-05-17,VIC,103550.0,105550.0,102850.0,105200.0,8387536
2018-05-18,VIC,104950.0,108050.0,104250.0,108000.0,8476426
2018-05-21,VIC,108100.0,112400.0,107600.0,112050.0,11855987
2018-05-22,VIC,111650.0,115850.0,110400.0,114850.0,12809509
2018-05-23,VIC,114200.0,114850.0,112050.0,112850.0,11131019
2018-05-24,VIC,112750.0,113850.0,112400.0,113650.0,7359766
2018-05-25,VIC,114050.0,114900.0,114050.0,114600.0,5038180
2018-05-28,VIC,114200.0,117100.0,113850.0,116450.0,11419239
2018-05-29,VIC,117250.0,117600.0,115750.0,116400.0,6001064
2018-05-30,VIC,115800.0,116100.0,112500.0,113250.0,9447257
2018-05-31,VIC,113350.0,114950.0,113300.0,114900.0,5861820
2018-06-01,VIC,115350.0,116550.0,114550.0,115750.0,8623194
2018-06-04,VIC,115900.0,116150.0,110550.0,111750.0,9360982
2018-06-05,VIC,111800.0,113850.0,110550.0,113500.0,9039128
2018-06-06,VIC,113500.0,113950.0,111700.0,111850.0,9544667
2018-06-07,VIC,112300.0,112800.0,110050.0,110350.0,6774530
2018-06-08,VIC,110050.0,110850.0,108650.0,109100.0,8190253
2018-06-11,VIC,109050.0,110400.0,108550.0,109600.0,5805907
2018-06-12,VIC,109250.0,110750.0,108300.0,110450.0,9791671
2018-06-13,VIC,110700.0,111000.0,108850.0,109000.0,10527564
2018-06-14,VIC,109500.0,109750.0,107500.0,107700.0,8618207
2018-06-15,VIC,107300.0,109450.0,107200.0,108750.0,9833180
2018-06-18,VIC,108400.0,108650.0,103550.0,103900.0,12262807
2018-06-19,VIC,103750.0,105800.0,102850.0,105000.0,8071939
2018-06-20,VIC,105750.0,106500.0,103400.0,104650.0,8966401
2018-06-21,VIC,105700.0,106600.0,104450.0,104450.0,9458560
2018-06-22,VIC,103900.0,104250.0,103650.0,104100.0,6046969
2018-06-25,VIC,104700.0,105450.0,104550.0,104650.0,8106937
2018-06-26,VIC,105250.0,106650.0,102100.0,103150.0,12470410
2018-06-27,VIC,103600.0,104250.0,102100.0,102800.0,10338753
2018-06-28,VIC,102050.0,102300.0,99300.0,99300.0,8608172
2018-06-29,VIC,99650.0,101150.0,98850.0,101100.0,7110240
2018-07-02,VIC,101200.0,102550.0,100900.0,101850.0,7270858
2018-07-03,VIC,102100.0,103800.0,101200.0,102800.0,7403683
2018-07-04,VIC,103400.0,107900.0,102950.0,107050.0,12401815
2018-07-05,VIC,107400.0,107900.0,105850.0,106200.0,9548520
2018-07-06,VIC,106850.0,109200.0,106000.0,109100.0,9551246
2018-07-09,VIC,109300.0,110500.0,108500.0,110000.0,8400399
2018-07-10,VIC,110350.0,110750.0,109450.0,110050.0,6173307
2018-07-11,VIC,110450.0,115600.0,109650.0,115150.0,9002464
2018-07-12,VIC,114250.0,114500.0,111000.0,111800.0,11503262
2018-07-13,VIC,111400.0,111650.0,109600.0,109650.0,7988700
2018-07-16,VIC,109800.0,110650.0,106800.0,106900.0,10845323
2018-07-17,VIC,107400.0,109250.0,107200.0,107650.0,7048711
2018-07-18,VIC,107650.0,107800.0,102750.0,102850.0,12784828
2018-07-19,VIC,103650.0,106500.0,103600.0,104750.0,9586497
2018-07-20,VIC,105100.0,105400.0,104450.0,105300.0,9263167
2018-07-23,VIC,104800.0,106550.0,99950.0,101650.0,11064518
2018-07-24,VIC,102200.0,104550.0,101800.0,104250.0,8229098
2018-07-25,VIC,104700.0,106300.0,104650.0,106200.0,8964031
2018-07-26,VIC,106700.0,106900.0,103350.0,103400.0,8448263
2018-07-27,VIC,103000.0,103450.0,102550.0,103250.0,5424201
2018-07-30,VIC,102850.0,106350.0,102850.0,105900.0,8852255
2018-07-31,VIC,105850.0,106200.0,104300.0,105150.0,10321062
2018-08-01,VIC,105150.0,105200.0,101200.0,101750.0,11707059
2018-08-02,VIC,101300.0,102850.0,98750.0,98950.0,12339121
2018-08-03,VIC,98950.0,99850.0,97900.0,98600.0,9937770
2018-08-06,VIC,98350.0,99050.0,98100.0,98600.0,8540930
2018-08-07,VIC,98600.0,100900.0,98000.0,100100.0,8841603
2018-08-08,VIC,100100.0,100600.0,99700.0,100450.0,7804181
2018-08-09,VIC,99900.0,100350.0,98650.0,99050.0,8491091
2018-08-10,VIC,99250.0,99550.0,97200.0,97600.0,10594995
2018-08-13,VIC,97950.0,98850.0,96750.0,98400.0,8930361
2018-08-14,VIC,98650.0,98650.0,94950.0,95600.0,9709888
2018-08-15,VIC,95350.0,95500.0,94300.0,95300.0,5871665
2018-08-16,VIC,95400.0,96600.0,95300.0,96550.0,6141706
2018-08-17,VIC,96700.0,97200.0,94950.0,95100.0,8465527
2018-08-20,VIC,94800.0,94850.0,92950.0,93100.0,8124331
2018-08-21,VIC,93000.0,93050.0,90800.0,91350.0,8121589
2018-08-22,VIC,91350.0,91600.0,90100.0,90250.0,10255546
2018-08-23,VIC,89800.0,90150.0,88000.0,88600.0,7973082
2018-08-24,VIC,88750.0,89550.0,85650.0,86250.0,12006288
2018-08-27,VIC,86150.0,86700.0,85900.0,86650.0,5932418
2018-08-28,VIC,86700.0,90000.0,86150.0,89500.0,8359279
2018-08-29,VIC,89200.0,90050.0,89150.0,89850.0,5394606
2018-08-30,VIC,89600.0,93700.0,89100.0,93100.0,11635868
2018-08-31,VIC,93550.0,94400.0,91000.0,91650.0,11925870
2018-09-03,VIC,91300.0,92000.0,89550.0,89900.0,8457722
2018-09-04,VIC,90000.0,90750.0,89350.0,90100.0,7119034
2018-09-05,VIC,90450.0,90700.0,88050.0,88250.0,9993088
2018-09-06,VIC,88050.0,89550.0,86450.0,89250.0,9421080
2018-09-07,VIC,88600.0,88800.0,87600.0,87900.0,7047560
2018-09-10,VIC,87600.0,91050.0,87350.0,90150.0,10894909
2018-09-11,VIC,90650.0,90750.0,90000.0,90650.0,6122897
2018-09-12,VIC,90900.0,91650.0,88550.0,88650.0,11563027
2018-09-13,VIC,88750.0,89600.0,87900.0,89350.0,6993150
2018-09-14,VIC,89550.0,90000.0,89000.0,89100.0,6140384
2018-09-17,VIC,89000.0,90350.0,88850.0,89900.0,8369431
2018-09-18,VIC,89600.0,89850.0,88150.0,88350.0,9393749
2018-09-19,VIC,88450.0,89800.0,88200.0,88850.0,5986131
2018-09-20,VIC,88550.0,91650.0,88100.0,91200.0,12131483
2018-09-21,VIC,91000.0,91700.0,90500.0,91650.0,7262874
2018-09-24,VIC,92650.0,93950.0,90200.0,90400.0,10926768
2018-09-25,VIC,90800.0,90850.0,87500.0,87700.0,9861067
2018-09-26,VIC,87450.0,90000.0,86750.0,89500.0,7542275
2018-09-27,VIC,89350.0,90000.0,89300.0,89500.0,7391000
2018-09-28,VIC,89100.0,89400.0,85100.0,86000.0,13062274
2018-10-01,VIC,85300.0,85700.0,84400.0,84650.0,7365648
2018-10-02,VIC,84650.0,85100.0,83450.0,83450.0,8759503
2018-10-03,VIC,83150.0,83350.0,80700.0,81100.0,11664217
2018-10-04,VIC,81000.0,81100.0,80450.0,80450.0,5469866
2018-10-05,VIC,80300.0,80750.0,79900.0,80700.0,9714683
2018-10-08,VIC,80550.0,81050.0,79650.0,79750.0,9360063
2018-10-09,VIC,79500.0,80500.0,79450.0,80050.0,6611392
2018-10-10,VIC,80650.0,81400.0,79900.0,80100.0,7878598
2018-10-11,VIC,80450.0,80700.0,78200.0,78500.0,8585270
2018-10-12,VIC,78550.0,78900.0,77400.0,77800.0,10126481
2018-10-15,VIC,77400.0,77600.0,76950.0,76950.0,9243520
2018-10-16,VIC,77300.0,78450.0,77100.0,78450.0,6527275
2018-10-17,VIC,78350.0,78400.0,77650.0,78350.0,8631337
2018-10-18,VIC,79000.0,79800.0,78700.0,79550.0,6354188
2018-10-19,VIC,79650.0,81150.0,78650.0,80750.0,7521265
2018-10-22,VIC,80400.0,83600.0,80350.0,83350.0,11917014
2018-10-23,VIC,83250.0,83550.0,81150.0,81550.0,7109882
2018-10-24,VIC,81150.0,83850.0,80800.0,83750.0,11141624
2018-10-25,VIC,83550.0,85100.0,83350.0,85000.0,6872258
2018-10-26,VIC,85400.0,89200.0,84500.0,88950.0,10241976
2018-10-29,VIC,89150.0,90350.0,87900.0,89450.0,9467979
2018-10-30,VIC,88800.0,90350.0,88700.0,90000.0,9096013
2018-10-31,VIC,90100.0,90900.0,89200.0,90350.0,7033364
2018-11-01,VIC,90700.0,91800.0,90450.0,91200.0,9310609
2018-11-02,VIC,91200.0,92450.0,91000.0,92200.0,8884287
2018-11-05,VIC,91750.0,92350.0,90600.0,91950.0,7429953
2018-11-06,VIC,92000.0,92750.0,91350.0,92450.0,7093322
2018-11-07,VIC,92300.0,92950.0,90800.0,92050.0,7071479
2018-11-08,VIC,92250.0,92850.0,90000.0,90450.0,8716110
2018-11-09,VIC,90200.0,92150.0,89850.0,91150.0,6516184
2018-11-12,VIC,90900.0,91000.0,89350.0,89950.0,8680479
2018-11-13,VIC,89950.0,91500.0,89600.0,90800.0,8604967
2018-11-14,VIC,90400.0,92700.0,90100.0,91650.0,11215501
2018-11-15,VIC,91950.0,92700.0,89850.0,90050.0,7744661
2018-11-16,VIC,90150.0,90450.0,89550.0,89750.0,8969603
2018-11-19,VIC,89900.0,90350.0,89150.0,89600.0,8103593
2018-11-20,VIC,88450.0,89200.0,88250.0,88700.0,6860279
2018-11-21,VIC,89050.0,89100.0,87700.0,88150.0,8371903
2018-11-22,VIC,88150.0,90600.0,87750.0,90050.0,7282045
2018-11-23,VIC,90450.0,91650.0,89950.0,91500.0,9038987
2018-11-26,VIC,91750.0,91800.0,89000.0,90250.0,10652990
2018-11-27,VIC,90500.0,91750.0,90350.0,91250.0,7379237
2018-11-28,VIC,90800.0,92400.0,90100.0,91950.0,10027558
2018-11-29,VIC,92350.0,92800.0,91850.0,92200.0,9269150
2018-11-30,VIC,91450.0,92350.0,90100.0,90650.0,6450746
2018-12-03,VIC,90100.0,91600.0,89700.0,90550.0,9027470
2018-12-04,VIC,90550.0,92550.0,90300.0,91800.0,8835854
2018-12-05,VIC,92250.0,92850.0,90950.0,91450.0,10656403
2018-12-06,VIC,91250.0,91950.0,90950.0,91350.0,5646971
2018-12-07,VIC,91100.0,91300.0,90500.0,90650.0,6363739
2018-12-10,VIC,90700.0,90800.0,89650.0,89650.0,7816749
2018-12-11,VIC,89100.0,89750.0,89100.0,89700.0,7849775
2018-12-12,VIC,89700.0,90000.0,86350.0,87050.0,12648890
2018-12-13,VIC,87750.0,87800.0,85400.0,85850.0,10881722
2018-12-14,VIC,85750.0,86150.0,83900.0,84650.0,7875760
2018-12-17,VIC,84200.0,84300.0,83300.0,83450.0,5549642
2018-12-18,VIC,83250.0,83950.0,82850.0,83800.0,9563473
2018-12-19,VIC,83600.0,83800.0,80600.0,80900.0,11202251
2018-12-20,VIC,81100.0,84150.0,80100.0,83900.0,10990229
2018-12-21,VIC,83950.0,85150.0,82600.0,82800.0,8232026
2018-12-24,VIC,82600.0,82700.0,80450.0,80850.0,6779514
2018-12-25,VIC,80500.0,80550.0,78800.0,79100.0,10771265
2018-12-26,VIC,79050.0,79550.0,79000.0,79300.0,9295567
2018-12-27,VIC,78900.0,79050.0,76350.0,76400.0,8574438
2018-12-28,VIC,76800.0,78250.0,76750.0,77600.0,8190726
2018-12-31,VIC,77600.0,79850.0,77050.0,79450.0,8852295
2019-01-01,VIC,79600.0,80750.0,79550.0,80600.0,8392716
2019-01-02,VIC,80200.0,83050.0,80100.0,82850.0,11151931
2019-01-03,VIC,82850.0,83800.0,82300.0,82650.0,7011053
2019-01-04,VIC,82500.0,82550.0,80050.0,80700.0,8088737
2019-01-07,VIC,80800.0,81000.0,80250.0,80850.0,9118350
2019-01-08,VIC,80700.0,81900.0,80250.0,81450.0,8817635
2019-01-09,VIC,81300.0,81600.0,81150.0,81200.0,6771022
2019-01-10,VIC,81200.0,84450.0,81150.0,84350.0,10701936
2019-01-11,VIC,84100.0,84600.0,83100.0,83250.0,10005632
2019-01-14,VIC,83450.0,84650.0,82950.0,84300.0,6483802
2019-01-15,VIC,84000.0,84350.0,79800.0,79950.0,9859031
2019-01-16,VIC,80100.0,81000.0,79250.0,80300.0,9489966
2019-01-17,VIC,80500.0,83050.0,80400.0,82600.0,7786893
2019-01-18,VIC,82150.0,83450.0,82050.0,82650.0,6553597
2019-01-21,VIC,82850.0,84600.0,82850.0,84300.0,8547476
2019-01-22,VIC,84350.0,86100.0,83750.0,86000.0,11263226
2019-01-23,VIC,85800.0,86150.0,83050.0,83350.0,8885280
2019-01-24,VIC,83750.0,84050.0,82400.0,82800.0,10332716
2019-01-25,VIC,83400.0,85950.0,82700.0,84800.0,11822942
2019-01-28,VIC,84700.0,85300.0,83000.0,83500.0,10761937
2019-01-29,VIC,83850.0,84000.0,80500.0,80650.0,9152471
2019-01-30,VIC,80400.0,81300.0,78650.0,78700.0,9846628
2019-01-31,VIC,79050.0,79300.0,78350.0,78700.0,9624058
2019-02-01,VIC,78600.0,80050.0,77850.0,79700.0,9606606
2019-02-04,VIC,79450.0,79950.0,78400.0,78550.0,8236625
2019-02-05,VIC,78400.0,80650.0,77900.0,79200.0,9217732
2019-02-06,VIC,78400.0,78900.0,76650.0,76750.0,7914586
2019-02-07,VIC,77000.0,77300.0,76800.0,76850.0,6168346
2019-02-08,VIC,77300.0,78300.0,76600.0,78200.0,8070997
2019-02-11,VIC,78350.0,80000.0,78050.0,79750.0,7248044
2019-02-12,VIC,80150.0,80500.0,79350.0,79400.0,5618452
2019-02-13,VIC,79700.0,80000.0,76050.0,76300.0,9691335
2019-02-14,VIC,75850.0,78850.0,75350.0,78000.0,12835395
2019-02-15,VIC,77550.0,78600.0,77350.0,78550.0,8976238
2019-02-18,VIC,79200.0,79200.0,77500.0,77550.0,7100721
2019-02-19,VIC,77800.0,77800.0,76100.0,76850.0,9264055
2019-02-20,VIC,77250.0,77500.0,75850.0,77150.0,9297776
2019-02-21,VIC,77450.0,78100.0,76400.0,77500.0,10491172
2019-02-22,VIC,77400.0,77550.0,76900.0,77400.0,7306494
2019-02-25,VIC,77000.0,78750.0,76450.0,78650.0,9993452
2019-02-26,VIC,78100.0,79000.0,78000.0,78700.0,8140028
2019-02-27,VIC,78350.0,78900.0,78300.0,78750.0,9305625
2019-02-28,VIC,78150.0,79900.0,77800.0,79150.0,11219584
2019-03-01,VIC,79350.0,81500.0,79200.0,81250.0,8468266
2019-03-04,VIC,81200.0,81550.0,80850.0,80850.0,8138360
2019-03-05,VIC,81050.0,81400.0,79250.0,79550.0,6756655
2019-03-06,VIC,80100.0,81700.0,79700.0,81250.0,8251274
2019-03-07,VIC,81450.0,83050.0,81300.0,81550.0,10346341
2019-03-08,VIC,82000.0,82500.0,80100.0,80300.0,7120525
2019-03-11,VIC,80050.0,82750.0,79450.0,82400.0,9463295
2019-03-12,VIC,82000.0,82500.0,80150.0,80250.0,10982993
2019-03-13,VIC,80350.0,80600.0,77300.0,78350.0,10159356
2019-03-14,VIC,77700.0,78850.0,77450.0,78700.0,6143065
2019-03-15,VIC,78850.0,79000.0,72250.0,73300.0,15368343
2019-03-18,VIC,73100.0,74750.0,72250.0,74700.0,7920529
2019-03-19,VIC,74950.0,75400.0,72300.0,72450.0,11274448
2019-03-20,VIC,72750.0,73650.0,72600.0,73100.0,8003971
2019-03-21,VIC,73150.0,73400.0,72850.0,72850.0,8795126
2019-03-22,VIC,73250.0,73400.0,70250.0,70900.0,9027584
2019-03-25,VIC,71150.0,73900.0,71050.0,72900.0,9931621
2019-03-26,VIC,72900.0,75100.0,72150.0,74400.0,8450885
2019-03-27,VIC,74500.0,77050.0,74350.0,76200.0,10739009
2019-03-28,VIC,76550.0,80900.0,76300.0,80450.0,11330138
2019-03-29,VIC,80250.0,80500.0,79750.0,79900.0,5196745
2019-04-01,VIC,79600.0,80500.0,79400.0,80350.0,9806798
2019-04-02,VIC,80200.0,80400.0,78500.0,78650.0,10307583
2019-04-03,VIC,79400.0,79650.0,77400.0,77850.0,10470845
2019-04-04,VIC,78300.0,81550.0,78100.0,80500.0,8773234
2019-04-05,VIC,80700.0,82200.0,80550.0,82150.0,8552992
2019-04-08,VIC,81650.0,81950.0,81000.0,81350.0,5544954
2019-04-09,VIC,81800.0,82100.0,81750.0,81850.0,4871274
2019-04-10,VIC,81700.0,84000.0,81400.0,82300.0,8004672
2019-04-11,VIC,81700.0,84000.0,81150.0,83500.0,7584586
2019-04-12,VIC,83650.0,84550.0,83250.0,84100.0,6605811
2019-04-15,VIC,83500.0,87350.0,83050.0,87200.0,11460029
2019-04-16,VIC,87350.0,87900.0,83350.0,83700.0,11733071
2019-04-17,VIC,83300.0,85700.0,82400.0,85150.0,10649240
2019-04-18,VIC,85250.0,85900.0,81950.0,82600.0,10721110
2019-04-19,VIC,82750.0,83100.0,81450.0,81500.0,6027216
2019-04-22,VIC,81750.0,82600.0,81300.0,81450.0,6091163
2019-04-23,VIC,81500.0,83950.0,81400.0,83050.0,10559313
2019-04-24,VIC,82600.0,85550.0,82000.0,84150.0,8750771
2019-04-25,VIC,83950.0,87650.0,82900.0,86500.0,13176171
2019-04-26,VIC,86550.0,86800.0,85800.0,86400.0,8995217
2019-04-29,VIC,86300.0,86800.0,83700.0,83950.0,7606489
2019-04-30,VIC,84600.0,86900.0,83600.0,86100.0,11152625
2019-05-01,VIC,86150.0,88600.0,85450.0,88350.0,12064228
2019-05-02,VIC,88300.0,89250.0,85750.0,86100.0,9528567
2019-05-03,VIC,86100.0,86200.0,83100.0,83200.0,12208502
2019-05-06,VIC,82750.0,83000.0,81250.0,81650.0,10209475
2019-05-07,VIC,81900.0,82200.0,80150.0,80400.0,7411830
2019-05-08,VIC,80900.0,82650.0,80700.0,82600.0,8059645
2019-05-09,VIC,83300.0,83600.0,78500.0,78550.0,10388786
2019-05-10,VIC,78850.0,79250.0,76400.0,77250.0,11076440
2019-05-13,VIC,77000.0,77200.0,75200.0,76000.0,9604413
2019-05-14,VIC,76000.0,79250.0,75500.0,78600.0,10741126
2019-05-15,VIC,79300.0,79700.0,78000.0,78450.0,8716161
2019-05-16,VIC,79150.0,79550.0,78500.0,78950.0,7088845
2019-05-17,VIC,79100.0,80650.0,78700.0,80100.0,7923989
2019-05-20,VIC,80650.0,80750.0,76350.0,76350.0,13234705
2019-05-21,VIC,76600.0,76900.0,73550.0,73900.0,8592403
2019-05-22,VIC,74400.0,77500.0,73800.0,77250.0,13262454
2019-05-23,VIC,77350.0,77400.0,72550.0,72650.0,14405046
2019-05-24,VIC,72750.0,72850.0,72550.0,72700.0,4959609
2019-05-27,VIC,72900.0,73850.0,72250.0,73350.0,7542895
2019-05-28,VIC,73300.0,74000.0,72350.0,73800.0,6408803
2019-05-29,VIC,74150.0,74750.0,73500.0,74100.0,5915738
2019-05-30,VIC,74350.0,74350.0,72850.0,73050.0,7739692
2019-05-31,VIC,73350.0,73800.0,70850.0,71000.0,8313286
2019-06-03,VIC,70800.0,70800.0,66650.0,67750.0,13046142
2019-06-04,VIC,67900.0,68200.0,66500.0,66850.0,9588812
2019-06-05,VIC,67100.0,67800.0,65950.0,66550.0,11048429
2019-06-06,VIC,66850.0,69300.0,66450.0,69150.0,11357705
2019-06-07,VIC,69300.0,69450.0,67500.0,68050.0,7907128
2019-06-10,VIC,68500.0,69500.0,67600.0,69400.0,9732801
2019-06-11,VIC,69700.0,71500.0,69350.0,71000.0,7238697
2019-06-12,VIC,70900.0,71150.0,70850.0,70900.0,7881925
2019-06-13,VIC,70750.0,72450.0,70550.0,72300.0,8296451
2019-06-14,VIC,72350.0,72400.0,70600.0,70750.0,8445782
2019-06-17,VIC,70400.0,71800.0,69750.0,70900.0,10309917
2019-06-18,VIC,71000.0,71300.0,69200.0,69500.0,8371965
2019-06-19,VIC,69550.0,71900.0,69500.0,71000.0,8555107
2019-06-20,VIC,70800.0,72450.0,70150.0,72050.0,10177779
2019-06-21,VIC,72200.0,72850.0,71650.0,72500.0,8036926
2019-06-24,VIC,72600.0,74050.0,71900.0,73950.0,11079329
2019-06-25,VIC,74950.0,75500.0,72350.0,73350.0,12137342
2019-06-26,VIC,73500.0,74100.0,73350.0,74050.0,5802188
2019-06-27,VIC,73750.0,74050.0,72550.0,73550.0,7302409
2019-06-28,VIC,73150.0,73600.0,72550.0,72850.0,8215531
2019-07-01,VIC,72400.0,73150.0,72300.0,72950.0,8845786
2019-07-02,VIC,72250.0,74200.0,71250.0,74050.0,12550360
2019-07-03,VIC,73700.0,74900.0,72750.0,74400.0,9013524
2019-07-04,VIC,74650.0,74800.0,73750.0,73850.0,6095912
2019-07-05,VIC,74100.0,74850.0,73600.0,74800.0,8356362
2019-07-08,VIC,74300.0,75450.0,73950.0,75450.0,9437536
2019-07-09,VIC,75100.0,75500.0,74050.0,74300.0,8319848
2019-07-10,VIC,74300.0,75200.0,73650.0,73850.0,7657271
2019-07-11,VIC,73300.0,74900.0,73050.0,74700.0,9612802
2019-07-12,VIC,74150.0,77350.0,73600.0,77200.0,12709465
2019-07-15,VIC,77250.0,77350.0,77100.0,77350.0,4533457
2019-07-16,VIC,77700.0,79450.0,77650.0,78650.0,8861483
2019-07-17,VIC,79100.0,79150.0,76550.0,76600.0,11124892
2019-07-18,VIC,76750.0,78600.0,76200.0,78550.0,9159590
2019-07-19,VIC,78200.0,79700.0,78050.0,79250.0,7349781
2019-07-22,VIC,79300.0,79550.0,76800.0,77150.0,7638757
2019-07-23,VIC,76750.0,77450.0,76650.0,76950.0,7898609
2019-07-24,VIC,77300.0,79050.0,76600.0,78450.0,10235785
2019-07-25,VIC,78850.0,79200.0,77750.0,78350.0,9841750
2019-07-26,VIC,78400.0,80750.0,78200.0,80300.0,11064205
2019-07-29,VIC,80500.0,81200.0,77700.0,78500.0,8351873
2019-07-30,VIC,77850.0,80800.0,77300.0,80750.0,12050471
2019-07-31,VIC,80650.0,81300.0,78800.0,79050.0,9894411
2019-08-01,VIC,78850.0,82300.0,78500.0,82150.0,12829586
2019-08-02,VIC,81700.0,81850.0,78550.0,80050.0,10808149
2019-08-05,VIC,80200.0,80900.0,78300.0,78350.0,7988469
2019-08-06,VIC,78200.0,84050.0,77650.0,83350.0,11553035
2019-08-07,VIC,83350.0,85400.0,82900.0,85250.0,6974712
2019-08-08,VIC,85300.0,85350.0,83350.0,83600.0,6786066
2019-08-09,VIC,83800.0,84050.0,81250.0,81950.0,11755063
2019-08-12,VIC,82500.0,83250.0,81600.0,81800.0,6572533
2019-08-13,VIC,82150.0,82750.0,80100.0,81050.0,9132615
2019-08-14,VIC,81200.0,81250.0,80350.0,80450.0,7785034
2019-08-15,VIC,80450.0,81000.0,79300.0,80200.0,7743933
2019-08-16,VIC,80350.0,81950.0,80050.0,81400.0,10077636
2019-08-19,VIC,81250.0,81650.0,80450.0,81000.0,10069254
2019-08-20,VIC,81350.0,81950.0,77650.0,78000.0,13204061
2019-08-21,VIC,77600.0,79750.0,77500.0,79200.0,9187314
2019-08-22,VIC,79100.0,79500.0,78600.0,79400.0,7129206
2019-08-23,VIC,79050.0,79550.0,78650.0,78750.0,5849213
2019-08-26,VIC,78450.0,79650.0,78000.0,79250.0,9188061
2019-08-27,VIC,79500.0,83250.0,79150.0,82850.0,12015763
2019-08-28,VIC,82600.0,82800.0,81900.0,82200.0,9173764
2019-08-29,VIC,81900.0,82100.0,79500.0,79550.0,8299299
2019-08-30,VIC,79800.0,80650.0,79550.0,80550.0,7266539
2019-09-02,VIC,80050.0,81400.0,79950.0,80600.0,7106813
2019-09-03,VIC,80850.0,81700.0,80350.0,81450.0,7654866
2019-09-04,VIC,81650.0,82000.0,77000.0,77300.0,13527731
2019-09-05,VIC,78200.0,78400.0,74150.0,74600.0,13022247
2019-09-06,VIC,74200.0,74900.0,73900.0,74450.0,6637805
2019-09-09,VIC,74400.0,74750.0,73950.0,74150.0,7032727
2019-09-10,VIC,74100.0,77400.0,74000.0,76950.0,11187422
2019-09-11,VIC,76600.0,76900.0,76350.0,76650.0,5387366
2019-09-12,VIC,77200.0,77550.0,73000.0,74000.0,13137704
2019-09-13,VIC,74250.0,77150.0,74150.0,76900.0,11901890
2019-09-16,VIC,76550.0,76800.0,74100.0,74400.0,10327970
2019-09-17,VIC,74050.0,75350.0,73950.0,75000.0,9043515
2019-09-18,VIC,75400.0,76200.0,73100.0,73850.0,12398240
2019-09-19,VIC,73900.0,76700.0,73400.0,76050.0,11430135
2019-09-20,VIC,75700.0,76250.0,74350.0,74450.0,7790828
2019-09-23,VIC,74500.0,77200.0,74400.0,77100.0,10208518
2019-09-24,VIC,76700.0,77450.0,76400.0,77100.0,7533992
2019-09-25,VIC,77050.0,77100.0,73850.0,74600.0,11134126
2019-09-26,VIC,74300.0,76700.0,73900.0,76400.0,11580520
2019-09-27,VIC,76300.0,76400.0,75800.0,75950.0,6620053
2019-09-30,VIC,75850.0,76000.0,74650.0,74800.0,6167797
2019-10-01,VIC,74350.0,77550.0,73800.0,77050.0,12489465
2019-10-02,VIC,76800.0,80950.0,76050.0,80450.0,10093416
2019-10-03,VIC,80700.0,81200.0,77400.0,77400.0,12094584
2019-10-04,VIC,77700.0,77850.0,74850.0,75450.0,11654846
2019-10-07,VIC,75300.0,78400.0,74950.0,78000.0,9358021
2019-10-08,VIC,77650.0,79750.0,77300.0,79500.0,8795992
2019-10-09,VIC,80150.0,80450.0,79250.0,79450.0,8950630
2019-10-10,VIC,79400.0,79550.0,78600.0,78800.0,9332374
2019-10-11,VIC,78900.0,79100.0,77350.0,78650.0,8667235
2019-10-14,VIC,78250.0,79800.0,77750.0,79750.0,10027008
2019-10-15,VIC,79700.0,80050.0,78800.0,78900.0,8192617
2019-10-16,VIC,78750.0,78900.0,78650.0,78650.0,8351580
2019-10-17,VIC,78450.0,78800.0,77200.0,77300.0,9368753
2019-10-18,VIC,77200.0,77200.0,76700.0,77150.0,9134589
2019-10-21,VIC,77000.0,77300.0,76550.0,76650.0,8537911
2019-10-22,VIC,76850.0,77000.0,76600.0,76900.0,5081707
2019-10-23,VIC,76850.0,77750.0,76400.0,77250.0,7710550
2019-10-24,VIC,77250.0,80750.0,76400.0,80700.0,13609782
2019-10-25,VIC,81450.0,81500.0,79250.0,79350.0,6975060
2019-10-28,VIC,79000.0,82550.0,78850.0,82300.0,8806182
2019-10-29,VIC,82000.0,84950.0,81800.0,84700.0,9985671
2019-10-30,VIC,83950.0,85800.0,83500.0,85600.0,7010596
2019-10-31,VIC,85250.0,86500.0,85200.0,86450.0,6920428
2019-11-01,VIC,86050.0,87700.0,85350.0,86850.0,11306995
2019-11-04,VIC,86850.0,87100.0,83350.0,83500.0,8908632
2019-11-05,VIC,83750.0,84800.0,82500.0,83500.0,7801752
2019-11-06,VIC,83100.0,83200.0,81700.0,81700.0,8418113
2019-11-07,VIC,81600.0,83050.0,81400.0,82950.0,7909383
2019-11-08,VIC,82650.0,83050.0,81500.0,82050.0,7480346
2019-11-11,VIC,81800.0,81900.0,79150.0,79400.0,9745080
2019-11-12,VIC,79600.0,82450.0,79000.0,82050.0,10761358
2019-11-13,VIC,82000.0,82600.0,81100.0,81550.0,7496493
2019-11-14,VIC,81400.0,81700.0,79900.0,80450.0,9140555
2019-11-15,VIC,80150.0,81350.0,80000.0,80750.0,7744673
2019-11-18,VIC,80850.0,81550.0,80300.0,80600.0,8237737
2019-11-19,VIC,80500.0,81900.0,80350.0,81850.0,8918532
2019-11-20,VIC,81500.0,82150.0,81050.0,82050.0,9189083
2019-11-21,VIC,82250.0,82300.0,78400.0,78750.0,12134633
2019-11-22,VIC,78850.0,82900.0,77700.0,82050.0,10042840
2019-11-25,VIC,81750.0,83800.0,81650.0,82100.0,7022826
2019-11-26,VIC,82200.0,84150.0,82050.0,83950.0,7441710
2019-11-27,VIC,84100.0,85100.0,83750.0,84950.0,6743721
2019-11-28,VIC,85100.0,85100.0,83550.0,84050.0,9553359
2019-11-29,VIC,84350.0,86050.0,83700.0,85800.0,10479488
2019-12-02,VIC,85750.0,86900.0,85700.0,86400.0,7978087
2019-12-03,VIC,86300.0,89000.0,86050.0,88250.0,9201043
2019-12-04,VIC,88300.0,89250.0,87150.0,87550.0,7983059
2019-12-05,VIC,87150.0,90450.0,87000.0,90400.0,12047083
2019-12-06,VIC,90200.0,90500.0,88000.0,88450.0,6799160
2019-12-09,VIC,88650.0,89600.0,87850.0,87950.0,7377282
2019-12-10,VIC,88050.0,88550.0,85050.0,86150.0,9578007
2019-12-11,VIC,85750.0,85850.0,84950.0,85250.0,8732927
2019-12-12,VIC,85150.0,88150.0,84800.0,87050.0,9059395
2019-12-13,VIC,87050.0,91200.0,86950.0,91000.0,8728437
2019-12-16,VIC,90800.0,91250.0,88450.0,89050.0,11524899
2019-12-17,VIC,88850.0,92000.0,88800.0,91650.0,9204192
2019-12-18,VIC,91550.0,91800.0,89050.0,89250.0,7272537
2019-12-19,VIC,89100.0,90500.0,88850.0,90000.0,8855141
2019-12-20,VIC,90400.0,90550.0,89800.0,90100.0,8581868
2019-12-23,VIC,90350.0,92850.0,90150.0,92650.0,10104254
2019-12-24,VIC,93300.0,94500.0,93200.0,93950.0,9673978
2019-12-25,VIC,93400.0,96250.0,93150.0,95200.0,7715350
2019-12-26,VIC,94900.0,95100.0,94900.0,95000.0,8762296
2019-12-27,VIC,95600.0,96300.0,92200.0,92950.0,11051779
2019-12-30,VIC,92950.0,94050.0,92200.0,93550.0,10109845
2019-12-31,VIC,93550.0,96000.0,93500.0,95600.0,9077165
2020-01-01,VIC,95350.0,95700.0,92150.0,92300.0,10262742
2020-01-02,VIC,91500.0,96200.0,91200.0,95600.0,10570572
2020-01-03,VIC,96500.0,96950.0,94250.0,95350.0,7146403
2020-01-06,VIC,95300.0,96250.0,94750.0,96050.0,6063877
2020-01-07,VIC,96100.0,96950.0,95600.0,96400.0,7890824
2020-01-08,VIC,96050.0,96700.0,93400.0,93550.0,9473831
2020-01-09,VIC,93450.0,95850.0,92050.0,95700.0,11355537
2020-01-10,VIC,95700.0,96850.0,95400.0,96250.0,8261849
2020-01-13,VIC,95750.0,96850.0,95150.0,96600.0,8825674
2020-01-14,VIC,96650.0,96750.0,91600.0,91850.0,10064986
2020-01-15,VIC,92000.0,92050.0,88200.0,89150.0,9407703
2020-01-16,VIC,88900.0,92050.0,88400.0,91900.0,12314207
2020-01-17,VIC,92050.0,92600.0,90500.0,91000.0,10180569
2020-01-20,VIC,90300.0,94350.0,90000.0,93050.0,12448931
2020-01-21,VIC,93250.0,96250.0,93050.0,96000.0,9962568
2020-01-22,VIC,95900.0,96250.0,94200.0,94250.0,6764978
2020-01-23,VIC,94900.0,95000.0,92450.0,92900.0,7981997
2020-01-24,VIC,92550.0,92750.0,91500.0,91750.0,8592668
2020-01-27,VIC,91900.0,92550.0,88850.0,89050.0,11849050
2020-01-28,VIC,89850.0,92050.0,89750.0,91550.0,9547582
2020-01-29,VIC,91350.0,94250.0,90450.0,93700.0,8992122
2020-01-30,VIC,93300.0,98400.0,92500.0,97800.0,13156199
2020-01-31,VIC,98400.0,102450.0,97950.0,101450.0,10104542
2020-02-03,VIC,101950.0,103150.0,96250.0,97450.0,11871912
2020-02-04,VIC,97500.0,99650.0,97250.0,98450.0,7905243
2020-02-05,VIC,98750.0,99200.0,95300.0,95550.0,9379464
2020-02-06,VIC,95800.0,98600.0,95300.0,97500.0,11889967
2020-02-07,VIC,97400.0,97450.0,95550.0,96000.0,6686370
2020-02-10,VIC,96950.0,98150.0,96900.0,97650.0,9480702
2020-02-11,VIC,97500.0,98750.0,96950.0,97050.0,7048656
2020-02-12,VIC,97550.0,99950.0,97350.0,99150.0,7297886
2020-02-13,VIC,99100.0,99550.0,94600.0,96000.0,13197217
2020-02-14,VIC,95700.0,97200.0,94700.0,97050.0,9490566
2020-02-17,VIC,97300.0,98100.0,95450.0,95800.0,9596217
2020-02-18,VIC,95900.0,96350.0,93650.0,94050.0,7934788
2020-02-19,VIC,94250.0,94700.0,88100.0,88600.0,12435678
2020-02-20,VIC,88900.0,90600.0,88650.0,90500.0,6572159
2020-02-21,VIC,89950.0,92250.0,89400.0,91400.0,7415919
2020-02-24,VIC,91150.0,93400.0,91100.0,92750.0,7777860
2020-02-25,VIC,93300.0,93800.0,93050.0,93600.0,6392122
2020-02-26,VIC,93800.0,95250.0,91250.0,91950.0,8166032
2020-02-27,VIC,91900.0,94850.0,91350.0,93800.0,9932828
2020-02-28,VIC,94050.0,94200.0,90550.0,91000.0,10443036
2020-03-02,VIC,90200.0,93200.0,90150.0,92400.0,9793595
2020-03-03,VIC,92050.0,92700.0,89700.0,90000.0,7331552
2020-03-04,VIC,90100.0,91750.0,89700.0,91300.0,6335424
2020-03-05,VIC,91200.0,93050.0,89900.0,92950.0,11608463
2020-03-06,VIC,93000.0,93100.0,91350.0,91400.0,9907859
2020-03-09,VIC,91150.0,91500.0,89850.0,90450.0,10397543
2020-03-10,VIC,90750.0,90900.0,90250.0,90400.0,6008292
2020-03-11,VIC,90100.0,90100.0,85850.0,86450.0,9166109
2020-03-12,VIC,86350.0,86700.0,80050.0,80500.0,15661720
2020-03-13,VIC,80550.0,82050.0,80300.0,81950.0,9045470
2020-03-16,VIC,82400.0,82450.0,80200.0,80300.0,7918838
2020-03-17,VIC,80350.0,82450.0,79550.0,82200.0,9929027
2020-03-18,VIC,82650.0,83050.0,82200.0,82550.0,5218497
2020-03-19,VIC,82850.0,83000.0,79600.0,80150.0,9587859
2020-03-20,VIC,80550.0,81800.0,80050.0,81600.0,10393708
2020-03-23,VIC,81750.0,82050.0,79950.0,80800.0,11117488
2020-03-24,VIC,81050.0,84600.0,80900.0,83750.0,8776620
2020-03-25,VIC,83700.0,84100.0,81250.0,81400.0,9802767
2020-03-26,VIC,81750.0,84000.0,81500.0,83800.0,10553448
2020-03-27,VIC,83850.0,84600.0,82650.0,83550.0,8605315
2020-03-30,VIC,83950.0,84500.0,82900.0,83350.0,10232436
2020-03-31,VIC,83150.0,83400.0,81600.0,81950.0,7758078
2020-04-01,VIC,82450.0,83250.0,80800.0,81100.0,7503663
2020-04-02,VIC,81300.0,81350.0,80300.0,80450.0,6780809
2020-04-03,VIC,80650.0,81350.0,79500.0,79650.0,9417497
2020-04-06,VIC,79950.0,82100.0,79700.0,81200.0,10275525
2020-04-07,VIC,80950.0,81000.0,80100.0,80350.0,7427035
2020-04-08,VIC,80150.0,82700.0,79950.0,82050.0,7261873
2020-04-09,VIC,81700.0,85800.0,81050.0,85150.0,13387274
2020-04-10,VIC,84800.0,85800.0,84400.0,85250.0,7642764
2020-04-13,VIC,84900.0,86150.0,84800.0,86050.0,7384795
2020-04-14,VIC,86300.0,86450.0,85350.0,86350.0,5439970
2020-04-15,VIC,86700.0,86700.0,85150.0,85250.0,8389157
2020-04-16,VIC,84850.0,86700.0,84750.0,86700.0,8885987
2020-04-17,VIC,86200.0,91850.0,86100.0,91400.0,12623489
2020-04-20,VIC,91500.0,92150.0,91300.0,91900.0,7510698
2020-04-21,VIC,91650.0,91650.0,88850.0,89350.0,7851667
2020-04-22,VIC,89200.0,89900.0,88150.0,89100.0,8348333
2020-04-23,VIC,89450.0,89550.0,86850.0,87400.0,8876812
2020-04-24,VIC,88000.0,89850.0,87700.0,89250.0,8086946
2020-04-27,VIC,88900.0,90350.0,88500.0,89800.0,8152671
2020-04-28,VIC,89500.0,89500.0,84700.0,85150.0,11224684
2020-04-29,VIC,84700.0,87250.0,84250.0,87200.0,10497245
2020-04-30,VIC,87750.0,88150.0,83550.0,83750.0,9787106
2020-05-01,VIC,83450.0,84000.0,82900.0,83900.0,6685441
2020-05-04,VIC,83700.0,84600.0,83600.0,84550.0,6124217
2020-05-05,VIC,84800.0,86000.0,84050.0,85750.0,7996192
2020-05-06,VIC,85500.0,85750.0,84150.0,84500.0,9809680
2020-05-07,VIC,83850.0,84150.0,79550.0,80000.0,11323073
2020-05-08,VIC,79750.0,81250.0,78800.0,80900.0,10642257
2020-05-11,VIC,80650.0,81050.0,79500.0,80200.0,9667883
2020-05-12,VIC,79850.0,80900.0,78900.0,79400.0,9484111
2020-05-13,VIC,79100.0,81650.0,78250.0,81400.0,9481874
2020-05-14,VIC,81600.0,84450.0,80600.0,83550.0,11729016
2020-05-15,VIC,83650.0,83800.0,79100.0,79600.0,9787857
2020-05-18,VIC,79400.0,80200.0,76550.0,76600.0,10729477
2020-05-19,VIC,76850.0,76900.0,76450.0,76700.0,8261853
2020-05-20,VIC,76850.0,77550.0,76700.0,76900.0,7581208
2020-05-21,VIC,76450.0,77050.0,75950.0,76950.0,9106824
2020-05-22,VIC,76750.0,78600.0,75900.0,78350.0,9366220
2020-05-25,VIC,78250.0,79400.0,77650.0,78900.0,10176772
2020-05-26,VIC,79100.0,79300.0,77600.0,78200.0,7061384
2020-05-27,VIC,78350.0,78600.0,75150.0,75500.0,9217009
2020-05-28,VIC,74950.0,75950.0,74550.0,75650.0,9805157
2020-05-29,VIC,75750.0,76150.0,73500.0,73550.0,8837734
2020-06-01,VIC,73500.0,73900.0,73500.0,73700.0,7952897
2020-06-02,VIC,72750.0,72800.0,72200.0,72200.0,6759824
2020-06-03,VIC,73150.0,73500.0,72450.0,73000.0,7632475
2020-06-04,VIC,72900.0,73250.0,71650.0,72350.0,9156217
2020-06-05,VIC,72650.0,72750.0,72350.0,72600.0,8921767
2020-06-08,VIC,73050.0,73200.0,69200.0,69250.0,10757478
2020-06-09,VIC,69650.0,70100.0,68550.0,69250.0,9142838
2020-06-10,VIC,69150.0,70600.0,68450.0,69950.0,11009377
2020-06-11,VIC,70150.0,70750.0,69700.0,70500.0,7999417
2020-06-12,VIC,70200.0,70600.0,69750.0,70050.0,8547924
2020-06-15,VIC,69700.0,73350.0,68750.0,72700.0,14427693
2020-06-16,VIC,72450.0,72800.0,69700.0,70100.0,10351906
2020-06-17,VIC,70100.0,70300.0,69250.0,69650.0,10214911
2020-06-18,VIC,69500.0,71450.0,69050.0,70550.0,10768122
2020-06-19,VIC,70350.0,72400.0,69800.0,72200.0,11278428
2020-06-22,VIC,71950.0,74400.0,71950.0,74000.0,8026704
2020-06-23,VIC,74050.0,74200.0,72900.0,73100.0,10001614
2020-06-24,VIC,72850.0,73850.0,72600.0,72650.0,8568638
2020-06-25,VIC,72600.0,72750.0,70000.0,70000.0,11044105
2020-06-26,VIC,69700.0,70850.0,69500.0,70300.0,8443623
2020-06-29,VIC,70100.0,71200.0,69900.0,70800.0,7930495
2020-06-30,VIC,70850.0,72200.0,69950.0,71650.0,10739413
2020-07-01,VIC,71800.0,73000.0,71500.0,72450.0,9139295
2020-07-02,VIC,73000.0,73200.0,71400.0,71900.0,7282028
2020-07-03,VIC,72100.0,72250.0,69500.0,69550.0,8360305
2020-07-06,VIC,69300.0,73600.0,68600.0,73400.0,12967577
2020-07-07,VIC,73750.0,74350.0,72000.0,72000.0,10215420
2020-07-08,VIC,72350.0,72650.0,71550.0,71750.0,9434191
2020-07-09,VIC,71250.0,71600.0,70600.0,71400.0,5585659
2020-07-10,VIC,71500.0,73550.0,70800.0,73050.0,11056702
2020-07-13,VIC,73350.0,73400.0,71500.0,72300.0,9760957
2020-07-14,VIC,72650.0,72850.0,68600.0,68800.0,12092919
2020-07-15,VIC,68950.0,69150.0,67500.0,67600.0,10185564
2020-07-16,VIC,67700.0,69050.0,67250.0,68950.0,7423835
2020-07-17,VIC,69000.0,69350.0,67450.0,67850.0,10322331
2020-07-20,VIC,68150.0,68300.0,63850.0,64000.0,15039970
2020-07-21,VIC,63950.0,64600.0,63450.0,64350.0,8692729
2020-07-22,VIC,64600.0,64650.0,63850.0,64100.0,5754013
2020-07-23,VIC,63650.0,63800.0,63300.0,63350.0,7101740
2020-07-24,VIC,63500.0,64950.0,63250.0,64550.0,9964220
2020-07-27,VIC,63950.0,66250.0,63300.0,65950.0,10555915
2020-07-28,VIC,66200.0,66250.0,64400.0,64650.0,11568891
2020-07-29,VIC,64800.0,65350.0,64700.0,65300.0,9539869
2020-07-30,VIC,65050.0,65700.0,64750.0,65150.0,6023865
2020-07-31,VIC,64950.0,65300.0,64950.0,65100.0,6916671
2020-08-03,VIC,65000.0,65300.0,63300.0,64200.0,10852195
2020-08-04,VIC,63750.0,65100.0,63100.0,64750.0,9238944
2020-08-05,VIC,64750.0,65200.0,61800.0,62100.0,12038172
2020-08-06,VIC,62100.0,62300.0,61550.0,61700.0,9632925
2020-08-07,VIC,61300.0,63050.0,60600.0,62850.0,11382722
2020-08-10,VIC,62400.0,63050.0,62000.0,62750.0,6867064
2020-08-11,VIC,62500.0,62950.0,60300.0,60700.0,11467886
2020-08-12,VIC,60450.0,61850.0,60300.0,61750.0,7276989
2020-08-13,VIC,61650.0,61900.0,59950.0,60300.0,7149111
2020-08-14,VIC,60150.0,60500.0,58200.0,58400.0,11663717
2020-08-17,VIC,58500.0,59350.0,58250.0,59200.0,10159706
2020-08-18,VIC,58850.0,58850.0,56100.0,56100.0,12151694
2020-08-19,VIC,56100.0,59750.0,56000.0,59500.0,11014426
2020-08-20,VIC,59400.0,59600.0,59050.0,59300.0,7581995
2020-08-21,VIC,59000.0,60050.0,58650.0,59850.0,10655120
2020-08-24,VIC,60050.0,62700.0,59850.0,62500.0,8825947
2020-08-25,VIC,62650.0,64400.0,62300.0,64100.0,11026127
2020-08-26,VIC,63850.0,66950.0,63300.0,66700.0,12974666
2020-08-27,VIC,66150.0,68400.0,65650.0,68050.0,10495069
2020-08-28,VIC,67900.0,69700.0,67700.0,69000.0,10174565
2020-08-31,VIC,68800.0,68950.0,66600.0,67500.0,10694195
2020-09-01,VIC,67100.0,67750.0,67050.0,67550.0,9659418
2020-09-02,VIC,67450.0,67900.0,66900.0,66950.0,7516376
2020-09-03,VIC,66850.0,68800.0,66400.0,68750.0,9862576
2020-09-04,VIC,69050.0,69350.0,65800.0,66300.0,11692079
2020-09-07,VIC,66400.0,67650.0,66400.0,67300.0,7771556
2020-09-08,VIC,67350.0,69550.0,66850.0,69450.0,10360717
2020-09-09,VIC,69500.0,70000.0,68950.0,69900.0,7654675
2020-09-10,VIC,69700.0,70000.0,69300.0,69900.0,8203944
2020-09-11,VIC,69650.0,70750.0,69650.0,70150.0,8700429
2020-09-14,VIC,69400.0,71100.0,69000.0,71050.0,10443634
2020-09-15,VIC,71450.0,71600.0,66150.0,66650.0,13151610
2020-09-16,VIC,66550.0,67500.0,66050.0,66500.0,6717666
2020-09-17,VIC,66650.0,69450.0,66550.0,69350.0,9471026
2020-09-18,VIC,69300.0,73100.0,68750.0,71850.0,11563758
2020-09-21,VIC,71800.0,72700.0,66350.0,66900.0,17192275
2020-09-22,VIC,66600.0,67100.0,64700.0,65450.0,7662321
2020-09-23,VIC,65250.0,66850.0,65000.0,66750.0,7036166
2020-09-24,VIC,66900.0,67350.0,66700.0,67000.0,7763163
2020-09-25,VIC,66900.0,67000.0,64050.0,64450.0,12461606
2020-09-28,VIC,64800.0,65150.0,62800.0,63000.0,12114746
2020-09-29,VIC,62950.0,64550.0,62350.0,64100.0,11752883
2020-09-30,VIC,63900.0,64350.0,62950.0,63300.0,6890005
2020-10-01,VIC,63500.0,63650.0,61350.0,62000.0,9928168
2020-10-02,VIC,62000.0,63550.0,61650.0,63450.0,8392528
2020-10-05,VIC,63250.0,63300.0,62350.0,62450.0,8260332
2020-10-06,VIC,62500.0,62900.0,60150.0,60250.0,11671310
2020-10-07,VIC,60500.0,63350.0,60200.0,63300.0,12288623
2020-10-08,VIC,63500.0,64000.0,62750.0,63950.0,8585191
2020-10-09,VIC,63450.0,64150.0,63450.0,64050.0,6936131
2020-10-12,VIC,63700.0,63950.0,62200.0,62650.0,6874078
2020-10-13,VIC,63300.0,63950.0,63200.0,63500.0,5654360
2020-10-14,VIC,63000.0,65000.0,63000.0,64450.0,7329724
2020-10-15,VIC,64900.0,66200.0,64400.0,65900.0,9387643
2020-10-16,VIC,66400.0,66500.0,65950.0,66050.0,6730319
2020-10-19,VIC,65150.0,67400.0,64900.0,67150.0,7669032
2020-10-20,VIC,66750.0,67000.0,66000.0,66550.0,7982594
2020-10-21,VIC,66700.0,66700.0,65150.0,65250.0,10358808
2020-10-22,VIC,65200.0,66500.0,64900.0,66200.0,9138853
2020-10-23,VIC,66200.0,67000.0,66050.0,66900.0,7227705
2020-10-26,VIC,67300.0,67350.0,65650.0,66200.0,11039617
2020-10-27,VIC,65900.0,66500.0,65800.0,65800.0,9430155
2020-10-28,VIC,65850.0,66150.0,63350.0,64100.0,9684590
2020-10-29,VIC,63950.0,64000.0,62150.0,62800.0,10090432
2020-10-30,VIC,62950.0,66150.0,62800.0,65700.0,13112975
2020-11-02,VIC,65300.0,66700.0,64850.0,66450.0,7338217
2020-11-03,VIC,66400.0,67050.0,66000.0,66900.0,9215708
2020-11-04,VIC,66850.0,66950.0,64700.0,65600.0,11927462
2020-11-05,VIC,65800.0,66300.0,63450.0,63850.0,8413905
2020-11-06,VIC,63650.0,63850.0,61200.0,61800.0,12331996
2020-11-09,VIC,61650.0,62100.0,61050.0,61150.0,9326496
2020-11-10,VIC,61300.0,61350.0,60450.0,60550.0,10237083
2020-11-11,VIC,60100.0,61550.0,59800.0,61250.0,8512128
2020-11-12,VIC,61700.0,62450.0,61400.0,61700.0,6934001
2020-11-13,VIC,61550.0,62050.0,61000.0,61900.0,5847896
2020-11-16,VIC,61500.0,62450.0,60750.0,62150.0,8277133
2020-11-17,VIC,62150.0,63050.0,62000.0,62900.0,6938895
2020-11-18,VIC,62850.0,63150.0,62300.0,62600.0,7380878
2020-11-19,VIC,62550.0,65550.0,62400.0,65250.0,12764183
2020-11-20,VIC,65450.0,66150.0,65300.0,65350.0,5773522
2020-11-23,VIC,65500.0,65900.0,63000.0,63550.0,12822126
2020-11-24,VIC,63700.0,64050.0,63400.0,64000.0,7277019
2020-11-25,VIC,64000.0,64850.0,63650.0,64450.0,5893652
2020-11-26,VIC,64350.0,67300.0,63850.0,66850.0,9014268
2020-11-27,VIC,67250.0,67350.0,67050.0,67300.0,7550940
2020-11-30,VIC,67200.0,67400.0,66250.0,66450.0,6909685
2020-12-01,VIC,66350.0,66450.0,65650.0,66450.0,6656578
2020-12-02,VIC,66650.0,67950.0,65900.0,67800.0,10101453
2020-12-03,VIC,68050.0,68050.0,64450.0,65050.0,11516625
2020-12-04,VIC,64700.0,64750.0,63300.0,63600.0,10229920
2020-12-07,VIC,63700.0,64350.0,62950.0,63150.0,7251399
2020-12-08,VIC,63300.0,63650.0,59650.0,60000.0,14406032
2020-12-09,VIC,60400.0,61000.0,59900.0,60300.0,7988001
2020-12-10,VIC,60350.0,60500.0,59950.0,60200.0,9143539
2020-12-11,VIC,60000.0,60850.0,59750.0,60750.0,9586639
2020-12-14,VIC,60550.0,62450.0,60550.0,61800.0,8401925
2020-12-15,VIC,62050.0,63300.0,61900.0,62550.0,7496817
2020-12-16,VIC,62700.0,62800.0,61200.0,61350.0,7305268
2020-12-17,VIC,61650.0,61850.0,61350.0,61350.0,7624320
2020-12-18,VIC,61250.0,61550.0,57700.0,58050.0,10292200
2020-12-21,VIC,57500.0,58050.0,57450.0,57600.0,6893906
2020-12-22,VIC,57850.0,59100.0,57250.0,58750.0,9024503
2020-12-23,VIC,58700.0,58750.0,58350.0,58500.0,6790092
2020-12-24,VIC,58250.0,58400.0,57800.0,58350.0,5396762
2020-12-25,VIC,58550.0,59050.0,57750.0,57900.0,7264175
2020-12-28,VIC,57950.0,60850.0,57750.0,60400.0,10547664
2020-12-29,VIC,60350.0,61000.0,59700.0,60000.0,9093733
2020-12-30,VIC,60050.0,60600.0,58750.0,59050.0,7667301
2020-12-31,VIC,59350.0,59450.0,57250.0,57750.0,10056497
2021-01-01,VIC,58150.0,58400.0,55200.0,56000.0,13733104
2021-01-04,VIC,56150.0,57250.0,56100.0,56700.0,8513598
2021-01-05,VIC,57000.0,57500.0,56000.0,56000.0,7025550
2021-01-06,VIC,56350.0,56600.0,54850.0,54950.0,9503079
2021-01-07,VIC,55150.0,55450.0,52800.0,53250.0,10572834
2021-01-08,VIC,53100.0,53850.0,53000.0,53750.0,6131701
2021-01-11,VIC,53600.0,53750.0,53200.0,53300.0,9673329
2021-01-12,VIC,53150.0,53900.0,52800.0,53600.0,6457655
2021-01-13,VIC,53300.0,55050.0,53050.0,54850.0,9113949
2021-01-14,VIC,55000.0,55750.0,54900.0,55500.0,5667027
2021-01-15,VIC,55350.0,56050.0,54900.0,55200.0,9491598
2021-01-18,VIC,55750.0,56200.0,52950.0,53100.0,11438330
2021-01-19,VIC,53150.0,53750.0,53000.0,53700.0,10088117
2021-01-20,VIC,53900.0,54050.0,51600.0,52400.0,8823648
2021-01-21,VIC,52400.0,52950.0,51950.0,52000.0,6130928
2021-01-22,VIC,51850.0,52450.0,51500.0,52400.0,9011882
2021-01-25,VIC,52550.0,52600.0,51550.0,52200.0,8614033
2021-01-26,VIC,52150.0,52500.0,52000.0,52300.0,8768938
2021-01-27,VIC,52350.0,55450.0,51400.0,55350.0,15318917
2021-01-28,VIC,55300.0,56000.0,55100.0,55900.0,6887754
2021-01-29,VIC,55950.0,57750.0,55900.0,57650.0,7347457
2021-02-01,VIC,57750.0,58000.0,56650.0,56700.0,9495419
2021-02-02,VIC,56750.0,57600.0,56650.0,57350.0,9864781
2021-02-03,VIC,57250.0,57650.0,56850.0,56950.0,5670428
2021-02-04,VIC,56850.0,57150.0,56650.0,56950.0,8560719
2021-02-05,VIC,57200.0,57800.0,56000.0,56200.0,9735696
2021-02-08,VIC,56150.0,58050.0,55700.0,57900.0,10720853
2021-02-09,VIC,57750.0,57950.0,57300.0,57400.0,8640051
2021-02-10,VIC,57800.0,58150.0,57800.0,57900.0,9504289
2021-02-11,VIC,57600.0,58550.0,57450.0,58300.0,7234420
2021-02-12,VIC,58200.0,58500.0,54200.0,54400.0,11328971
2021-02-15,VIC,54400.0,55350.0,54300.0,54950.0,6955669
2021-02-16,VIC,54950.0,57900.0,54800.0,57800.0,12862393
2021-02-17,VIC,57600.0,58200.0,57250.0,58150.0,9314802
2021-02-18,VIC,58450.0,58500.0,56050.0,56650.0,9783888
2021-02-19,VIC,56450.0,56750.0,55850.0,56100.0,8763932
2021-02-22,VIC,55900.0,57100.0,55700.0,56900.0,8109746
2021-02-23,VIC,56950.0,58550.0,56050.0,57800.0,12576562
2021-02-24,VIC,57800.0,58050.0,57200.0,57450.0,9842695
2021-02-25,VIC,57550.0,58200.0,57400.0,57800.0,7397163
2021-02-26,VIC,58000.0,58350.0,56100.0,56500.0,10056344
2021-03-01,VIC,56150.0,56850.0,54250.0,54350.0,11226934
2021-03-02,VIC,54950.0,57750.0,54650.0,56750.0,9323526
2021-03-03,VIC,56750.0,57050.0,55700.0,55950.0,6870143
2021-03-04,VIC,56050.0,56300.0,55200.0,55350.0,6911889
2021-03-05,VIC,55250.0,55450.0,54550.0,54650.0,6377826
2021-03-08,VIC,54400.0,56100.0,54150.0,55950.0,9834334
2021-03-09,VIC,55950.0,56000.0,55550.0,55950.0,5787989
2021-03-10,VIC,56250.0,57650.0,56150.0,57250.0,7099033
2021-03-11,VIC,57150.0,58450.0,56950.0,58400.0,8552570
2021-03-12,VIC,58200.0,60600.0,58200.0,60350.0,8241654
2021-03-15,VIC,60650.0,60850.0,59050.0,59400.0,11048967
2021-03-16,VIC,59600.0,59850.0,57850.0,57900.0,10480519
2021-03-17,VIC,57850.0,60400.0,57850.0,60150.0,10398610
2021-03-18,VIC,60400.0,61950.0,59850.0,61900.0,9779057
2021-03-19,VIC,61900.0,63300.0,61700.0,62450.0,7225635
2021-03-22,VIC,62300.0,62600.0,61150.0,61250.0,8697317
2021-03-23,VIC,61200.0,62200.0,61100.0,61550.0,6327092
2021-03-24,VIC,61600.0,63100.0,61400.0,62500.0,8237881
2021-03-25,VIC,62550.0,63700.0,62350.0,63300.0,9940961
2021-03-26,VIC,63400.0,64300.0,62250.0,62450.0,7715648
2021-03-29,VIC,62700.0,63050.0,61900.0,62000.0,8947058
2021-03-30,VIC,62250.0,62550.0,58950.0,59200.0,13687259
2021-03-31,VIC,59150.0,59300.0,58550.0,58950.0,5490717
2021-04-01,VIC,58950.0,61650.0,58900.0,61400.0,11137788
2021-04-02,VIC,61050.0,62050.0,60700.0,60750.0,8565374
2021-04-05,VIC,60600.0,61000.0,59900.0,60500.0,7009268
2021-04-06,VIC,60200.0,60750.0,59550.0,59650.0,9067620
2021-04-07,VIC,59500.0,60200.0,59450.0,60150.0,7995552
2021-04-08,VIC,60100.0,61550.0,60050.0,61450.0,7967987
2021-04-09,VIC,61400.0,62050.0,60400.0,60650.0,9297453
2021-04-12,VIC,60400.0,61000.0,60000.0,61000.0,10253596
2021-04-13,VIC,61200.0,61700.0,59200.0,59450.0,11953188
2021-04-14,VIC,59700.0,60750.0,58950.0,59000.0,8515026
2021-04-15,VIC,58800.0,59350.0,57650.0,57850.0,9650455
2021-04-16,VIC,57650.0,59150.0,57500.0,58200.0,6973007
2021-04-19,VIC,57950.0,58100.0,55100.0,55600.0,11280967
2021-04-20,VIC,55350.0,55400.0,53550.0,54600.0,7903137
2021-04-21,VIC,54700.0,54750.0,52950.0,53100.0,7473246
2021-04-22,VIC,52500.0,53500.0,52350.0,53300.0,7002342
2021-04-23,VIC,53250.0,54100.0,53200.0,53950.0,10406979
2021-04-26,VIC,54050.0,55400.0,53250.0,54800.0,10706090
2021-04-27,VIC,54500.0,54900.0,54400.0,54500.0,6458412
2021-04-28,VIC,54950.0,55000.0,53450.0,53500.0,9175445
2021-04-29,VIC,53350.0,55550.0,53350.0,55350.0,11514221
2021-04-30,VIC,55400.0,55450.0,53500.0,53950.0,11357355
2021-05-03,VIC,53650.0,53850.0,53150.0,53550.0,6213991
2021-05-04,VIC,53700.0,53750.0,52500.0,52850.0,8701638
2021-05-05,VIC,52900.0,53400.0,52000.0,52300.0,7160017
2021-05-06,VIC,52300.0,52300.0,50900.0,51500.0,9054069
2021-05-07,VIC,51350.0,52950.0,50950.0,52850.0,8197939
2021-05-10,VIC,52800.0,53050.0,50500.0,50700.0,10590752
2021-05-11,VIC,50550.0,51150.0,50050.0,50900.0,6643820
2021-05-12,VIC,50700.0,51100.0,49250.0,49700.0,10264774
2021-05-13,VIC,49650.0,49800.0,48700.0,49100.0,10903625
2021-05-14,VIC,48800.0,48800.0,47500.0,47900.0,8479211
2021-05-17,VIC,47850.0,48600.0,47650.0,48300.0,10499300
2021-05-18,VIC,48300.0,49400.0,48050.0,48950.0,11053991
2021-05-19,VIC,49100.0,50750.0,48700.0,50650.0,8891063
2021-05-20,VIC,50750.0,52100.0,50100.0,51850.0,10090195
2021-05-21,VIC,51750.0,51750.0,48900.0,49100.0,12140594
2021-05-24,VIC,49150.0,49550.0,48350.0,48400.0,9807796
2021-05-25,VIC,48400.0,49000.0,48350.0,48650.0,6046546
2021-05-26,VIC,48850.0,49150.0,48450.0,48650.0,9630577
2021-05-27,VIC,48700.0,50150.0,48000.0,49450.0,10331470
2021-05-28,VIC,49300.0,50850.0,49250.0,50600.0,7915666
2021-05-31,VIC,50400.0,50700.0,49250.0,49600.0,11533544
2021-06-01,VIC,49350.0,51200.0,48900.0,50650.0,12870079
2021-06-02,VIC,50550.0,50600.0,47950.0,48300.0,13162284
2021-06-03,VIC,48350.0,48750.0,47050.0,47150.0,7933126
2021-06-04,VIC,47450.0,47800.0,46150.0,46300.0,7797739
2021-06-07,VIC,46350.0,46350.0,45900.0,46050.0,9352976
2021-06-08,VIC,46200.0,47350.0,45900.0,46850.0,11204063
2021-06-09,VIC,46800.0,46950.0,45900.0,45900.0,8548986
2021-06-10,VIC,45500.0,46050.0,45400.0,45850.0,8783568
2021-06-11,VIC,45650.0,45850.0,45050.0,45300.0,6994709
2021-06-14,VIC,45350.0,46200.0,45100.0,45800.0,6437985
2021-06-15,VIC,45450.0,45550.0,44150.0,44300.0,11107169
2021-06-16,VIC,44350.0,44650.0,43900.0,44150.0,6461201
2021-06-17,VIC,44300.0,44650.0,44150.0,44550.0,9494656
2021-06-18,VIC,44700.0,45100.0,44300.0,44550.0,7212992
2021-06-21,VIC,44600.0,44650.0,43700.0,44350.0,8322108
2021-06-22,VIC,44350.0,44450.0,42000.0,42000.0,10497581
2021-06-23,VIC,41950.0,42050.0,41850.0,42050.0,5198963
2021-06-24,VIC,42250.0,42500.0,39550.0,40050.0,14418610
2021-06-25,VIC,40050.0,40700.0,39900.0,39900.0,8861540
2021-06-28,VIC,39750.0,40450.0,39700.0,39900.0,9424362
2021-06-29,VIC,39600.0,40950.0,39550.0,40650.0,10927189
2021-06-30,VIC,40550.0,41050.0,40250.0,41000.0,8492445
2021-07-01,VIC,41250.0,42850.0,41100.0,42750.0,11253879
2021-07-02,VIC,42550.0,43350.0,42050.0,43300.0,8043746
2021-07-05,VIC,43300.0,43450.0,42550.0,43350.0,8295408
2021-07-06,VIC,43350.0,43800.0,42850.0,42900.0,10686169
2021-07-07,VIC,43100.0,43850.0,42550.0,43500.0,9077378
2021-07-08,VIC,43450.0,43600.0,42650.0,42850.0,8780855
2021-07-09,VIC,42550.0,42750.0,41850.0,42000.0,10671667
2021-07-12,VIC,42100.0,43200.0,42050.0,43050.0,11184926
2021-07-13,VIC,43450.0,44150.0,43050.0,43900.0,7071679
2021-07-14,VIC,43900.0,44900.0,43850.0,44850.0,6366807
2021-07-15,VIC,44800.0,44900.0,43500.0,43500.0,9503863
2021-07-16,VIC,43250.0,45400.0,43150.0,45300.0,8774282
2021-07-19,VIC,45250.0,45650.0,44600.0,44650.0,6490575
2021-07-20,VIC,44600.0,44700.0,43700.0,44000.0,10071756
2021-07-21,VIC,44100.0,44100.0,43050.0,43100.0,7964924
2021-07-22,VIC,43000.0,44450.0,42750.0,44200.0,9052382
2021-07-23,VIC,44200.0,45700.0,44000.0,45150.0,7764877
2021-07-26,VIC,45250.0,46100.0,44950.0,45850.0,7674115
2021-07-27,VIC,45850.0,47500.0,45650.0,47250.0,9032163
2021-07-28,VIC,47150.0,48250.0,46900.0,48150.0,11059466
2021-07-29,VIC,48250.0,48650.0,46800.0,47200.0,11747920
2021-07-30,VIC,46700.0,49200.0,46650.0,49000.0,10656075
2021-08-02,VIC,49000.0,49050.0,48050.0,48750.0,10251016
2021-08-03,VIC,49000.0,49100.0,45900.0,46000.0,10934836
2021-08-04,VIC,45950.0,46400.0,45600.0,46100.0,8287322
2021-08-05,VIC,46150.0,47250.0,45800.0,46850.0,10513841
2021-08-06,VIC,46650.0,47400.0,46500.0,47150.0,9318477
2021-08-09,VIC,46900.0,48450.0,46500.0,48400.0,9693074
2021-08-10,VIC,48050.0,49200.0,47500.0,49050.0,10697927
2021-08-11,VIC,48850.0,49250.0,47950.0,48100.0,10627457
2021-08-12,VIC,48150.0,48600.0,47600.0,47950.0,9161277
2021-08-13,VIC,48350.0,48900.0,47950.0,48550.0,9486123
2021-08-16,VIC,48450.0,48700.0,48000.0,48100.0,8028036
2021-08-17,VIC,48050.0,48050.0,45650.0,45700.0,11209006
2021-08-18,VIC,45800.0,46750.0,45500.0,46600.0,10999335
2021-08-19,VIC,46650.0,46850.0,45650.0,46000.0,6748445
2021-08-20,VIC,46100.0,46600.0,45850.0,46600.0,7762266
2021-08-23,VIC,46650.0,46750.0,46100.0,46250.0,10101092
2021-08-24,VIC,46350.0,46550.0,44550.0,44550.0,9908014
2021-08-25,VIC,44750.0,44800.0,43200.0,43250.0,9397326
2021-08-26,VIC,43300.0,43350.0,42850.0,43250.0,8297215
2021-08-27,VIC,43300.0,45700.0,43100.0,45500.0,10766931
2021-08-30,VIC,45400.0,45600.0,44450.0,44800.0,10585293
2021-08-31,VIC,44800.0,46200.0,44600.0,46050.0,10252065
2021-09-01,VIC,46350.0,46550.0,44750.0,44900.0,11727934
2021-09-02,VIC,45100.0,45150.0,43000.0,43050.0,11860476
2021-09-03,VIC,43050.0,43050.0,42050.0,42350.0,11028449
2021-09-06,VIC,42450.0,43350.0,42300.0,43000.0,8136163
2021-09-07,VIC,43150.0,44450.0,42950.0,44100.0,10835961
2021-09-08,VIC,43900.0,44600.0,43650.0,44350.0,9056529
2021-09-09,VIC,44600.0,45350.0,44450.0,45300.0,6600699
2021-09-10,VIC,45300.0,46300.0,45050.0,46000.0,8670680
2021-09-13,VIC,46150.0,46250.0,44700.0,44900.0,11635188
2021-09-14,VIC,44850.0,44900.0,44000.0,44200.0,10778410
2021-09-15,VIC,44200.0,45950.0,44100.0,45950.0,9508451
2021-09-16,VIC,46350.0,47000.0,45850.0,46650.0,9259117
2021-09-17,VIC,46800.0,48400.0,46700.0,48200.0,9483138
2021-09-20,VIC,48350.0,48800.0,47400.0,47550.0,9481344
2021-09-21,VIC,47250.0,47800.0,46750.0,47400.0,7025707
2021-09-22,VIC,47250.0,48550.0,47200.0,48300.0,10761969
2021-09-23,VIC,48550.0,48800.0,48350.0,48550.0,5562754
2021-09-24,VIC,48500.0,48700.0,47800.0,47900.0,6161382
2021-09-27,VIC,47950.0,48350.0,46550.0,46750.0,8602429
2021-09-28,VIC,46700.0,46850.0,46050.0,46350.0,9296162
2021-09-29,VIC,46200.0,47200.0,46200.0,47050.0,7425418
2021-09-30,VIC,47150.0,47350.0,47100.0,47350.0,8192206
2021-10-01,VIC,47400.0,48750.0,46900.0,48550.0,10784085
2021-10-04,VIC,48350.0,50150.0,48050.0,49500.0,9100971
2021-10-05,VIC,49250.0,50100.0,49200.0,49950.0,7616986
2021-10-06,VIC,50150.0,50400.0,49350.0,49700.0,9056867
2021-10-07,VIC,49800.0,49800.0,47650.0,47700.0,12444906
2021-10-08,VIC,47650.0,47650.0,46800.0,47100.0,9019562
2021-10-11,VIC,46800.0,46800.0,46300.0,46550.0,5544302
2021-10-12,VIC,46500.0,46600.0,45750.0,45950.0,6653927
2021-10-13,VIC,45650.0,45950.0,43450.0,43550.0,12021392
2021-10-14,VIC,43700.0,45750.0,43350.0,45650.0,13327256
2021-10-15,VIC,45400.0,45500.0,43200.0,43400.0,11645227
2021-10-18,VIC,43550.0,43700.0,41800.0,41800.0,8863621
2021-10-19,VIC,41550.0,41600.0,39350.0,39750.0,10123119
2021-10-20,VIC,39700.0,40100.0,38400.0,38450.0,12859717
2021-10-21,VIC,38550.0,39200.0,38350.0,39200.0,6809367
2021-10-22,VIC,39050.0,39350.0,38850.0,39300.0,6801908
2021-10-25,VIC,39300.0,39800.0,39100.0,39700.0,7080832
2021-10-26,VIC,39800.0,40700.0,39600.0,40450.0,8459490
2021-10-27,VIC,40500.0,40550.0,40250.0,40350.0,7517314
2021-10-28,VIC,40300.0,40450.0,39900.0,40200.0,8971543
2021-10-29,VIC,40000.0,41000.0,39950.0,40950.0,7364959
2021-11-01,VIC,40800.0,40850.0,40750.0,40750.0,7992071
2021-11-02,VIC,40800.0,40950.0,40150.0,40550.0,7032542
2021-11-03,VIC,40550.0,40700.0,39650.0,40150.0,6658490
2021-11-04,VIC,39950.0,40050.0,39700.0,39950.0,9628061
2021-11-05,VIC,40150.0,40750.0,40100.0,40600.0,6775163
2021-11-08,VIC,40600.0,40750.0,40000.0,40200.0,8982790
2021-11-09,VIC,39900.0,40600.0,39900.0,40500.0,8982954
2021-11-10,VIC,40600.0,40900.0,40000.0,40350.0,10144482
2021-11-11,VIC,40400.0,41500.0,40150.0,41450.0,7145221
2021-11-12,VIC,41550.0,41600.0,40450.0,40700.0,10763183
2021-11-15,VIC,40700.0,41750.0,40450.0,41400.0,8044815
2021-11-16,VIC,41450.0,41900.0,40850.0,41100.0,7911394
2021-11-17,VIC,40900.0,41200.0,40800.0,40850.0,7915143
2021-11-18,VIC,40850.0,41000.0,40700.0,40950.0,9027764
2021-11-19,VIC,40800.0,40900.0,40350.0,40850.0,7079852
2021-11-22,VIC,41000.0,42250.0,40800.0,41850.0,10337820
2021-11-23,VIC,42150.0,43700.0,42000.0,43650.0,9181140
2021-11-24,VIC,43400.0,43600.0,41800.0,42050.0,12482201
2021-11-25,VIC,42200.0,44650.0,42200.0,44500.0,13917264
2021-11-26,VIC,44350.0,45500.0,44250.0,45100.0,8862128
2021-11-29,VIC,44950.0,47650.0,44900.0,47550.0,10074699
2021-11-30,VIC,47750.0,47900.0,46200.0,46500.0,10504848
2021-12-01,VIC,46150.0,46950.0,45950.0,46800.0,10470192
2021-12-02,VIC,46650.0,46850.0,46350.0,46550.0,8799260
2021-12-03,VIC,46200.0,46550.0,44200.0,45150.0,9868510
2021-12-06,VIC,45500.0,45900.0,45400.0,45900.0,6709809
2021-12-07,VIC,45850.0,47550.0,45450.0,47550.0,10880725
2021-12-08,VIC,47650.0,51200.0,47500.0,50600.0,13927811
2021-12-09,VIC,50750.0,51500.0,50650.0,51100.0,9629590
2021-12-10,VIC,51050.0,52100.0,50150.0,50350.0,12028389
2021-12-13,VIC,50700.0,51000.0,50000.0,50100.0,8433297
2021-12-14,VIC,50000.0,50100.0,48950.0,49000.0,7420237
2021-12-15,VIC,49050.0,50550.0,48850.0,50450.0,9360278
2021-12-16,VIC,50650.0,51150.0,49350.0,49500.0,8155540
2021-12-17,VIC,49300.0,49350.0,48000.0,48150.0,8733038
2021-12-20,VIC,47600.0,48300.0,47000.0,48050.0,10649844
2021-12-21,VIC,47900.0,49550.0,47400.0,49100.0,10446120
2021-12-22,VIC,49500.0,51000.0,49200.0,50850.0,10267585
2021-12-23,VIC,50750.0,51400.0,50250.0,51200.0,7087677
2021-12-24,VIC,51350.0,51450.0,49950.0,50100.0,8253693
2021-12-27,VIC,50100.0,50100.0,49050.0,49200.0,8334806
2021-12-28,VIC,49250.0,50500.0,49150.0,50200.0,7389695
2021-12-29,VIC,50450.0,50500.0,49450.0,49700.0,6293550
2021-12-30,VIC,49550.0,49700.0,48350.0,48700.0,11150669
2021-12-31,VIC,48750.0,49450.0,48750.0,49150.0,9648814
2022-01-03,VIC,49250.0,49650.0,47350.0,47350.0,12711896
2022-01-04,VIC,47350.0,47400.0,45650.0,45850.0,8369257
2022-01-05,VIC,45900.0,47850.0,45450.0,47800.0,12645237
2022-01-06,VIC,47700.0,48250.0,47650.0,48050.0,8770102
2022-01-07,VIC,47800.0,48250.0,47600.0,48200.0,8634339
2022-01-10,VIC,48000.0,48500.0,47900.0,48450.0,7421517
2022-01-11,VIC,49050.0,49150.0,47500.0,47600.0,10203492
2022-01-12,VIC,47600.0,47900.0,45950.0,46000.0,11982026
2022-01-13,VIC,46050.0,46100.0,44150.0,44550.0,12199715
2022-01-14,VIC,45000.0,45150.0,43850.0,43950.0,9570470
2022-01-17,VIC,44100.0,44350.0,43400.0,43650.0,7833899
2022-01-18,VIC,43700.0,43750.0,42550.0,43000.0,11337147
2022-01-19,VIC,43050.0,44050.0,42800.0,44000.0,9971079
2022-01-20,VIC,43700.0,43950.0,43650.0,43900.0,6415505
2022-01-21,VIC,43450.0,43700.0,42400.0,42700.0,8025726
2022-01-24,VIC,42700.0,42950.0,40450.0,40800.0,13995292
2022-01-25,VIC,40600.0,41050.0,38650.0,39000.0,14267442
2022-01-26,VIC,39150.0,39900.0,39050.0,39800.0,6598674
2022-01-27,VIC,39750.0,40150.0,39050.0,39200.0,6942912
2022-01-28,VIC,38900.0,40500.0,38550.0,40350.0,10471955
2022-01-31,VIC,40300.0,41050.0,40100.0,41000.0,9859810
2022-02-01,VIC,41150.0,42000.0,40900.0,41750.0,10372548
2022-02-02,VIC,41950.0,42500.0,41800.0,42350.0,5909548
2022-02-03,VIC,42450.0,42550.0,41650.0,41800.0,9227958
2022-02-04,VIC,42000.0,42100.0,40800.0,41100.0,7610423
2022-02-07,VIC,41100.0,41450.0,40750.0,41150.0,8853136
2022-02-08,VIC,41350.0,41450.0,41100.0,41200.0,6081531
2022-02-09,VIC,41300.0,42050.0,41200.0,41600.0,8889048
2022-02-10,VIC,41600.0,42350.0,41550.0,42250.0,6990439
2022-02-11,VIC,42400.0,42500.0,41850.0,41900.0,7060373
2022-02-14,VIC,41950.0,41950.0,40400.0,40500.0,7724421
2022-02-15,VIC,40400.0,40450.0,38950.0,39050.0,10245567
2022-02-16,VIC,38850.0,39150.0,38500.0,38900.0,8127399
2022-02-17,VIC,38900.0,39150.0,38150.0,38350.0,7848058
2022-02-18,VIC,38200.0,39600.0,38150.0,39550.0,8830558
2022-02-21,VIC,39650.0,40300.0,39400.0,39950.0,6955301
2022-02-22,VIC,40200.0,40350.0,39250.0,39700.0,7209329
2022-02-23,VIC,39700.0,40100.0,39100.0,39400.0,9242467
2022-02-24,VIC,39350.0,40000.0,39150.0,39200.0,10101687
2022-02-25,VIC,39100.0,39650.0,38800.0,39050.0,7614281
2022-02-28,VIC,39050.0,39550.0,38700.0,39500.0,8411774
2022-03-01,VIC,39250.0,39600.0,37750.0,38450.0,12273858
2022-03-02,VIC,38300.0,38400.0,37250.0,37500.0,8443834
2022-03-03,VIC,37500.0,38500.0,37400.0,38450.0,7438378
2022-03-04,VIC,38550.0,38800.0,37850.0,38250.0,10848308
2022-03-07,VIC,38350.0,39650.0,38250.0,39450.0,10402881
2022-03-08,VIC,39350.0,40100.0,39150.0,39950.0,9227087
2022-03-09,VIC,39900.0,40050.0,39750.0,40000.0,5545515
2022-03-10,VIC,40000.0,40000.0,38750.0,38800.0,10135975
2022-03-11,VIC,38900.0,41500.0,38800.0,41500.0,13897630
2022-03-14,VIC,41650.0,41850.0,39150.0,39300.0,13498535
2022-03-15,VIC,39300.0,39400.0,39250.0,39350.0,5620467
2022-03-16,VIC,39300.0,40800.0,39050.0,40550.0,8334619
2022-03-17,VIC,40450.0,40450.0,39600.0,39750.0,9630482
2022-03-18,VIC,39800.0,41250.0,39400.0,41150.0,10892264
2022-03-21,VIC,41100.0,41900.0,41000.0,41750.0,6210971
2022-03-22,VIC,41600.0,42850.0,41450.0,42850.0,11531124
2022-03-23,VIC,42900.0,43200.0,41750.0,42100.0,11422662
2022-03-24,VIC,42250.0,42600.0,41350.0,41450.0,9878122
2022-03-25,VIC,41300.0,41350.0,41150.0,41350.0,9154624
2022-03-28,VIC,41150.0,42200.0,41050.0,41900.0,9272855
2022-03-29,VIC,41700.0,42200.0,41000.0,41000.0,7507036
2022-03-30,VIC,41100.0,41200.0,39750.0,39950.0,9252650
2022-03-31,VIC,39900.0,39900.0,39550.0,39550.0,9433685
2022-04-01,VIC,39650.0,39750.0,37950.0,38050.0,8942639
2022-04-04,VIC,38050.0,39150.0,38000.0,38950.0,8982812
2022-04-05,VIC,39250.0,40100.0,39100.0,39650.0,10432922
2022-04-06,VIC,39450.0,39600.0,38050.0,38350.0,9327410
2022-04-07,VIC,38400.0,39500.0,38250.0,39200.0,10213721
2022-04-08,VIC,39400.0,39500.0,38200.0,38500.0,10899927
2022-04-11,VIC,38450.0,39300.0,38250.0,39250.0,6784027
2022-04-12,VIC,39350.0,39800.0,39300.0,39650.0,8123712
2022-04-13,VIC,40100.0,40400.0,39700.0,39750.0,8921271
2022-04-14,VIC,39750.0,40000.0,39000.0,39000.0,6902310
2022-04-15,VIC,39150.0,39650.0,39150.0,39250.0,7847245
2022-04-18,VIC,39200.0,40500.0,39000.0,40350.0,12135368
2022-04-19,VIC,40400.0,40700.0,40300.0,40450.0,5703308
2022-04-20,VIC,40450.0,40800.0,39100.0,39350.0,9071364
2022-04-21,VIC,39350.0,39350.0,38900.0,39150.0,6363505
2022-04-22,VIC,39100.0,39600.0,39000.0,39450.0,6156981
2022-04-25,VIC,39200.0,41250.0,39200.0,41000.0,10128017
2022-04-26,VIC,40950.0,41000.0,40600.0,40750.0,8280435
2022-04-27,VIC,40950.0,41050.0,39350.0,39550.0,10839382
2022-04-28,VIC,39300.0,40950.0,39200.0,40850.0,12668649
2022-04-29,VIC,40900.0,42200.0,40500.0,41850.0,11423022
2022-05-02,VIC,41900.0,42300.0,41800.0,42200.0,6178324
2022-05-03,VIC,42550.0,43000.0,42450.0,42750.0,6001225
2022-05-04,VIC,42900.0,43000.0,41250.0,41550.0,10818652
2022-05-05,VIC,41650.0,41750.0,40200.0,40250.0,8780494
2022-05-06,VIC,40200.0,40250.0,39850.0,40050.0,7489284
2022-05-09,VIC,40150.0,40150.0,39250.0,39500.0,10089243
2022-05-10,VIC,39500.0,40400.0,39150.0,40250.0,9632486
2022-05-11,VIC,40200.0,40250.0,38500.0,38600.0,12324258
2022-05-12,VIC,38700.0,38800.0,38000.0,38050.0,10280632
2022-05-13,VIC,37900.0,38450.0,37800.0,38300.0,9743752
2022-05-16,VIC,38550.0,38650.0,37600.0,37700.0,8172233
2022-05-17,VIC,37600.0,37650.0,36850.0,37250.0,8425682
2022-05-18,VIC,37150.0,38150.0,36750.0,37950.0,11927715
2022-05-19,VIC,37950.0,38300.0,37150.0,37650.0,11193726
2022-05-20,VIC,37450.0,37500.0,36850.0,37200.0,9230355
2022-05-23,VIC,37150.0,37700.0,37000.0,37500.0,9269246
2022-05-24,VIC,37650.0,38200.0,37550.0,37650.0,8001141
2022-05-25,VIC,37700.0,37950.0,36250.0,36400.0,9075899
2022-05-26,VIC,36450.0,36600.0,35950.0,36150.0,7684226
2022-05-27,VIC,36200.0,37450.0,35900.0,36850.0,11148363
2022-05-30,VIC,36700.0,37450.0,36700.0,37200.0,6025170
2022-05-31,VIC,37150.0,37500.0,37100.0,37400.0,9699535
2022-06-01,VIC,37400.0,37650.0,37000.0,37150.0,6157126
2022-06-02,VIC,37350.0,37700.0,36500.0,36800.0,11055652
2022-06-03,VIC,37050.0,37050.0,36250.0,36500.0,10947682
2022-06-06,VIC,36350.0,36450.0,35650.0,35850.0,8454263
2022-06-07,VIC,35650.0,36700.0,35600.0,36550.0,9973641
2022-06-08,VIC,36550.0,36800.0,35900.0,36200.0,8270939
2022-06-09,VIC,36350.0,36450.0,34950.0,35150.0,8277721
2022-06-10,VIC,35250.0,35350.0,34550.0,34650.0,10458139
2022-06-13,VIC,34750.0,35800.0,34700.0,35800.0,7698087
2022-06-14,VIC,35650.0,35750.0,35450.0,35700.0,8286786
2022-06-15,VIC,36100.0,36200.0,35550.0,35600.0,7917965
2022-06-16,VIC,35600.0,36850.0,35450.0,36550.0,8522902
2022-06-17,VIC,36700.0,36850.0,36450.0,36750.0,8925052
2022-06-20,VIC,36700.0,37950.0,36550.0,37850.0,9946929
2022-06-21,VIC,37800.0,37950.0,37400.0,37650.0,5682845
2022-06-22,VIC,37750.0,37850.0,36950.0,36950.0,10766356
2022-06-23,VIC,36950.0,38100.0,36550.0,37950.0,10376527
2022-06-24,VIC,37950.0,38350.0,37950.0,38300.0,5762294
2022-06-27,VIC,38400.0,38450.0,36000.0,36400.0,14233004
2022-06-28,VIC,36400.0,36450.0,35600.0,35750.0,7470108
2022-06-29,VIC,36100.0,36400.0,33300.0,33550.0,13035758
2022-06-30,VIC,33700.0,33750.0,32750.0,32850.0,10461739
2022-07-01,VIC,32850.0,33000.0,32150.0,32250.0,10331967
2022-07-04,VIC,32150.0,32400.0,31950.0,32100.0,6398319
2022-07-05,VIC,32000.0,32100.0,31700.0,31700.0,8433892
2022-07-06,VIC,31800.0,32850.0,31500.0,32450.0,12222293
2022-07-07,VIC,32350.0,33400.0,32300.0,33200.0,8837895
2022-07-08,VIC,33250.0,33350.0,32800.0,32950.0,8151904
2022-07-11,VIC,32900.0,33100.0,32700.0,33000.0,8310416
2022-07-12,VIC,33100.0,34450.0,33050.0,34150.0,12275739
2022-07-13,VIC,34100.0,34200.0,34050.0,34100.0,8387688
2022-07-14,VIC,34200.0,34300.0,33500.0,33550.0,9346657
2022-07-15,VIC,33600.0,33750.0,33500.0,33700.0,6861798
2022-07-18,VIC,33700.0,33750.0,32400.0,32650.0,10001179
2022-07-19,VIC,32650.0,33850.0,32250.0,33650.0,11587335
2022-07-20,VIC,33800.0,33800.0,33500.0,33550.0,6382149
2022-07-21,VIC,33200.0,33800.0,32900.0,33500.0,7067130
2022-07-22,VIC,33350.0,33500.0,32750.0,32800.0,8180229
2022-07-25,VIC,32650.0,32700.0,32500.0,32500.0,9538908
2022-07-26,VIC,32400.0,32600.0,31950.0,31950.0,7289239
2022-07-27,VIC,32000.0,32750.0,31850.0,32700.0,9633343
2022-07-28,VIC,32800.0,33050.0,32600.0,32600.0,8025805
2022-07-29,VIC,32500.0,32900.0,32300.0,32650.0,7521476
2022-08-01,VIC,32650.0,32700.0,31700.0,31700.0,11159944
2022-08-02,VIC,31750.0,32850.0,31650.0,32800.0,7604362
2022-08-03,VIC,33000.0,33100.0,32750.0,33100.0,8461082
2022-08-04,VIC,33250.0,33400.0,32300.0,32400.0,7674396
2022-08-05,VIC,32150.0,32200.0,31550.0,31650.0,6253719
2022-08-08,VIC,31600.0,31750.0,30500.0,30500.0,10796468
2022-08-09,VIC,30650.0,31850.0,30650.0,31800.0,10010371
2022-08-10,VIC,31800.0,32150.0,31800.0,31850.0,7356784
2022-08-11,VIC,31800.0,32200.0,31600.0,31700.0,6869390
2022-08-12,VIC,31700.0,31700.0,30700.0,30700.0,8598857
2022-08-15,VIC,30750.0,30850.0,29700.0,29750.0,9251271
2022-08-16,VIC,29900.0,30350.0,29600.0,30250.0,10363761
2022-08-17,VIC,30200.0,30400.0,29900.0,30150.0,5977258
2022-08-18,VIC,30150.0,30650.0,30000.0,30600.0,10453787
2022-08-19,VIC,30650.0,30900.0,30350.0,30400.0,8445213
2022-08-22,VIC,30450.0,30450.0,29150.0,29450.0,9530159
2022-08-23,VIC,29400.0,29550.0,29100.0,29450.0,6933954
2022-08-24,VIC,29550.0,29750.0,28600.0,29000.0,11975895
2022-08-25,VIC,29000.0,29550.0,28900.0,29250.0,10851550
2022-08-26,VIC,29350.0,29400.0,29250.0,29350.0,5811510
2022-08-29,VIC,29400.0,30900.0,29300.0,30700.0,11005670
2022-08-30,VIC,30500.0,30700.0,30100.0,30300.0,10323286
2022-08-31,VIC,30250.0,31750.0,30250.0,31450.0,9845159
2022-09-01,VIC,31550.0,31750.0,30950.0,30950.0,9331497
2022-09-02,VIC,30900.0,31050.0,30000.0,30300.0,7990299
2022-09-05,VIC,30100.0,30200.0,29350.0,29500.0,7476494
2022-09-06,VIC,29550.0,30450.0,29500.0,30250.0,7080720
2022-09-07,VIC,30350.0,30600.0,29900.0,29900.0,9325810
2022-09-08,VIC,29900.0,30150.0,28950.0,29150.0,10625876
2022-09-09,VIC,29350.0,29450.0,28000.0,28350.0,12602710
2022-09-12,VIC,28550.0,28700.0,27900.0,28100.0,8485525
2022-09-13,VIC,28100.0,28500.0,27800.0,28300.0,7885019
2022-09-14,VIC,28200.0,29200.0,28200.0,29000.0,8645598
2022-09-15,VIC,29050.0,29200.0,27800.0,27900.0,11477612
2022-09-16,VIC,27850.0,28050.0,27100.0,27250.0,11768882
2022-09-19,VIC,27250.0,28200.0,27200.0,28100.0,7870949
2022-09-20,VIC,28200.0,28400.0,27100.0,27100.0,12152388
2022-09-21,VIC,26950.0,27250.0,26750.0,27200.0,7693607
2022-09-22,VIC,27300.0,28150.0,27050.0,27950.0,11013862
2022-09-23,VIC,27700.0,28850.0,27550.0,28700.0,10985309
2022-09-26,VIC,28700.0,28750.0,28500.0,28600.0,9722002
2022-09-27,VIC,28650.0,28800.0,28150.0,28400.0,8283495
2022-09-28,VIC,28450.0,28700.0,28100.0,28250.0,6831046
2022-09-29,VIC,28400.0,29050.0,28350.0,29050.0,9622660
2022-09-30,VIC,29200.0,29550.0,28900.0,28950.0,9036036
2022-10-03,VIC,28950.0,29500.0,28950.0,29150.0,7936721
2022-10-04,VIC,29100.0,30350.0,29050.0,30200.0,8551356
2022-10-05,VIC,30400.0,30450.0,29450.0,29500.0,9093916
2022-10-06,VIC,29700.0,30000.0,28750.0,28800.0,10542479
2022-10-07,VIC,28950.0,30200.0,28950.0,30150.0,8819258
2022-10-10,VIC,30100.0,30550.0,29950.0,30450.0,10474887
2022-10-11,VIC,30450.0,31600.0,30200.0,31400.0,11515648
2022-10-12,VIC,31450.0,31550.0,30950.0,31200.0,6580170
2022-10-13,VIC,31250.0,31550.0,30900.0,31300.0,8452230
2022-10-14,VIC,31400.0,31550.0,31300.0,31450.0,5343700
2022-10-17,VIC,31500.0,32000.0,31250.0,31300.0,7948140
2022-10-18,VIC,31050.0,31300.0,30200.0,30300.0,11375233
2022-10-19,VIC,30450.0,30550.0,29750.0,29900.0,8897851
2022-10-20,VIC,30000.0,30150.0,29800.0,29800.0,6340094
2022-10-21,VIC,29700.0,30800.0,29450.0,30650.0,11640333
2022-10-24,VIC,30550.0,31900.0,30350.0,31850.0,8611407
2022-10-25,VIC,31800.0,32650.0,31600.0,32400.0,8545871
2022-10-26,VIC,32350.0,32750.0,32250.0,32550.0,6701471
2022-10-27,VIC,32500.0,32950.0,32250.0,32750.0,8537828
2022-10-28,VIC,32750.0,32900.0,31000.0,31150.0,10637864
2022-10-31,VIC,31150.0,31600.0,30950.0,31550.0,9237862
2022-11-01,VIC,31600.0,32450.0,31500.0,31950.0,8408753
2022-11-02,VIC,31950.0,32650.0,31900.0,32450.0,6812733
2022-11-03,VIC,32600.0,32600.0,32350.0,32400.0,8484231
2022-11-04,VIC,32100.0,33300.0,32100.0,33200.0,9269570
2022-11-07,VIC,33050.0,35200.0,32900.0,35150.0,11522185
2022-11-08,VIC,35250.0,35500.0,34950.0,35150.0,7877788
2022-11-09,VIC,35350.0,35750.0,33750.0,33800.0,12493637
2022-11-10,VIC,33700.0,34100.0,33550.0,33900.0,5915283
2022-11-11,VIC,33750.0,33850.0,33200.0,33350.0,9201910
2022-11-14,VIC,33200.0,33750.0,32800.0,33150.0,9001614
2022-11-15,VIC,32950.0,33300.0,32700.0,33100.0,8659051
2022-11-16,VIC,33150.0,33550.0,33150.0,33550.0,7342247
2022-11-17,VIC,33500.0,33600.0,33100.0,33350.0,9253192
2022-11-18,VIC,33150.0,34100.0,32750.0,34050.0,10502612
2022-11-21,VIC,33950.0,34350.0,33450.0,33650.0,6635623
2022-11-22,VIC,33700.0,34900.0,33550.0,34900.0,12109531
2022-11-23,VIC,35150.0,35550.0,34150.0,34200.0,10530103
2022-11-24,VIC,34150.0,35300.0,34100.0,35050.0,7616902
2022-11-25,VIC,34950.0,35150.0,34300.0,34400.0,6548539
2022-11-28,VIC,34400.0,34500.0,32950.0,33000.0,12121708
2022-11-29,VIC,32800.0,34000.0,32650.0,33750.0,9146197
2022-11-30,VIC,33700.0,34650.0,33450.0,34550.0,11706666
2022-12-01,VIC,34750.0,35750.0,34650.0,35450.0,10166586
2022-12-02,VIC,35200.0,37150.0,34950.0,37100.0,12635228
2022-12-05,VIC,37200.0,37450.0,37000.0,37000.0,6210117
2022-12-06,VIC,36950.0,37250.0,36400.0,36450.0,7671943
2022-12-07,VIC,36650.0,36650.0,35950.0,36050.0,7702250
2022-12-08,VIC,35850.0,36050.0,35050.0,35100.0,7919052
2022-12-09,VIC,35150.0,35350.0,34000.0,34100.0,11448616
2022-12-12,VIC,34150.0,34300.0,33750.0,33800.0,10147358
2022-12-13,VIC,33950.0,34350.0,33900.0,34200.0,7434012
2022-12-14,VIC,34350.0,34450.0,33800.0,34200.0,10061551
2022-12-15,VIC,34200.0,34300.0,33950.0,34250.0,8959949
2022-12-16,VIC,34200.0,34500.0,34100.0,34250.0,7650129
2022-12-19,VIC,34200.0,34250.0,33400.0,33600.0,11018736
2022-12-20,VIC,33450.0,34000.0,33400.0,33900.0,6073880
2022-12-21,VIC,33800.0,33850.0,33100.0,33300.0,6250933
2022-12-22,VIC,33300.0,33400.0,31800.0,31850.0,12922389
2022-12-23,VIC,31750.0,31850.0,31750.0,31750.0,4519247
2022-12-26,VIC,31500.0,31850.0,31300.0,31650.0,6178443
2022-12-27,VIC,31600.0,31800.0,31550.0,31650.0,6351807
2022-12-28,VIC,31600.0,32000.0,30500.0,30750.0,12659254
2022-12-29,VIC,30600.0,30700.0,30400.0,30500.0,6313966
2022-12-30,VIC,30500.0,30850.0,30250.0,30750.0,9609095
2023-01-02,VIC,30700.0,30700.0,29350.0,29450.0,9288812
2023-01-03,VIC,29600.0,30450.0,29550.0,30100.0,10534461
2023-01-04,VIC,30100.0,30250.0,29950.0,30200.0,7461724
2023-01-05,VIC,30300.0,30400.0,29400.0,29450.0,9732930
2023-01-06,VIC,29600.0,29650.0,28300.0,28550.0,13101628
2023-01-09,VIC,28600.0,28850.0,28450.0,28550.0,8635965
2023-01-10,VIC,28600.0,28700.0,27650.0,27850.0,11422606
2023-01-11,VIC,27950.0,28050.0,27700.0,27700.0,10093324
2023-01-12,VIC,27550.0,27850.0,27500.0,27700.0,7225675
2023-01-13,VIC,28050.0,28750.0,27950.0,28600.0,6905679
2023-01-16,VIC,28500.0,29100.0,28450.0,29000.0,9948459
2023-01-17,VIC,29050.0,29550.0,29050.0,29400.0,8026070
2023-01-18,VIC,29500.0,30250.0,29300.0,30150.0,10210355
2023-01-19,VIC,30150.0,30300.0,29700.0,29850.0,8044593
2023-01-20,VIC,29700.0,31850.0,29600.0,31800.0,13801805
2023-01-23,VIC,31800.0,32450.0,31800.0,32350.0,6381331
2023-01-24,VIC,32300.0,32750.0,31550.0,31700.0,10665921
2023-01-25,VIC,31950.0,32000.0,30950.0,31050.0,11683299
2023-01-26,VIC,31250.0,32150.0,31050.0,31800.0,10807634
2023-01-27,VIC,31700.0,32950.0,31550.0,32850.0,8290850
2023-01-30,VIC,33050.0,33300.0,33000.0,33200.0,5801759
2023-01-31,VIC,33250.0,33600.0,33150.0,33600.0,8904419
2023-02-01,VIC,33600.0,33850.0,33500.0,33750.0,5509292
2023-02-02,VIC,33850.0,34300.0,33500.0,34300.0,7008198
2023-02-03,VIC,34550.0,34700.0,34050.0,34200.0,9915496
2023-02-06,VIC,34150.0,34300.0,33300.0,33450.0,7069222
2023-02-07,VIC,33450.0,34000.0,33250.0,33950.0,6197273
2023-02-08,VIC,33750.0,35250.0,33750.0,35050.0,12465189
2023-02-09,VIC,35000.0,35100.0,34900.0,35100.0,5392110
2023-02-10,VIC,35200.0,35800.0,35200.0,35800.0,6070381
2023-02-13,VIC,35800.0,36200.0,34600.0,34800.0,10973170
2023-02-14,VIC,34600.0,36650.0,34400.0,36150.0,13245222
2023-02-15,VIC,36200.0,36400.0,35400.0,35550.0,9528532
2023-02-16,VIC,35200.0,35600.0,33350.0,33600.0,14963191
2023-02-17,VIC,33400.0,35550.0,33350.0,35500.0,13260614
2023-02-20,VIC,35600.0,37250.0,35250.0,36950.0,11859896
2023-02-21,VIC,37200.0,38450.0,37100.0,38350.0,11185140
2023-02-22,VIC,38450.0,38600.0,37500.0,37600.0,9052262
2023-02-23,VIC,37900.0,38000.0,37400.0,37450.0,8583966
2023-02-24,VIC,37300.0,37800.0,37200.0,37350.0,8790744
2023-02-27,VIC,37400.0,37450.0,36350.0,36750.0,9983280
2023-02-28,VIC,36650.0,36850.0,36300.0,36500.0,6669278
2023-03-01,VIC,36500.0,37100.0,36300.0,36850.0,7957246
2023-03-02,VIC,36800.0,38350.0,36550.0,38250.0,9599678
2023-03-03,VIC,38200.0,39700.0,38050.0,39600.0,8235515
2023-03-06,VIC,39500.0,39650.0,39250.0,39400.0,7767758
2023-03-07,VIC,39600.0,39850.0,38300.0,38400.0,9512784
2023-03-08,VIC,38400.0,38500.0,36300.0,36400.0,12609444
2023-03-09,VIC,36450.0,36650.0,36200.0,36600.0,9023066
2023-03-10,VIC,36700.0,37300.0,36650.0,37050.0,9000399
2023-03-13,VIC,37050.0,37050.0,36500.0,36500.0,8767110
2023-03-14,VIC,36600.0,36750.0,36450.0,36700.0,8699225
2023-03-15,VIC,36700.0,38600.0,36650.0,38500.0,12516333
2023-03-16,VIC,38200.0,39200.0,38000.0,39050.0,10450232
2023-03-17,VIC,39050.0,39200.0,39000.0,39100.0,5510347
2023-03-20,VIC,38950.0,39200.0,38950.0,39050.0,7452641
2023-03-21,VIC,38900.0,39050.0,38550.0,38850.0,6452816
2023-03-22,VIC,39000.0,40000.0,38750.0,39700.0,7156912
2023-03-23,VIC,39900.0,40050.0,39300.0,39300.0,10263274
2023-03-24,VIC,39250.0,40100.0,39050.0,40100.0,10192858
2023-03-27,VIC,40200.0,41100.0,40050.0,41050.0,8038576
2023-03-28,VIC,41100.0,41150.0,40050.0,40300.0,11021644
2023-03-29,VIC,40300.0,40900.0,39650.0,39800.0,7821320
2023-03-30,VIC,39700.0,39700.0,39550.0,39600.0,5748485
2023-03-31,VIC,39450.0,40800.0,39400.0,40750.0,12047850
2023-04-03,VIC,40650.0,41650.0,40600.0,41300.0,11105101
2023-04-04,VIC,41100.0,42000.0,40850.0,41750.0,10403480
2023-04-05,VIC,41800.0,45050.0,41750.0,44200.0,14367201
2023-04-06,VIC,44400.0,46200.0,44150.0,45950.0,8227250
2023-04-07,VIC,46300.0,46650.0,45550.0,45950.0,8974116
2023-04-10,VIC,45950.0,46950.0,45800.0,46950.0,10185402
2023-04-11,VIC,47000.0,47700.0,46900.0,47500.0,6978392
2023-04-12,VIC,47500.0,47750.0,46450.0,46550.0,7227133
2023-04-13,VIC,46850.0,47050.0,45950.0,46550.0,6924005
2023-04-14,VIC,46500.0,47450.0,46300.0,47250.0,6828699
2023-04-17,VIC,47100.0,47550.0,45050.0,45350.0,13656990
2023-04-18,VIC,45400.0,45550.0,44800.0,45100.0,8907341
2023-04-19,VIC,44850.0,45000.0,44350.0,44500.0,6739481
2023-04-20,VIC,44450.0,44700.0,44000.0,44200.0,6453833
2023-04-21,VIC,44400.0,44650.0,44300.0,44500.0,6711194
2023-04-24,VIC,44250.0,44500.0,43150.0,43450.0,11724870
2023-04-25,VIC,43050.0,43200.0,40900.0,41100.0,10259561
2023-04-26,VIC,41250.0,41450.0,41150.0,41250.0,8118818
2023-04-27,VIC,41000.0,42650.0,40750.0,42500.0,9360214
2023-04-28,VIC,42650.0,42850.0,41800.0,41950.0,7599161
2023-05-01,VIC,42100.0,44000.0,41950.0,43850.0,11971963
2023-05-02,VIC,44000.0,44250.0,43600.0,44050.0,8679574
2023-05-03,VIC,43950.0,44500.0,43850.0,44250.0,8212081
2023-05-04,VIC,44600.0,44750.0,42600.0,42900.0,10461120
2023-05-05,VIC,43200.0,43450.0,43000.0,43450.0,7908726
2023-05-08,VIC,43450.0,44400.0,43300.0,44100.0,10867739
2023-05-09,VIC,44050.0,45000.0,44000.0,44950.0,9433616
2023-05-10,VIC,45050.0,45100.0,43250.0,43400.0,10442337
2023-05-11,VIC,43400.0,43950.0,43300.0,43850.0,9053416
2023-05-12,VIC,43950.0,44300.0,43600.0,43650.0,9533399
2023-05-15,VIC,43400.0,43750.0,42850.0,42850.0,8962907
2023-05-16,VIC,42750.0,43550.0,42250.0,43450.0,10911324
2023-05-17,VIC,43650.0,43750.0,43200.0,43450.0,9091583
2023-05-18,VIC,43450.0,43700.0,43200.0,43250.0,9090051
2023-05-19,VIC,43350.0,43800.0,43150.0,43300.0,8613700
2023-05-22,VIC,43300.0,43450.0,42650.0,43200.0,6882426
2023-05-23,VIC,43150.0,45150.0,42950.0,45150.0,10312239
2023-05-24,VIC,45300.0,45500.0,44950.0,45100.0,8321384
2023-05-25,VIC,45300.0,45400.0,44100.0,44150.0,7934537
2023-05-26,VIC,43950.0,45200.0,43750.0,45150.0,10181859
2023-05-29,VIC,44950.0,46650.0,44750.0,46600.0,8980949
2023-05-30,VIC,46700.0,46900.0,45750.0,45950.0,7000590
2023-05-31,VIC,45950.0,46100.0,45400.0,45950.0,9473439
2023-06-01,VIC,45750.0,46450.0,45750.0,46050.0,10353230
2023-06-02,VIC,46100.0,47100.0,45650.0,47000.0,7590441
2023-06-05,VIC,47250.0,47500.0,45450.0,45450.0,9928049
2023-06-06,VIC,45450.0,48350.0,45000.0,47900.0,13337545
2023-06-07,VIC,48000.0,48550.0,46700.0,46750.0,10580720
2023-06-08,VIC,46500.0,48600.0,46500.0,48300.0,12848167
2023-06-09,VIC,48200.0,49300.0,47700.0,48950.0,8902469
2023-06-12,VIC,49250.0,49250.0,48300.0,48600.0,6610361
2023-06-13,VIC,48800.0,48800.0,48350.0,48400.0,6934864
2023-06-14,VIC,48350.0,48400.0,46850.0,46950.0,10518370
2023-06-15,VIC,47000.0,47750.0,47000.0,47450.0,8186957
2023-06-16,VIC,46950.0,48050.0,46700.0,48050.0,9933157
2023-06-19,VIC,47950.0,48350.0,47900.0,48200.0,5600382
2023-06-20,VIC,48150.0,48150.0,46450.0,46550.0,9406314
2023-06-21,VIC,46500.0,48100.0,46500.0,47700.0,11003920
2023-06-22,VIC,48200.0,48650.0,46400.0,46750.0,9272517
2023-06-23,VIC,46700.0,47900.0,46650.0,47650.0,7514991
2023-06-26,VIC,47550.0,48100.0,44750.0,45150.0,14179269
2023-06-27,VIC,45150.0,45200.0,43500.0,44000.0,9646256
2023-06-28,VIC,43800.0,44450.0,43600.0,44300.0,6745267
2023-06-29,VIC,44200.0,44850.0,43750.0,44500.0,9232850
2023-06-30,VIC,44600.0,45400.0,44350.0,44600.0,9852969
2023-07-03,VIC,44450.0,44800.0,43450.0,43800.0,10251958
2023-07-04,VIC,44000.0,44000.0,43950.0,43950.0,5798032
2023-07-05,VIC,44100.0,46850.0,44100.0,46550.0,9585554
2023-07-06,VIC,46450.0,47600.0,46250.0,47350.0,9266772
2023-07-07,VIC,47500.0,49650.0,47250.0,49150.0,8601774
2023-07-10,VIC,49300.0,49550.0,48700.0,49050.0,6931099
2023-07-11,VIC,49100.0,49150.0,47300.0,47800.0,7823725
2023-07-12,VIC,47900.0,48600.0,46650.0,47150.0,9964260
2023-07-13,VIC,47150.0,47950.0,47000.0,47650.0,10281721
2023-07-14,VIC,47600.0,47850.0,47200.0,47300.0,8347447
2023-07-17,VIC,47100.0,47400.0,46650.0,47100.0,10250071
2023-07-18,VIC,47250.0,47500.0,47050.0,47200.0,8856274
2023-07-19,VIC,47250.0,47350.0,43850.0,44000.0,11442576
2023-07-20,VIC,43750.0,43800.0,42700.0,43000.0,6853023
2023-07-21,VIC,42850.0,42900.0,42400.0,42550.0,9039880
2023-07-24,VIC,42600.0,42850.0,41550.0,41750.0,11130040
2023-07-25,VIC,41700.0,42300.0,41450.0,42200.0,9631211
2023-07-26,VIC,42200.0,44450.0,42150.0,44450.0,11631084
2023-07-27,VIC,44250.0,44250.0,43250.0,43750.0,11039859
2023-07-28,VIC,43550.0,44200.0,43150.0,44150.0,9327932
2023-07-31,VIC,44250.0,45150.0,44050.0,45050.0,7773559
2023-08-01,VIC,45200.0,45550.0,43500.0,43650.0,9580280
2023-08-02,VIC,43900.0,45050.0,43850.0,44850.0,7431775
2023-08-03,VIC,44900.0,45350.0,44200.0,44200.0,10021814
2023-08-04,VIC,44000.0,44350.0,43900.0,44300.0,5290520
2023-08-07,VIC,44250.0,45000.0,44150.0,44900.0,6606825
2023-08-08,VIC,44800.0,45000.0,43700.0,43750.0,11611935
2023-08-09,VIC,43850.0,45000.0,43350.0,44700.0,8640645
2023-08-10,VIC,44650.0,45900.0,44550.0,45550.0,8458553
2023-08-11,VIC,45700.0,46600.0,45550.0,46400.0,7069257
2023-08-14,VIC,46400.0,46450.0,45550.0,45950.0,10075260
2023-08-15,VIC,46100.0,46250.0,45500.0,46100.0,8947361
2023-08-16,VIC,46150.0,46650.0,46100.0,46650.0,8055841
2023-08-17,VIC,46300.0,47100.0,45950.0,47000.0,8060171
2023-08-18,VIC,47000.0,47400.0,46150.0,46550.0,10287498
2023-08-21,VIC,46500.0,47100.0,46250.0,46900.0,9192730
2023-08-22,VIC,47200.0,47250.0,46850.0,46900.0,6839698
2023-08-23,VIC,46850.0,48100.0,46750.0,48000.0,8107707
2023-08-24,VIC,48050.0,48100.0,47450.0,47550.0,9804012
2023-08-25,VIC,47600.0,49050.0,47450.0,49000.0,11126917
2023-08-28,VIC,49050.0,49250.0,48800.0,49000.0,9083543
2023-08-29,VIC,49150.0,49200.0,48000.0,48050.0,10259975
2023-08-30,VIC,48250.0,48500.0,47150.0,47350.0,8950338
2023-08-31,VIC,47450.0,47500.0,45850.0,46000.0,10226126
2023-09-01,VIC,46000.0,46250.0,44600.0,44600.0,9190792
2023-09-04,VIC,45050.0,45300.0,42850.0,42900.0,10342258
2023-09-05,VIC,42700.0,43050.0,41200.0,41250.0,8928454
2023-09-06,VIC,41750.0,41900.0,40550.0,40600.0,10891368
2023-09-07,VIC,40150.0,40400.0,39350.0,39550.0,10360947
2023-09-08,VIC,39400.0,39950.0,37600.0,38000.0,12850580
2023-09-11,VIC,37800.0,39150.0,37750.0,39100.0,7450777
2023-09-12,VIC,39200.0,40250.0,39000.0,40150.0,11122211
2023-09-13,VIC,40100.0,41750.0,39800.0,41500.0,12304625
2023-09-14,VIC,41550.0,42100.0,41450.0,42000.0,8581786
2023-09-15,VIC,42000.0,42400.0,41350.0,41550.0,10903676
2023-09-18,VIC,41550.0,43300.0,41550.0,42700.0,9313001
2023-09-19,VIC,42600.0,43650.0,42450.0,43450.0,9837669
2023-09-20,VIC,43800.0,44550.0,43450.0,44250.0,10647442
2023-09-21,VIC,44550.0,44850.0,44250.0,44750.0,9710363
2023-09-22,VIC,44800.0,45500.0,43350.0,43400.0,11459868
2023-09-25,VIC,43500.0,43750.0,43100.0,43150.0,7464432
2023-09-26,VIC,43350.0,44500.0,43250.0,44200.0,11008915
2023-09-27,VIC,44200.0,44950.0,43600.0,44550.0,7248606
2023-09-28,VIC,44300.0,45300.0,44200.0,45300.0,10977638
2023-09-29,VIC,44950.0,45000.0,43550.0,43600.0,7912384
2023-10-02,VIC,43600.0,43850.0,43600.0,43850.0,8825557
2023-10-03,VIC,43600.0,44650.0,43250.0,44600.0,9140014
2023-10-04,VIC,44500.0,44600.0,44100.0,44400.0,9402322
2023-10-05,VIC,44250.0,44350.0,43200.0,43600.0,6939069
2023-10-06,VIC,43400.0,43550.0,42650.0,42650.0,6877309
2023-10-09,VIC,42850.0,42950.0,41800.0,42250.0,7079286
2023-10-10,VIC,42150.0,43500.0,41800.0,43450.0,10194553
2023-10-11,VIC,43800.0,46200.0,43300.0,45600.0,10289525
2023-10-12,VIC,45600.0,45850.0,45050.0,45250.0,7904956
2023-10-13,VIC,45200.0,45900.0,44450.0,44750.0,8310958
2023-10-16,VIC,44500.0,46250.0,44500.0,46100.0,12030834
2023-10-17,VIC,46150.0,46300.0,45700.0,45850.0,7778180
2023-10-18,VIC,45750.0,45900.0,44200.0,44600.0,12019847
2023-10-19,VIC,44550.0,44600.0,44050.0,44250.0,6904502
2023-10-20,VIC,44100.0,45000.0,44000.0,44750.0,9081253
2023-10-23,VIC,44900.0,45350.0,44200.0,44350.0,6927322
2023-10-24,VIC,44550.0,44750.0,43500.0,43700.0,9993251
2023-10-25,VIC,43850.0,44650.0,43650.0,44500.0,10602963
2023-10-26,VIC,44450.0,44500.0,43850.0,44050.0,7558965
2023-10-27,VIC,43800.0,44000.0,41750.0,41900.0,12560108
2023-10-30,VIC,41850.0,42050.0,39850.0,40250.0,12098477
2023-10-31,VIC,40500.0,40650.0,40000.0,40100.0,8307991
2023-11-01,VIC,40200.0,40200.0,39550.0,39700.0,9204369
2023-11-02,VIC,39600.0,41250.0,39550.0,40900.0,8662129
2023-11-03,VIC,41050.0,41300.0,40700.0,40850.0,7044526
2023-11-06,VIC,40750.0,40800.0,39900.0,40000.0,9429760
2023-11-07,VIC,39750.0,40450.0,39700.0,40250.0,9371904
2023-11-08,VIC,40150.0,40850.0,40150.0,40450.0,7892421
2023-11-09,VIC,40250.0,41600.0,39900.0,41550.0,10485276
2023-11-10,VIC,41600.0,41700.0,41500.0,41550.0,6776719
2023-11-13,VIC,41250.0,41600.0,40850.0,41350.0,8496718
2023-11-14,VIC,41350.0,41700.0,40900.0,40900.0,9051027
2023-11-15,VIC,41250.0,41250.0,40400.0,40500.0,7323361
2023-11-16,VIC,40250.0,40250.0,40200.0,40200.0,6862788
2023-11-17,VIC,40550.0,40850.0,40300.0,40750.0,6615438
2023-11-20,VIC,40800.0,42100.0,40700.0,41900.0,8438275
2023-11-21,VIC,42200.0,42650.0,41250.0,41250.0,7453968
2023-11-22,VIC,41050.0,42500.0,40900.0,42150.0,7746715
2023-11-23,VIC,42050.0,43000.0,41800.0,42900.0,7487067
2023-11-24,VIC,42850.0,42900.0,41800.0,41850.0,11308193
2023-11-27,VIC,41900.0,42300.0,40300.0,40500.0,13122288
2023-11-28,VIC,40700.0,40850.0,40300.0,40550.0,9804730
2023-11-29,VIC,40650.0,41450.0,40350.0,40800.0,11041735
2023-11-30,VIC,40500.0,41100.0,39650.0,40150.0,10788225
2023-12-01,VIC,40000.0,40950.0,40000.0,40850.0,8696998
2023-12-04,VIC,40700.0,40800.0,40300.0,40450.0,6371842
2023-12-05,VIC,40450.0,41350.0,40300.0,40850.0,9876653
2023-12-06,VIC,40800.0,41900.0,40650.0,41500.0,8497706
2023-12-07,VIC,41400.0,41600.0,41050.0,41450.0,9815723
2023-12-08,VIC,41250.0,42850.0,41100.0,42700.0,8966120
2023-12-11,VIC,42750.0,43150.0,41900.0,42250.0,9806776
2023-12-12,VIC,42400.0,43000.0,40050.0,40100.0,14873908
2023-12-13,VIC,40300.0,40400.0,39700.0,39700.0,7628130
2023-12-14,VIC,39750.0,39850.0,39300.0,39400.0,8804310
2023-12-15,VIC,39550.0,39900.0,39550.0,39850.0,6191085
2023-12-18,VIC,39750.0,40850.0,39700.0,40550.0,10629125
2023-12-19,VIC,40250.0,40550.0,39700.0,39850.0,8234217
2023-12-20,VIC,40000.0,40600.0,39800.0,40250.0,9361452
2023-12-21,VIC,40350.0,41000.0,40250.0,40800.0,6784289
2023-12-22,VIC,41050.0,41250.0,39850.0,40150.0,7464717
2023-12-25,VIC,40250.0,40800.0,38750.0,39400.0,13620185
2023-12-26,VIC,39250.0,39700.0,39000.0,39050.0,6948188
2023-12-27,VIC,39050.0,39200.0,38350.0,38400.0,10397297
2023-12-28,VIC,38050.0,39050.0,37850.0,38950.0,11096382
2023-12-29,VIC,39250.0,39700.0,39200.0,39700.0,8141237
2024-01-01,VIC,39800.0,40650.0,39650.0,40500.0,7186738
2024-01-02,VIC,40450.0,40800.0,40150.0,40300.0,8203689
2024-01-03,VIC,40000.0,40400.0,39400.0,39500.0,7744088
2024-01-04,VIC,39550.0,39750.0,39450.0,39500.0,8909074
2024-01-05,VIC,39700.0,39750.0,39050.0,39100.0,8502875
2024-01-08,VIC,39250.0,39500.0,38550.0,38750.0,6762488
2024-01-09,VIC,38700.0,38950.0,37950.0,38000.0,10762752
2024-01-10,VIC,37900.0,38150.0,35750.0,36000.0,11172263
2024-01-11,VIC,36050.0,36100.0,34900.0,35100.0,9637418
2024-01-12,VIC,35100.0,36350.0,34850.0,35950.0,10135724
2024-01-15,VIC,36150.0,36150.0,35650.0,35850.0,9959424
2024-01-16,VIC,35650.0,36500.0,35550.0,36300.0,8227829
2024-01-17,VIC,36450.0,38100.0,36350.0,38050.0,12090931
2024-01-18,VIC,37850.0,40400.0,37800.0,39850.0,12634753
2024-01-19,VIC,39950.0,40200.0,39450.0,39650.0,7180216
2024-01-22,VIC,39750.0,39950.0,37950.0,38000.0,11862600
2024-01-23,VIC,37900.0,37950.0,37350.0,37600.0,10390010
2024-01-24,VIC,37750.0,39300.0,37650.0,39100.0,10856430
2024-01-25,VIC,39600.0,39650.0,37700.0,37800.0,11518848
2024-01-26,VIC,37900.0,38050.0,37100.0,37100.0,7298854
2024-01-29,VIC,37050.0,37700.0,36950.0,37400.0,7174845
2024-01-30,VIC,37450.0,38200.0,37100.0,38050.0,10396959
2024-01-31,VIC,38050.0,38350.0,37800.0,38350.0,9311332
2024-02-01,VIC,38300.0,38450.0,37950.0,38050.0,6255728
2024-02-02,VIC,37800.0,37950.0,35900.0,36200.0,11732962
2024-02-05,VIC,36250.0,37200.0,36200.0,37050.0,7904148
2024-02-06,VIC,36900.0,37250.0,36550.0,36650.0,9777172
2024-02-07,VIC,36850.0,37550.0,36500.0,37200.0,8845176
2024-02-08,VIC,37350.0,38250.0,37000.0,37800.0,8729996
2024-02-09,VIC,37850.0,38350.0,37600.0,38250.0,10304323
2024-02-12,VIC,38150.0,38700.0,38050.0,38400.0,9583540
2024-02-13,VIC,38550.0,38850.0,37850.0,37900.0,10331762
2024-02-14,VIC,38050.0,38650.0,36300.0,36300.0,14547630
2024-02-15,VIC,36350.0,37650.0,36350.0,37350.0,9626161
2024-02-16,VIC,37250.0,37800.0,36950.0,37700.0,8763068
2024-02-19,VIC,37750.0,38100.0,36550.0,36750.0,10034439
2024-02-20,VIC,36850.0,37100.0,34700.0,34750.0,13839476
2024-02-21,VIC,34900.0,36000.0,34850.0,36000.0,8492890
2024-02-22,VIC,36200.0,36500.0,35900.0,36400.0,10026234
2024-02-23,VIC,36650.0,36700.0,35800.0,36050.0,8052301
2024-02-26,VIC,36100.0,36300.0,34850.0,35200.0,9712221
2024-02-27,VIC,35350.0,35550.0,33250.0,33350.0,10888612
2024-02-28,VIC,33600.0,34000.0,33450.0,33900.0,7563511
2024-02-29,VIC,34150.0,34500.0,33150.0,33200.0,10447147
2024-03-01,VIC,33050.0,34700.0,32950.0,34500.0,12612310
2024-03-04,VIC,34800.0,35250.0,34750.0,35050.0,9668669
2024-03-05,VIC,34950.0,35300.0,34900.0,35200.0,9464571
2024-03-06,VIC,35050.0,35100.0,33950.0,34000.0,9970071
2024-03-07,VIC,34150.0,34550.0,33650.0,33800.0,9203621
2024-03-08,VIC,33750.0,33950.0,33250.0,33400.0,6970693
2024-03-11,VIC,33600.0,34150.0,33600.0,33950.0,8663521
2024-03-12,VIC,33650.0,35050.0,33350.0,34800.0,11832438
2024-03-13,VIC,34750.0,34850.0,33750.0,33800.0,8424600
2024-03-14,VIC,34000.0,34100.0,33200.0,33350.0,8982802
2024-03-15,VIC,33250.0,33450.0,33050.0,33100.0,6703952
2024-03-18,VIC,33050.0,33100.0,32600.0,32650.0,8595399
2024-03-19,VIC,32650.0,32800.0,32500.0,32550.0,9553579
2024-03-20,VIC,32700.0,32800.0,31900.0,31900.0,7589755
2024-03-21,VIC,31850.0,32550.0,31500.0,32350.0,10579297
2024-03-22,VIC,32200.0,33500.0,32000.0,33350.0,11205787
2024-03-25,VIC,33200.0,33450.0,33100.0,33450.0,6491748
2024-03-26,VIC,33250.0,33850.0,33200.0,33650.0,10129598
2024-03-27,VIC,33750.0,34050.0,32750.0,32800.0,12316232
2024-03-28,VIC,32800.0,32950.0,32350.0,32550.0,7062905
2024-03-29,VIC,32650.0,33250.0,32400.0,33200.0,8723847
2024-04-01,VIC,33000.0,33750.0,32700.0,33500.0,11535798
2024-04-02,VIC,33750.0,34050.0,33400.0,33500.0,10563776
2024-04-03,VIC,33500.0,33550.0,33100.0,33300.0,9596465
2024-04-04,VIC,33150.0,33300.0,32800.0,33000.0,10091548
2024-04-05,VIC,32950.0,33200.0,32450.0,32600.0,8574605
2024-04-08,VIC,32450.0,33000.0,32150.0,32650.0,7325860
2024-04-09,VIC,32550.0,32900.0,32450.0,32800.0,6241960
2024-04-10,VIC,32650.0,32800.0,32300.0,32400.0,7965840
2024-04-11,VIC,32500.0,32950.0,32000.0,32050.0,7025727
2024-04-12,VIC,32150.0,33850.0,32100.0,33650.0,8933016
2024-04-15,VIC,33650.0,34150.0,33450.0,34100.0,8114712
2024-04-16,VIC,33950.0,35400.0,33850.0,35250.0,12393528
2024-04-17,VIC,35400.0,35450.0,35100.0,35200.0,9232447
2024-04-18,VIC,35000.0,35850.0,34750.0,35800.0,7505257
2024-04-19,VIC,36000.0,36800.0,35700.0,36750.0,10863336
2024-04-22,VIC,36700.0,37300.0,36650.0,37100.0,8529224
2024-04-23,VIC,36950.0,38650.0,36900.0,38600.0,10457556
2024-04-24,VIC,38600.0,39150.0,38550.0,38800.0,6243404
2024-04-25,VIC,38800.0,38850.0,37450.0,37700.0,7864911
2024-04-26,VIC,38050.0,38350.0,36450.0,36450.0,9622921
2024-04-29,VIC,36450.0,36550.0,36000.0,36250.0,8478007
2024-04-30,VIC,36150.0,36150.0,35650.0,35700.0,9413859
2024-05-01,VIC,35750.0,36250.0,35750.0,36100.0,7553133
2024-05-02,VIC,36000.0,36250.0,35450.0,35500.0,10439330
2024-05-03,VIC,35300.0,35500.0,34300.0,34350.0,10572547
2024-05-06,VIC,34200.0,35900.0,33950.0,35700.0,9678973
2024-05-07,VIC,35600.0,35850.0,35450.0,35750.0,8319002
2024-05-08,VIC,35900.0,36050.0,34800.0,35200.0,8619223
2024-05-09,VIC,35200.0,35950.0,35100.0,35900.0,10355157
2024-05-10,VIC,35900.0,36050.0,35150.0,35450.0,9207893
2024-05-13,VIC,35500.0,35900.0,35200.0,35200.0,6469670
2024-05-14,VIC,35400.0,35900.0,35300.0,35650.0,6261732
2024-05-15,VIC,35650.0,36150.0,35450.0,36050.0,7805906
2024-05-16,VIC,36100.0,36100.0,35850.0,35950.0,6535509
2024-05-17,VIC,35950.0,36200.0,35300.0,35300.0,7314857
2024-05-20,VIC,35200.0,35400.0,34650.0,34800.0,6668514
2024-05-21,VIC,34750.0,34800.0,34050.0,34500.0,8099678
2024-05-22,VIC,34350.0,34450.0,33450.0,33450.0,10211220
2024-05-23,VIC,33250.0,33450.0,32750.0,33000.0,6715011
2024-05-24,VIC,33050.0,34150.0,32750.0,34100.0,10727239
2024-05-27,VIC,34300.0,34350.0,33900.0,33900.0,6372582
2024-05-28,VIC,34000.0,34350.0,34000.0,34350.0,6299562
2024-05-29,VIC,34250.0,34400.0,33000.0,33350.0,10997208
2024-05-30,VIC,33300.0,34500.0,33250.0,34300.0,10227544
2024-05-31,VIC,34100.0,34550.0,33550.0,33600.0,10273109
2024-06-03,VIC,33500.0,33850.0,33350.0,33700.0,7669582
2024-06-04,VIC,33650.0,34550.0,33500.0,34350.0,7922859
2024-06-05,VIC,34550.0,34950.0,34100.0,34400.0,10807380
2024-06-06,VIC,34550.0,34700.0,33400.0,33600.0,10916030
2024-06-07,VIC,33500.0,33600.0,33300.0,33400.0,9541679
2024-06-10,VIC,33250.0,33400.0,32200.0,32300.0,11730378
2024-06-11,VIC,32450.0,33150.0,32350.0,32950.0,7599086
2024-06-12,VIC,33050.0,33250.0,32950.0,33200.0,5648740
2024-06-13,VIC,33200.0,33350.0,32600.0,32900.0,10387008
2024-06-14,VIC,32950.0,33750.0,32800.0,33550.0,8813152
2024-06-17,VIC,33650.0,34150.0,32700.0,32950.0,12489122
2024-06-18,VIC,33050.0,33150.0,32800.0,32950.0,8534015
2024-06-19,VIC,32950.0,33350.0,32850.0,33200.0,8018334
2024-06-20,VIC,33250.0,33250.0,31850.0,32000.0,12560526
2024-06-21,VIC,31900.0,31950.0,31150.0,31200.0,9668173
2024-06-24,VIC,31300.0,31650.0,30800.0,30850.0,8484895
2024-06-25,VIC,30950.0,31050.0,30750.0,31000.0,6650411
2024-06-26,VIC,30950.0,31000.0,30200.0,30300.0,8184991
2024-06-27,VIC,30600.0,30650.0,28850.0,29250.0,12056350
2024-06-28,VIC,29150.0,29900.0,28750.0,29800.0,7780341
2024-07-01,VIC,29850.0,30050.0,27800.0,27850.0,12093718
2024-07-02,VIC,28100.0,28150.0,27400.0,27400.0,8758582
2024-07-03,VIC,27500.0,28250.0,27250.0,28200.0,12053803
2024-07-04,VIC,28450.0,28600.0,27300.0,27600.0,10452066
2024-07-05,VIC,27600.0,28200.0,27450.0,27950.0,7545256
2024-07-08,VIC,27700.0,28300.0,27600.0,27950.0,10364075
2024-07-09,VIC,27950.0,28650.0,27950.0,28350.0,9823620
2024-07-10,VIC,28500.0,28600.0,27550.0,27650.0,10073551
2024-07-11,VIC,27650.0,27700.0,27150.0,27300.0,8941274
2024-07-12,VIC,27150.0,28050.0,27050.0,28000.0,10529403
2024-07-15,VIC,28050.0,28200.0,26700.0,26800.0,11976724
2024-07-16,VIC,26950.0,27000.0,26300.0,26450.0,8669628
2024-07-17,VIC,26350.0,26400.0,24900.0,24950.0,13253447
2024-07-18,VIC,24850.0,25050.0,24800.0,25000.0,5975685
2024-07-19,VIC,25000.0,25500.0,24950.0,25250.0,10391958
2024-07-22,VIC,25250.0,25450.0,24550.0,24550.0,10322637
2024-07-23,VIC,24450.0,25450.0,24250.0,25400.0,13039914
2024-07-24,VIC,25450.0,25550.0,24850.0,24950.0,8762598
2024-07-25,VIC,25050.0,25050.0,24600.0,24700.0,9184845
2024-07-26,VIC,24650.0,25400.0,24550.0,25200.0,11035308
2024-07-29,VIC,25350.0,25400.0,24200.0,24300.0,8730833
2024-07-30,VIC,24300.0,24400.0,24050.0,24100.0,6316747
2024-07-31,VIC,24200.0,24750.0,24150.0,24550.0,7551671
2024-08-01,VIC,24650.0,24850.0,23550.0,23700.0,12694121
2024-08-02,VIC,23850.0,23950.0,22800.0,23000.0,8842454
2024-08-05,VIC,22950.0,23250.0,22900.0,23050.0,7033329
2024-08-06,VIC,23000.0,23200.0,22400.0,22450.0,10875474
2024-08-07,VIC,22450.0,22600.0,21950.0,21950.0,8352864
2024-08-08,VIC,21900.0,22000.0,21050.0,21100.0,10672732
2024-08-09,VIC,21300.0,21550.0,20600.0,20650.0,10390859
2024-08-12,VIC,20550.0,20900.0,20300.0,20700.0,8311645
2024-08-13,VIC,20700.0,21250.0,20450.0,21100.0,12231860
2024-08-14,VIC,21050.0,21100.0,20550.0,20700.0,9591911
2024-08-15,VIC,20750.0,20800.0,19950.0,20100.0,10231971
2024-08-16,VIC,20050.0,20200.0,19950.0,20000.0,6788445
2024-08-19,VIC,20050.0,20050.0,19750.0,19750.0,5703455
2024-08-20,VIC,19650.0,19650.0,19300.0,19350.0,9707489
2024-08-21,VIC,19450.0,19600.0,18950.0,19100.0,10903665
2024-08-22,VIC,19200.0,20450.0,19150.0,20150.0,11046705
2024-08-23,VIC,20100.0,21100.0,20100.0,20850.0,11415815
2024-08-26,VIC,20700.0,20950.0,19750.0,19800.0,12239145
2024-08-27,VIC,19750.0,20250.0,19550.0,20100.0,10540217
2024-08-28,VIC,20150.0,20150.0,19000.0,19100.0,12122791
2024-08-29,VIC,19200.0,19250.0,18750.0,18800.0,9084625
2024-08-30,VIC,18700.0,18900.0,18700.0,18850.0,8251568
2024-09-02,VIC,18900.0,19050.0,18550.0,18600.0,10819365
2024-09-03,VIC,18650.0,18750.0,18050.0,18050.0,9300908
2024-09-04,VIC,17950.0,18500.0,17850.0,18500.0,10314058
2024-09-05,VIC,18500.0,19250.0,18400.0,19000.0,12609274
2024-09-06,VIC,19150.0,19250.0,18700.0,18850.0,7609066
2024-09-09,VIC,18850.0,19000.0,18700.0,18700.0,8745808
2024-09-10,VIC,18650.0,19450.0,18650.0,19350.0,8365697
2024-09-11,VIC,19500.0,19500.0,18900.0,18900.0,9094923
2024-09-12,VIC,18900.0,18900.0,18650.0,18800.0,8524061
2024-09-13,VIC,18650.0,18800.0,18550.0,18650.0,6605407
2024-09-16,VIC,18700.0,18950.0,18550.0,18750.0,6656974
2024-09-17,VIC,18700.0,19100.0,18550.0,19000.0,11170243
2024-09-18,VIC,19050.0,19300.0,19000.0,19200.0,10203638
2024-09-19,VIC,19150.0,19700.0,19050.0,19600.0,11864773
2024-09-20,VIC,19550.0,20350.0,19550.0,20200.0,8573571
2024-09-23,VIC,20150.0,20300.0,20050.0,20200.0,9079770
2024-09-24,VIC,20350.0,20350.0,19700.0,19850.0,11446671
2024-09-25,VIC,19750.0,20250.0,19600.0,20150.0,10162126
2024-09-26,VIC,20250.0,20550.0,19700.0,19750.0,10819097
2024-09-27,VIC,19700.0,20300.0,19600.0,20100.0,9240530
2024-09-30,VIC,20000.0,20450.0,19900.0,20450.0,8845884
2024-10-01,VIC,20500.0,20550.0,20050.0,20050.0,6564874
2024-10-02,VIC,20000.0,20150.0,19500.0,19600.0,8449812
2024-10-03,VIC,19550.0,19750.0,18800.0,18950.0,11613221
2024-10-04,VIC,18850.0,19100.0,18550.0,18600.0,7828502
2024-10-07,VIC,18600.0,19900.0,18550.0,19850.0,13211790
2024-10-08,VIC,19850.0,20050.0,19750.0,19800.0,6477669
2024-10-09,VIC,19800.0,20650.0,19600.0,20350.0,9561079
2024-10-10,VIC,20300.0,20700.0,20150.0,20650.0,11185416
2024-10-11,VIC,20650.0,20650.0,20150.0,20200.0,10041393
2024-10-14,VIC,20150.0,20750.0,20100.0,20750.0,11220117
2024-10-15,VIC,20950.0,20950.0,20150.0,20250.0,10648408
2024-10-16,VIC,20200.0,20200.0,19850.0,20150.0,10109345
2024-10-17,VIC,20050.0,20200.0,19250.0,19300.0,10230522
2024-10-18,VIC,19400.0,19550.0,19300.0,19500.0,5892535
2024-10-21,VIC,19550.0,19650.0,19500.0,19600.0,7813475
2024-10-22,VIC,19650.0,19700.0,19500.0,19600.0,7924168
2024-10-23,VIC,19600.0,19850.0,19450.0,19550.0,6322942
2024-10-24,VIC,19400.0,20150.0,19350.0,20100.0,11382008
2024-10-25,VIC,20050.0,20150.0,19700.0,19750.0,6728286
2024-10-28,VIC,19900.0,20350.0,19800.0,20200.0,10752750
2024-10-29,VIC,20200.0,20650.0,20100.0,20550.0,11296500
2024-10-30,VIC,20600.0,21500.0,20600.0,21450.0,9694622
2024-10-31,VIC,21450.0,21900.0,21450.0,21850.0,8025877
2024-11-01,VIC,21800.0,23000.0,21800.0,22900.0,13246844
2024-11-04,VIC,22850.0,22850.0,22750.0,22750.0,7831172
2024-11-05,VIC,22750.0,22850.0,21450.0,21600.0,14545729
2024-11-06,VIC,21500.0,21950.0,21450.0,21900.0,8437943
2024-11-07,VIC,21950.0,22500.0,21950.0,22450.0,6498904
2024-11-08,VIC,22450.0,22500.0,22400.0,22500.0,8265730
2024-11-11,VIC,22600.0,23150.0,22450.0,23050.0,10609414
2024-11-12,VIC,23050.0,23800.0,22900.0,23750.0,9107440
2024-11-13,VIC,23700.0,24550.0,23500.0,24400.0,10374826
2024-11-14,VIC,24450.0,25050.0,24450.0,25050.0,8146548
2024-11-15,VIC,25100.0,25800.0,24750.0,25800.0,12323202
2024-11-18,VIC,25900.0,26800.0,25850.0,26500.0,11366421
2024-11-19,VIC,26450.0,28000.0,26400.0,27950.0,10162825
2024-11-20,VIC,27850.0,28400.0,27650.0,28350.0,7846240
2024-11-21,VIC,28400.0,28450.0,27050.0,27100.0,13190011
2024-11-22,VIC,27000.0,28200.0,26950.0,28000.0,12818800
2024-11-25,VIC,28150.0,28550.0,28000.0,28500.0,9908933
2024-11-26,VIC,28450.0,28650.0,27700.0,27950.0,9464511
2024-11-27,VIC,28050.0,28150.0,27550.0,27700.0,10507631
2024-11-28,VIC,27800.0,28650.0,27800.0,28350.0,7050572
2024-11-29,VIC,28150.0,28550.0,28050.0,28400.0,7574719
2024-12-02,VIC,28400.0,28450.0,27950.0,28000.0,9358682
2024-12-03,VIC,27950.0,28100.0,27350.0,27500.0,7964616
2024-12-04,VIC,27650.0,28000.0,27650.0,27950.0,5634316
2024-12-05,VIC,28100.0,28650.0,28050.0,28450.0,9241183
2024-12-06,VIC,28450.0,29350.0,28350.0,28950.0,8472154
2024-12-09,VIC,29050.0,29300.0,28550.0,28950.0,9292085
2024-12-10,VIC,28950.0,29000.0,28450.0,28550.0,7973863
2024-12-11,VIC,28700.0,29050.0,28300.0,28450.0,10216802
2024-12-12,VIC,28500.0,29550.0,28400.0,29450.0,9465733
2024-12-13,VIC,29450.0,29550.0,28250.0,28500.0,9706359
2024-12-16,VIC,28650.0,28850.0,28150.0,28150.0,8941315
2024-12-17,VIC,28200.0,29150.0,28100.0,29050.0,10135030
2024-12-18,VIC,28700.0,29850.0,28300.0,29650.0,9944068
2024-12-19,VIC,29550.0,29850.0,29550.0,29650.0,9222548
2024-12-20,VIC,29750.0,30000.0,29300.0,29300.0,10140573
2024-12-23,VIC,29300.0,30000.0,29150.0,29800.0,10157512
2024-12-24,VIC,29700.0,29700.0,28900.0,29100.0,6709240
2024-12-25,VIC,29150.0,29250.0,28550.0,29050.0,9542234
2024-12-26,VIC,29050.0,29600.0,28700.0,29450.0,9096963
2024-12-27,VIC,29450.0,29550.0,27650.0,28000.0,14481306
2024-12-30,VIC,27800.0,28350.0,27550.0,28250.0,10068757
2024-12-31,VIC,28200.0,28550.0,28150.0,28400.0,8693213
2025-01-01,VIC,28350.0,29050.0,28300.0,28800.0,8401068
2025-01-02,VIC,28800.0,29000.0,27400.0,27600.0,11313159
2025-01-03,VIC,27350.0,27550.0,27250.0,27550.0,9300632
2025-01-06,VIC,27300.0,27350.0,26750.0,27000.0,6709709
2025-01-07,VIC,27000.0,27300.0,26000.0,26500.0,9965109
2025-01-08,VIC,26550.0,26950.0,26550.0,26950.0,9012137
2025-01-09,VIC,27000.0,27500.0,26650.0,27250.0,8591435
2025-01-10,VIC,27250.0,27600.0,27250.0,27550.0,8645690
2025-01-13,VIC,27400.0,28400.0,27350.0,28300.0,11817722
2025-01-14,VIC,28500.0,28700.0,27450.0,27500.0,12550908
2025-01-15,VIC,27350.0,28750.0,27250.0,28550.0,9962161
2025-01-16,VIC,28700.0,28850.0,28650.0,28650.0,7365717
2025-01-17,VIC,28700.0,28750.0,27300.0,27350.0,13459283
2025-01-20,VIC,27400.0,27600.0,26850.0,26950.0,9322146
2025-01-21,VIC,26950.0,28250.0,26750.0,28100.0,10336499
2025-01-22,VIC,28250.0,28700.0,28100.0,28150.0,8856979
2025-01-23,VIC,28150.0,29150.0,28050.0,29150.0,9589817
2025-01-24,VIC,29250.0,29350.0,28000.0,28050.0,10249230
2025-01-27,VIC,28100.0,28250.0,27950.0,28000.0,9483814
2025-01-28,VIC,27950.0,27950.0,27200.0,27300.0,9556011
2025-01-29,VIC,27350.0,27450.0,27100.0,27200.0,7018045
2025-01-30,VIC,27200.0,27850.0,27200.0,27800.0,6542278
2025-01-31,VIC,27850.0,28350.0,27700.0,28250.0,6371729
2025-02-03,VIC,28100.0,28500.0,28050.0,28500.0,5798094
2025-02-04,VIC,28500.0,28800.0,28350.0,28500.0,6752420
2025-02-05,VIC,28400.0,28500.0,28150.0,28300.0,9079660
2025-02-06,VIC,28300.0,28300.0,27800.0,27950.0,8210018
2025-02-07,VIC,27950.0,28950.0,27950.0,28750.0,9416282
2025-02-10,VIC,28800.0,28850.0,28750.0,28800.0,4536121
2025-02-11,VIC,28700.0,28900.0,28500.0,28800.0,7856675
2025-02-12,VIC,28850.0,29150.0,26450.0,26800.0,13753184
2025-02-13,VIC,26900.0,26950.0,26100.0,26100.0,11868637
2025-02-14,VIC,26150.0,26350.0,25100.0,25200.0,12347101
2025-02-17,VIC,25050.0,25550.0,25000.0,25450.0,8701822
2025-02-18,VIC,25550.0,25650.0,25450.0,25450.0,9329433
2025-02-19,VIC,25500.0,25700.0,25450.0,25650.0,7437261
2025-02-20,VIC,25450.0,25600.0,25350.0,25600.0,6573058
2025-02-21,VIC,25700.0,26000.0,25650.0,25800.0,9165573
2025-02-24,VIC,25850.0,26050.0,25800.0,26050.0,5490353
2025-02-25,VIC,25900.0,26200.0,25800.0,26200.0,8839780
2025-02-26,VIC,26050.0,26850.0,25750.0,26850.0,10498023
2025-02-27,VIC,26950.0,27800.0,26600.0,27800.0,11132390
2025-02-28,VIC,27700.0,27850.0,27400.0,27550.0,5730363
2025-03-03,VIC,27550.0,27850.0,26800.0,26950.0,11646944
2025-03-04,VIC,27050.0,28200.0,27000.0,28000.0,10007371
2025-03-05,VIC,27900.0,27950.0,26650.0,26800.0,11240352
2025-03-06,VIC,26750.0,27050.0,26550.0,26650.0,6086493
2025-03-07,VIC,26750.0,26750.0,26400.0,26750.0,9016937
2025-03-10,VIC,26700.0,26750.0,26050.0,26250.0,7400184
2025-03-11,VIC,26100.0,26350.0,25650.0,25850.0,10330606
2025-03-12,VIC,25900.0,26200.0,25400.0,25400.0,8187371
2025-03-13,VIC,25150.0,25200.0,24750.0,24750.0,6764863
2025-03-14,VIC,24750.0,25600.0,24750.0,25200.0,11165326
2025-03-17,VIC,25100.0,25750.0,25000.0,25750.0,7734209
2025-03-18,VIC,25700.0,26600.0,25550.0,26600.0,9470457
2025-03-19,VIC,26500.0,26600.0,26200.0,26400.0,8591873
2025-03-20,VIC,26350.0,26400.0,25500.0,25550.0,10473247
2025-03-21,VIC,25500.0,25600.0,24550.0,24600.0,12406185
2025-03-24,VIC,24550.0,25400.0,24300.0,25200.0,9087195
2025-03-25,VIC,25300.0,25350.0,24550.0,24550.0,9183371
2025-03-26,VIC,24500.0,25300.0,24450.0,25100.0,8008451
2025-03-27,VIC,25100.0,25350.0,24500.0,24750.0,7664366
2025-03-28,VIC,24850.0,24850.0,23550.0,23750.0,9306756
2025-03-31,VIC,23650.0,23650.0,23150.0,23250.0,6583606
2025-04-01,VIC,23350.0,23550.0,23100.0,23150.0,6472556
2025-04-02,VIC,23100.0,24050.0,22900.0,24050.0,12332479
2025-04-03,VIC,23900.0,25200.0,23900.0,24950.0,12422017
2025-04-04,VIC,25000.0,25300.0,25000.0,25050.0,8772869
2025-04-07,VIC,24900.0,25600.0,24800.0,25600.0,8925554
2025-04-08,VIC,25650.0,26400.0,25500.0,26300.0,8854913
2025-04-09,VIC,26200.0,27300.0,26200.0,27050.0,8105865
2025-04-10,VIC,26900.0,26950.0,26800.0,26900.0,6586574
2025-04-11,VIC,26900.0,27000.0,26600.0,26950.0,6692988
2025-04-14,VIC,26850.0,27300.0,26850.0,27300.0,9129532
2025-04-15,VIC,27400.0,28950.0,27350.0,28700.0,12263355
2025-04-16,VIC,28550.0,28800.0,28350.0,28800.0,5705571
2025-04-17,VIC,28700.0,29350.0,28650.0,29100.0,8201780
2025-04-18,VIC,28900.0,29300.0,28700.0,29150.0,8851443
2025-04-21,VIC,29150.0,29350.0,28950.0,29200.0,5711172
2025-04-22,VIC,29000.0,29150.0,28950.0,29050.0,6351106
2025-04-23,VIC,29050.0,30050.0,28950.0,29900.0,8347739
2025-04-24,VIC,29900.0,30950.0,29500.0,30850.0,9557448
2025-04-25,VIC,31050.0,31150.0,30400.0,30650.0,9320704
2025-04-28,VIC,30800.0,30900.0,29150.0,29400.0,12646768
2025-04-29,VIC,29250.0,29500.0,28900.0,28950.0,8728516
2025-04-30,VIC,28850.0,29800.0,28600.0,29750.0,10243317
2025-05-01,VIC,29800.0,30350.0,29550.0,30200.0,9262811
2025-05-02,VIC,30400.0,30550.0,30100.0,30550.0,7074318
2025-05-05,VIC,30600.0,30750.0,30100.0,30450.0,6235319
2025-05-06,VIC,30350.0,30450.0,30050.0,30450.0,8264966
2025-05-07,VIC,30500.0,30600.0,30350.0,30400.0,6185885
2025-05-08,VIC,30350.0,31800.0,30300.0,31600.0,11179419
2025-05-09,VIC,31650.0,32350.0,31550.0,32250.0,10421605
2025-05-12,VIC,32500.0,32500.0,31450.0,31650.0,11455315
2025-05-13,VIC,31400.0,32800.0,31400.0,32750.0,10754721
2025-05-14,VIC,32700.0,32900.0,32600.0,32800.0,9611680
2025-05-15,VIC,32700.0,33000.0,32650.0,32850.0,7938052
2025-05-16,VIC,33100.0,33250.0,33050.0,33050.0,5012800
2025-05-19,VIC,33050.0,33650.0,32900.0,33500.0,8573153
2025-05-20,VIC,33500.0,34600.0,33350.0,34350.0,10477203
2025-05-21,VIC,34350.0,34550.0,33100.0,33200.0,11118236
2025-05-22,VIC,33200.0,33800.0,33000.0,33600.0,7661644
2025-05-23,VIC,33600.0,33850.0,33550.0,33750.0,5668673
2025-05-26,VIC,33900.0,34250.0,33550.0,33950.0,8086291
2025-05-27,VIC,34000.0,34150.0,33000.0,33050.0,10487725
2025-05-28,VIC,33050.0,33800.0,32750.0,33700.0,8707738
2025-05-29,VIC,33600.0,33800.0,32800.0,32900.0,9658521
2025-05-30,VIC,33000.0,33000.0,32300.0,32700.0,9235546
2025-06-02,VIC,32550.0,34250.0,32350.0,33900.0,9989517
2025-06-03,VIC,33850.0,35750.0,33600.0,35600.0,11317577
2025-06-04,VIC,35800.0,36200.0,35350.0,35400.0,10991580
2025-06-05,VIC,35700.0,35700.0,34550.0,34550.0,11350214
2025-06-06,VIC,34600.0,35200.0,34400.0,34900.0,7774118
2025-06-09,VIC,34850.0,36400.0,34750.0,36250.0,12892635
2025-06-10,VIC,36300.0,36600.0,36000.0,36300.0,10435221
2025-06-11,VIC,36350.0,36650.0,36000.0,36550.0,7850933
2025-06-12,VIC,36600.0,36650.0,34800.0,34850.0,12523177
2025-06-13,VIC,35150.0,35350.0,34850.0,35250.0,6607415
2025-06-16,VIC,35000.0,35850.0,35000.0,35750.0,11008414
2025-06-17,VIC,35850.0,36200.0,35800.0,36200.0,7052414
2025-06-18,VIC,36200.0,36450.0,35750.0,36100.0,7252339
2025-06-19,VIC,36250.0,37600.0,36250.0,37450.0,10832959
2025-06-20,VIC,37600.0,37950.0,36900.0,37150.0,9650758
2025-06-23,VIC,37100.0,38200.0,37000.0,37700.0,7160539
2025-06-24,VIC,37600.0,37850.0,37300.0,37500.0,7102976
2025-06-25,VIC,37600.0,38000.0,37200.0,37200.0,7884193
2025-06-26,VIC,37050.0,37200.0,36450.0,36550.0,8404125
2025-06-27,VIC,36550.0,37250.0,36500.0,36850.0,8649433
2025-06-30,VIC,36850.0,37500.0,36650.0,37400.0,10192199
2025-07-01,VIC,37500.0,37650.0,37150.0,37400.0,8635790
2025-07-02,VIC,37200.0,38050.0,37050.0,37650.0,8723043
2025-07-03,VIC,37450.0,37800.0,35350.0,35750.0,12067847
2025-07-04,VIC,35650.0,36100.0,33900.0,34100.0,10910247
2025-07-07,VIC,34000.0,34250.0,32750.0,32900.0,10373636
2025-07-08,VIC,32850.0,33950.0,32700.0,33600.0,8678953
2025-07-09,VIC,33450.0,33700.0,33350.0,33400.0,9284913
2025-07-10,VIC,33200.0,33400.0,32150.0,32250.0,10802001
2025-07-11,VIC,32200.0,33750.0,32150.0,33500.0,13207355
2025-07-14,VIC,33600.0,34000.0,33450.0,33450.0,8607512
2025-07-15,VIC,33650.0,33750.0,32200.0,32300.0,12471867
2025-07-16,VIC,32050.0,32500.0,32000.0,32450.0,8308614
2025-07-17,VIC,32400.0,32400.0,31300.0,31350.0,8127211
2025-07-18,VIC,31250.0,31300.0,29500.0,29750.0,14430181
2025-07-21,VIC,29800.0,30050.0,28200.0,28350.0,11553419
2025-07-22,VIC,28450.0,28600.0,28250.0,28350.0,8851407
2025-07-23,VIC,28300.0,28450.0,27700.0,27800.0,8336158
2025-07-24,VIC,27750.0,27850.0,27250.0,27250.0,9533913
2025-07-25,VIC,27300.0,27400.0,26700.0,26750.0,7494322
2025-07-28,VIC,26850.0,27100.0,26650.0,26850.0,7083696
2025-07-29,VIC,26900.0,27750.0,26700.0,27650.0,11187643
2025-07-30,VIC,27600.0,28750.0,27400.0,28600.0,10938177
2025-07-31,VIC,28600.0,29000.0,28300.0,28900.0,8415109
2025-08-01,VIC,29050.0,29200.0,28900.0,29050.0,7166802
2025-08-04,VIC,29000.0,29900.0,28850.0,29750.0,7806310
2025-08-05,VIC,29650.0,30850.0,29450.0,30700.0,8485204
2025-08-06,VIC,30750.0,32250.0,30650.0,32150.0,11319352
2025-08-07,VIC,32100.0,32350.0,32050.0,32150.0,8715476
2025-08-08,VIC,32100.0,32300.0,31700.0,32000.0,10451416
2025-08-11,VIC,31950.0,32050.0,30700.0,31050.0,11377953
2025-08-12,VIC,30950.0,30950.0,29900.0,30150.0,9370582
2025-08-13,VIC,30050.0,30100.0,29450.0,29550.0,8180422
2025-08-14,VIC,29600.0,29750.0,28950.0,29100.0,8173088
2025-08-15,VIC,29050.0,29350.0,28950.0,29000.0,5949242
2025-08-18,VIC,29000.0,29150.0,28300.0,28900.0,10042606
2025-08-19,VIC,29000.0,29150.0,28800.0,29100.0,5451800
2025-08-20,VIC,29150.0,29150.0,27300.0,27300.0,11130654
2025-08-21,VIC,27150.0,28150.0,27000.0,28050.0,11759706
2025-08-22,VIC,28100.0,28250.0,27300.0,27500.0,11208307
2025-08-25,VIC,27650.0,27750.0,26900.0,27000.0,11092582
2025-08-26,VIC,27050.0,27450.0,27000.0,27450.0,8380345
2025-08-27,VIC,27350.0,27750.0,26900.0,27600.0,10513070
2025-08-28,VIC,27550.0,28250.0,27450.0,28100.0,11004426
2025-08-29,VIC,28150.0,28300.0,27900.0,28000.0,5721476
2025-09-01,VIC,27950.0,28250.0,27900.0,28050.0,9689096
2025-09-02,VIC,28200.0,28250.0,28050.0,28100.0,8615881
2025-09-03,VIC,28200.0,28300.0,27250.0,27400.0,9662446
2025-09-04,VIC,27450.0,27500.0,26850.0,27050.0,9596530
2025-09-05,VIC,26800.0,26900.0,25850.0,25900.0,10011986
2025-09-08,VIC,25750.0,26200.0,25700.0,26200.0,6764505
2025-09-09,VIC,26250.0,26600.0,26250.0,26350.0,8855588
2025-09-10,VIC,26250.0,26350.0,26100.0,26300.0,6417470
2025-09-11,VIC,26250.0,26300.0,26150.0,26150.0,6781771
2025-09-12,VIC,26250.0,27400.0,25900.0,27400.0,9956490
2025-09-15,VIC,27450.0,27650.0,27150.0,27350.0,7884267
2025-09-16,VIC,27300.0,28650.0,27250.0,28550.0,12511170
2025-09-17,VIC,28500.0,28850.0,28300.0,28800.0,9383416
2025-09-18,VIC,28800.0,29500.0,28750.0,29450.0,7467940
2025-09-19,VIC,29500.0,29800.0,29400.0,29750.0,6362908
2025-09-22,VIC,29850.0,29900.0,29400.0,29650.0,6995608
2025-09-23,VIC,29700.0,29750.0,28800.0,28850.0,11361396
2025-09-24,VIC,28750.0,29550.0,28550.0,29550.0,9284018
2025-09-25,VIC,29600.0,30800.0,29300.0,30650.0,9007742
2025-09-26,VIC,30650.0,31300.0,30650.0,31200.0,6710121
2025-09-29,VIC,30950.0,31350.0,30400.0,31350.0,9188151
2025-09-30,VIC,31450.0,31850.0,31400.0,31650.0,7668702
2025-10-01,VIC,31600.0,31650.0,31300.0,31500.0,5725824
2025-10-02,VIC,31500.0,32650.0,31450.0,32450.0,8692621
2025-10-03,VIC,32350.0,33000.0,32300.0,32950.0,10163519
2025-10-06,VIC,32950.0,33200.0,32900.0,33000.0,9256704
2025-10-07,VIC,33050.0,33300.0,31400.0,31750.0,12384832
2025-10-08,VIC,31800.0,32700.0,31600.0,32550.0,10638502
2025-10-09,VIC,32500.0,32650.0,32400.0,32450.0,5863726
2025-10-10,VIC,32200.0,32500.0,31900.0,32400.0,8316815
2025-10-13,VIC,32450.0,32550.0,31450.0,32000.0,9716853
2025-10-14,VIC,31900.0,32050.0,31850.0,32050.0,8172436
2025-10-15,VIC,32050.0,32500.0,32050.0,32150.0,6213240
2025-10-16,VIC,32050.0,33100.0,31950.0,33100.0,11446047
2025-10-17,VIC,32900.0,33000.0,32150.0,32250.0,8716820
2025-10-20,VIC,32200.0,32250.0,31650.0,31850.0,9752779
2025-10-21,VIC,31950.0,32000.0,31600.0,31850.0,8378614
2025-10-22,VIC,32000.0,32200.0,31200.0,31400.0,10823135
2025-10-23,VIC,31550.0,31600.0,30050.0,30100.0,9202134
2025-10-24,VIC,30050.0,30150.0,28450.0,28500.0,9674884
2025-10-27,VIC,28500.0,28750.0,28300.0,28600.0,8353145
2025-10-28,VIC,28450.0,28650.0,28300.0,28600.0,8225167
2025-10-29,VIC,28600.0,28650.0,27900.0,27950.0,7671545
2025-10-30,VIC,28000.0,28250.0,26950.0,27100.0,10708366
2025-10-31,VIC,27150.0,27700.0,26950.0,27400.0,8876291
2025-11-03,VIC,27350.0,27350.0,26450.0,26600.0,9469680
2025-11-04,VIC,26550.0,26950.0,26450.0,26800.0,8875464
2025-11-05,VIC,26750.0,28050.0,26600.0,27800.0,11938194
2025-11-06,VIC,27700.0,27700.0,27450.0,27500.0,5220179
2025-11-07,VIC,27600.0,28050.0,27450.0,28000.0,6529696
2025-11-10,VIC,27950.0,28100.0,27300.0,27500.0,11057785
2025-11-11,VIC,27600.0,27950.0,27350.0,27700.0,9139361
2025-11-12,VIC,27600.0,29200.0,27450.0,28800.0,9848492
2025-11-13,VIC,28750.0,28950.0,28650.0,28900.0,8308371
2025-11-14,VIC,29150.0,29300.0,28100.0,28200.0,9864793
2025-11-17,VIC,28100.0,29100.0,28000.0,29050.0,9732086
2025-11-18,VIC,28850.0,29550.0,28800.0,29450.0,10438998
2025-11-19,VIC,29300.0,30400.0,29250.0,30350.0,7953962
2025-11-20,VIC,30150.0,30550.0,30000.0,30350.0,10118976
2025-11-21,VIC,30300.0,31700.0,30250.0,31550.0,10064678
2025-11-24,VIC,31650.0,31650.0,31350.0,31400.0,7020829
2025-11-25,VIC,31400.0,31700.0,31200.0,31500.0,9486260
2025-11-26,VIC,31400.0,31500.0,31200.0,31350.0,6674046
2025-11-27,VIC,31350.0,31450.0,29650.0,29850.0,10866601
2025-11-28,VIC,29800.0,29900.0,29150.0,29250.0,9609873
2025-12-01,VIC,29350.0,29550.0,28300.0,28500.0,11470990
2025-12-02,VIC,28500.0,28700.0,28200.0,28250.0,8470607
2025-12-03,VIC,28450.0,28600.0,27450.0,27900.0,12494125
2025-12-04,VIC,28000.0,28050.0,27150.0,27300.0,9586987
2025-12-05,VIC,27350.0,27600.0,27000.0,27250.0,9307668
2025-12-08,VIC,27000.0,27050.0,26250.0,26750.0,7895601
2025-12-09,VIC,26550.0,26800.0,26350.0,26600.0,7102490
2025-12-10,VIC,26400.0,26850.0,26200.0,26450.0,8479284
2025-12-11,VIC,26400.0,26650.0,26400.0,26550.0,7311883
2025-12-12,VIC,26500.0,26550.0,25850.0,25950.0,7900376
2025-12-15,VIC,25950.0,26500.0,25950.0,26500.0,7167629
2025-12-16,VIC,26400.0,26450.0,25800.0,25900.0,8116389
2025-12-17,VIC,26050.0,26350.0,25800.0,26150.0,10185462
2025-12-18,VIC,26150.0,26600.0,26150.0,26450.0,9226601
2025-12-19,VIC,26500.0,26950.0,26500.0,26950.0,8071298
2025-12-22,VIC,27100.0,27100.0,26550.0,26750.0,9842323
2025-12-23,VIC,26800.0,26800.0,25800.0,25900.0,10549086
2025-12-24,VIC,26000.0,26550.0,26000.0,26500.0,6598454
2025-12-25,VIC,26550.0,27500.0,26500.0,27300.0,11462995
2025-12-26,VIC,27350.0,27450.0,26800.0,26800.0,7312164
2025-12-29,VIC,26750.0,27050.0,26700.0,26850.0,5440713
2025-12-30,VIC,27050.0,27100.0,26700.0,26750.0,9612329
2025-12-31,VIC,26850.0,26950.0,26150.0,26200.0,8478624
2026-01-01,VIC,26300.0,26550.0,26250.0,26550.0,7007408
2026-01-02,VIC,26500.0,27300.0,26350.0,27150.0,10376998
2026-01-05,VIC,27300.0,28100.0,27250.0,28050.0,8497597
2026-01-06,VIC,28150.0,28500.0,27700.0,27950.0,6805729
2026-01-07,VIC,28050.0,28200.0,26450.0,26900.0,14454028
2026-01-08,VIC,27000.0,27800.0,27000.0,27400.0,11363167
2026-01-09,VIC,27550.0,27600.0,26450.0,26900.0,9876631
2026-01-12,VIC,26700.0,27750.0,26450.0,27350.0,10423919
2026-01-13,VIC,27300.0,27650.0,27250.0,27500.0,6359473
2026-01-14,VIC,27400.0,27450.0,26000.0,26100.0,9596104
2026-01-15,VIC,26300.0,26700.0,26250.0,26600.0,8755892
2026-01-16,VIC,26750.0,26800.0,25600.0,25850.0,12213642
2026-01-19,VIC,25900.0,26350.0,25600.0,25650.0,8187770
2026-01-20,VIC,25650.0,26000.0,25550.0,25950.0,10491744
2026-01-21,VIC,25750.0,26000.0,25350.0,25600.0,10089059
2026-01-22,VIC,25550.0,25750.0,24450.0,24650.0,12704159
2026-01-23,VIC,24650.0,24950.0,24450.0,24750.0,7624699
2026-01-26,VIC,24850.0,24900.0,23800.0,23900.0,9300238
2026-01-27,VIC,23900.0,24000.0,23750.0,23800.0,7686495
2026-01-28,VIC,23750.0,24250.0,23750.0,24150.0,7940876
2026-01-29,VIC,24000.0,24650.0,23850.0,24550.0,11164575
2026-01-30,VIC,24500.0,24650.0,24150.0,24250.0,8335637
2026-02-02,VIC,24300.0,24400.0,23250.0,23500.0,10758863
2026-02-03,VIC,23450.0,23500.0,22750.0,23150.0,9849750
2026-02-04,VIC,22900.0,23350.0,22850.0,23150.0,10559399
2026-02-05,VIC,23150.0,23550.0,23150.0,23550.0,6077095
2026-02-06,VIC,23450.0,23900.0,23300.0,23750.0,10293555
2026-02-09,VIC,23600.0,24000.0,23550.0,23950.0,8679523
2026-02-10,VIC,23850.0,24250.0,23750.0,24250.0,9768579
2026-02-11,VIC,24200.0,24550.0,24050.0,24500.0,7637328
2026-02-12,VIC,24700.0,24800.0,24050.0,24200.0,9535317
2026-02-13,VIC,24300.0,24350.0,23450.0,23550.0,10496493
2026-02-16,VIC,23650.0,23750.0,23500.0,23500.0,9074074
2026-02-17,VIC,23450.0,23600.0,23000.0,23050.0,10359365
2026-02-18,VIC,23000.0,23500.0,22950.0,23500.0,7412525
2026-02-19,VIC,23450.0,24550.0,23250.0,24500.0,9969000
2026-02-20,VIC,24650.0,25000.0,24350.0,24600.0,6914223
2026-02-23,VIC,24350.0,24450.0,23800.0,24000.0,7277854
2026-02-24,VIC,23950.0,24350.0,23600.0,23600.0,8280073
2026-02-25,VIC,23650.0,24150.0,23350.0,23900.0,9202857
2026-02-26,VIC,24000.0,24300.0,23850.0,24150.0,7822959
2026-02-27,VIC,24250.0,24450.0,24100.0,24350.0,9316078
2026-03-02,VIC,24350.0,24400.0,23900.0,24050.0,7667621
2026-03-03,VIC,24050.0,24400.0,23900.0,24150.0,9479186
2026-03-04,VIC,24000.0,24250.0,23900.0,24000.0,7068749
2026-03-05,VIC,24100.0,24350.0,23350.0,23400.0,8954113
2026-03-06,VIC,23450.0,23550.0,23050.0,23100.0,8303814
2026-03-09,VIC,23150.0,23200.0,22750.0,23000.0,7984246
2026-03-10,VIC,23200.0,23750.0,23150.0,23600.0,8869783
2026-03-11,VIC,23550.0,24300.0,23350.0,24050.0,10363946
2026-03-12,VIC,24100.0,24250.0,22700.0,22750.0,14353198
2026-03-13,VIC,22750.0,23300.0,22650.0,23100.0,11415298
2026-03-16,VIC,23050.0,24650.0,23000.0,24550.0,13218093
2026-03-17,VIC,24500.0,24600.0,24400.0,24550.0,7688514
2026-03-18,VIC,24900.0,25050.0,24200.0,24350.0,11759711
2026-03-19,VIC,24400.0,24600.0,24400.0,24600.0,8441714
2026-03-20,VIC,24550.0,25300.0,24400.0,25300.0,8354387
2026-03-23,VIC,25350.0,25950.0,25250.0,25950.0,10939823
2026-03-24,VIC,25900.0,26900.0,25600.0,26700.0,9986466
2026-03-25,VIC,26600.0,26600.0,25800.0,26000.0,11000405
2026-03-26,VIC,26100.0,26300.0,25850.0,25850.0,8934769
2026-03-27,VIC,25800.0,25900.0,25300.0,25650.0,9197972
2026-03-30,VIC,25850.0,26000.0,25050.0,25050.0,8200160
2026-03-31,VIC,24900.0,25350.0,24850.0,25250.0,7323448
2026-04-01,VIC,25300.0,25300.0,24900.0,24950.0,6035524
2026-04-02,VIC,25000.0,25150.0,24750.0,24750.0,9737177
2026-04-03,VIC,24700.0,24850.0,24450.0,24600.0,5843767
2026-04-06,VIC,24750.0,25400.0,24600.0,25250.0,9340023
2026-04-07,VIC,25250.0,25250.0,23950.0,24100.0,11203777
2026-04-08,VIC,24050.0,25000.0,24000.0,24850.0,11636661
2026-04-09,VIC,25050.0,25500.0,23950.0,24100.0,12745950
2026-04-10,VIC,24050.0,24150.0,23850.0,24050.0,7015005
2026-04-13,VIC,24050.0,24850.0,23950.0,24750.0,10941272
2026-04-14,VIC,24800.0,25650.0,24800.0,25500.0,9804909
2026-04-15,VIC,25500.0,25550.0,25300.0,25450.0,5928562
2026-04-16,VIC,25400.0,26100.0,25250.0,25900.0,11759881
2026-04-17,VIC,25950.0,26100.0,25900.0,26100.0,5281469
2026-04-20,VIC,26200.0,26350.0,25900.0,25950.0,6444427
2026-04-21,VIC,25950.0,26100.0,25900.0,26000.0,6687803
2026-04-22,VIC,25750.0,27150.0,25450.0,27150.0,14153066
2026-04-23,VIC,26900.0,27750.0,26850.0,27600.0,9808939
2026-04-24,VIC,27600.0,28200.0,27250.0,28050.0,8833796
2026-04-27,VIC,28250.0,28650.0,28000.0,28400.0,8039666
2026-04-28,VIC,28500.0,29050.0,28350.0,28950.0,7869345
2026-04-29,VIC,28900.0,29200.0,28800.0,28950.0,10062293
2026-04-30,VIC,29050.0,29200.0,28950.0,29100.0,8286028
2026-05-01,VIC,28950.0,29150.0,28400.0,28450.0,10419991
2026-05-04,VIC,28250.0,28750.0,28000.0,28650.0,8359439
2026-05-05,VIC,28600.0,28850.0,27700.0,27750.0,11808955
2026-05-06,VIC,27800.0,28250.0,27500.0,27550.0,9048089
2026-05-07,VIC,27750.0,28000.0,27650.0,27950.0,8149949
2026-05-08,VIC,27950.0,28250.0,27350.0,27450.0,7650009
2026-05-11,VIC,27450.0,27500.0,26900.0,27100.0,10207031
2026-05-12,VIC,27000.0,27150.0,26500.0,26650.0,10569578
2026-05-13,VIC,26850.0,27500.0,26750.0,27450.0,11318128
2026-05-14,VIC,27500.0,27750.0,25300.0,25550.0,15682957
2026-05-15,VIC,25450.0,25850.0,25400.0,25800.0,8192951
2026-05-18,VIC,25800.0,25850.0,25450.0,25700.0,8217959
2026-05-19,VIC,25550.0,26450.0,25500.0,26450.0,9206466
2026-05-20,VIC,26450.0,26750.0,26350.0,26450.0,9904915
2026-05-21,VIC,26500.0,26500.0,25400.0,25450.0,11588580
2026-05-22,VIC,25450.0,25700.0,23550.0,23700.0,16362749
2026-05-25,VIC,23700.0,24250.0,23400.0,24150.0,10923398
2026-05-26,VIC,24150.0,25100.0,23800.0,24900.0,12759307
2026-05-27,VIC,24850.0,24950.0,23750.0,23800.0,10306786
2026-05-28,VIC,23550.0,23550.0,23200.0,23400.0,7493226
2026-05-29,VIC,23500.0,23600.0,23400.0,23550.0,8749306
2026-06-01,VIC,23450.0,23550.0,23050.0,23100.0,10152590
2026-06-02,VIC,22950.0,23600.0,22900.0,23450.0,11567192
2026-06-03,VIC,23400.0,23700.0,23150.0,23200.0,7872334
2026-06-04,VIC,23050.0,23100.0,22350.0,22450.0,10236909
2026-06-05,VIC,22350.0,22500.0,21850.0,22000.0,9180303
2026-06-08,VIC,22100.0,22250.0,21800.0,21800.0,7346594
2026-06-09,VIC,21850.0,21950.0,21600.0,21650.0,5759328
2026-06-10,VIC,21700.0,21750.0,21650.0,21750.0,8779801
2026-06-11,VIC,21700.0,21850.0,21300.0,21300.0,6673669
2026-06-12,VIC,21350.0,21400.0,21050.0,21150.0,10360375
2026-06-15,VIC,21150.0,21700.0,21150.0,21600.0,9190616
2026-06-16,VIC,21700.0,21750.0,20800.0,20950.0,11468551
2026-06-17,VIC,20800.0,22650.0,20700.0,22400.0,16310308
2026-06-18,VIC,22350.0,22400.0,22150.0,22350.0,7148340
2026-06-19,VIC,22250.0,22600.0,21350.0,21450.0,9750653
2026-06-22,VIC,21300.0,21400.0,20450.0,20600.0,9919968
2026-06-23,VIC,20750.0,20850.0,20300.0,20400.0,9618073
2026-06-24,VIC,20450.0,20550.0,20150.0,20350.0,9058258
2026-06-25,VIC,20400.0,20550.0,19500.0,19650.0,9799177
2026-06-26,VIC,19600.0,20000.0,19450.0,19450.0,7196384
2026-06-29,VIC,19500.0,20050.0,19400.0,19950.0,8358256
2026-06-30,VIC,19900.0,20250.0,19800.0,20100.0,6279465
2026-07-01,VIC,20200.0,20300.0,19350.0,19450.0,10193830
2026-07-02,VIC,19350.0,19900.0,19200.0,19900.0,8235295
2026-07-03,VIC,19900.0,19950.0,19600.0,19750.0,6092671
2026-07-06,VIC,19750.0,19800.0,19100.0,19400.0,8997631
2026-07-07,VIC,19350.0,19550.0,19250.0,19250.0,9033171
2026-07-08,VIC,19250.0,20500.0,19200.0,20300.0,10976014
2026-07-09,VIC,20300.0,20450.0,19800.0,20000.0,11059985
2026-07-10,VIC,19950.0,20850.0,19750.0,20600.0,11468025
2026-07-13,VIC,20600.0,21500.0,20500.0,21400.0,11738254
2026-07-14,VIC,21400.0,21450.0,20100.0,20150.0,12487775
2026-07-15,VIC,20150.0,20650.0,20100.0,20600.0,8745638
2026-07-16,VIC,20600.0,20700.0,20250.0,20250.0,8835273
2026-07-17,VIC,20250.0,20350.0,20150.0,20300.0,8455268
2026-07-20,VIC,20250.0,20400.0,19850.0,19900.0,8054502
2026-07-21,VIC,19900.0,19950.0,19750.0,19800.0,5658137
2026-07-22,VIC,19800.0,19950.0,19650.0,19700.0,6042214
2026-07-23,VIC,19700.0,19700.0,19500.0,19600.0,8151730
2026-07-24,VIC,19650.0,19700.0,19550.0,19550.0,5899903
2026-07-27,VIC,19600.0,19700.0,18700.0,18800.0,13422458
2026-07-28,VIC,18750.0,18800.0,18500.0,18650.0,7702236
2026-07-29,VIC,18650.0,18800.0,18550.0,18650.0,6334794
2026-07-30,VIC,18600.0,18850.0,18350.0,18750.0,11251682
2026-07-31,VIC,18750.0,18800.0,18500.0,18600.0,6080791
2026-08-03,VIC,18550.0,18700.0,18500.0,18700.0,7649149
2026-08-04,VIC,18750.0,19050.0,18400.0,19000.0,9399934
2026-08-05,VIC,18950.0,19550.0,18900.0,19300.0,9720670
2026-08-06,VIC,19350.0,20250.0,19300.0,20100.0,8584109
2026-08-07,VIC,20200.0,20500.0,20200.0,20500.0,7251837
2026-08-10,VIC,20300.0,21250.0,20300.0,21100.0,11468347
2026-08-11,VIC,21100.0,21150.0,20500.0,20550.0,7531286
2026-08-12,VIC,20600.0,21350.0,20450.0,21100.0,11511785
2026-08-13,VIC,21150.0,21250.0,20100.0,20150.0,11530221
2026-08-14,VIC,20050.0,20150.0,19800.0,19800.0,6838501
2026-08-17,VIC,19850.0,19900.0,19500.0,19550.0,8201382
2026-08-18,VIC,19600.0,19650.0,19250.0,19400.0,10289079
2026-08-19,VIC,19350.0,20000.0,19350.0,19800.0,9372326
2026-08-20,VIC,19750.0,20100.0,19600.0,20000.0,7339078
2026-08-21,VIC,20050.0,20150.0,19650.0,19750.0,6778946
2026-08-24,VIC,19700.0,19850.0,19300.0,19400.0,11535667
2026-08-25,VIC,19450.0,20150.0,19300.0,20000.0,10184790
2026-08-26,VIC,20200.0,21200.0,20150.0,21200.0,11420928
2026-08-27,VIC,21200.0,21950.0,21050.0,21850.0,11206098
2026-08-28,VIC,21750.0,22000.0,21600.0,21600.0,9170330
2026-08-31,VIC,21550.0,21600.0,20850.0,21000.0,7916511
