Date,Symbol,Open,High,Low,Close,Volume
2018-01-01,VNM,119850.0,121950.0,119800.0,120000.0,3766680
2018-01-02,VNM,119900.0,122500.0,119000.0,121850.0,5997411
2018-01-03,VNM,122450.0,122550.0,119800.0,119800.0,4252698
2018-01-04,VNM,119850.0,124200.0,119300.0,123700.0,6566274
2018-01-05,VNM,123400.0,124600.0,123300.0,123700.0,4225669
2018-01-08,VNM,123250.0,125650.0,122800.0,124600.0,4820292
2018-01-09,VNM,124800.0,125150.0,123650.0,123950.0,4248271
2018-01-10,VNM,124050.0,124150.0,123300.0,123800.0,3120109
2018-01-11,VNM,123500.0,125500.0,122200.0,124300.0,6024315
2018-01-12,VNM,123600.0,124600.0,123000.0,124000.0,5006186
2018-01-15,VNM,124500.0,125900.0,123750.0,125350.0,4504873
2018-01-16,VNM,125700.0,126200.0,124450.0,125850.0,3675883
2018-01-17,VNM,125950.0,126250.0,123050.0,123450.0,4950714
2018-01-18,VNM,124400.0,126350.0,123800.0,124550.0,4202992
2018-01-19,VNM,125100.0,126200.0,124050.0,125700.0,4964352
2018-01-22,VNM,124800.0,126500.0,124200.0,125400.0,3786963
2018-01-23,VNM,126300.0,126750.0,123600.0,124400.0,4739489
2018-01-24,VNM,125200.0,125650.0,123450.0,123450.0,3705161
2018-01-25,VNM,123050.0,124900.0,121200.0,124200.0,5589209
2018-01-26,VNM,123900.0,128050.0,123550.0,126750.0,5140772
2018-01-29,VNM,126600.0,127400.0,126100.0,126650.0,3169177
2018-01-30,VNM,126550.0,128550.0,125450.0,127900.0,3610879
2018-01-31,VNM,127800.0,130900.0,127700.0,129950.0,4389576
2018-02-01,VNM,129450.0,134300.0,129250.0,132250.0,6234191
2018-02-02,VNM,132950.0,133700.0,130950.0,131600.0,4795458
2018-02-05,VNM,131550.0,131800.0,130950.0,131350.0,2845335
2018-02-06,VNM,130450.0,131500.0,128000.0,129550.0,3606612
2018-02-07,VNM,129100.0,130100.0,128800.0,129950.0,4651599
2018-02-08,VNM,129650.0,132100.0,129500.0,130750.0,3276154
2018-02-09,VNM,130300.0,133750.0,129100.0,133300.0,6111463
2018-02-12,VNM,134050.0,134300.0,131450.0,131800.0,4642877
2018-02-13,VNM,131900.0,136100.0,131700.0,135100.0,5253347
2018-02-14,VNM,135450.0,135900.0,132850.0,133350.0,5050455
2018-02-15,VNM,133100.0,136150.0,132500.0,135150.0,5210273
2018-02-16,VNM,135200.0,136800.0,135150.0,135950.0,4349588
2018-02-19,VNM,136300.0,137650.0,131600.0,133000.0,6025942
2018-02-20,VNM,132850.0,136050.0,132850.0,136000.0,3606012
2018-02-21,VNM,135250.0,137450.0,135150.0,135950.0,5352310
2018-02-22,VNM,136050.0,137550.0,135550.0,135750.0,4855067
2018-02-23,VNM,136150.0,138050.0,135950.0,138050.0,4451343
2018-02-26,VNM,138050.0,138250.0,137200.0,137400.0,3846236
2018-02-27,VNM,137800.0,139200.0,137350.0,137600.0,4187819
2018-02-28,VNM,136500.0,136600.0,135350.0,136350.0,5062745
2018-03-01,VNM,136050.0,137000.0,133000.0,133350.0,5700968
2018-03-02,VNM,133450.0,134250.0,132000.0,132750.0,5141444
2018-03-05,VNM,132600.0,132800.0,131750.0,132350.0,4556066
2018-03-06,VNM,131700.0,133350.0,130350.0,133000.0,3598398
2018-03-07,VNM,133250.0,134200.0,125250.0,126100.0,6422467
2018-03-08,VNM,125800.0,126700.0,124450.0,124950.0,4312787
2018-03-09,VNM,124800.0,125600.0,123800.0,124350.0,4392019
2018-03-12,VNM,124650.0,125550.0,123050.0,125100.0,5166474
2018-03-13,VNM,125600.0,128250.0,124550.0,127150.0,4704843
2018-03-14,VNM,127500.0,131350.0,125850.0,130100.0,6794301
2018-03-15,VNM,130350.0,131700.0,127700.0,128000.0,5862883
2018-03-16,VNM,126850.0,127300.0,126600.0,126700.0,3915498
2018-03-19,VNM,127650.0,129250.0,125650.0,126300.0,5772316
2018-03-20,VNM,126950.0,127700.0,126550.0,126900.0,3242475
2018-03-21,VNM,127250.0,128750.0,127200.0,128650.0,3818980
2018-03-22,VNM,129500.0,130700.0,125900.0,125950.0,4342632
2018-03-23,VNM,126000.0,128450.0,125050.0,128250.0,3875222
2018-03-26,VNM,128250.0,128300.0,127500.0,127700.0,4383633
2018-03-27,VNM,127150.0,127550.0,126850.0,127350.0,5022955
2018-03-28,VNM,127150.0,127500.0,122800.0,123200.0,5724029
2018-03-29,VNM,123300.0,124100.0,122650.0,123800.0,3782494
2018-03-30,VNM,123250.0,124350.0,122850.0,122900.0,4336912
2018-04-02,VNM,123150.0,125550.0,122800.0,124900.0,5169891
2018-04-03,VNM,125300.0,126200.0,125050.0,126000.0,4171806
2018-04-04,VNM,125750.0,125800.0,123700.0,123950.0,5356339
2018-04-05,VNM,124250.0,127300.0,123850.0,126050.0,5937934
2018-04-06,VNM,125150.0,126650.0,122000.0,123350.0,5860126
2018-04-09,VNM,122850.0,123450.0,122800.0,123150.0,3874306
2018-04-10,VNM,122450.0,125550.0,120900.0,124700.0,5369833
2018-04-11,VNM,123900.0,127450.0,123050.0,127050.0,5235595
2018-04-12,VNM,127700.0,128100.0,126100.0,126200.0,3272426
2018-04-13,VNM,126350.0,127850.0,125400.0,127400.0,4039540
2018-04-16,VNM,127700.0,128600.0,127550.0,128000.0,3474528
2018-04-17,VNM,128250.0,128450.0,126400.0,126500.0,4758230
2018-04-18,VNM,126850.0,127550.0,126200.0,127050.0,3434258
2018-04-19,VNM,126850.0,130300.0,126400.0,128150.0,4909314
2018-04-20,VNM,129350.0,129450.0,128900.0,129350.0,3215870
2018-04-23,VNM,128300.0,130000.0,128200.0,129500.0,3897657
2018-04-24,VNM,130000.0,131000.0,128200.0,128350.0,3766010
2018-04-25,VNM,128400.0,129800.0,127850.0,129350.0,5042708
2018-04-26,VNM,129750.0,130700.0,129050.0,129500.0,3965645
2018-04-27,VNM,129600.0,129800.0,125000.0,126150.0,5476289
2018-04-30,VNM,127050.0,128100.0,125750.0,125950.0,5146367
2018-05-01,VNM,126000.0,128100.0,125200.0,127650.0,5037808
2018-05-02,VNM,127550.0,129650.0,127350.0,129550.0,3506833
2018-05-03,VNM,129700.0,130350.0,127050.0,127300.0,4555255
2018-05-04,VNM,127050.0,127350.0,126000.0,126200.0,4190607
2018-05-07,VNM,126900.0,127450.0,126050.0,126250.0,5110487
2018-05-08,VNM,126050.0,128150.0,126000.0,127850.0,5564750
2018-05-09,VNM,128350.0,128800.0,123950.0,124750.0,6403332
2018-05-10,VNM,125500.0,128200.0,125250.0,127650.0,4270795
2018-05-11,VNM,127250.0,127450.0,124800.0,125850.0,5575674
2018-05-14,VNM,126150.0,127600.0,125400.0,127000.0,4162567
2018-05-15,VNM,126450.0,129000.0,126050.0,128900.0,5771055
2018-05-16,VNM,129200.0,130550.0,129050.0,129800.0,4576617
2018-05-17,VNM,129950.0,131000.0,129500.0,130950.0,3846189
2018-05-18,VNM,131000.0,134150.0,130050.0,133900.0,5820841
2018-05-21,VNM,133900.0,134350.0,133350.0,134100.0,4667351
2018-05-22,VNM,133600.0,135050.0,133450.0,133750.0,4225581
2018-05-23,VNM,134600.0,135600.0,133400.0,133750.0,3188183
2018-05-24,VNM,133900.0,134600.0,133750.0,134550.0,3813478
2018-05-25,VNM,134650.0,138750.0,134250.0,137800.0,6003395
2018-05-28,VNM,138300.0,138400.0,136500.0,136750.0,3094786
2018-05-29,VNM,136150.0,137000.0,134450.0,134950.0,3802261
2018-05-30,VNM,134300.0,135200.0,132650.0,133550.0,4599234
2018-05-31,VNM,133700.0,137750.0,133100.0,136500.0,4363592
2018-06-01,VNM,136350.0,136800.0,135350.0,135550.0,3840793
2018-06-04,VNM,135350.0,136150.0,135150.0,135450.0,3273755
2018-06-05,VNM,135300.0,136050.0,134800.0,135750.0,4672951
2018-06-06,VNM,135300.0,135500.0,133300.0,133550.0,4936874
2018-06-07,VNM,132900.0,137100.0,131400.0,136050.0,4709223
2018-06-08,VNM,136000.0,137250.0,134550.0,136900.0,5368741
2018-06-11,VNM,137300.0,137450.0,135250.0,135350.0,4696239
2018-06-12,VNM,134600.0,137050.0,133900.0,136550.0,4046663
2018-06-13,VNM,136700.0,138650.0,135500.0,138250.0,4872588
2018-06-14,VNM,138200.0,142800.0,137550.0,141500.0,4036540
2018-06-15,VNM,141850.0,144150.0,141100.0,143950.0,3378425
2018-06-18,VNM,143250.0,144100.0,143050.0,143750.0,3323752
2018-06-19,VNM,144750.0,144900.0,141850.0,142500.0,5336618
2018-06-20,VNM,141400.0,144100.0,140400.0,143150.0,5426918
2018-06-21,VNM,143150.0,143750.0,141750.0,142000.0,5169137
2018-06-22,VNM,141250.0,141750.0,140400.0,141050.0,4934774
2018-06-25,VNM,141300.0,141550.0,140550.0,141350.0,3587630
2018-06-26,VNM,140800.0,142500.0,137050.0,137050.0,4306325
2018-06-27,VNM,136350.0,136850.0,135950.0,136050.0,4506860
2018-06-28,VNM,136300.0,136350.0,133250.0,133900.0,5784523
2018-06-29,VNM,133500.0,137200.0,132750.0,135750.0,3910280
2018-07-02,VNM,135900.0,136000.0,132550.0,133250.0,3881917
2018-07-03,VNM,133050.0,133550.0,131400.0,132750.0,5384342
2018-07-04,VNM,132650.0,135550.0,132200.0,134650.0,5768518
2018-07-05,VNM,132750.0,136600.0,132050.0,136250.0,4447544
2018-07-06,VNM,136400.0,137000.0,133600.0,133750.0,5728285
2018-07-09,VNM,133650.0,135150.0,130300.0,132550.0,4663233
2018-07-10,VNM,132550.0,134450.0,131100.0,133000.0,4815941
2018-07-11,VNM,132800.0,133650.0,132750.0,133200.0,4665050
2018-07-12,VNM,133350.0,136500.0,132000.0,135900.0,4068628
2018-07-13,VNM,136050.0,136300.0,135050.0,135550.0,4651565
2018-07-16,VNM,135400.0,137250.0,134250.0,136000.0,3653269
2018-07-17,VNM,135400.0,138850.0,134950.0,136800.0,5207120
2018-07-18,VNM,136500.0,136850.0,134600.0,135650.0,5588848
2018-07-19,VNM,135900.0,137800.0,134350.0,135450.0,5672876
2018-07-20,VNM,135050.0,136350.0,135000.0,135450.0,3598200
2018-07-23,VNM,135000.0,135050.0,133350.0,134200.0,4265048
2018-07-24,VNM,134400.0,134950.0,131600.0,132550.0,3973652
2018-07-25,VNM,132550.0,133000.0,131800.0,131950.0,3370542
2018-07-26,VNM,131600.0,132400.0,130400.0,132100.0,3028798
2018-07-27,VNM,132050.0,132800.0,131700.0,132100.0,4117514
2018-07-30,VNM,131850.0,133400.0,130050.0,133250.0,4038654
2018-07-31,VNM,134000.0,134250.0,132150.0,132450.0,3698456
2018-08-01,VNM,132550.0,133800.0,131050.0,132700.0,3913181
2018-08-02,VNM,133200.0,136350.0,132900.0,135750.0,4236960
2018-08-03,VNM,135950.0,139850.0,135750.0,138850.0,4168124
2018-08-06,VNM,138050.0,143800.0,137400.0,143000.0,5144888
2018-08-07,VNM,142300.0,142400.0,139200.0,140550.0,4048569
2018-08-08,VNM,140050.0,140850.0,139500.0,140050.0,3250966
2018-08-09,VNM,140200.0,140350.0,139000.0,140150.0,4590913
2018-08-10,VNM,140050.0,141800.0,139600.0,141750.0,3951868
2018-08-13,VNM,142150.0,143100.0,140350.0,140950.0,3604052
2018-08-14,VNM,140500.0,143050.0,139500.0,142850.0,5676782
2018-08-15,VNM,142900.0,143000.0,141850.0,142400.0,3224104
2018-08-16,VNM,142300.0,143800.0,141950.0,143500.0,3313111
2018-08-17,VNM,143350.0,147050.0,143150.0,145400.0,3834660
2018-08-20,VNM,144850.0,145350.0,141800.0,142050.0,4871121
2018-08-21,VNM,142800.0,144250.0,142150.0,142450.0,3070972
2018-08-22,VNM,142600.0,146600.0,141700.0,146000.0,4256622
2018-08-23,VNM,146250.0,148950.0,146150.0,148350.0,5275434
2018-08-24,VNM,148000.0,149700.0,147200.0,147800.0,4688503
2018-08-27,VNM,147150.0,151350.0,146950.0,150500.0,4593128
2018-08-28,VNM,150600.0,150800.0,148650.0,149000.0,4480095
2018-08-29,VNM,148150.0,149000.0,146750.0,148800.0,3802693
2018-08-30,VNM,148500.0,153400.0,147450.0,151750.0,5249815
2018-08-31,VNM,151000.0,153850.0,150600.0,153000.0,4050382
2018-09-03,VNM,153000.0,153900.0,148550.0,149900.0,6262599
2018-09-04,VNM,149750.0,150050.0,148800.0,149000.0,3549330
2018-09-05,VNM,149200.0,150450.0,148050.0,150450.0,3609750
2018-09-06,VNM,150700.0,151400.0,145250.0,147050.0,4608933
2018-09-07,VNM,145950.0,149950.0,144750.0,149150.0,4878291
2018-09-10,VNM,148450.0,150400.0,147050.0,149850.0,4326170
2018-09-11,VNM,150150.0,155600.0,149850.0,154050.0,4541880
2018-09-12,VNM,153500.0,154350.0,152900.0,154050.0,3527558
2018-09-13,VNM,152750.0,156650.0,152700.0,156600.0,5827763
2018-09-14,VNM,157100.0,157550.0,154950.0,155000.0,4931199
2018-09-17,VNM,154950.0,155950.0,149050.0,150050.0,5640890
2018-09-18,VNM,150600.0,151500.0,150350.0,151350.0,3436357
2018-09-19,VNM,151100.0,151750.0,150200.0,151550.0,4057315
2018-09-20,VNM,151600.0,154650.0,151500.0,153950.0,3557118
2018-09-21,VNM,154850.0,155900.0,150600.0,151200.0,5172458
2018-09-24,VNM,151100.0,151650.0,147700.0,147750.0,4423544
2018-09-25,VNM,147450.0,148300.0,145850.0,147950.0,4252345
2018-09-26,VNM,147650.0,148000.0,146200.0,146500.0,5286577
2018-09-27,VNM,147250.0,148200.0,146500.0,147350.0,4612187
2018-09-28,VNM,147000.0,150900.0,146300.0,149850.0,5022932
2018-10-01,VNM,149350.0,151550.0,148950.0,150700.0,4917455
2018-10-02,VNM,150800.0,154000.0,150150.0,153100.0,4381744
2018-10-03,VNM,152100.0,156550.0,152100.0,156300.0,4523212
2018-10-04,VNM,155800.0,156800.0,154800.0,156300.0,4277255
2018-10-05,VNM,156050.0,157150.0,156000.0,156100.0,3033295
2018-10-08,VNM,155850.0,157000.0,155450.0,155500.0,3258605
2018-10-09,VNM,156050.0,158950.0,155700.0,158900.0,3722083
2018-10-10,VNM,158050.0,160250.0,158000.0,158050.0,4063764
2018-10-11,VNM,158950.0,159250.0,158200.0,158800.0,3340890
2018-10-12,VNM,158300.0,161350.0,157450.0,160250.0,4445947
2018-10-15,VNM,158850.0,159150.0,157950.0,158300.0,4628362
2018-10-16,VNM,158050.0,160100.0,157700.0,159900.0,4699814
2018-10-17,VNM,159300.0,160500.0,157700.0,159250.0,4446052
2018-10-18,VNM,159650.0,159750.0,158450.0,159350.0,5011746
2018-10-19,VNM,159650.0,159750.0,157100.0,157800.0,4068343
2018-10-22,VNM,157050.0,159250.0,155500.0,155700.0,3699064
2018-10-23,VNM,156800.0,156900.0,153200.0,154350.0,3796101
2018-10-24,VNM,153750.0,156800.0,153450.0,155900.0,4014721
2018-10-25,VNM,156750.0,157900.0,154700.0,155400.0,4989735
2018-10-26,VNM,155800.0,158050.0,155750.0,157000.0,4234643
2018-10-29,VNM,158050.0,159350.0,157200.0,158950.0,3917807
2018-10-30,VNM,160400.0,160750.0,157400.0,157900.0,5253699
2018-10-31,VNM,157350.0,158100.0,156700.0,156950.0,4002996
2018-11-01,VNM,156700.0,157450.0,153100.0,153500.0,5929945
2018-11-02,VNM,153850.0,153850.0,149350.0,149750.0,5249881
2018-11-05,VNM,148300.0,150550.0,148250.0,149900.0,4870051
2018-11-06,VNM,150900.0,151300.0,147600.0,148500.0,3914349
2018-11-07,VNM,148150.0,151250.0,147850.0,150300.0,4539391
2018-11-08,VNM,150250.0,151100.0,149050.0,150550.0,4479506
2018-11-09,VNM,150400.0,151450.0,149650.0,149800.0,3217571
2018-11-12,VNM,149350.0,151300.0,148900.0,151200.0,5049174
2018-11-13,VNM,150350.0,151200.0,149300.0,150700.0,4139216
2018-11-14,VNM,149950.0,152600.0,149050.0,151850.0,3673397
2018-11-15,VNM,151600.0,151950.0,148250.0,149750.0,3713912
2018-11-16,VNM,150150.0,151650.0,149900.0,150150.0,2812385
2018-11-19,VNM,150600.0,150650.0,149550.0,150550.0,4259405
2018-11-20,VNM,150800.0,151600.0,149100.0,151500.0,3467112
2018-11-21,VNM,152050.0,153050.0,150500.0,152900.0,4967826
2018-11-22,VNM,152200.0,155350.0,151900.0,154150.0,4546038
2018-11-23,VNM,154200.0,154400.0,152200.0,153300.0,4009251
2018-11-26,VNM,153250.0,153800.0,152550.0,153200.0,2829089
2018-11-27,VNM,152600.0,154050.0,151450.0,152550.0,4221959
2018-11-28,VNM,153500.0,156450.0,153050.0,154850.0,5722518
2018-11-29,VNM,154050.0,155050.0,153700.0,154350.0,5076289
2018-11-30,VNM,154100.0,154950.0,151350.0,151600.0,4013863
2018-12-03,VNM,152100.0,152650.0,151350.0,152600.0,3427348
2018-12-04,VNM,152000.0,153000.0,149500.0,150750.0,4929475
2018-12-05,VNM,150200.0,153050.0,149700.0,152200.0,5474203
2018-12-06,VNM,152000.0,153750.0,148350.0,149050.0,4429714
2018-12-07,VNM,149350.0,152050.0,148750.0,150450.0,4373892
2018-12-10,VNM,149700.0,150800.0,148900.0,150800.0,5275958
2018-12-11,VNM,149950.0,151250.0,149500.0,150300.0,3333192
2018-12-12,VNM,150250.0,151750.0,150000.0,151450.0,5061346
2018-12-13,VNM,152150.0,152500.0,150600.0,151800.0,4516740
2018-12-14,VNM,152350.0,152350.0,151500.0,151650.0,4346895
2018-12-17,VNM,151650.0,151650.0,150100.0,150600.0,3705233
2018-12-18,VNM,150900.0,151200.0,149700.0,150550.0,4215212
2018-12-19,VNM,149450.0,149750.0,146800.0,147500.0,4672779
2018-12-20,VNM,147850.0,149000.0,145350.0,145550.0,4029767
2018-12-21,VNM,145500.0,145900.0,142400.0,143550.0,4286119
2018-12-24,VNM,143450.0,143900.0,141450.0,141500.0,5439093
2018-12-25,VNM,141150.0,143450.0,139200.0,139550.0,3904895
2018-12-26,VNM,138750.0,143300.0,137700.0,142450.0,6006057
2018-12-27,VNM,142650.0,144550.0,142550.0,143900.0,5025434
2018-12-28,VNM,143600.0,144550.0,142250.0,144150.0,4857171
2018-12-31,VNM,142700.0,143100.0,141950.0,142950.0,4380908
2019-01-01,VNM,143300.0,143300.0,139550.0,139850.0,4889948
2019-01-02,VNM,139850.0,140550.0,138850.0,139500.0,4198778
2019-01-03,VNM,139200.0,141500.0,138550.0,141300.0,3549183
2019-01-04,VNM,140800.0,143000.0,139100.0,142500.0,3559017
2019-01-07,VNM,142450.0,142800.0,140400.0,140600.0,4586454
2019-01-08,VNM,140150.0,141500.0,137350.0,138000.0,6126119
2019-01-09,VNM,137800.0,138050.0,136550.0,137950.0,3824421
2019-01-10,VNM,138500.0,141600.0,136900.0,141550.0,4214220
2019-01-11,VNM,141700.0,143150.0,140250.0,141700.0,3485876
2019-01-14,VNM,141850.0,142300.0,140450.0,140500.0,3826725
2019-01-15,VNM,140150.0,142900.0,138950.0,142100.0,6118901
2019-01-16,VNM,141900.0,141900.0,139700.0,140050.0,4808950
2019-01-17,VNM,139400.0,142000.0,135400.0,136100.0,6069130
2019-01-18,VNM,136050.0,138650.0,135800.0,138050.0,4343601
2019-01-21,VNM,136800.0,141000.0,134900.0,140650.0,5700046
2019-01-22,VNM,140550.0,141400.0,140400.0,140550.0,4851574
2019-01-23,VNM,139950.0,140450.0,136550.0,137200.0,5739997
2019-01-24,VNM,137500.0,138700.0,135200.0,138400.0,3496311
2019-01-25,VNM,138300.0,139250.0,137150.0,138850.0,3246752
2019-01-28,VNM,139350.0,139450.0,137000.0,137500.0,4061542
2019-01-29,VNM,137750.0,139250.0,135500.0,136750.0,5068144
2019-01-30,VNM,136750.0,142100.0,135950.0,141450.0,5641370
2019-01-31,VNM,141750.0,144500.0,141350.0,143700.0,3320876
2019-02-01,VNM,143250.0,143850.0,141500.0,141550.0,4077854
2019-02-04,VNM,142450.0,143500.0,141050.0,141200.0,5601096
2019-02-05,VNM,141400.0,144800.0,141050.0,143800.0,4808630
2019-02-06,VNM,143200.0,144450.0,141700.0,142050.0,4619692
2019-02-07,VNM,142300.0,143750.0,141950.0,142250.0,4995005
2019-02-08,VNM,142550.0,142950.0,140450.0,140500.0,3188897
2019-02-11,VNM,139600.0,141150.0,139100.0,140250.0,3380068
2019-02-12,VNM,140450.0,140600.0,138350.0,139300.0,4519500
2019-02-13,VNM,139500.0,140350.0,139100.0,139200.0,3837712
2019-02-14,VNM,139300.0,141600.0,138450.0,141150.0,5180938
2019-02-15,VNM,140750.0,140850.0,138500.0,139050.0,3722322
2019-02-18,VNM,138600.0,138750.0,136650.0,137250.0,3783926
2019-02-19,VNM,137150.0,138550.0,135550.0,138100.0,5370987
2019-02-20,VNM,138650.0,138700.0,136250.0,137650.0,3229333
2019-02-21,VNM,137550.0,140250.0,137050.0,138900.0,4629195
2019-02-22,VNM,138450.0,141450.0,138250.0,140150.0,5661270
2019-02-25,VNM,140300.0,140850.0,139250.0,140800.0,4947910
2019-02-26,VNM,140850.0,141300.0,136750.0,138100.0,6116329
2019-02-27,VNM,138100.0,139600.0,137650.0,138900.0,4623210
2019-02-28,VNM,139600.0,141400.0,138900.0,140400.0,5166082
2019-03-01,VNM,141100.0,141550.0,138600.0,140300.0,4388193
2019-03-04,VNM,140600.0,142050.0,140550.0,141950.0,4156481
2019-03-05,VNM,142500.0,143050.0,138250.0,139650.0,5518951
2019-03-06,VNM,139800.0,140300.0,137000.0,137400.0,5131681
2019-03-07,VNM,137350.0,139850.0,136950.0,139000.0,4370973
2019-03-08,VNM,139550.0,140450.0,136450.0,136800.0,3852188
2019-03-11,VNM,136750.0,136950.0,133750.0,134500.0,5590896
2019-03-12,VNM,134350.0,134950.0,133800.0,133850.0,5102904
2019-03-13,VNM,133150.0,134500.0,132500.0,133750.0,4018059
2019-03-14,VNM,133700.0,134600.0,133450.0,133600.0,5022432
2019-03-15,VNM,133400.0,134300.0,132750.0,132750.0,3190989
2019-03-18,VNM,132250.0,134450.0,132150.0,133500.0,5256981
2019-03-19,VNM,133450.0,135850.0,133350.0,135450.0,4338595
2019-03-20,VNM,135200.0,136600.0,133900.0,135000.0,3686848
2019-03-21,VNM,135200.0,137250.0,134650.0,135950.0,5080046
2019-03-22,VNM,135300.0,138700.0,133950.0,137700.0,4803205
2019-03-25,VNM,137350.0,139600.0,135700.0,139150.0,5262088
2019-03-26,VNM,139600.0,140700.0,139200.0,140350.0,4470596
2019-03-27,VNM,140650.0,140700.0,139350.0,139350.0,4276040
2019-03-28,VNM,139300.0,139600.0,137700.0,137800.0,5204835
2019-03-29,VNM,137750.0,141200.0,136900.0,139750.0,4350256
2019-04-01,VNM,139450.0,140850.0,138500.0,140400.0,5222235
2019-04-02,VNM,139400.0,141100.0,138800.0,141000.0,4970844
2019-04-03,VNM,140300.0,140950.0,139500.0,140800.0,5056354
2019-04-04,VNM,141000.0,141600.0,140050.0,140200.0,3097924
2019-04-05,VNM,139800.0,140100.0,135800.0,136300.0,3974458
2019-04-08,VNM,136050.0,139100.0,135800.0,138350.0,3683891
2019-04-09,VNM,138200.0,139550.0,135850.0,136750.0,4475342
2019-04-10,VNM,136950.0,137200.0,134900.0,135850.0,3216115
2019-04-11,VNM,136050.0,136400.0,134100.0,135900.0,3190234
2019-04-12,VNM,136300.0,139900.0,136200.0,137950.0,4939125
2019-04-15,VNM,138200.0,138400.0,135950.0,137000.0,5177395
2019-04-16,VNM,136300.0,136850.0,135800.0,136550.0,3414138
2019-04-17,VNM,137400.0,138200.0,135950.0,137850.0,3989985
2019-04-18,VNM,138700.0,138750.0,135550.0,136500.0,5539979
2019-04-19,VNM,136350.0,139150.0,135350.0,138200.0,4783487
2019-04-22,VNM,138900.0,139450.0,137000.0,137250.0,3443570
2019-04-23,VNM,137300.0,137450.0,135900.0,136100.0,3587650
2019-04-24,VNM,136550.0,137000.0,134200.0,135350.0,4626045
2019-04-25,VNM,135400.0,137200.0,135050.0,136200.0,4362991
2019-04-26,VNM,136600.0,139550.0,136400.0,139150.0,4213956
2019-04-29,VNM,139100.0,139450.0,135600.0,136550.0,5095742
2019-04-30,VNM,136300.0,137850.0,135650.0,137100.0,3404384
2019-05-01,VNM,138400.0,139650.0,137550.0,137800.0,5322362
2019-05-02,VNM,137250.0,138100.0,134150.0,134850.0,3677228
2019-05-03,VNM,134700.0,135050.0,133700.0,134000.0,5233432
2019-05-06,VNM,134900.0,135200.0,133900.0,134050.0,3131337
2019-05-07,VNM,133500.0,133500.0,131250.0,131700.0,4917076
2019-05-08,VNM,130950.0,131750.0,130550.0,130850.0,5073935
2019-05-09,VNM,130800.0,132100.0,130200.0,131800.0,3441007
2019-05-10,VNM,132600.0,133250.0,131100.0,131400.0,3095134
2019-05-13,VNM,131200.0,132350.0,129200.0,130100.0,5764108
2019-05-14,VNM,129400.0,131400.0,129200.0,130900.0,5199482
2019-05-15,VNM,131300.0,131900.0,130700.0,131900.0,3295801
2019-05-16,VNM,132200.0,133050.0,131400.0,131800.0,4038342
2019-05-17,VNM,131650.0,135400.0,131400.0,135000.0,4144464
2019-05-20,VNM,134950.0,137000.0,134150.0,135750.0,4683117
2019-05-21,VNM,135900.0,138450.0,134800.0,137700.0,4831502
2019-05-22,VNM,137550.0,138750.0,136900.0,138250.0,4306260
2019-05-23,VNM,138000.0,141650.0,138000.0,140550.0,4607580
2019-05-24,VNM,140250.0,142950.0,139400.0,142650.0,4223696
2019-05-27,VNM,142350.0,145850.0,141800.0,144850.0,6062329
2019-05-28,VNM,145850.0,146700.0,143800.0,144450.0,5171565
2019-05-29,VNM,144350.0,145000.0,142100.0,142350.0,4859055
2019-05-30,VNM,141750.0,142550.0,139850.0,139900.0,3590110
2019-05-31,VNM,140300.0,140550.0,139550.0,140200.0,4461311
2019-06-03,VNM,140200.0,141200.0,139550.0,140050.0,5085143
2019-06-04,VNM,140400.0,141450.0,140150.0,141150.0,4872313
2019-06-05,VNM,140500.0,140900.0,140200.0,140850.0,3394108
2019-06-06,VNM,141950.0,143550.0,141750.0,143200.0,4986734
2019-06-07,VNM,143500.0,144150.0,142250.0,142650.0,5367975
2019-06-10,VNM,142700.0,145050.0,142600.0,144100.0,3691780
2019-06-11,VNM,144650.0,144750.0,141500.0,141650.0,4867326
2019-06-12,VNM,140900.0,140900.0,138800.0,138850.0,4662830
2019-06-13,VNM,139000.0,140050.0,137050.0,137100.0,4438109
2019-06-14,VNM,137500.0,137550.0,134250.0,135400.0,4130841
2019-06-17,VNM,135150.0,135850.0,134000.0,134600.0,3427556
2019-06-18,VNM,135000.0,135850.0,131000.0,131450.0,5926639
2019-06-19,VNM,130650.0,132000.0,130250.0,131550.0,4925110
2019-06-20,VNM,131150.0,131650.0,130100.0,131350.0,5337078
2019-06-21,VNM,131800.0,131950.0,130100.0,130900.0,3251220
2019-06-24,VNM,131250.0,132850.0,131050.0,131600.0,3336400
2019-06-25,VNM,132300.0,133250.0,129450.0,130000.0,4328377
2019-06-26,VNM,129750.0,132750.0,129700.0,131800.0,4307595
2019-06-27,VNM,132100.0,135100.0,131650.0,134100.0,5844597
2019-06-28,VNM,133350.0,134700.0,132950.0,134050.0,3101680
2019-07-01,VNM,133900.0,135400.0,133350.0,134150.0,5232099
2019-07-02,VNM,135000.0,137150.0,134750.0,136950.0,4247465
2019-07-03,VNM,137750.0,138250.0,136950.0,137800.0,4259182
2019-07-04,VNM,136650.0,139600.0,136400.0,138750.0,4956431
2019-07-05,VNM,137950.0,141950.0,136700.0,141650.0,6046729
2019-07-08,VNM,142800.0,143500.0,135800.0,135900.0,5058078
2019-07-09,VNM,136500.0,137800.0,134500.0,134600.0,4612282
2019-07-10,VNM,134750.0,136450.0,133800.0,135450.0,3766462
2019-07-11,VNM,134700.0,136400.0,133500.0,135750.0,4376990
2019-07-12,VNM,135850.0,138050.0,135150.0,137650.0,5084170
2019-07-15,VNM,138600.0,139100.0,133700.0,134250.0,5140063
2019-07-16,VNM,134650.0,135000.0,133850.0,134350.0,5133407
2019-07-17,VNM,134300.0,138750.0,133200.0,138300.0,6385917
2019-07-18,VNM,138950.0,140050.0,138200.0,138450.0,4542222
2019-07-19,VNM,137650.0,140100.0,136850.0,139400.0,4624555
2019-07-22,VNM,139100.0,139800.0,137050.0,137050.0,5416147
2019-07-23,VNM,135800.0,136700.0,133300.0,134650.0,5749175
2019-07-24,VNM,134000.0,135700.0,133850.0,135400.0,5300800
2019-07-25,VNM,135350.0,135700.0,134100.0,135250.0,4008048
2019-07-26,VNM,136100.0,136550.0,132900.0,133600.0,4514643
2019-07-29,VNM,133950.0,134750.0,131050.0,131950.0,4193312
2019-07-30,VNM,132200.0,135150.0,131450.0,134800.0,4280447
2019-07-31,VNM,135450.0,136300.0,135050.0,136200.0,4170197
2019-08-01,VNM,136350.0,137300.0,135050.0,137250.0,5073059
2019-08-02,VNM,137600.0,138400.0,137150.0,137550.0,4470998
2019-08-05,VNM,137250.0,141050.0,136750.0,139950.0,6207315
2019-08-06,VNM,139950.0,142050.0,139600.0,140350.0,5444691
2019-08-07,VNM,140100.0,149100.0,138000.0,147400.0,8086849
2019-08-08,VNM,147600.0,150700.0,146850.0,149500.0,5398985
2019-08-09,VNM,149000.0,154600.0,148600.0,153250.0,4785391
2019-08-12,VNM,153300.0,153600.0,151850.0,151950.0,4559724
2019-08-13,VNM,152200.0,152300.0,150550.0,150800.0,3759917
2019-08-14,VNM,151350.0,151650.0,150050.0,150600.0,3899252
2019-08-15,VNM,151850.0,152650.0,146950.0,148150.0,5951890
2019-08-16,VNM,148050.0,148500.0,147000.0,147150.0,2795287
2019-08-19,VNM,147550.0,147850.0,144900.0,145650.0,4563852
2019-08-20,VNM,145400.0,146750.0,144550.0,146050.0,3194163
2019-08-21,VNM,145900.0,150000.0,145150.0,148150.0,4934076
2019-08-22,VNM,148500.0,149200.0,145550.0,146200.0,4027591
2019-08-23,VNM,145950.0,146300.0,143950.0,144200.0,4433843
2019-08-26,VNM,144100.0,147050.0,143700.0,145750.0,4818291
2019-08-27,VNM,145550.0,146450.0,145250.0,146350.0,3300834
2019-08-28,VNM,146800.0,147450.0,146350.0,147300.0,3411137
2019-08-29,VNM,146950.0,148450.0,145550.0,147750.0,4580132
2019-08-30,VNM,147350.0,147800.0,146800.0,147550.0,5075963
2019-09-02,VNM,147850.0,149750.0,147550.0,148700.0,5335751
2019-09-03,VNM,148800.0,149500.0,148750.0,148850.0,4072791
2019-09-04,VNM,148500.0,149300.0,146250.0,147700.0,4455609
2019-09-05,VNM,148150.0,152400.0,147150.0,151150.0,3966126
2019-09-06,VNM,150500.0,151900.0,150450.0,150700.0,3253545
2019-09-09,VNM,149550.0,152600.0,149400.0,152250.0,4526024
2019-09-10,VNM,151700.0,152200.0,150550.0,152200.0,3815891
2019-09-11,VNM,152100.0,153750.0,151050.0,151500.0,3319455
2019-09-12,VNM,151250.0,153700.0,149600.0,152550.0,4918001
2019-09-13,VNM,152900.0,153900.0,149800.0,150050.0,3889859
2019-09-16,VNM,150350.0,151450.0,149700.0,150850.0,3942640
2019-09-17,VNM,150700.0,153100.0,150500.0,152050.0,5172739
2019-09-18,VNM,152450.0,154150.0,151700.0,152050.0,5568904
2019-09-19,VNM,152700.0,153950.0,152400.0,152750.0,3867894
2019-09-20,VNM,152950.0,155550.0,152400.0,154250.0,4166976
2019-09-23,VNM,152900.0,156150.0,151500.0,156150.0,5684964
2019-09-24,VNM,156500.0,159200.0,156200.0,157800.0,3943359
2019-09-25,VNM,158850.0,159100.0,158450.0,158700.0,4942046
2019-09-26,VNM,159900.0,162150.0,159100.0,160650.0,3755661
2019-09-27,VNM,160900.0,163150.0,159550.0,161650.0,5651755
2019-09-30,VNM,161000.0,162000.0,159650.0,159800.0,3378988
2019-10-01,VNM,159000.0,164650.0,157700.0,163450.0,5431670
2019-10-02,VNM,164700.0,171100.0,164000.0,169100.0,6808362
2019-10-03,VNM,169450.0,170750.0,167600.0,168450.0,4680719
2019-10-04,VNM,167800.0,169050.0,167500.0,168050.0,3608664
2019-10-07,VNM,168550.0,168850.0,165050.0,165700.0,5499537
2019-10-08,VNM,165850.0,167000.0,165100.0,165150.0,4172049
2019-10-09,VNM,165050.0,166450.0,163500.0,166200.0,5381719
2019-10-10,VNM,165750.0,169200.0,164300.0,168650.0,5557714
2019-10-11,VNM,169700.0,171650.0,169400.0,170550.0,4675655
2019-10-14,VNM,169950.0,170100.0,168450.0,168550.0,3321316
2019-10-15,VNM,168400.0,169850.0,167000.0,169650.0,3097854
2019-10-16,VNM,168350.0,171850.0,167300.0,171300.0,4522325
2019-10-17,VNM,171500.0,171700.0,169950.0,170050.0,3207528
2019-10-18,VNM,171100.0,171650.0,169400.0,170400.0,4844047
2019-10-21,VNM,169800.0,170650.0,169450.0,170150.0,4529721
2019-10-22,VNM,168800.0,171150.0,168700.0,171000.0,3500851
2019-10-23,VNM,171550.0,172750.0,167950.0,168100.0,5297278
2019-10-24,VNM,167900.0,168550.0,166400.0,167700.0,5121004
2019-10-25,VNM,169400.0,172950.0,168450.0,172250.0,4450247
2019-10-28,VNM,172550.0,174050.0,171700.0,172800.0,4263267
2019-10-29,VNM,172550.0,177700.0,172400.0,176950.0,3858360
2019-10-30,VNM,176600.0,178450.0,175600.0,177500.0,5438792
2019-10-31,VNM,177450.0,178050.0,175700.0,176200.0,3557267
2019-11-01,VNM,176100.0,177700.0,174900.0,176300.0,4007779
2019-11-04,VNM,177000.0,183900.0,176700.0,183700.0,6511285
2019-11-05,VNM,183850.0,184300.0,178900.0,179700.0,4039545
2019-11-06,VNM,181350.0,181550.0,178750.0,179000.0,4427881
2019-11-07,VNM,179200.0,181100.0,177900.0,179950.0,5048299
2019-11-08,VNM,180750.0,180900.0,177400.0,178750.0,5409592
2019-11-11,VNM,178650.0,179900.0,175950.0,178350.0,5670834
2019-11-12,VNM,178700.0,179300.0,178450.0,179150.0,3579431
2019-11-13,VNM,179200.0,179900.0,178050.0,178300.0,4046924
2019-11-14,VNM,178250.0,180100.0,178150.0,179050.0,4668030
2019-11-15,VNM,179100.0,183150.0,177650.0,182650.0,5572469
2019-11-18,VNM,182500.0,183650.0,180500.0,182350.0,3080006
2019-11-19,VNM,183050.0,184350.0,179050.0,179250.0,6055399
2019-11-20,VNM,178050.0,180550.0,177600.0,179500.0,4442236
2019-11-21,VNM,178500.0,179250.0,174700.0,175200.0,4523570
2019-11-22,VNM,175500.0,179000.0,175050.0,178800.0,5188472
2019-11-25,VNM,178150.0,181000.0,176850.0,180050.0,5593503
2019-11-26,VNM,180000.0,182350.0,179400.0,181700.0,4001513
2019-11-27,VNM,180950.0,182000.0,179800.0,181700.0,3564977
2019-11-28,VNM,181300.0,182950.0,181100.0,182600.0,4520137
2019-11-29,VNM,181700.0,183200.0,178550.0,180450.0,5866707
2019-12-02,VNM,179950.0,180250.0,178650.0,180000.0,3743140
2019-12-03,VNM,179850.0,184000.0,179450.0,182650.0,4516928
2019-12-04,VNM,182450.0,183550.0,180500.0,180850.0,4306345
2019-12-05,VNM,181000.0,181500.0,180550.0,180800.0,2815037
2019-12-06,VNM,180200.0,181650.0,177300.0,177900.0,4871706
2019-12-09,VNM,177600.0,178700.0,171650.0,172900.0,5011224
2019-12-10,VNM,172150.0,173050.0,169050.0,170100.0,4979159
2019-12-11,VNM,169200.0,173700.0,167450.0,172000.0,6270618
2019-12-12,VNM,171350.0,173700.0,171200.0,173400.0,3928264
2019-12-13,VNM,173300.0,174600.0,167400.0,167600.0,4809593
2019-12-16,VNM,167450.0,171300.0,164900.0,170600.0,4868273
2019-12-17,VNM,170750.0,171200.0,168050.0,168400.0,4320984
2019-12-18,VNM,168700.0,171400.0,168450.0,170250.0,4880922
2019-12-19,VNM,170650.0,172600.0,170000.0,170250.0,5198874
2019-12-20,VNM,170350.0,170950.0,167850.0,169350.0,4644104
2019-12-23,VNM,169650.0,173800.0,169150.0,172200.0,5437629
2019-12-24,VNM,172800.0,177200.0,172750.0,176200.0,4800939
2019-12-25,VNM,176050.0,177700.0,172000.0,172150.0,5390343
2019-12-26,VNM,172650.0,172800.0,170000.0,170500.0,3162502
2019-12-27,VNM,170200.0,170950.0,169150.0,169500.0,4011186
2019-12-30,VNM,168800.0,169950.0,167600.0,168450.0,4277463
2019-12-31,VNM,168100.0,172600.0,167900.0,171700.0,5634906
2020-01-01,VNM,170950.0,172200.0,170500.0,171750.0,4729304
2020-01-02,VNM,172200.0,174900.0,172100.0,174000.0,4422674
2020-01-03,VNM,173800.0,178450.0,173350.0,175400.0,4989969
2020-01-06,VNM,175550.0,176800.0,172950.0,174900.0,4274916
2020-01-07,VNM,175500.0,178400.0,175250.0,177550.0,4911495
2020-01-08,VNM,178200.0,178900.0,173200.0,174400.0,4113738
2020-01-09,VNM,175000.0,176800.0,173550.0,174750.0,3190845
2020-01-10,VNM,175700.0,177150.0,174400.0,176800.0,4214600
2020-01-13,VNM,178600.0,180050.0,176750.0,177350.0,3363647
2020-01-14,VNM,177750.0,177900.0,175800.0,177700.0,5119929
2020-01-15,VNM,177600.0,178600.0,175400.0,176250.0,4868223
2020-01-16,VNM,176250.0,179800.0,176250.0,178650.0,4627509
2020-01-17,VNM,178550.0,184450.0,178550.0,182150.0,6076799
2020-01-20,VNM,180650.0,181100.0,179250.0,180550.0,3370942
2020-01-21,VNM,179450.0,180250.0,179200.0,179600.0,3866715
2020-01-22,VNM,179300.0,181850.0,177300.0,180050.0,5633868
2020-01-23,VNM,180650.0,180900.0,179200.0,179950.0,4968972
2020-01-24,VNM,179950.0,180650.0,178100.0,178800.0,4628507
2020-01-27,VNM,178700.0,179150.0,175750.0,177850.0,4793230
2020-01-28,VNM,177350.0,178400.0,172200.0,173750.0,5087929
2020-01-29,VNM,174450.0,174550.0,171650.0,173050.0,5523139
2020-01-30,VNM,172650.0,174250.0,172450.0,173700.0,4363634
2020-01-31,VNM,172050.0,175000.0,171650.0,174350.0,4028021
2020-02-03,VNM,175100.0,176300.0,170150.0,170950.0,5126698
2020-02-04,VNM,170000.0,173200.0,169700.0,172550.0,4295740
2020-02-05,VNM,171650.0,173150.0,169050.0,170350.0,3944413
2020-02-06,VNM,169700.0,174250.0,168900.0,172750.0,5968322
2020-02-07,VNM,172200.0,176400.0,170950.0,175100.0,6180087
2020-02-10,VNM,175350.0,176000.0,171900.0,172900.0,4136021
2020-02-11,VNM,173700.0,175650.0,173350.0,174900.0,3182194
2020-02-12,VNM,175050.0,175850.0,173100.0,173700.0,3554746
2020-02-13,VNM,174100.0,174650.0,170850.0,171950.0,5387263
2020-02-14,VNM,173350.0,175950.0,169450.0,169500.0,5471807
2020-02-17,VNM,169200.0,169900.0,168200.0,168200.0,4461494
2020-02-18,VNM,166850.0,173150.0,166000.0,172150.0,5940323
2020-02-19,VNM,172750.0,176350.0,171350.0,175700.0,4020673
2020-02-20,VNM,174500.0,174700.0,173850.0,174000.0,2668025
2020-02-21,VNM,175250.0,175500.0,170350.0,170450.0,5027472
2020-02-24,VNM,170850.0,173300.0,170200.0,172200.0,3758370
2020-02-25,VNM,170950.0,174100.0,169700.0,173500.0,5196682
2020-02-26,VNM,173900.0,175200.0,172200.0,173600.0,3315470
2020-02-27,VNM,174000.0,176100.0,171950.0,174400.0,3618800
2020-02-28,VNM,173500.0,175100.0,172450.0,174600.0,3854580
2020-03-02,VNM,174400.0,175400.0,173650.0,174850.0,3279413
2020-03-03,VNM,175300.0,175650.0,171000.0,171800.0,4847863
2020-03-04,VNM,170650.0,171750.0,168700.0,168750.0,4812824
2020-03-05,VNM,168650.0,171900.0,167950.0,171150.0,5487818
2020-03-06,VNM,171300.0,173450.0,170750.0,172850.0,5503142
2020-03-09,VNM,173800.0,174100.0,173400.0,173700.0,3034254
2020-03-10,VNM,173250.0,177150.0,173100.0,176700.0,3713584
2020-03-11,VNM,176950.0,177650.0,175550.0,177250.0,4070230
2020-03-12,VNM,176950.0,179700.0,176350.0,178850.0,5102867
2020-03-13,VNM,178300.0,179550.0,172300.0,174250.0,4383615
2020-03-16,VNM,174400.0,175350.0,174000.0,175200.0,3552216
2020-03-17,VNM,175850.0,177600.0,171450.0,172350.0,4731306
2020-03-18,VNM,173000.0,175650.0,172950.0,173850.0,5284689
2020-03-19,VNM,175200.0,176300.0,173950.0,174200.0,4321697
2020-03-20,VNM,173800.0,173900.0,171650.0,171850.0,5041455
2020-03-23,VNM,171850.0,174950.0,171700.0,174850.0,4268488
2020-03-24,VNM,175500.0,176500.0,173050.0,174150.0,5080073
2020-03-25,VNM,174150.0,174400.0,170600.0,171950.0,5337462
2020-03-26,VNM,171550.0,173450.0,171000.0,172200.0,5003876
2020-03-27,VNM,172150.0,172250.0,170100.0,172150.0,2872391
2020-03-30,VNM,172300.0,173100.0,170650.0,172550.0,5238310
2020-03-31,VNM,172900.0,173700.0,169000.0,170200.0,5501742
2020-04-01,VNM,170300.0,172150.0,168500.0,169150.0,3712698
2020-04-02,VNM,170600.0,171800.0,169300.0,171650.0,3612471
2020-04-03,VNM,171550.0,172400.0,167950.0,168000.0,5222831
2020-04-06,VNM,168350.0,174950.0,166900.0,173800.0,5352023
2020-04-07,VNM,172950.0,175300.0,172150.0,175150.0,3604621
2020-04-08,VNM,175300.0,179350.0,174750.0,178400.0,3488657
2020-04-09,VNM,178700.0,179150.0,175900.0,176750.0,4378740
2020-04-10,VNM,176100.0,177000.0,173650.0,174400.0,3505455
2020-04-13,VNM,174500.0,174850.0,172500.0,173050.0,4293408
2020-04-14,VNM,172750.0,174450.0,171950.0,173450.0,5182591
2020-04-15,VNM,173050.0,177550.0,171200.0,177200.0,4046430
2020-04-16,VNM,178900.0,179100.0,174000.0,174050.0,6054086
2020-04-17,VNM,173700.0,174900.0,169150.0,170000.0,5749614
2020-04-20,VNM,170300.0,174950.0,169850.0,173750.0,4977286
2020-04-21,VNM,173850.0,173900.0,169100.0,169650.0,6060851
2020-04-22,VNM,168050.0,172450.0,167100.0,171850.0,3939504
2020-04-23,VNM,171600.0,175150.0,170950.0,174650.0,4283381
2020-04-24,VNM,176550.0,178750.0,173100.0,173450.0,5815791
2020-04-27,VNM,173600.0,177000.0,171600.0,176100.0,5148391
2020-04-28,VNM,176450.0,177750.0,173000.0,174000.0,3752664
2020-04-29,VNM,172950.0,177250.0,172750.0,176200.0,4310709
2020-04-30,VNM,176050.0,178400.0,174750.0,175350.0,5274435
2020-05-01,VNM,174100.0,176550.0,173800.0,174000.0,4300674
2020-05-04,VNM,173600.0,175300.0,173250.0,174900.0,3796938
2020-05-05,VNM,174900.0,176050.0,170850.0,171750.0,5026416
2020-05-06,VNM,171850.0,172350.0,167150.0,167700.0,5056909
2020-05-07,VNM,168950.0,171250.0,164000.0,165700.0,5321609
2020-05-08,VNM,166100.0,168500.0,165850.0,167600.0,4142655
2020-05-11,VNM,167450.0,168600.0,167450.0,168550.0,2843900
2020-05-12,VNM,169000.0,169650.0,166750.0,167600.0,5080144
2020-05-13,VNM,167100.0,168500.0,165750.0,167800.0,3572545
2020-05-14,VNM,166850.0,170400.0,166750.0,168050.0,4658542
2020-05-15,VNM,168450.0,172300.0,167850.0,171600.0,5890157
2020-05-18,VNM,172400.0,173900.0,167450.0,168050.0,4102128
2020-05-19,VNM,167150.0,168100.0,164750.0,167050.0,4654757
2020-05-20,VNM,167900.0,168500.0,165650.0,165950.0,4424897
2020-05-21,VNM,165650.0,169900.0,165150.0,168950.0,5342511
2020-05-22,VNM,168850.0,169950.0,166100.0,166600.0,4813402
2020-05-25,VNM,166600.0,167050.0,163750.0,164750.0,3765216
2020-05-26,VNM,164900.0,165650.0,162250.0,162300.0,4242756
2020-05-27,VNM,161500.0,166250.0,160400.0,165950.0,6486219
2020-05-28,VNM,166500.0,167850.0,164750.0,165600.0,4721590
2020-05-29,VNM,166100.0,167300.0,162700.0,163400.0,6033585
2020-06-01,VNM,163650.0,165650.0,162450.0,164850.0,3461102
2020-06-02,VNM,164200.0,164650.0,160700.0,161350.0,5763009
2020-06-03,VNM,160600.0,162000.0,159100.0,159700.0,4399588
2020-06-04,VNM,160050.0,160750.0,157550.0,158500.0,4454680
2020-06-05,VNM,158900.0,159950.0,153650.0,155800.0,4585671
2020-06-08,VNM,155200.0,156600.0,154900.0,155650.0,4755374
2020-06-09,VNM,156150.0,156250.0,154050.0,155600.0,4567339
2020-06-10,VNM,156050.0,158050.0,155150.0,156000.0,5131196
2020-06-11,VNM,155750.0,159250.0,154050.0,158600.0,5961139
2020-06-12,VNM,159300.0,160850.0,152700.0,153600.0,5979602
2020-06-15,VNM,153150.0,153500.0,151750.0,153300.0,3668686
2020-06-16,VNM,153250.0,154050.0,150750.0,153000.0,4996698
2020-06-17,VNM,153100.0,154550.0,152100.0,153650.0,3641845
2020-06-18,VNM,154500.0,156700.0,153250.0,155600.0,3965635
2020-06-19,VNM,156250.0,156850.0,151950.0,152300.0,4216614
2020-06-22,VNM,152350.0,153750.0,151700.0,152850.0,3656620
2020-06-23,VNM,152700.0,153050.0,149000.0,150950.0,5857513
2020-06-24,VNM,149700.0,149750.0,149200.0,149400.0,3464352
2020-06-25,VNM,149800.0,150700.0,149150.0,149650.0,2996159
2020-06-26,VNM,151750.0,152650.0,148600.0,148950.0,5693128
2020-06-29,VNM,148550.0,153300.0,148050.0,151850.0,5002578
2020-06-30,VNM,152800.0,152850.0,151850.0,151900.0,3372900
2020-07-01,VNM,151550.0,152200.0,148100.0,148900.0,4960055
2020-07-02,VNM,148650.0,149750.0,148100.0,149200.0,5283008
2020-07-03,VNM,150100.0,150300.0,148950.0,149000.0,3188789
2020-07-06,VNM,149900.0,150200.0,148550.0,148900.0,4583561
2020-07-07,VNM,148650.0,149550.0,144450.0,145000.0,6277729
2020-07-08,VNM,145100.0,145250.0,143000.0,143050.0,3045379
2020-07-09,VNM,142300.0,144050.0,140850.0,141450.0,4539544
2020-07-10,VNM,141250.0,141500.0,138250.0,139750.0,3535457
2020-07-13,VNM,139350.0,140250.0,138200.0,138850.0,4893931
2020-07-14,VNM,138450.0,139050.0,136850.0,137550.0,3905873
2020-07-15,VNM,137400.0,140400.0,136200.0,140300.0,5954208
2020-07-16,VNM,140200.0,141650.0,138900.0,140700.0,4548991
2020-07-17,VNM,140600.0,141450.0,139250.0,140500.0,4831485
2020-07-20,VNM,140000.0,140500.0,138250.0,139350.0,4928170
2020-07-21,VNM,139300.0,140600.0,138600.0,139550.0,3680618
2020-07-22,VNM,140050.0,141850.0,139850.0,141450.0,3831534
2020-07-23,VNM,141450.0,142500.0,140750.0,141250.0,3516662
2020-07-24,VNM,141700.0,143450.0,141450.0,142550.0,3808680
2020-07-27,VNM,142850.0,145500.0,142550.0,144050.0,3945990
2020-07-28,VNM,144950.0,146000.0,142100.0,142300.0,4240681
2020-07-29,VNM,141200.0,143150.0,140050.0,141350.0,4420544
2020-07-30,VNM,141800.0,143600.0,139800.0,141200.0,3619864
2020-07-31,VNM,140750.0,141850.0,137100.0,137950.0,5085207
2020-08-03,VNM,137700.0,138150.0,134950.0,135600.0,4558453
2020-08-04,VNM,135500.0,138550.0,134350.0,137650.0,5474035
2020-08-05,VNM,136950.0,138550.0,136300.0,138400.0,3116951
2020-08-06,VNM,137050.0,137900.0,136800.0,136950.0,3838677
2020-08-07,VNM,136750.0,137250.0,135250.0,136150.0,4563604
2020-08-10,VNM,136950.0,137000.0,134300.0,134600.0,3763361
2020-08-11,VNM,134300.0,134650.0,131550.0,133850.0,3905368
2020-08-12,VNM,133550.0,137750.0,132250.0,136650.0,4935670
2020-08-13,VNM,136300.0,136800.0,132750.0,133200.0,5998886
2020-08-14,VNM,134400.0,135050.0,132750.0,133800.0,5174016
2020-08-17,VNM,133750.0,134150.0,133200.0,133500.0,3339637
2020-08-18,VNM,134300.0,136700.0,133650.0,136000.0,4809304
2020-08-19,VNM,135400.0,135750.0,134450.0,135000.0,2843409
2020-08-20,VNM,134850.0,134950.0,132600.0,134850.0,3609271
2020-08-21,VNM,134800.0,135250.0,134000.0,135050.0,3515422
2020-08-24,VNM,135000.0,136250.0,134350.0,134500.0,4393542
2020-08-25,VNM,134400.0,136550.0,133900.0,136500.0,4536153
2020-08-26,VNM,136300.0,139900.0,136300.0,138700.0,4842241
2020-08-27,VNM,138850.0,142150.0,138600.0,141700.0,5899757
2020-08-28,VNM,141200.0,142750.0,139850.0,139950.0,5549709
2020-08-31,VNM,140100.0,140750.0,136800.0,137200.0,5387968
2020-09-01,VNM,137800.0,138200.0,136050.0,136450.0,5202529
2020-09-02,VNM,137500.0,138100.0,135100.0,135250.0,5031504
2020-09-03,VNM,135450.0,136450.0,135050.0,135600.0,5101794
2020-09-04,VNM,135200.0,136450.0,133550.0,134700.0,3541230
2020-09-07,VNM,135350.0,135650.0,134650.0,134650.0,3562568
2020-09-08,VNM,134650.0,139350.0,134050.0,138900.0,5381686
2020-09-09,VNM,139800.0,140050.0,137750.0,139850.0,3858629
2020-09-10,VNM,139300.0,140700.0,138650.0,140250.0,3531846
2020-09-11,VNM,140150.0,140750.0,136600.0,138050.0,5819677
2020-09-14,VNM,137150.0,138400.0,135100.0,135550.0,3986974
2020-09-15,VNM,135650.0,137200.0,134650.0,136350.0,5567137
2020-09-16,VNM,137000.0,137500.0,133350.0,133800.0,5283899
2020-09-17,VNM,134400.0,134450.0,134000.0,134450.0,2945936
2020-09-18,VNM,134200.0,138650.0,134150.0,137800.0,4119079
2020-09-21,VNM,138050.0,139400.0,135300.0,135800.0,5656591
2020-09-22,VNM,135650.0,136350.0,133650.0,134300.0,4285055
2020-09-23,VNM,133150.0,134400.0,132900.0,133800.0,4608534
2020-09-24,VNM,133850.0,136250.0,132600.0,134750.0,4075474
2020-09-25,VNM,134250.0,138500.0,131950.0,137200.0,5976436
2020-09-28,VNM,136800.0,139000.0,135850.0,138800.0,5774339
2020-09-29,VNM,138450.0,139050.0,136950.0,138000.0,3770380
2020-09-30,VNM,137950.0,138200.0,137300.0,137800.0,4540601
2020-10-01,VNM,138050.0,139800.0,138000.0,139350.0,3600786
2020-10-02,VNM,139850.0,140200.0,137500.0,138200.0,4211418
2020-10-05,VNM,137050.0,145600.0,135600.0,144700.0,6340789
2020-10-06,VNM,143950.0,144450.0,143350.0,143600.0,4036010
2020-10-07,VNM,144750.0,146150.0,143600.0,143800.0,3576704
2020-10-08,VNM,144050.0,146650.0,143200.0,146200.0,5460557
2020-10-09,VNM,146250.0,148500.0,145550.0,147200.0,4776680
2020-10-12,VNM,147900.0,149000.0,145050.0,145950.0,4219516
2020-10-13,VNM,144850.0,145200.0,141350.0,141700.0,4586196
2020-10-14,VNM,141600.0,142100.0,138650.0,140200.0,4925974
2020-10-15,VNM,140850.0,141550.0,138700.0,139300.0,4648891
2020-10-16,VNM,139000.0,139850.0,138350.0,139700.0,4700116
2020-10-19,VNM,138900.0,139050.0,137500.0,138550.0,3028388
2020-10-20,VNM,138500.0,140750.0,138050.0,139700.0,3579129
2020-10-21,VNM,138800.0,139350.0,138400.0,139100.0,4203419
2020-10-22,VNM,139050.0,140200.0,135950.0,137000.0,5669757
2020-10-23,VNM,138100.0,139600.0,138000.0,138450.0,5113331
2020-10-26,VNM,137900.0,138100.0,134100.0,134850.0,5426296
2020-10-27,VNM,134900.0,136350.0,134900.0,135750.0,2911230
2020-10-28,VNM,135950.0,137500.0,135800.0,137500.0,3792702
2020-10-29,VNM,137250.0,138350.0,134700.0,134750.0,5901641
2020-10-30,VNM,134350.0,136050.0,134250.0,135450.0,3329650
2020-11-02,VNM,136450.0,136450.0,131650.0,131900.0,5961488
2020-11-03,VNM,131400.0,133050.0,131200.0,132850.0,2978525
2020-11-04,VNM,133150.0,133150.0,131900.0,132100.0,3663312
2020-11-05,VNM,132500.0,133400.0,131900.0,132450.0,4667051
2020-11-06,VNM,132950.0,133200.0,132650.0,132650.0,3969101
2020-11-09,VNM,133650.0,134700.0,131550.0,132350.0,5815187
2020-11-10,VNM,133050.0,133300.0,129500.0,130050.0,4805865
2020-11-11,VNM,129800.0,129850.0,128350.0,129700.0,3390797
2020-11-12,VNM,129650.0,132400.0,128050.0,131600.0,4553295
2020-11-13,VNM,130650.0,133600.0,130050.0,132850.0,5868160
2020-11-16,VNM,131550.0,135000.0,131100.0,134800.0,4062634
2020-11-17,VNM,134300.0,135000.0,133600.0,133900.0,3283339
2020-11-18,VNM,132900.0,133850.0,131450.0,133600.0,4180733
2020-11-19,VNM,132600.0,133550.0,132150.0,133000.0,3760253
2020-11-20,VNM,132650.0,134100.0,132350.0,133500.0,3700989
2020-11-23,VNM,132850.0,134400.0,130500.0,131200.0,5854085
2020-11-24,VNM,130750.0,131500.0,127750.0,128750.0,5119146
2020-11-25,VNM,129300.0,132050.0,128900.0,131750.0,5602308
2020-11-26,VNM,132150.0,135150.0,132100.0,134350.0,4493545
2020-11-27,VNM,134550.0,135850.0,132800.0,135500.0,3610194
2020-11-30,VNM,135500.0,137000.0,134950.0,136700.0,5222861
2020-12-01,VNM,136300.0,138750.0,136000.0,138250.0,4070302
2020-12-02,VNM,138300.0,140700.0,137750.0,138450.0,4099093
2020-12-03,VNM,139400.0,140600.0,138300.0,138350.0,5001982
2020-12-04,VNM,138450.0,139900.0,137800.0,139700.0,5348612
2020-12-07,VNM,139100.0,139650.0,137000.0,138450.0,4028606
2020-12-08,VNM,139100.0,139450.0,135050.0,135900.0,3876459
2020-12-09,VNM,134700.0,135500.0,134550.0,135400.0,5059485
2020-12-10,VNM,135850.0,136750.0,134300.0,135150.0,5471327
2020-12-11,VNM,135100.0,135950.0,134550.0,134700.0,2880810
2020-12-14,VNM,134300.0,134550.0,133100.0,133500.0,4020573
2020-12-15,VNM,133600.0,134250.0,132200.0,132600.0,4159600
2020-12-16,VNM,132900.0,136150.0,131700.0,135050.0,4837014
2020-12-17,VNM,135050.0,139350.0,134500.0,138150.0,6335948
2020-12-18,VNM,138350.0,138400.0,137450.0,137500.0,3610147
2020-12-21,VNM,136950.0,137650.0,135050.0,135600.0,4610113
2020-12-22,VNM,135700.0,136700.0,134800.0,135750.0,5190052
2020-12-23,VNM,135900.0,136250.0,133600.0,133650.0,3768352
2020-12-24,VNM,133500.0,134300.0,133150.0,133900.0,4303987
2020-12-25,VNM,133500.0,134450.0,133150.0,134300.0,5230508
2020-12-28,VNM,133650.0,135400.0,130600.0,131700.0,4076423
2020-12-29,VNM,131850.0,131950.0,129200.0,129950.0,5034696
2020-12-30,VNM,129350.0,131100.0,127550.0,130250.0,4770480
2020-12-31,VNM,130100.0,131850.0,129200.0,131000.0,4639528
2021-01-01,VNM,131650.0,132750.0,130150.0,132000.0,4526072
2021-01-04,VNM,131350.0,132450.0,129300.0,129800.0,4588813
2021-01-05,VNM,128750.0,129600.0,128500.0,128950.0,4876230
2021-01-06,VNM,129400.0,130500.0,128900.0,129850.0,4360662
2021-01-07,VNM,130350.0,130700.0,127050.0,127900.0,4434618
2021-01-08,VNM,127300.0,128450.0,125200.0,128350.0,4468500
2021-01-11,VNM,128250.0,128600.0,125750.0,126550.0,5053504
2021-01-12,VNM,126350.0,126350.0,125000.0,125400.0,3584877
2021-01-13,VNM,126100.0,126200.0,126000.0,126150.0,2402505
2021-01-14,VNM,125450.0,128400.0,124650.0,126900.0,4890749
2021-01-15,VNM,127650.0,130500.0,127550.0,130450.0,5840768
2021-01-18,VNM,130850.0,131050.0,127950.0,128450.0,5224876
2021-01-19,VNM,128100.0,128250.0,127050.0,127900.0,5028250
2021-01-20,VNM,128800.0,129800.0,128050.0,129650.0,4161935
2021-01-21,VNM,129350.0,129950.0,127900.0,128150.0,4612068
2021-01-22,VNM,127800.0,128500.0,125200.0,126700.0,4124851
2021-01-25,VNM,126750.0,127950.0,126050.0,126300.0,4472692
2021-01-26,VNM,127200.0,128800.0,127100.0,128700.0,5049597
2021-01-27,VNM,128900.0,129650.0,126350.0,126950.0,3594609
2021-01-28,VNM,126050.0,128800.0,125550.0,128550.0,4478441
2021-01-29,VNM,128500.0,129550.0,128400.0,129000.0,4858772
2021-02-01,VNM,128600.0,130400.0,126900.0,129900.0,5156850
2021-02-02,VNM,130250.0,130700.0,130200.0,130650.0,3980243
2021-02-03,VNM,130550.0,131000.0,129700.0,130400.0,2807285
2021-02-04,VNM,130500.0,131800.0,129150.0,130300.0,4898594
2021-02-05,VNM,130750.0,132200.0,128650.0,129550.0,5161826
2021-02-08,VNM,128500.0,130700.0,127950.0,130600.0,4922950
2021-02-09,VNM,131000.0,131700.0,128200.0,128950.0,5563236
2021-02-10,VNM,129550.0,130650.0,127350.0,128900.0,4275255
2021-02-11,VNM,128550.0,129000.0,125900.0,126450.0,3600172
2021-02-12,VNM,126200.0,127150.0,125900.0,126950.0,3721574
2021-02-15,VNM,126600.0,130650.0,126250.0,130300.0,4168743
2021-02-16,VNM,129250.0,131300.0,128700.0,130450.0,5361639
2021-02-17,VNM,129900.0,130500.0,129500.0,130050.0,4386071
2021-02-18,VNM,129800.0,130550.0,126400.0,126900.0,5248026
2021-02-19,VNM,126550.0,129600.0,126150.0,129350.0,3967482
2021-02-22,VNM,129250.0,129650.0,127450.0,128100.0,5219353
2021-02-23,VNM,128550.0,128800.0,126450.0,127500.0,4084975
2021-02-24,VNM,127400.0,129350.0,126650.0,128050.0,5594498
2021-02-25,VNM,128400.0,128600.0,125950.0,126000.0,4867507
2021-02-26,VNM,125550.0,127900.0,125350.0,127000.0,4414866
2021-03-01,VNM,127450.0,127950.0,126650.0,126950.0,5061970
2021-03-02,VNM,126700.0,127600.0,126300.0,126550.0,3754390
2021-03-03,VNM,125650.0,127100.0,123800.0,126600.0,4282836
2021-03-04,VNM,126950.0,129400.0,126900.0,128750.0,5213652
2021-03-05,VNM,128050.0,128150.0,126550.0,126600.0,4973191
2021-03-08,VNM,126400.0,126800.0,124500.0,125400.0,3358627
2021-03-09,VNM,125650.0,125650.0,121000.0,121650.0,4451853
2021-03-10,VNM,121250.0,123750.0,121000.0,122600.0,3941571
2021-03-11,VNM,123250.0,124000.0,121750.0,121900.0,3958578
2021-03-12,VNM,121900.0,122500.0,120500.0,121150.0,3894689
2021-03-15,VNM,121050.0,122700.0,120600.0,122500.0,3428732
2021-03-16,VNM,122650.0,123400.0,121300.0,121700.0,5063641
2021-03-17,VNM,121550.0,123550.0,120450.0,123350.0,5941108
2021-03-18,VNM,123400.0,123700.0,122900.0,123400.0,3228269
2021-03-19,VNM,123650.0,125350.0,123450.0,125100.0,3041283
2021-03-22,VNM,125450.0,127400.0,124050.0,124100.0,5678048
2021-03-23,VNM,124000.0,124400.0,121850.0,122550.0,5110083
2021-03-24,VNM,122800.0,124800.0,122750.0,124700.0,4807765
2021-03-25,VNM,124850.0,128600.0,123900.0,126250.0,5761546
2021-03-26,VNM,125900.0,128850.0,125450.0,128300.0,3673480
2021-03-29,VNM,127300.0,128200.0,126900.0,127800.0,3808666
2021-03-30,VNM,128750.0,129000.0,127300.0,128450.0,4631521
2021-03-31,VNM,129200.0,130900.0,127000.0,127450.0,4509035
2021-04-01,VNM,127350.0,128500.0,126300.0,127600.0,4899201
2021-04-02,VNM,128550.0,130500.0,125650.0,126100.0,6602079
2021-04-05,VNM,126550.0,127050.0,124400.0,125650.0,3635851
2021-04-06,VNM,125450.0,126650.0,124450.0,124500.0,3151895
2021-04-07,VNM,124550.0,125500.0,122900.0,123950.0,5379114
2021-04-08,VNM,123950.0,125150.0,122950.0,125100.0,3381787
2021-04-09,VNM,124550.0,125900.0,123600.0,125000.0,3179562
2021-04-12,VNM,125700.0,126350.0,124850.0,125250.0,3578304
2021-04-13,VNM,125700.0,126600.0,122800.0,123550.0,4407553
2021-04-14,VNM,124000.0,125000.0,122150.0,122950.0,4343924
2021-04-15,VNM,122300.0,122550.0,121200.0,121650.0,4804807
2021-04-16,VNM,121700.0,123800.0,121300.0,123300.0,4821090
2021-04-19,VNM,123100.0,123400.0,122100.0,123050.0,3990179
2021-04-20,VNM,122700.0,123500.0,122400.0,123200.0,4877606
2021-04-21,VNM,123050.0,123400.0,121500.0,122000.0,4395834
2021-04-22,VNM,122350.0,124900.0,120050.0,120650.0,5848484
2021-04-23,VNM,120450.0,120700.0,119650.0,119900.0,3456112
2021-04-26,VNM,120050.0,120200.0,118400.0,118600.0,3482220
2021-04-27,VNM,118350.0,121250.0,117550.0,120800.0,5851346
2021-04-28,VNM,120100.0,120350.0,118200.0,118450.0,3649289
2021-04-29,VNM,118200.0,118700.0,116400.0,116850.0,3839012
2021-04-30,VNM,116600.0,118600.0,115300.0,117500.0,5797384
2021-05-03,VNM,117250.0,117450.0,115650.0,116200.0,5165440
2021-05-04,VNM,116750.0,117450.0,115950.0,117150.0,5388431
2021-05-05,VNM,117650.0,118950.0,117200.0,118100.0,3635989
2021-05-06,VNM,118400.0,118950.0,117650.0,117800.0,4361339
2021-05-07,VNM,117950.0,118450.0,117500.0,118150.0,5151992
2021-05-10,VNM,117550.0,117650.0,115950.0,116950.0,4841601
2021-05-11,VNM,116650.0,118300.0,116400.0,117850.0,5106922
2021-05-12,VNM,118250.0,119050.0,116150.0,116600.0,4861746
2021-05-13,VNM,116500.0,118400.0,116100.0,117700.0,4241236
2021-05-14,VNM,118000.0,118250.0,117200.0,117350.0,3136947
2021-05-17,VNM,118100.0,119700.0,113750.0,114250.0,4931475
2021-05-18,VNM,115050.0,115350.0,112350.0,112450.0,5261402
2021-05-19,VNM,112950.0,113450.0,109150.0,109200.0,5106410
2021-05-20,VNM,108550.0,113100.0,108300.0,111900.0,6253668
2021-05-21,VNM,112250.0,114800.0,111650.0,114300.0,3802572
2021-05-24,VNM,113700.0,114350.0,111650.0,112500.0,5621379
2021-05-25,VNM,112350.0,114700.0,112100.0,113650.0,5025937
2021-05-26,VNM,113200.0,113400.0,112300.0,112750.0,4149034
2021-05-27,VNM,113000.0,114000.0,111800.0,112450.0,4065409
2021-05-28,VNM,112450.0,113150.0,111700.0,112750.0,3230356
2021-05-31,VNM,113500.0,113600.0,109500.0,110300.0,4652440
2021-06-01,VNM,109850.0,110550.0,108850.0,110550.0,4385333
2021-06-02,VNM,110300.0,110400.0,108400.0,109550.0,3814918
2021-06-03,VNM,109900.0,110150.0,108750.0,109100.0,3839081
2021-06-04,VNM,108800.0,110200.0,108050.0,109600.0,3663501
2021-06-07,VNM,109750.0,111550.0,109150.0,111200.0,5426175
2021-06-08,VNM,111050.0,111850.0,110550.0,111550.0,3848497
2021-06-09,VNM,111350.0,111400.0,109250.0,109300.0,4044995
2021-06-10,VNM,109550.0,113400.0,108150.0,112400.0,5286730
2021-06-11,VNM,112100.0,113250.0,111450.0,113000.0,3747807
2021-06-14,VNM,113000.0,113500.0,112600.0,112650.0,4367206
2021-06-15,VNM,112750.0,112850.0,111700.0,111950.0,4213005
2021-06-16,VNM,111950.0,112050.0,110500.0,111500.0,4958576
2021-06-17,VNM,111400.0,112150.0,111100.0,112050.0,2810328
2021-06-18,VNM,112250.0,112350.0,109300.0,109450.0,3854369
2021-06-21,VNM,110000.0,110200.0,107600.0,108550.0,3844899
2021-06-22,VNM,108900.0,109500.0,108400.0,109450.0,3385210
2021-06-23,VNM,109550.0,111850.0,108750.0,110950.0,4894016
2021-06-24,VNM,111300.0,111850.0,110250.0,111500.0,3857087
2021-06-25,VNM,111800.0,112800.0,109900.0,110400.0,4380840
2021-06-28,VNM,110100.0,112850.0,109900.0,112700.0,4661573
2021-06-29,VNM,112300.0,112950.0,111850.0,112350.0,5090889
2021-06-30,VNM,113350.0,114050.0,109450.0,109900.0,6079356
2021-07-01,VNM,109500.0,110450.0,107350.0,108200.0,5117065
2021-07-02,VNM,108200.0,109400.0,107900.0,108350.0,4656533
2021-07-05,VNM,107600.0,107750.0,107600.0,107650.0,2862159
2021-07-06,VNM,107400.0,108000.0,107200.0,107750.0,3700124
2021-07-07,VNM,108100.0,109350.0,106550.0,107250.0,4756221
2021-07-08,VNM,107550.0,109350.0,107450.0,108650.0,4834911
2021-07-09,VNM,109050.0,111550.0,108850.0,111300.0,3806275
2021-07-12,VNM,110950.0,111900.0,110900.0,111050.0,3409044
2021-07-13,VNM,111950.0,112950.0,111550.0,111850.0,3659946
2021-07-14,VNM,111800.0,113700.0,110900.0,112600.0,4297273
2021-07-15,VNM,112600.0,113250.0,110650.0,112500.0,5873312
2021-07-16,VNM,112250.0,114550.0,111600.0,114100.0,5912621
2021-07-19,VNM,113700.0,116400.0,113350.0,116250.0,3715054
2021-07-20,VNM,115650.0,117600.0,115400.0,117100.0,5677027
2021-07-21,VNM,117250.0,119050.0,117250.0,118600.0,4319252
2021-07-22,VNM,119200.0,119300.0,117850.0,118000.0,4365813
2021-07-23,VNM,117750.0,117950.0,116150.0,117700.0,3449029
2021-07-26,VNM,117450.0,119450.0,116450.0,119200.0,4912567
2021-07-27,VNM,118350.0,119000.0,117050.0,117750.0,3818965
2021-07-28,VNM,116800.0,117100.0,116300.0,117000.0,4957553
2021-07-29,VNM,116900.0,120450.0,116550.0,119050.0,4471740
2021-07-30,VNM,119250.0,119750.0,118150.0,118800.0,4546566
2021-08-02,VNM,119250.0,121550.0,119200.0,121050.0,5027908
2021-08-03,VNM,121700.0,121950.0,121100.0,121500.0,2615264
2021-08-04,VNM,121750.0,123750.0,120850.0,122650.0,4846680
2021-08-05,VNM,122650.0,123350.0,122000.0,122450.0,4412238
2021-08-06,VNM,122600.0,124600.0,122400.0,124450.0,5255657
2021-08-09,VNM,124850.0,126600.0,124150.0,126150.0,4226951
2021-08-10,VNM,125400.0,125900.0,124200.0,125800.0,3582262
2021-08-11,VNM,125350.0,126150.0,124750.0,125850.0,3506136
2021-08-12,VNM,126450.0,127150.0,122750.0,124500.0,4592286
2021-08-13,VNM,125200.0,125800.0,123650.0,123950.0,3250504
2021-08-16,VNM,123950.0,124350.0,121100.0,121200.0,5161576
2021-08-17,VNM,121400.0,122800.0,120750.0,122600.0,3065937
2021-08-18,VNM,123350.0,124100.0,120850.0,121700.0,4263651
2021-08-19,VNM,122200.0,124100.0,121850.0,123000.0,3211263
2021-08-20,VNM,123250.0,124000.0,120750.0,122250.0,4616319
2021-08-23,VNM,122300.0,122550.0,120450.0,121550.0,5132382
2021-08-24,VNM,120800.0,121150.0,118950.0,118950.0,3777532
2021-08-25,VNM,119050.0,119450.0,118950.0,119000.0,3078230
2021-08-26,VNM,119100.0,119350.0,116200.0,116700.0,3797460
2021-08-27,VNM,116650.0,118350.0,115250.0,117700.0,4607310
2021-08-30,VNM,117300.0,117400.0,114400.0,116000.0,5736071
2021-08-31,VNM,115750.0,116150.0,115100.0,116150.0,4791400
2021-09-01,VNM,115350.0,115950.0,114450.0,114900.0,4049310
2021-09-02,VNM,114050.0,114800.0,112150.0,114750.0,4842623
2021-09-03,VNM,115100.0,117700.0,114600.0,117650.0,3873383
2021-09-06,VNM,118100.0,119000.0,115800.0,115800.0,3913409
2021-09-07,VNM,115200.0,115500.0,115050.0,115300.0,2483169
2021-09-08,VNM,114650.0,115100.0,113750.0,115100.0,2891347
2021-09-09,VNM,115200.0,115250.0,114550.0,115150.0,4995393
2021-09-10,VNM,115100.0,115300.0,114200.0,114350.0,4726305
2021-09-13,VNM,114400.0,116500.0,113800.0,116400.0,3649727
2021-09-14,VNM,116550.0,118950.0,115650.0,117850.0,4242454
2021-09-15,VNM,118200.0,118400.0,116000.0,116400.0,4857841
2021-09-16,VNM,116700.0,118400.0,116600.0,117450.0,3528416
2021-09-17,VNM,117500.0,118650.0,116350.0,116750.0,4699003
2021-09-20,VNM,116300.0,119700.0,115950.0,118850.0,5790103
2021-09-21,VNM,118650.0,122450.0,118150.0,122050.0,5271688
2021-09-22,VNM,122700.0,124100.0,121950.0,123400.0,3240956
2021-09-23,VNM,122900.0,124350.0,122600.0,123650.0,3361988
2021-09-24,VNM,123600.0,124550.0,120500.0,120650.0,4077904
2021-09-27,VNM,120750.0,121450.0,118450.0,118900.0,3758473
2021-09-28,VNM,119500.0,119850.0,119250.0,119500.0,3939245
2021-09-29,VNM,119250.0,119250.0,118250.0,119100.0,3987319
2021-09-30,VNM,118650.0,119450.0,116450.0,118200.0,3904001
2021-10-01,VNM,119250.0,120700.0,115800.0,115850.0,4822639
2021-10-04,VNM,115750.0,120850.0,115350.0,119650.0,5200356
2021-10-05,VNM,118850.0,119700.0,117600.0,117650.0,3184298
2021-10-06,VNM,117750.0,118450.0,115500.0,116700.0,4600014
2021-10-07,VNM,116900.0,118200.0,116650.0,118000.0,4568108
2021-10-08,VNM,118350.0,118600.0,117750.0,117800.0,2732051
2021-10-11,VNM,118900.0,119100.0,118700.0,118900.0,4477947
2021-10-12,VNM,118850.0,120000.0,118550.0,119650.0,4657020
2021-10-13,VNM,119500.0,120450.0,118150.0,120200.0,5050999
2021-10-14,VNM,119550.0,122050.0,119400.0,121800.0,4831760
2021-10-15,VNM,121900.0,123150.0,121700.0,122750.0,3102335
2021-10-18,VNM,123150.0,123750.0,120000.0,120750.0,4246995
2021-10-19,VNM,120150.0,120200.0,119900.0,120000.0,2663454
2021-10-20,VNM,119850.0,121250.0,119650.0,121050.0,4872240
2021-10-21,VNM,121100.0,122000.0,117450.0,117650.0,6083041
2021-10-22,VNM,118150.0,118600.0,116350.0,117700.0,4777532
2021-10-25,VNM,118650.0,119450.0,116200.0,116850.0,4806991
2021-10-26,VNM,116050.0,117100.0,116050.0,116300.0,3408060
2021-10-27,VNM,115850.0,117600.0,115000.0,117150.0,5300885
2021-10-28,VNM,116600.0,117650.0,115150.0,115850.0,4616550
2021-10-29,VNM,115700.0,116400.0,113000.0,113400.0,4021751
2021-11-01,VNM,113900.0,114850.0,113150.0,113500.0,3471583
2021-11-02,VNM,114150.0,114200.0,109200.0,110600.0,4779556
2021-11-03,VNM,110750.0,113600.0,110550.0,113450.0,5499123
2021-11-04,VNM,113500.0,115250.0,113500.0,114750.0,5299640
2021-11-05,VNM,114150.0,115800.0,112250.0,115700.0,5733330
2021-11-08,VNM,115250.0,116350.0,111700.0,112750.0,5249128
2021-11-09,VNM,112500.0,113900.0,111300.0,112000.0,5903634
2021-11-10,VNM,111350.0,113050.0,111150.0,112150.0,4457669
2021-11-11,VNM,112050.0,112550.0,110900.0,111100.0,4118431
2021-11-12,VNM,110650.0,113000.0,110650.0,112350.0,5789911
2021-11-15,VNM,111000.0,111650.0,110850.0,111050.0,4422199
2021-11-16,VNM,111200.0,112600.0,110400.0,112000.0,5279137
2021-11-17,VNM,112000.0,112950.0,111800.0,112450.0,3293074
2021-11-18,VNM,111800.0,112000.0,111250.0,111350.0,4478740
2021-11-19,VNM,111600.0,111800.0,107550.0,107750.0,5033473
2021-11-22,VNM,107600.0,108100.0,106250.0,107900.0,4852188
2021-11-23,VNM,106600.0,109350.0,105900.0,108850.0,4908411
2021-11-24,VNM,108350.0,108700.0,107100.0,107800.0,5020192
2021-11-25,VNM,108650.0,108750.0,108350.0,108400.0,3058496
2021-11-26,VNM,108150.0,110300.0,107950.0,109500.0,3959000
2021-11-29,VNM,109050.0,112250.0,108400.0,111600.0,5120193
2021-11-30,VNM,111450.0,111700.0,110200.0,111350.0,4238422
2021-12-01,VNM,111300.0,112750.0,110500.0,111850.0,5216485
2021-12-02,VNM,112450.0,112550.0,110700.0,111300.0,3060077
2021-12-03,VNM,110400.0,113900.0,110000.0,113350.0,4369205
2021-12-06,VNM,113600.0,114650.0,113450.0,114300.0,5280118
2021-12-07,VNM,114350.0,115300.0,112350.0,113100.0,6016361
2021-12-08,VNM,113150.0,114500.0,112950.0,114250.0,3347249
2021-12-09,VNM,114300.0,115650.0,113600.0,115350.0,4205168
2021-12-10,VNM,114300.0,115300.0,114250.0,114950.0,3426895
2021-12-13,VNM,114900.0,116000.0,114500.0,115300.0,3954619
2021-12-14,VNM,115900.0,118550.0,115150.0,117200.0,3989451
2021-12-15,VNM,117950.0,119000.0,116450.0,116700.0,4620304
2021-12-16,VNM,117200.0,118100.0,115000.0,116150.0,5464132
2021-12-17,VNM,115600.0,115900.0,114300.0,114900.0,4071171
2021-12-20,VNM,115250.0,115950.0,113000.0,113200.0,4159268
2021-12-21,VNM,113300.0,115050.0,112850.0,114450.0,5300893
2021-12-22,VNM,115150.0,115650.0,114650.0,114750.0,3260956
2021-12-23,VNM,114650.0,116000.0,113650.0,116000.0,4107124
2021-12-24,VNM,115400.0,118500.0,115150.0,118000.0,3679816
2021-12-27,VNM,118400.0,120000.0,117850.0,119900.0,5071399
2021-12-28,VNM,120350.0,122050.0,116950.0,118550.0,4471931
2021-12-29,VNM,118350.0,119450.0,118250.0,118600.0,5251273
2021-12-30,VNM,118700.0,121250.0,118250.0,120850.0,3607921
2021-12-31,VNM,120000.0,124100.0,119750.0,122650.0,4879928
2022-01-03,VNM,123350.0,123900.0,122950.0,123600.0,3354648
2022-01-04,VNM,122650.0,123500.0,121450.0,122300.0,4029843
2022-01-05,VNM,122650.0,123900.0,122400.0,123150.0,4125845
2022-01-06,VNM,123200.0,123400.0,123050.0,123200.0,3427539
2022-01-07,VNM,123200.0,123500.0,122350.0,122950.0,4781662
2022-01-10,VNM,122200.0,123400.0,121800.0,123350.0,4502675
2022-01-11,VNM,122650.0,123850.0,121600.0,121800.0,4236435
2022-01-12,VNM,121900.0,124000.0,121700.0,123800.0,4238221
2022-01-13,VNM,124050.0,124050.0,120300.0,121400.0,5088630
2022-01-14,VNM,121600.0,122150.0,117900.0,118700.0,5873184
2022-01-17,VNM,118350.0,120050.0,118100.0,119550.0,3786262
2022-01-18,VNM,118850.0,120700.0,118050.0,120650.0,4316967
2022-01-19,VNM,121100.0,123050.0,120050.0,122350.0,4472783
2022-01-20,VNM,122300.0,123050.0,119450.0,120650.0,4590901
2022-01-21,VNM,120500.0,121400.0,118050.0,119150.0,4890467
2022-01-24,VNM,119200.0,121000.0,117850.0,120550.0,4069752
2022-01-25,VNM,119750.0,122350.0,119550.0,121250.0,5093142
2022-01-26,VNM,121450.0,122750.0,120650.0,122550.0,3688768
2022-01-27,VNM,122800.0,125950.0,122550.0,124100.0,5440818
2022-01-28,VNM,123700.0,123850.0,120150.0,120350.0,5976628
2022-01-31,VNM,120600.0,120850.0,119600.0,119950.0,4432754
2022-02-01,VNM,120150.0,121450.0,119550.0,121450.0,5191733
2022-02-02,VNM,121650.0,122450.0,120450.0,120450.0,3627428
2022-02-03,VNM,121250.0,121500.0,120600.0,120750.0,3480919
2022-02-04,VNM,119750.0,120900.0,119350.0,120100.0,5165150
2022-02-07,VNM,119600.0,121400.0,119150.0,121100.0,4385234
2022-02-08,VNM,120900.0,123100.0,120600.0,122750.0,4241703
2022-02-09,VNM,122100.0,122650.0,120750.0,121450.0,3371715
2022-02-10,VNM,121550.0,122150.0,119150.0,120950.0,5011651
2022-02-11,VNM,121400.0,122200.0,118850.0,119450.0,3925657
2022-02-14,VNM,120200.0,120250.0,119650.0,120150.0,5017593
2022-02-15,VNM,119950.0,121150.0,116350.0,116750.0,6128344
2022-02-16,VNM,117250.0,117800.0,112450.0,112650.0,6999840
2022-02-17,VNM,112600.0,112950.0,111150.0,112200.0,5248277
2022-02-18,VNM,111750.0,113300.0,110650.0,112900.0,3526332
2022-02-21,VNM,112100.0,113450.0,112050.0,113100.0,4195509
2022-02-22,VNM,113550.0,114900.0,112550.0,113750.0,3513597
2022-02-23,VNM,114450.0,114700.0,111450.0,111700.0,5181800
2022-02-24,VNM,112200.0,112600.0,109450.0,110300.0,4796628
2022-02-25,VNM,110050.0,111350.0,109550.0,110850.0,4652368
2022-02-28,VNM,110700.0,112200.0,110500.0,111500.0,4231502
2022-03-01,VNM,111700.0,113650.0,111300.0,113050.0,4356951
2022-03-02,VNM,112700.0,112800.0,111700.0,112200.0,5025613
2022-03-03,VNM,111600.0,114400.0,111250.0,113400.0,5066124
2022-03-04,VNM,113550.0,115650.0,112050.0,114750.0,5704550
2022-03-07,VNM,115050.0,117100.0,114600.0,115900.0,3701215
2022-03-08,VNM,115450.0,115950.0,114950.0,115800.0,3664308
2022-03-09,VNM,115350.0,116450.0,113900.0,115750.0,3594812
2022-03-10,VNM,116600.0,117000.0,115900.0,116100.0,2852337
2022-03-11,VNM,116000.0,116850.0,115800.0,116250.0,3323440
2022-03-14,VNM,116450.0,118750.0,116250.0,118550.0,5785725
2022-03-15,VNM,117900.0,121600.0,117200.0,121600.0,4775441
2022-03-16,VNM,120700.0,121300.0,120100.0,120700.0,3318861
2022-03-17,VNM,120750.0,121800.0,120000.0,120600.0,3876348
2022-03-18,VNM,120350.0,122750.0,119250.0,121900.0,5966656
2022-03-21,VNM,121950.0,125850.0,121700.0,124950.0,5866003
2022-03-22,VNM,125350.0,125350.0,123800.0,124000.0,3921647
2022-03-23,VNM,123350.0,125750.0,122950.0,125000.0,5476100
2022-03-24,VNM,125000.0,125150.0,121950.0,123500.0,4731131
2022-03-25,VNM,123550.0,125200.0,122850.0,124650.0,5261429
2022-03-28,VNM,124550.0,124850.0,123550.0,124550.0,5000902
2022-03-29,VNM,123350.0,125850.0,122000.0,125450.0,5196733
2022-03-30,VNM,125850.0,126400.0,125550.0,126150.0,2658530
2022-03-31,VNM,125800.0,128250.0,125750.0,127700.0,3261225
2022-04-01,VNM,127600.0,128700.0,127350.0,128300.0,3161348
2022-04-04,VNM,127400.0,128850.0,127000.0,128400.0,5224265
2022-04-05,VNM,127750.0,130450.0,127750.0,130050.0,4327668
2022-04-06,VNM,130350.0,131800.0,128350.0,129600.0,3540107
2022-04-07,VNM,129750.0,130150.0,128200.0,128350.0,4064933
2022-04-08,VNM,127800.0,132050.0,127550.0,130750.0,5545575
2022-04-11,VNM,130650.0,131550.0,129950.0,130000.0,4782977
2022-04-12,VNM,129300.0,130200.0,129250.0,130200.0,3671961
2022-04-13,VNM,129900.0,132300.0,129850.0,132100.0,4624080
2022-04-14,VNM,131400.0,132700.0,130200.0,130450.0,4054599
2022-04-15,VNM,129900.0,130900.0,126350.0,126600.0,5106036
2022-04-18,VNM,127100.0,127550.0,124700.0,125150.0,3365608
2022-04-19,VNM,125350.0,126200.0,125100.0,125800.0,4380659
2022-04-20,VNM,126300.0,128650.0,125350.0,127600.0,3794394
2022-04-21,VNM,127600.0,128150.0,127050.0,127500.0,2774903
2022-04-22,VNM,127100.0,127150.0,125250.0,126300.0,3626580
2022-04-25,VNM,127000.0,131350.0,126750.0,130850.0,4440999
2022-04-26,VNM,131200.0,132400.0,130200.0,132300.0,5363010
2022-04-27,VNM,132600.0,133050.0,131900.0,132100.0,3361738
2022-04-28,VNM,131400.0,132450.0,131050.0,131950.0,3412909
2022-04-29,VNM,132750.0,133400.0,131700.0,132050.0,3440824
2022-05-02,VNM,131450.0,132400.0,130400.0,131200.0,5102212
2022-05-03,VNM,131250.0,131650.0,128500.0,129950.0,3455454
2022-05-04,VNM,130900.0,133250.0,130650.0,132650.0,5020501
2022-05-05,VNM,132150.0,134550.0,131550.0,133650.0,5267440
2022-05-06,VNM,133450.0,134600.0,132450.0,134350.0,3965920
2022-05-09,VNM,134550.0,134650.0,132150.0,133500.0,5089150
2022-05-10,VNM,132900.0,133700.0,132200.0,133450.0,4379387
2022-05-11,VNM,132750.0,132900.0,132500.0,132800.0,2813674
2022-05-12,VNM,132100.0,133250.0,130900.0,130950.0,4707597
2022-05-13,VNM,130200.0,130350.0,128100.0,128600.0,5495383
2022-05-16,VNM,128900.0,128950.0,128650.0,128800.0,3530759
2022-05-17,VNM,128950.0,130000.0,126550.0,126700.0,4146756
2022-05-18,VNM,126850.0,127450.0,124150.0,124850.0,5766442
2022-05-19,VNM,124950.0,125850.0,123400.0,125550.0,4436019
2022-05-20,VNM,126200.0,128850.0,126150.0,127500.0,5148689
2022-05-23,VNM,127350.0,129350.0,126650.0,128950.0,5229128
2022-05-24,VNM,128500.0,130750.0,128350.0,128900.0,5108704
2022-05-25,VNM,128850.0,129250.0,126950.0,128200.0,3622307
2022-05-26,VNM,128550.0,131700.0,128350.0,130250.0,4974056
2022-05-27,VNM,131050.0,131650.0,128400.0,129000.0,4659967
2022-05-30,VNM,130100.0,131000.0,129600.0,129750.0,4118516
2022-05-31,VNM,130050.0,131800.0,128350.0,131300.0,5908616
2022-06-01,VNM,131750.0,132000.0,127150.0,129300.0,5376007
2022-06-02,VNM,129650.0,130500.0,127200.0,127800.0,4646120
2022-06-03,VNM,127700.0,128700.0,126550.0,126550.0,3545043
2022-06-06,VNM,126750.0,130050.0,126150.0,129600.0,5529793
2022-06-07,VNM,130000.0,132550.0,129950.0,131350.0,3839084
2022-06-08,VNM,130450.0,130550.0,130100.0,130550.0,4570400
2022-06-09,VNM,131350.0,132850.0,128950.0,129750.0,5966351
2022-06-10,VNM,130400.0,132450.0,129950.0,131300.0,3429525
2022-06-13,VNM,131800.0,132150.0,130750.0,130900.0,2786614
2022-06-14,VNM,131250.0,132450.0,131200.0,132250.0,4757792
2022-06-15,VNM,131850.0,132250.0,129150.0,130200.0,5232123
2022-06-16,VNM,128700.0,130650.0,128300.0,130300.0,3911193
2022-06-17,VNM,129750.0,132400.0,129000.0,131700.0,4006312
2022-06-20,VNM,132200.0,132700.0,130700.0,132100.0,5510840
2022-06-21,VNM,132050.0,132650.0,131250.0,131350.0,3254661
2022-06-22,VNM,131250.0,131450.0,128500.0,129200.0,3990135
2022-06-23,VNM,129000.0,129700.0,128100.0,128600.0,3284602
2022-06-24,VNM,128500.0,129700.0,127500.0,129450.0,3952563
2022-06-27,VNM,128500.0,128550.0,127650.0,127750.0,4799294
2022-06-28,VNM,127850.0,130550.0,127000.0,129600.0,5333896
2022-06-29,VNM,129550.0,129800.0,128700.0,129650.0,4894989
2022-06-30,VNM,129700.0,129950.0,126150.0,127800.0,4390106
2022-07-01,VNM,127200.0,131050.0,126150.0,129600.0,6573751
2022-07-04,VNM,130250.0,131150.0,128300.0,130100.0,5197574
2022-07-05,VNM,129750.0,130650.0,129750.0,130000.0,3831718
2022-07-06,VNM,130400.0,130400.0,127750.0,129850.0,5057382
2022-07-07,VNM,129850.0,131400.0,128700.0,128900.0,3775867
2022-07-08,VNM,129500.0,131800.0,129050.0,130350.0,4269126
2022-07-11,VNM,130950.0,131000.0,128600.0,129550.0,5403608
2022-07-12,VNM,130350.0,130450.0,128300.0,128500.0,5433435
2022-07-13,VNM,128850.0,129250.0,127000.0,127550.0,4226928
2022-07-14,VNM,127400.0,128050.0,126400.0,126800.0,4047998
2022-07-15,VNM,126850.0,127100.0,125150.0,125750.0,4588850
2022-07-18,VNM,125400.0,125750.0,123900.0,124750.0,5298605
2022-07-19,VNM,125300.0,128050.0,125100.0,127600.0,4153453
2022-07-20,VNM,128200.0,129150.0,126200.0,127700.0,3924006
2022-07-21,VNM,126600.0,127000.0,123750.0,124900.0,4347231
2022-07-22,VNM,124400.0,125700.0,124350.0,125350.0,4909381
2022-07-25,VNM,125600.0,126550.0,122800.0,123550.0,4642065
2022-07-26,VNM,123350.0,126600.0,123100.0,126150.0,5470886
2022-07-27,VNM,126150.0,126450.0,125700.0,126350.0,3571662
2022-07-28,VNM,126200.0,127150.0,125050.0,125350.0,4977539
2022-07-29,VNM,125200.0,128350.0,124250.0,127800.0,3932173
2022-08-01,VNM,127650.0,130700.0,127100.0,130650.0,5341511
2022-08-02,VNM,129450.0,131800.0,128900.0,131000.0,4599587
2022-08-03,VNM,131650.0,132550.0,129050.0,129350.0,4843908
2022-08-04,VNM,129800.0,130200.0,126900.0,127200.0,5195440
2022-08-05,VNM,126550.0,128650.0,125200.0,125950.0,6059201
2022-08-08,VNM,125750.0,128000.0,125050.0,127400.0,3624154
2022-08-09,VNM,127800.0,129250.0,123150.0,124650.0,5831196
2022-08-10,VNM,125400.0,125950.0,124250.0,125350.0,3617135
2022-08-11,VNM,125300.0,125850.0,124750.0,125450.0,3945635
2022-08-12,VNM,125700.0,126550.0,122900.0,123450.0,4574717
2022-08-15,VNM,123800.0,124250.0,121150.0,121250.0,5638807
2022-08-16,VNM,120750.0,120900.0,120500.0,120650.0,4261018
2022-08-17,VNM,120150.0,121600.0,119550.0,121450.0,4305712
2022-08-18,VNM,121650.0,121800.0,120450.0,121150.0,5168363
2022-08-19,VNM,121000.0,121500.0,120400.0,120650.0,2701175
2022-08-22,VNM,120850.0,122900.0,120100.0,122450.0,4840653
2022-08-23,VNM,121300.0,122650.0,120400.0,121950.0,3680064
2022-08-24,VNM,122350.0,122800.0,119500.0,120100.0,5257977
2022-08-25,VNM,119650.0,120900.0,119200.0,119650.0,5275684
2022-08-26,VNM,119600.0,122850.0,118350.0,121200.0,4235411
2022-08-29,VNM,121850.0,121950.0,119050.0,120200.0,4719435
2022-08-30,VNM,120200.0,122300.0,120200.0,122300.0,3933518
2022-08-31,VNM,122600.0,125800.0,121900.0,125500.0,6048901
2022-09-01,VNM,125850.0,126100.0,123350.0,125000.0,5469715
2022-09-02,VNM,123750.0,125500.0,123300.0,124450.0,3687649
2022-09-05,VNM,124050.0,124100.0,123950.0,124050.0,4379890
2022-09-06,VNM,123800.0,124450.0,122950.0,124300.0,4908723
2022-09-07,VNM,124100.0,124150.0,121850.0,122500.0,3400413
2022-09-08,VNM,123400.0,124100.0,120500.0,120800.0,5842731
2022-09-09,VNM,120700.0,122250.0,119750.0,119950.0,5746600
2022-09-12,VNM,119950.0,121000.0,119700.0,120500.0,2760283
2022-09-13,VNM,119850.0,120050.0,117700.0,118550.0,4666034
2022-09-14,VNM,118850.0,119800.0,117200.0,117800.0,4777813
2022-09-15,VNM,117900.0,118200.0,115100.0,115300.0,5469858
2022-09-16,VNM,114850.0,115400.0,114550.0,115300.0,3462408
2022-09-19,VNM,115100.0,116700.0,114500.0,116300.0,3565845
2022-09-20,VNM,116700.0,119550.0,116300.0,117850.0,5492221
2022-09-21,VNM,118500.0,118900.0,117450.0,117550.0,3216880
2022-09-22,VNM,118100.0,118400.0,115550.0,116200.0,5132399
2022-09-23,VNM,117000.0,118150.0,116950.0,117150.0,4591489
2022-09-26,VNM,117000.0,118150.0,116550.0,118000.0,4077079
2022-09-27,VNM,117050.0,119200.0,116100.0,118600.0,4944486
2022-09-28,VNM,119100.0,119100.0,116900.0,118050.0,5224153
2022-09-29,VNM,117850.0,117900.0,117150.0,117700.0,3034024
2022-09-30,VNM,118450.0,120550.0,117700.0,119900.0,4433154
2022-10-03,VNM,120700.0,122300.0,120400.0,121800.0,3356809
2022-10-04,VNM,122050.0,124200.0,121150.0,123500.0,4771916
2022-10-05,VNM,123700.0,124150.0,122850.0,123950.0,4593515
2022-10-06,VNM,124450.0,124700.0,122600.0,123000.0,4165331
2022-10-07,VNM,123300.0,123450.0,122600.0,123100.0,3455770
2022-10-10,VNM,122450.0,122600.0,120900.0,122100.0,3046551
2022-10-11,VNM,122100.0,122950.0,120650.0,120700.0,5684876
2022-10-12,VNM,119850.0,121950.0,119150.0,121050.0,4272213
2022-10-13,VNM,121250.0,122550.0,119800.0,122000.0,4625392
2022-10-14,VNM,121950.0,122450.0,119800.0,120100.0,5331799
2022-10-17,VNM,119700.0,119900.0,115250.0,115400.0,6707152
2022-10-18,VNM,114650.0,116150.0,113000.0,113250.0,4411276
2022-10-19,VNM,113000.0,113350.0,110000.0,110400.0,4629992
2022-10-20,VNM,110250.0,110300.0,108700.0,109150.0,5340002
2022-10-21,VNM,108900.0,109800.0,107900.0,107950.0,4184332
2022-10-24,VNM,108050.0,108700.0,107450.0,108600.0,3581867
2022-10-25,VNM,108100.0,110200.0,107800.0,109450.0,4512731
2022-10-26,VNM,109650.0,110550.0,105400.0,106050.0,5487573
2022-10-27,VNM,105950.0,106450.0,105150.0,105600.0,4967436
2022-10-28,VNM,105700.0,106150.0,102600.0,102950.0,6018792
2022-10-31,VNM,103300.0,103300.0,101150.0,101250.0,3707129
2022-11-01,VNM,101300.0,103150.0,101100.0,102850.0,3301274
2022-11-02,VNM,103200.0,103400.0,100900.0,101850.0,4624404
2022-11-03,VNM,101800.0,102900.0,101150.0,101600.0,5129379
2022-11-04,VNM,101300.0,102250.0,101100.0,102200.0,3808715
2022-11-07,VNM,101800.0,101850.0,100500.0,101000.0,4424593
2022-11-08,VNM,100950.0,101700.0,100250.0,101000.0,3916991
2022-11-09,VNM,101200.0,102350.0,99650.0,100250.0,5434651
2022-11-10,VNM,100000.0,100950.0,99150.0,99400.0,4457612
2022-11-11,VNM,99200.0,99400.0,96950.0,97250.0,5485833
2022-11-14,VNM,98400.0,99950.0,98400.0,98900.0,5214188
2022-11-15,VNM,98900.0,100100.0,97950.0,99950.0,3462399
2022-11-16,VNM,99650.0,104250.0,98850.0,103100.0,6186664
2022-11-17,VNM,103000.0,103050.0,101500.0,101550.0,5467990
2022-11-18,VNM,102100.0,104150.0,101400.0,103950.0,5919009
2022-11-21,VNM,104450.0,104900.0,103650.0,103700.0,4945607
2022-11-22,VNM,103500.0,106000.0,102350.0,105650.0,5074169
2022-11-23,VNM,104700.0,107000.0,104100.0,106150.0,4078522
2022-11-24,VNM,105650.0,105650.0,103950.0,104850.0,5430364
2022-11-25,VNM,105400.0,106100.0,105350.0,105650.0,4289469
2022-11-28,VNM,105150.0,105950.0,102950.0,104300.0,5892244
2022-11-29,VNM,104200.0,104350.0,102600.0,103450.0,4613657
2022-11-30,VNM,103750.0,104950.0,102000.0,102700.0,4062667
2022-12-01,VNM,102950.0,103550.0,102550.0,103400.0,4926770
2022-12-02,VNM,103400.0,104100.0,101700.0,102400.0,4424075
2022-12-05,VNM,102350.0,102700.0,101500.0,101500.0,4249627
2022-12-06,VNM,101700.0,103750.0,101250.0,103100.0,4996904
2022-12-07,VNM,103100.0,103500.0,102000.0,102650.0,4139841
2022-12-08,VNM,102500.0,103000.0,101000.0,101050.0,3661954
2022-12-09,VNM,100950.0,102650.0,100950.0,102100.0,4489006
2022-12-12,VNM,101750.0,103950.0,101450.0,103200.0,4833299
2022-12-13,VNM,103000.0,104000.0,102850.0,103700.0,3786348
2022-12-14,VNM,103500.0,103650.0,101300.0,101650.0,4979888
2022-12-15,VNM,101400.0,101500.0,97750.0,98750.0,6462585
2022-12-16,VNM,99200.0,99750.0,97750.0,97950.0,4452264
2022-12-19,VNM,97800.0,98850.0,97450.0,98450.0,3893505
2022-12-20,VNM,98650.0,99250.0,98550.0,99100.0,3858730
2022-12-21,VNM,99300.0,100450.0,98250.0,99750.0,4905408
2022-12-22,VNM,99900.0,101800.0,98950.0,100950.0,3997436
2022-12-23,VNM,100350.0,100650.0,99350.0,100100.0,3837910
2022-12-26,VNM,100400.0,100750.0,99750.0,100300.0,3478652
2022-12-27,VNM,100100.0,101350.0,99950.0,100300.0,4016042
2022-12-28,VNM,100050.0,101750.0,99450.0,101050.0,4085304
2022-12-29,VNM,100400.0,104650.0,99850.0,103350.0,5477851
2022-12-30,VNM,103250.0,104700.0,102900.0,104100.0,3349506
2023-01-02,VNM,104100.0,104650.0,102600.0,103350.0,3412229
2023-01-03,VNM,103350.0,104200.0,102900.0,103750.0,3694160
2023-01-04,VNM,103400.0,103650.0,102350.0,102550.0,5038813
2023-01-05,VNM,102500.0,102900.0,100650.0,101200.0,5362542
2023-01-06,VNM,101450.0,101550.0,99850.0,100300.0,4755584
2023-01-09,VNM,99650.0,100450.0,98550.0,99000.0,4908937
2023-01-10,VNM,98950.0,100400.0,98000.0,99750.0,5370757
2023-01-11,VNM,99700.0,100650.0,99250.0,99500.0,2956840
2023-01-12,VNM,99850.0,101050.0,99400.0,99400.0,5050491
2023-01-13,VNM,98700.0,98850.0,98100.0,98350.0,3311627
2023-01-16,VNM,98050.0,98850.0,97450.0,98400.0,5092686
2023-01-17,VNM,98150.0,98250.0,96600.0,96800.0,4101264
2023-01-18,VNM,96550.0,97000.0,96450.0,96700.0,3853158
2023-01-19,VNM,96250.0,97750.0,95750.0,97550.0,4759874
2023-01-20,VNM,97300.0,99900.0,96450.0,98950.0,5917803
2023-01-23,VNM,99300.0,100300.0,99300.0,99900.0,4152068
2023-01-24,VNM,100500.0,100900.0,99800.0,100100.0,3067822
2023-01-25,VNM,99550.0,100350.0,99550.0,99950.0,5035113
2023-01-26,VNM,99700.0,102350.0,99700.0,101600.0,3493501
2023-01-27,VNM,100950.0,102350.0,100450.0,102250.0,4961839
2023-01-30,VNM,101950.0,102500.0,99900.0,102400.0,5850646
2023-01-31,VNM,102850.0,103500.0,102650.0,102700.0,4926022
2023-02-01,VNM,102100.0,103250.0,99950.0,100800.0,5044382
2023-02-02,VNM,100300.0,102450.0,99900.0,102050.0,3911440
2023-02-03,VNM,102150.0,103800.0,102150.0,103250.0,3407773
2023-02-06,VNM,103000.0,104600.0,102950.0,104200.0,4537998
2023-02-07,VNM,104850.0,105900.0,103450.0,103750.0,4366268
2023-02-08,VNM,103550.0,106950.0,102700.0,105850.0,4360111
2023-02-09,VNM,105850.0,107150.0,104450.0,106550.0,3884367
2023-02-10,VNM,106700.0,107250.0,104300.0,104350.0,4335921
2023-02-13,VNM,104250.0,105200.0,103550.0,104300.0,3909804
2023-02-14,VNM,103500.0,104250.0,103350.0,104050.0,3586448
2023-02-15,VNM,103700.0,105700.0,102900.0,105150.0,5638452
2023-02-16,VNM,105100.0,105300.0,102750.0,103300.0,5746929
2023-02-17,VNM,103250.0,105550.0,103100.0,105050.0,4462113
2023-02-20,VNM,104950.0,105100.0,102700.0,103750.0,5602552
2023-02-21,VNM,104100.0,104300.0,103050.0,103700.0,3799357
2023-02-22,VNM,103900.0,105550.0,103550.0,105100.0,3793708
2023-02-23,VNM,104900.0,106250.0,104750.0,106250.0,3674159
2023-02-24,VNM,106400.0,107150.0,105950.0,107000.0,4776348
2023-02-27,VNM,107050.0,110500.0,107000.0,108350.0,4649153
2023-02-28,VNM,107850.0,110250.0,106950.0,109850.0,5198456
2023-03-01,VNM,109700.0,110800.0,109150.0,110750.0,3138978
2023-03-02,VNM,109850.0,110900.0,109350.0,110300.0,4279619
2023-03-03,VNM,110800.0,111150.0,108000.0,109650.0,5325496
2023-03-06,VNM,109450.0,112050.0,108850.0,111700.0,4362973
2023-03-07,VNM,111800.0,112650.0,109950.0,110650.0,5064564
2023-03-08,VNM,110500.0,111350.0,109850.0,110200.0,4755437
2023-03-09,VNM,110150.0,110750.0,107450.0,108000.0,6113085
2023-03-10,VNM,107850.0,109150.0,107250.0,108750.0,4388787
2023-03-13,VNM,108300.0,109250.0,107400.0,108900.0,4289114
2023-03-14,VNM,108500.0,109350.0,107250.0,107300.0,3540350
2023-03-15,VNM,107550.0,107750.0,105100.0,105850.0,3670430
2023-03-16,VNM,105800.0,107200.0,104550.0,105150.0,4806472
2023-03-17,VNM,105350.0,105350.0,104250.0,104400.0,4364985
2023-03-20,VNM,103900.0,105250.0,102250.0,102600.0,5514261
2023-03-21,VNM,102550.0,103550.0,100900.0,101650.0,4766889
2023-03-22,VNM,101750.0,102750.0,101600.0,102400.0,3874634
2023-03-23,VNM,102600.0,103750.0,101350.0,102100.0,5374470
2023-03-24,VNM,102700.0,103250.0,101900.0,102150.0,3816358
2023-03-27,VNM,102200.0,102550.0,101900.0,102050.0,4372082
2023-03-28,VNM,101900.0,102200.0,99550.0,99750.0,3938592
2023-03-29,VNM,99200.0,100300.0,99100.0,100050.0,4104454
2023-03-30,VNM,100100.0,100700.0,99800.0,99950.0,4064714
2023-03-31,VNM,100200.0,100250.0,99450.0,99650.0,4849405
2023-04-03,VNM,100200.0,100250.0,98700.0,98850.0,5482553
2023-04-04,VNM,98850.0,99550.0,96550.0,97400.0,4610714
2023-04-05,VNM,96900.0,99100.0,96400.0,98300.0,5883037
2023-04-06,VNM,98650.0,100550.0,98450.0,100450.0,5090852
2023-04-07,VNM,100300.0,102650.0,99200.0,102150.0,4218527
2023-04-10,VNM,103000.0,103500.0,101600.0,101950.0,4148436
2023-04-11,VNM,102100.0,105350.0,101300.0,104450.0,5652093
2023-04-12,VNM,104350.0,104500.0,102150.0,102200.0,4535214
2023-04-13,VNM,102150.0,103000.0,101650.0,102500.0,3477558
2023-04-14,VNM,103350.0,104050.0,101500.0,101750.0,4974515
2023-04-17,VNM,102550.0,102900.0,102150.0,102850.0,3666154
2023-04-18,VNM,103100.0,103400.0,100700.0,100850.0,3535409
2023-04-19,VNM,101450.0,102200.0,101100.0,101950.0,4091335
2023-04-20,VNM,102350.0,103350.0,100050.0,100600.0,5796569
2023-04-21,VNM,100300.0,101250.0,98350.0,99200.0,4370492
2023-04-24,VNM,99350.0,100650.0,99050.0,100550.0,5308462
2023-04-25,VNM,100100.0,102000.0,99250.0,101750.0,4668753
2023-04-26,VNM,102200.0,104100.0,101850.0,103400.0,5588281
2023-04-27,VNM,103300.0,103700.0,102250.0,103000.0,5094131
2023-04-28,VNM,103200.0,103650.0,102500.0,102700.0,4537137
2023-05-01,VNM,102450.0,103200.0,99950.0,100350.0,5907721
2023-05-02,VNM,99250.0,101450.0,97550.0,100850.0,4432256
2023-05-03,VNM,100600.0,101150.0,99900.0,99950.0,2899737
2023-05-04,VNM,99900.0,100150.0,98400.0,99200.0,5630453
2023-05-05,VNM,98850.0,100100.0,98100.0,99800.0,5685804
2023-05-08,VNM,100550.0,100750.0,99800.0,100350.0,3096095
2023-05-09,VNM,99950.0,102900.0,99850.0,102300.0,4366276
2023-05-10,VNM,102550.0,104500.0,102450.0,104300.0,5539852
2023-05-11,VNM,104650.0,104950.0,102200.0,103250.0,4885013
2023-05-12,VNM,102400.0,104250.0,101550.0,104000.0,5267470
2023-05-15,VNM,103300.0,103850.0,99600.0,101350.0,5903582
2023-05-16,VNM,101500.0,103050.0,100500.0,101850.0,3659421
2023-05-17,VNM,102300.0,103100.0,101900.0,102950.0,3953525
2023-05-18,VNM,102450.0,102450.0,101250.0,101850.0,4724103
2023-05-19,VNM,101900.0,102350.0,99650.0,99950.0,5614407
2023-05-22,VNM,100000.0,100250.0,98550.0,99100.0,4350771
2023-05-23,VNM,98450.0,99500.0,97900.0,99150.0,4599861
2023-05-24,VNM,99300.0,99500.0,97650.0,98250.0,3165399
2023-05-25,VNM,98350.0,98750.0,96750.0,97150.0,5576969
2023-05-26,VNM,97850.0,98500.0,97650.0,98350.0,4055241
2023-05-29,VNM,97700.0,99000.0,97400.0,97950.0,3702755
2023-05-30,VNM,97800.0,97900.0,97250.0,97350.0,3573677
2023-05-31,VNM,97100.0,97150.0,94800.0,95400.0,4610560
2023-06-01,VNM,95050.0,98200.0,94600.0,97550.0,5587957
2023-06-02,VNM,97650.0,98350.0,96200.0,97050.0,4550971
2023-06-05,VNM,97050.0,97550.0,93550.0,95450.0,4476915
2023-06-06,VNM,95700.0,96400.0,95050.0,96100.0,5035531
2023-06-07,VNM,95950.0,96150.0,93800.0,94300.0,3906624
2023-06-08,VNM,93950.0,94400.0,91700.0,92500.0,4574095
2023-06-09,VNM,92500.0,93900.0,91850.0,93400.0,5126755
2023-06-12,VNM,93500.0,93850.0,91100.0,91900.0,5180363
2023-06-13,VNM,92000.0,93000.0,91650.0,92550.0,3057655
2023-06-14,VNM,93150.0,93200.0,91400.0,91900.0,5315830
2023-06-15,VNM,92000.0,92600.0,91350.0,92500.0,4428782
2023-06-16,VNM,92400.0,92550.0,91900.0,92500.0,3254701
2023-06-19,VNM,92550.0,93000.0,90300.0,90500.0,5102178
2023-06-20,VNM,89900.0,90450.0,89700.0,90200.0,3066878
2023-06-21,VNM,89900.0,90800.0,89550.0,90550.0,4953178
2023-06-22,VNM,90400.0,91600.0,89600.0,89850.0,4199852
2023-06-23,VNM,89950.0,90450.0,89200.0,89200.0,4575996
2023-06-26,VNM,88850.0,90000.0,88600.0,89950.0,3365919
2023-06-27,VNM,90600.0,91600.0,90400.0,91450.0,3111575
2023-06-28,VNM,91000.0,91400.0,90850.0,91150.0,2700000
2023-06-29,VNM,91450.0,91650.0,90150.0,90650.0,5302765
2023-06-30,VNM,91500.0,91750.0,89350.0,89550.0,5419652
2023-07-03,VNM,89450.0,89800.0,88650.0,89500.0,2902656
2023-07-04,VNM,89050.0,90050.0,88550.0,90050.0,5080821
2023-07-05,VNM,90300.0,92500.0,90150.0,92250.0,4812467
2023-07-06,VNM,92050.0,92800.0,91450.0,91500.0,5470659
2023-07-07,VNM,91650.0,91700.0,89600.0,89650.0,5055123
2023-07-10,VNM,89750.0,90300.0,89550.0,89950.0,4655325
2023-07-11,VNM,90400.0,90650.0,89500.0,89550.0,3546335
2023-07-12,VNM,89750.0,89900.0,88500.0,88700.0,4109397
2023-07-13,VNM,89150.0,90100.0,87600.0,88000.0,4517022
2023-07-14,VNM,88550.0,89400.0,88500.0,89300.0,3550718
2023-07-17,VNM,88850.0,90100.0,88250.0,88850.0,3946628
2023-07-18,VNM,88950.0,90750.0,88350.0,90700.0,5887095
2023-07-19,VNM,90850.0,90950.0,90250.0,90650.0,3602717
2023-07-20,VNM,90400.0,92650.0,90300.0,92200.0,3611478
2023-07-21,VNM,92100.0,92450.0,91650.0,91650.0,2922170
2023-07-24,VNM,91150.0,91700.0,90550.0,91350.0,4625169
2023-07-25,VNM,92000.0,92650.0,90950.0,91250.0,4300123
2023-07-26,VNM,91700.0,92550.0,89100.0,89950.0,5191384
2023-07-27,VNM,89650.0,91000.0,89550.0,90800.0,4838052
2023-07-28,VNM,90200.0,91200.0,89550.0,90450.0,4360279
2023-07-31,VNM,91050.0,91400.0,89850.0,90550.0,5366517
2023-08-01,VNM,90700.0,92350.0,89900.0,91500.0,3880311
2023-08-02,VNM,91250.0,93200.0,91000.0,93100.0,5279113
2023-08-03,VNM,92900.0,95050.0,92350.0,94400.0,4577389
2023-08-04,VNM,94500.0,95400.0,91950.0,93250.0,4171124
2023-08-07,VNM,93650.0,94000.0,92250.0,92600.0,4248879
2023-08-08,VNM,93100.0,93850.0,92050.0,92500.0,4758198
2023-08-09,VNM,93100.0,94550.0,92350.0,92450.0,4308843
2023-08-10,VNM,92300.0,92650.0,90500.0,92550.0,4273196
2023-08-11,VNM,92500.0,92600.0,92400.0,92450.0,4663790
2023-08-14,VNM,92550.0,93650.0,92150.0,93550.0,3811714
2023-08-15,VNM,93750.0,96050.0,93050.0,94300.0,5273133
2023-08-16,VNM,95200.0,96000.0,92100.0,93000.0,5205717
2023-08-17,VNM,93050.0,94150.0,93050.0,94050.0,3115581
2023-08-18,VNM,93950.0,98700.0,93000.0,97050.0,5902123
2023-08-21,VNM,97300.0,97800.0,95850.0,96000.0,4439543
2023-08-22,VNM,95550.0,96250.0,95550.0,96200.0,3870873
2023-08-23,VNM,95350.0,97850.0,95100.0,96300.0,4037165
2023-08-24,VNM,96000.0,98450.0,95500.0,97500.0,3762147
2023-08-25,VNM,97750.0,97900.0,97000.0,97900.0,3973730
2023-08-28,VNM,97900.0,98700.0,96100.0,96700.0,6024623
2023-08-29,VNM,97050.0,97100.0,95950.0,96400.0,3571443
2023-08-30,VNM,96400.0,97350.0,95600.0,97200.0,3551576
2023-08-31,VNM,97050.0,99300.0,96700.0,99250.0,5549297
2023-09-01,VNM,99700.0,100000.0,99500.0,100000.0,4014759
2023-09-04,VNM,99450.0,100050.0,99400.0,100000.0,4665538
2023-09-05,VNM,100000.0,100850.0,99400.0,99650.0,5478066
2023-09-06,VNM,99900.0,99950.0,98800.0,99150.0,4898372
2023-09-07,VNM,98750.0,101000.0,98700.0,100750.0,5009787
2023-09-08,VNM,100700.0,101250.0,100250.0,100250.0,4136718
2023-09-11,VNM,100200.0,100550.0,98350.0,98950.0,5192968
2023-09-12,VNM,98800.0,98850.0,96550.0,97350.0,5428769
2023-09-13,VNM,97600.0,97900.0,95450.0,96250.0,5025437
2023-09-14,VNM,96000.0,96200.0,95050.0,96200.0,5180542
2023-09-15,VNM,96400.0,96950.0,96100.0,96300.0,2836957
2023-09-18,VNM,96350.0,97350.0,96050.0,96900.0,5344539
2023-09-19,VNM,96950.0,97000.0,95100.0,95400.0,5246435
2023-09-20,VNM,95250.0,98300.0,94450.0,97900.0,6008517
2023-09-21,VNM,97850.0,98950.0,97800.0,98500.0,4736144
2023-09-22,VNM,98750.0,98800.0,97450.0,97850.0,4563016
2023-09-25,VNM,97500.0,98200.0,95800.0,95900.0,4663264
2023-09-26,VNM,95900.0,97800.0,95650.0,97500.0,4862070
2023-09-27,VNM,97950.0,98350.0,97100.0,97650.0,3633780
2023-09-28,VNM,98200.0,100200.0,98000.0,98750.0,4372152
2023-09-29,VNM,98200.0,99550.0,98150.0,98650.0,5229646
2023-10-02,VNM,98400.0,100050.0,97100.0,99200.0,4994684
2023-10-03,VNM,100000.0,100150.0,99900.0,100000.0,4564056
2023-10-04,VNM,100100.0,100800.0,97300.0,97800.0,5729388
2023-10-05,VNM,98100.0,98450.0,97800.0,98100.0,3771690
2023-10-06,VNM,97950.0,98450.0,96950.0,97050.0,3295259
2023-10-09,VNM,97400.0,97800.0,96800.0,96850.0,4214105
2023-10-10,VNM,97450.0,98250.0,93450.0,94200.0,6573294
2023-10-11,VNM,95250.0,95250.0,93600.0,93650.0,3094886
2023-10-12,VNM,94050.0,96600.0,93350.0,96350.0,5335844
2023-10-13,VNM,96000.0,97550.0,95550.0,97350.0,5154751
2023-10-16,VNM,97400.0,97400.0,95900.0,96100.0,4809711
2023-10-17,VNM,95700.0,97450.0,95100.0,97350.0,4795294
2023-10-18,VNM,97350.0,97900.0,95550.0,96500.0,5215268
2023-10-19,VNM,96650.0,97200.0,94850.0,95750.0,5276201
2023-10-20,VNM,95650.0,96500.0,93650.0,94250.0,5795788
2023-10-23,VNM,94100.0,96750.0,93950.0,96750.0,3745538
2023-10-24,VNM,96950.0,98100.0,96400.0,96750.0,5293259
2023-10-25,VNM,96900.0,97000.0,95600.0,95950.0,3249281
2023-10-26,VNM,95900.0,98250.0,95600.0,97900.0,4364313
2023-10-27,VNM,97800.0,98000.0,96750.0,96800.0,3024948
2023-10-30,VNM,96750.0,96900.0,96350.0,96750.0,3769368
2023-10-31,VNM,96100.0,96650.0,95750.0,95850.0,4818917
2023-11-01,VNM,95750.0,96400.0,95600.0,96250.0,4430417
2023-11-02,VNM,96550.0,96700.0,94900.0,95700.0,3874500
2023-11-03,VNM,96000.0,98050.0,95750.0,97850.0,4096891
2023-11-06,VNM,98150.0,98950.0,98000.0,98000.0,3500878
2023-11-07,VNM,98400.0,99500.0,96900.0,97500.0,5147306
2023-11-08,VNM,97600.0,99750.0,96600.0,99150.0,5152253
2023-11-09,VNM,98600.0,99550.0,97700.0,98750.0,4385590
2023-11-10,VNM,99250.0,99650.0,97300.0,98050.0,4420495
2023-11-13,VNM,97850.0,98100.0,97100.0,97200.0,5119324
2023-11-14,VNM,97400.0,98400.0,97250.0,97750.0,4293342
2023-11-15,VNM,97900.0,98600.0,97800.0,97900.0,3859383
2023-11-16,VNM,97650.0,98250.0,97050.0,97950.0,3802987
2023-11-17,VNM,97850.0,98000.0,95850.0,96550.0,3634028
2023-11-20,VNM,96850.0,97350.0,96650.0,96800.0,2989544
2023-11-21,VNM,97200.0,97600.0,95450.0,96200.0,4783608
2023-11-22,VNM,95850.0,96000.0,95450.0,95500.0,3253335
2023-11-23,VNM,95600.0,98400.0,94600.0,97350.0,6311856
2023-11-24,VNM,97800.0,98300.0,97700.0,98150.0,3428697
2023-11-27,VNM,98050.0,98450.0,96150.0,96150.0,5283539
2023-11-28,VNM,96000.0,96100.0,95000.0,95400.0,3303060
2023-11-29,VNM,95300.0,95400.0,94450.0,94750.0,3958856
2023-11-30,VNM,95250.0,96300.0,94950.0,95900.0,3568073
2023-12-01,VNM,96600.0,97150.0,96150.0,96950.0,4287949
2023-12-04,VNM,97000.0,98350.0,96600.0,98200.0,4084788
2023-12-05,VNM,97350.0,97600.0,96250.0,96450.0,3884493
2023-12-06,VNM,96400.0,96650.0,96350.0,96400.0,2894050
2023-12-07,VNM,96600.0,99100.0,96500.0,98350.0,5835754
2023-12-08,VNM,97550.0,100150.0,97200.0,98750.0,3740648
2023-12-11,VNM,98650.0,99200.0,97950.0,98250.0,4303263
2023-12-12,VNM,98850.0,99650.0,97500.0,97700.0,5803066
2023-12-13,VNM,97250.0,97350.0,96750.0,96850.0,3988933
2023-12-14,VNM,97000.0,97000.0,95600.0,95600.0,4014631
2023-12-15,VNM,95300.0,95350.0,92950.0,93250.0,5020391
2023-12-18,VNM,93350.0,94650.0,90200.0,90350.0,6911968
2023-12-19,VNM,90400.0,90600.0,89900.0,90200.0,3577809
2023-12-20,VNM,90000.0,90100.0,88750.0,88750.0,3179566
2023-12-21,VNM,88850.0,89350.0,88100.0,88400.0,2986350
2023-12-22,VNM,88200.0,88500.0,87800.0,88050.0,3402546
2023-12-25,VNM,88550.0,91300.0,88200.0,90850.0,4667015
2023-12-26,VNM,90750.0,91400.0,90700.0,91350.0,4226854
2023-12-27,VNM,91250.0,91900.0,90750.0,90750.0,3698888
2023-12-28,VNM,91050.0,91800.0,91050.0,91250.0,4684069
2023-12-29,VNM,90950.0,92700.0,89800.0,92600.0,3804426
2024-01-01,VNM,92800.0,93300.0,92500.0,93050.0,3533172
2024-01-02,VNM,92850.0,93350.0,92550.0,93250.0,4696024
2024-01-03,VNM,92700.0,92850.0,92400.0,92550.0,3260703
2024-01-04,VNM,92200.0,93800.0,91950.0,93100.0,5442773
2024-01-05,VNM,92850.0,94700.0,92350.0,94000.0,3513691
2024-01-08,VNM,93900.0,94100.0,93100.0,93150.0,3035160
2024-01-09,VNM,92600.0,95500.0,92500.0,95200.0,4279474
2024-01-10,VNM,95200.0,96000.0,94900.0,95850.0,5309894
2024-01-11,VNM,96250.0,96700.0,94400.0,94700.0,4095234
2024-01-12,VNM,94400.0,95500.0,92350.0,93500.0,5547455
2024-01-15,VNM,93550.0,94000.0,91400.0,91900.0,4367851
2024-01-16,VNM,92200.0,92600.0,91750.0,92550.0,3708420
2024-01-17,VNM,93050.0,93850.0,92200.0,92600.0,3889279
2024-01-18,VNM,92750.0,94550.0,91900.0,93900.0,4844006
2024-01-19,VNM,94350.0,94800.0,93000.0,93050.0,3779640
2024-01-22,VNM,93450.0,93550.0,90900.0,91250.0,3868782
2024-01-23,VNM,91500.0,93800.0,90100.0,93100.0,5299402
2024-01-24,VNM,93100.0,93100.0,92400.0,92700.0,3137714
2024-01-25,VNM,92600.0,94300.0,91150.0,94100.0,6116053
2024-01-26,VNM,94300.0,94350.0,93050.0,93350.0,2985438
2024-01-29,VNM,93000.0,93150.0,91850.0,92900.0,3973724
2024-01-30,VNM,92750.0,93500.0,89600.0,90650.0,5789261
2024-01-31,VNM,90550.0,91800.0,89450.0,89750.0,3580280
2024-02-01,VNM,89500.0,91050.0,89350.0,90550.0,4478558
2024-02-02,VNM,90400.0,91600.0,89500.0,91450.0,5827550
2024-02-05,VNM,91800.0,91950.0,90350.0,90400.0,4151093
2024-02-06,VNM,89600.0,91950.0,89450.0,91550.0,4345432
2024-02-07,VNM,91900.0,93450.0,89350.0,90150.0,4495779
2024-02-08,VNM,89400.0,91600.0,88850.0,91450.0,3806573
2024-02-09,VNM,90800.0,90950.0,90150.0,90700.0,4343446
2024-02-12,VNM,90900.0,94300.0,90700.0,94300.0,6446725
2024-02-13,VNM,93850.0,94700.0,93200.0,94450.0,4515805
2024-02-14,VNM,94000.0,95300.0,92950.0,95300.0,4385890
2024-02-15,VNM,95400.0,95450.0,94900.0,95100.0,2866392
2024-02-16,VNM,95200.0,97850.0,94600.0,97350.0,4720344
2024-02-19,VNM,97450.0,98100.0,96400.0,96900.0,3698570
2024-02-20,VNM,96550.0,98900.0,96000.0,97150.0,4954479
2024-02-21,VNM,97050.0,100100.0,96100.0,99550.0,5414825
2024-02-22,VNM,99300.0,99600.0,98400.0,98600.0,5006979
2024-02-23,VNM,98450.0,98900.0,95050.0,96000.0,5080736
2024-02-26,VNM,95750.0,96950.0,95400.0,95850.0,4307167
2024-02-27,VNM,95850.0,96000.0,95050.0,95800.0,3265632
2024-02-28,VNM,95400.0,98000.0,94650.0,97800.0,3958758
2024-02-29,VNM,97050.0,98950.0,96200.0,98700.0,4476685
2024-03-01,VNM,98600.0,99150.0,98350.0,98900.0,4917526
2024-03-04,VNM,97950.0,99900.0,97500.0,99600.0,5745928
2024-03-05,VNM,100100.0,100300.0,97450.0,97650.0,4629306
2024-03-06,VNM,98000.0,98650.0,96200.0,96350.0,5706087
2024-03-07,VNM,96400.0,98700.0,95950.0,98300.0,5676723
2024-03-08,VNM,98500.0,99900.0,98350.0,99500.0,4862695
2024-03-11,VNM,99600.0,99700.0,98000.0,98700.0,3603372
2024-03-12,VNM,98950.0,99000.0,98000.0,98200.0,4106766
2024-03-13,VNM,98250.0,99300.0,97750.0,98650.0,4085101
2024-03-14,VNM,98150.0,100150.0,97650.0,99600.0,4989153
2024-03-15,VNM,99450.0,100400.0,98750.0,99400.0,4065522
2024-03-18,VNM,99100.0,99250.0,97200.0,97900.0,3924874
2024-03-19,VNM,97700.0,98300.0,95650.0,96000.0,4917149
2024-03-20,VNM,96050.0,97200.0,95700.0,96450.0,4571918
2024-03-21,VNM,96350.0,96950.0,94750.0,94800.0,3832564
2024-03-22,VNM,94850.0,97950.0,94250.0,97300.0,6155657
2024-03-25,VNM,97100.0,97350.0,96350.0,96600.0,4018053
2024-03-26,VNM,96400.0,96950.0,95750.0,96450.0,4786115
2024-03-27,VNM,96550.0,97000.0,95700.0,96350.0,3294881
2024-03-28,VNM,95700.0,97200.0,94550.0,95500.0,4166488
2024-03-29,VNM,96200.0,97750.0,95450.0,97350.0,5832940
2024-04-01,VNM,97700.0,97700.0,95700.0,95900.0,5031498
2024-04-02,VNM,95600.0,96650.0,94700.0,95100.0,4736156
2024-04-03,VNM,95500.0,95850.0,93650.0,94400.0,5775684
2024-04-04,VNM,94000.0,95850.0,93300.0,95250.0,5639056
2024-04-05,VNM,94950.0,95550.0,94900.0,95000.0,3278861
2024-04-08,VNM,95800.0,96200.0,94000.0,94400.0,5576259
2024-04-09,VNM,94300.0,94750.0,94150.0,94200.0,4481088
2024-04-10,VNM,94700.0,95400.0,94400.0,95150.0,3753050
2024-04-11,VNM,95150.0,96350.0,92100.0,92850.0,5838707
2024-04-12,VNM,92500.0,92550.0,91500.0,91850.0,4601865
2024-04-15,VNM,92250.0,92900.0,91600.0,91950.0,4664855
2024-04-16,VNM,91700.0,92150.0,90950.0,91400.0,3042257
2024-04-17,VNM,91750.0,91800.0,91100.0,91350.0,3488963
2024-04-18,VNM,91600.0,92450.0,90050.0,90200.0,5242448
2024-04-19,VNM,90500.0,91500.0,89650.0,91300.0,4618015
2024-04-22,VNM,91200.0,91600.0,89750.0,90400.0,4945266
2024-04-23,VNM,90450.0,92400.0,90200.0,92150.0,4651699
2024-04-24,VNM,90900.0,91750.0,89750.0,90900.0,4330869
2024-04-25,VNM,90600.0,90800.0,89600.0,90400.0,4379074
2024-04-26,VNM,90450.0,90500.0,90100.0,90450.0,3576250
2024-04-29,VNM,90500.0,91450.0,90250.0,91250.0,5330157
2024-04-30,VNM,91450.0,93400.0,91000.0,93250.0,4936979
2024-05-01,VNM,93400.0,94550.0,91500.0,91850.0,5406429
2024-05-02,VNM,91700.0,92800.0,91200.0,91800.0,4170542
2024-05-03,VNM,91800.0,92100.0,91500.0,91700.0,4806192
2024-05-06,VNM,92300.0,92800.0,91350.0,92550.0,4681963
2024-05-07,VNM,92600.0,93000.0,92500.0,92950.0,2607911
2024-05-08,VNM,92750.0,94150.0,92650.0,93300.0,3594262
2024-05-09,VNM,93400.0,93700.0,90650.0,91300.0,5876475
2024-05-10,VNM,92050.0,92500.0,91050.0,91500.0,3061361
2024-05-13,VNM,91100.0,91800.0,90550.0,90600.0,5381851
2024-05-14,VNM,90100.0,92150.0,89750.0,91750.0,4439787
2024-05-15,VNM,91350.0,93950.0,91100.0,93200.0,4732071
2024-05-16,VNM,92950.0,93450.0,90650.0,91450.0,3978989
2024-05-17,VNM,91950.0,93000.0,90800.0,92250.0,3724738
2024-05-20,VNM,92050.0,92100.0,91850.0,92000.0,3508683
2024-05-21,VNM,91700.0,93400.0,90650.0,92450.0,4249600
2024-05-22,VNM,92100.0,92400.0,89500.0,89550.0,6340904
2024-05-23,VNM,89600.0,89700.0,89150.0,89650.0,2806633
2024-05-24,VNM,90250.0,90400.0,89600.0,89600.0,5119743
2024-05-27,VNM,89450.0,90500.0,89250.0,90100.0,3776141
2024-05-28,VNM,89900.0,90250.0,88750.0,89500.0,3764772
2024-05-29,VNM,89800.0,90150.0,88250.0,89150.0,5585362
2024-05-30,VNM,89200.0,89250.0,87200.0,87350.0,5319296
2024-05-31,VNM,87250.0,87900.0,86950.0,87650.0,3456339
2024-06-03,VNM,87900.0,88850.0,87700.0,88800.0,3512150
2024-06-04,VNM,88050.0,88650.0,86500.0,86800.0,5318722
2024-06-05,VNM,87200.0,87700.0,84100.0,85200.0,4725274
2024-06-06,VNM,85450.0,86350.0,82550.0,83450.0,6223398
2024-06-07,VNM,83450.0,83700.0,82400.0,82800.0,5141222
2024-06-10,VNM,82800.0,85000.0,82650.0,84250.0,5183600
2024-06-11,VNM,84200.0,84400.0,82400.0,83300.0,5367311
2024-06-12,VNM,83250.0,83600.0,80100.0,81250.0,4590929
2024-06-13,VNM,81000.0,81700.0,79250.0,80450.0,5436130
2024-06-14,VNM,80050.0,80350.0,78900.0,79050.0,4323303
2024-06-17,VNM,78900.0,80050.0,78450.0,79450.0,4852099
2024-06-18,VNM,79600.0,80550.0,79500.0,80000.0,5260432
2024-06-19,VNM,79800.0,80850.0,79450.0,80300.0,4119508
2024-06-20,VNM,79700.0,81750.0,79300.0,81050.0,5163528
2024-06-21,VNM,81300.0,81700.0,79700.0,80100.0,4745807
2024-06-24,VNM,80000.0,80750.0,79900.0,80650.0,4052608
2024-06-25,VNM,81050.0,82350.0,80700.0,81900.0,5725176
2024-06-26,VNM,81950.0,82450.0,81950.0,82250.0,3186738
2024-06-27,VNM,82250.0,83500.0,81750.0,83100.0,4110562
2024-06-28,VNM,82850.0,83300.0,82600.0,83150.0,3310888
2024-07-01,VNM,83200.0,84200.0,81450.0,81850.0,4931489
2024-07-02,VNM,81600.0,82150.0,81450.0,81850.0,3457344
2024-07-03,VNM,81700.0,83550.0,80700.0,82550.0,5778271
2024-07-04,VNM,82000.0,83550.0,81100.0,82700.0,5245211
2024-07-05,VNM,82650.0,83050.0,82150.0,82900.0,5289887
2024-07-08,VNM,82650.0,85100.0,82150.0,84700.0,4937374
2024-07-09,VNM,84700.0,85200.0,82600.0,83650.0,4495042
2024-07-10,VNM,83400.0,83650.0,82300.0,83000.0,4380831
2024-07-11,VNM,82650.0,85000.0,82200.0,84600.0,5139496
2024-07-12,VNM,84550.0,85650.0,83850.0,85600.0,5418465
2024-07-15,VNM,85550.0,87250.0,84500.0,86600.0,4610275
2024-07-16,VNM,86850.0,87600.0,85900.0,86200.0,3503431
2024-07-17,VNM,86350.0,87200.0,86100.0,86150.0,5286592
2024-07-18,VNM,86050.0,87050.0,85850.0,86700.0,3419116
2024-07-19,VNM,86600.0,88050.0,85750.0,87000.0,4383414
2024-07-22,VNM,86550.0,86700.0,85700.0,85800.0,4747934
2024-07-23,VNM,86050.0,86850.0,84750.0,84800.0,4085282
2024-07-24,VNM,84650.0,85600.0,84150.0,85100.0,3135454
2024-07-25,VNM,85300.0,86350.0,83950.0,84550.0,3790960
2024-07-26,VNM,84550.0,84850.0,83300.0,83800.0,5447770
2024-07-29,VNM,83750.0,84100.0,83500.0,83700.0,4571918
2024-07-30,VNM,83900.0,84900.0,82050.0,82550.0,4733933
2024-07-31,VNM,82900.0,83050.0,80500.0,80950.0,4007688
2024-08-01,VNM,81250.0,81950.0,80200.0,80750.0,4516143
2024-08-02,VNM,81050.0,81150.0,79750.0,79800.0,3256224
2024-08-05,VNM,79600.0,79750.0,79300.0,79650.0,3799446
2024-08-06,VNM,80100.0,80250.0,79200.0,79900.0,3533184
2024-08-07,VNM,79800.0,80650.0,79650.0,80350.0,5114943
2024-08-08,VNM,80600.0,80850.0,79350.0,79550.0,5138485
2024-08-09,VNM,79900.0,80350.0,78500.0,79150.0,5723843
2024-08-12,VNM,78750.0,79100.0,77950.0,78150.0,3576491
2024-08-13,VNM,78400.0,78650.0,77750.0,77800.0,5136486
2024-08-14,VNM,78250.0,78350.0,76750.0,77100.0,4654997
2024-08-15,VNM,76650.0,77600.0,76500.0,77500.0,4656539
2024-08-16,VNM,77350.0,78500.0,77150.0,78000.0,4452742
2024-08-19,VNM,78000.0,78200.0,77750.0,78000.0,4394841
2024-08-20,VNM,78150.0,78400.0,76800.0,76850.0,4808522
2024-08-21,VNM,76800.0,76850.0,75700.0,76050.0,4977915
2024-08-22,VNM,76350.0,76450.0,74450.0,75200.0,5214610
2024-08-23,VNM,75550.0,76950.0,75100.0,76750.0,5269383
2024-08-26,VNM,76250.0,77150.0,76200.0,77100.0,5256192
2024-08-27,VNM,77450.0,77850.0,76000.0,76650.0,3471521
2024-08-28,VNM,76050.0,77150.0,75150.0,76850.0,3816039
2024-08-29,VNM,76900.0,77100.0,75700.0,75900.0,5149705
2024-08-30,VNM,75350.0,77050.0,75150.0,76600.0,5967912
2024-09-02,VNM,76750.0,77500.0,76100.0,77000.0,3201379
2024-09-03,VNM,76700.0,78800.0,75800.0,78650.0,6156544
2024-09-04,VNM,78750.0,79850.0,78450.0,79350.0,4055980
2024-09-05,VNM,79300.0,79800.0,78400.0,78650.0,4238781
2024-09-06,VNM,78200.0,78300.0,77850.0,77850.0,3892206
2024-09-09,VNM,78400.0,79900.0,76400.0,77200.0,5628757
2024-09-10,VNM,77300.0,77500.0,75700.0,76150.0,4853782
2024-09-11,VNM,76000.0,78250.0,75950.0,77950.0,4669773
2024-09-12,VNM,77650.0,80200.0,77500.0,79900.0,5500276
2024-09-13,VNM,79700.0,80050.0,77700.0,77850.0,5895035
2024-09-16,VNM,77800.0,77800.0,75750.0,75750.0,4316231
2024-09-17,VNM,76050.0,76450.0,75650.0,75850.0,4051607
2024-09-18,VNM,76250.0,76350.0,75500.0,75700.0,4166157
2024-09-19,VNM,75500.0,76600.0,75300.0,76450.0,4034930
2024-09-20,VNM,76400.0,77400.0,76300.0,76900.0,3525526
2024-09-23,VNM,76550.0,76950.0,76300.0,76900.0,3740565
2024-09-24,VNM,76750.0,77200.0,75900.0,76300.0,4161585
2024-09-25,VNM,76000.0,76650.0,74950.0,75500.0,5017234
2024-09-26,VNM,75550.0,76250.0,75550.0,76050.0,3450617
2024-09-27,VNM,75450.0,77050.0,75450.0,76850.0,4893097
2024-09-30,VNM,76550.0,77150.0,75800.0,76450.0,3132474
2024-10-01,VNM,75900.0,77650.0,75750.0,77050.0,5388511
2024-10-02,VNM,77250.0,77300.0,76750.0,76950.0,2729432
2024-10-03,VNM,76900.0,77350.0,76050.0,76750.0,5127534
2024-10-04,VNM,77300.0,77850.0,76850.0,77350.0,3031901
2024-10-07,VNM,76700.0,77400.0,76500.0,77000.0,3189584
2024-10-08,VNM,76850.0,77400.0,76600.0,77100.0,2920355
2024-10-09,VNM,77000.0,77750.0,77000.0,77550.0,4391763
2024-10-10,VNM,77500.0,78800.0,77300.0,78000.0,5455471
2024-10-11,VNM,78200.0,78350.0,76800.0,77350.0,5318329
2024-10-14,VNM,77300.0,77350.0,76800.0,77100.0,3389882
2024-10-15,VNM,77050.0,78750.0,76950.0,77950.0,4441344
2024-10-16,VNM,77850.0,78700.0,77600.0,78650.0,3940153
2024-10-17,VNM,78250.0,78800.0,78050.0,78550.0,3098826
2024-10-18,VNM,78800.0,80050.0,78200.0,79300.0,5239347
2024-10-21,VNM,79750.0,80250.0,78450.0,78700.0,5197516
2024-10-22,VNM,78250.0,78850.0,77500.0,78050.0,4450449
2024-10-23,VNM,78350.0,78450.0,76900.0,77500.0,3304170
2024-10-24,VNM,77750.0,79150.0,77150.0,78300.0,5331982
2024-10-25,VNM,78150.0,79300.0,77550.0,78850.0,3757955
2024-10-28,VNM,78600.0,79150.0,78050.0,78750.0,3040328
2024-10-29,VNM,78800.0,79200.0,78700.0,79100.0,4376901
2024-10-30,VNM,79600.0,80600.0,78950.0,79100.0,4230827
2024-10-31,VNM,79750.0,81400.0,79450.0,80350.0,5778010
2024-11-01,VNM,80300.0,82350.0,80150.0,81050.0,4110867
2024-11-04,VNM,81200.0,82800.0,80550.0,82700.0,4308446
2024-11-05,VNM,83000.0,83450.0,82700.0,83250.0,4424612
2024-11-06,VNM,83300.0,83800.0,82100.0,82400.0,3696876
2024-11-07,VNM,82500.0,82700.0,80800.0,81400.0,4282442
2024-11-08,VNM,81450.0,81950.0,80850.0,81650.0,3870818
2024-11-11,VNM,81750.0,82100.0,79300.0,79900.0,6393429
2024-11-12,VNM,79600.0,80800.0,79250.0,80400.0,5234348
2024-11-13,VNM,80200.0,81650.0,79950.0,81050.0,5416026
2024-11-14,VNM,80850.0,80900.0,80650.0,80850.0,3618537
2024-11-15,VNM,81050.0,81800.0,80000.0,80450.0,4536402
2024-11-18,VNM,80450.0,82500.0,80350.0,82100.0,4597313
2024-11-19,VNM,82600.0,84300.0,82500.0,84000.0,5042859
2024-11-20,VNM,83700.0,84850.0,83200.0,84000.0,3727014
2024-11-21,VNM,84100.0,85600.0,83800.0,84750.0,4419783
2024-11-22,VNM,84650.0,84650.0,83450.0,83700.0,3676293
2024-11-25,VNM,83300.0,85650.0,83100.0,85150.0,5714800
2024-11-26,VNM,85100.0,86100.0,84850.0,85300.0,3952898
2024-11-27,VNM,85650.0,86000.0,84500.0,85100.0,5643696
2024-11-28,VNM,84850.0,87050.0,84550.0,86600.0,3671643
2024-11-29,VNM,86650.0,87850.0,86250.0,87300.0,3318874
2024-12-02,VNM,87450.0,89850.0,87000.0,89550.0,5091101
2024-12-03,VNM,89400.0,91050.0,88400.0,90200.0,3668278
2024-12-04,VNM,90050.0,90400.0,89900.0,90150.0,3027192
2024-12-05,VNM,89800.0,91700.0,89700.0,90850.0,5678588
2024-12-06,VNM,91400.0,91600.0,89100.0,89350.0,3647813
2024-12-09,VNM,89600.0,89800.0,89450.0,89550.0,4349224
2024-12-10,VNM,89600.0,89950.0,88400.0,89750.0,4467563
2024-12-11,VNM,89700.0,90000.0,88850.0,89850.0,3456907
2024-12-12,VNM,90000.0,90150.0,88800.0,89050.0,4881318
2024-12-13,VNM,89550.0,92550.0,89400.0,91100.0,5517805
2024-12-16,VNM,91200.0,91700.0,89800.0,90000.0,5409907
2024-12-17,VNM,90100.0,92850.0,90100.0,91600.0,4688529
2024-12-18,VNM,91600.0,91750.0,89900.0,90550.0,3813573
2024-12-19,VNM,90100.0,90950.0,89250.0,89600.0,3876674
2024-12-20,VNM,90000.0,91900.0,89650.0,91250.0,5248222
2024-12-23,VNM,91150.0,91700.0,88650.0,89100.0,4603844
2024-12-24,VNM,88900.0,89150.0,86750.0,86950.0,4242934
2024-12-25,VNM,86600.0,86850.0,84800.0,85500.0,5634499
2024-12-26,VNM,85400.0,86100.0,85200.0,85400.0,3798356
2024-12-27,VNM,86050.0,87200.0,84100.0,84700.0,4471661
2024-12-30,VNM,84100.0,84650.0,83450.0,83900.0,3710433
2024-12-31,VNM,83800.0,83800.0,82700.0,83000.0,3807474
2025-01-01,VNM,82900.0,84400.0,82550.0,84050.0,5206420
2025-01-02,VNM,84200.0,85700.0,83950.0,84700.0,4687543
2025-01-03,VNM,85150.0,85950.0,84900.0,85600.0,2840687
2025-01-06,VNM,86200.0,86200.0,83550.0,83900.0,4876708
2025-01-07,VNM,83950.0,85350.0,83950.0,85250.0,4309690
2025-01-08,VNM,85300.0,85350.0,84750.0,85050.0,4024699
2025-01-09,VNM,85450.0,85850.0,84500.0,84700.0,4872559
2025-01-10,VNM,84850.0,85350.0,84550.0,85250.0,5013754
2025-01-13,VNM,85650.0,85750.0,84700.0,84950.0,5224822
2025-01-14,VNM,84650.0,85000.0,82400.0,83550.0,6288121
2025-01-15,VNM,83800.0,83950.0,83300.0,83550.0,4749459
2025-01-16,VNM,83900.0,84500.0,83250.0,84050.0,3887991
2025-01-17,VNM,83550.0,87650.0,83000.0,86800.0,6555316
2025-01-20,VNM,87300.0,87550.0,86750.0,87450.0,4226824
2025-01-21,VNM,87250.0,87300.0,86900.0,86900.0,4697095
2025-01-22,VNM,87250.0,87600.0,85200.0,85600.0,6091455
2025-01-23,VNM,85650.0,86700.0,84650.0,84650.0,5693828
2025-01-24,VNM,84250.0,84900.0,82500.0,82900.0,4153848
2025-01-27,VNM,82450.0,84700.0,82350.0,84650.0,3902544
2025-01-28,VNM,84750.0,85350.0,84700.0,84750.0,2709661
2025-01-29,VNM,85150.0,86850.0,84900.0,86700.0,4543639
2025-01-30,VNM,86850.0,87100.0,85550.0,86400.0,5536671
2025-01-31,VNM,86250.0,86900.0,85800.0,86150.0,4101594
2025-02-03,VNM,86300.0,86600.0,84150.0,84500.0,5401094
2025-02-04,VNM,84300.0,86100.0,84200.0,85800.0,4892987
2025-02-05,VNM,85900.0,86150.0,85250.0,85350.0,4797293
2025-02-06,VNM,85550.0,85650.0,83500.0,83550.0,5830623
2025-02-07,VNM,83550.0,85050.0,83150.0,84650.0,3899498
2025-02-10,VNM,84500.0,85600.0,83800.0,85350.0,4251649
2025-02-11,VNM,85750.0,88650.0,85450.0,88350.0,4069379
2025-02-12,VNM,88850.0,90150.0,88750.0,89750.0,3387756
2025-02-13,VNM,89650.0,90550.0,88950.0,90000.0,4565584
2025-02-14,VNM,89550.0,90200.0,89300.0,89900.0,3903633
2025-02-17,VNM,89700.0,90300.0,89400.0,90000.0,5191396
2025-02-18,VNM,89550.0,90200.0,88200.0,88550.0,5501403
2025-02-19,VNM,88900.0,89050.0,86700.0,87150.0,5128077
2025-02-20,VNM,87200.0,87500.0,87000.0,87200.0,3333484
2025-02-21,VNM,87150.0,89150.0,86450.0,89100.0,4412412
2025-02-24,VNM,89000.0,89700.0,88850.0,89300.0,3811946
2025-02-25,VNM,88800.0,90600.0,88300.0,88900.0,3844550
2025-02-26,VNM,88650.0,89450.0,88000.0,88200.0,5370462
2025-02-27,VNM,88450.0,88850.0,87400.0,88150.0,3787879
2025-02-28,VNM,88000.0,88100.0,87300.0,87950.0,5209012
2025-03-03,VNM,88250.0,88350.0,86600.0,86950.0,3396071
2025-03-04,VNM,87300.0,87950.0,86100.0,86200.0,3578002
2025-03-05,VNM,85600.0,85750.0,85550.0,85600.0,4619422
2025-03-06,VNM,85350.0,87000.0,85100.0,86000.0,3854875
2025-03-07,VNM,85350.0,85500.0,84450.0,84700.0,4725212
2025-03-10,VNM,84750.0,85000.0,82850.0,83250.0,5380737
2025-03-11,VNM,83200.0,85200.0,82800.0,85050.0,3598621
2025-03-12,VNM,85200.0,85950.0,84150.0,85900.0,5069270
2025-03-13,VNM,86100.0,88000.0,85850.0,87200.0,3581162
2025-03-14,VNM,87000.0,87750.0,86550.0,87450.0,3365736
2025-03-17,VNM,87400.0,87600.0,84550.0,85150.0,5477973
2025-03-18,VNM,85300.0,86050.0,85050.0,85300.0,4985888
2025-03-19,VNM,85300.0,85500.0,84250.0,84750.0,3649702
2025-03-20,VNM,85150.0,86350.0,85100.0,85550.0,2972446
2025-03-21,VNM,85600.0,87950.0,85400.0,87450.0,4308546
2025-03-24,VNM,87500.0,87950.0,86050.0,86050.0,5630058
2025-03-25,VNM,86100.0,86200.0,84700.0,85050.0,5616566
2025-03-26,VNM,85350.0,85500.0,84350.0,84750.0,4936313
2025-03-27,VNM,84600.0,84750.0,83050.0,83350.0,3966114
2025-03-28,VNM,82950.0,84650.0,82550.0,84000.0,5784448
2025-03-31,VNM,83850.0,85450.0,82700.0,85350.0,5117383
2025-04-01,VNM,85500.0,85550.0,84900.0,85250.0,3037316
2025-04-02,VNM,85250.0,87050.0,84150.0,84500.0,5713239
2025-04-03,VNM,84300.0,85950.0,83750.0,85850.0,5428597
2025-04-04,VNM,86150.0,86200.0,84500.0,85200.0,5736539
2025-04-07,VNM,85600.0,85700.0,85500.0,85650.0,2424125
2025-04-08,VNM,85750.0,86350.0,82650.0,83650.0,5420154
2025-04-09,VNM,84300.0,85300.0,83700.0,85200.0,4478711
2025-04-10,VNM,85050.0,85900.0,85000.0,85200.0,4348427
2025-04-11,VNM,85600.0,86000.0,84900.0,85700.0,3142353
2025-04-14,VNM,85500.0,85850.0,83900.0,84800.0,5235516
2025-04-15,VNM,84900.0,85300.0,84900.0,85150.0,2501366
2025-04-16,VNM,85450.0,88300.0,85100.0,87650.0,5795631
2025-04-17,VNM,88650.0,88800.0,88350.0,88400.0,3477514
2025-04-18,VNM,88200.0,88300.0,86900.0,87950.0,4302404
2025-04-21,VNM,88300.0,89100.0,88100.0,88750.0,5240783
2025-04-22,VNM,88200.0,88450.0,86750.0,87750.0,4994427
2025-04-23,VNM,87450.0,87750.0,86700.0,86800.0,5099562
2025-04-24,VNM,86800.0,87000.0,86050.0,86150.0,3327476
2025-04-25,VNM,86900.0,87650.0,84350.0,84500.0,5854352
2025-04-28,VNM,84650.0,85300.0,81800.0,82400.0,4389311
2025-04-29,VNM,83000.0,83550.0,82300.0,82500.0,4736827
2025-04-30,VNM,82700.0,82750.0,81100.0,81650.0,5245446
2025-05-01,VNM,81250.0,81550.0,80200.0,80300.0,3152568
2025-05-02,VNM,80400.0,80850.0,79550.0,79700.0,3240230
2025-05-05,VNM,79100.0,79700.0,78900.0,79650.0,4512348
2025-05-06,VNM,79150.0,81000.0,78950.0,80850.0,5039857
2025-05-07,VNM,80800.0,81250.0,79700.0,80900.0,5491287
2025-05-08,VNM,81200.0,82150.0,81100.0,81300.0,4569158
2025-05-09,VNM,81300.0,82050.0,81050.0,81150.0,3946005
2025-05-12,VNM,81100.0,81450.0,79700.0,79900.0,5020062
2025-05-13,VNM,80050.0,80300.0,79150.0,79200.0,4791750
2025-05-14,VNM,79200.0,80150.0,79000.0,80100.0,3709843
2025-05-15,VNM,80100.0,81000.0,79100.0,79350.0,4839659
2025-05-16,VNM,79050.0,79950.0,79000.0,79250.0,2885053
2025-05-19,VNM,78850.0,80250.0,78600.0,79900.0,4449013
2025-05-20,VNM,80200.0,82200.0,80050.0,81150.0,4944741
2025-05-21,VNM,80800.0,80800.0,80100.0,80550.0,4317462
2025-05-22,VNM,80200.0,80900.0,79150.0,79150.0,5007844
2025-05-23,VNM,79250.0,79400.0,78550.0,79250.0,3543662
2025-05-26,VNM,79000.0,80050.0,78900.0,79500.0,2966451
2025-05-27,VNM,79650.0,80200.0,78800.0,79250.0,3213680
2025-05-28,VNM,78450.0,79700.0,78250.0,78950.0,3144849
2025-05-29,VNM,79000.0,79350.0,78600.0,79350.0,5219563
2025-05-30,VNM,79100.0,79200.0,77900.0,78350.0,3353593
2025-06-02,VNM,78350.0,79250.0,77850.0,79050.0,3804109
2025-06-03,VNM,79250.0,79500.0,76200.0,76650.0,4850409
2025-06-04,VNM,77150.0,77550.0,76550.0,76750.0,4610566
2025-06-05,VNM,76800.0,76900.0,75600.0,75900.0,4665687
2025-06-06,VNM,75550.0,75700.0,74350.0,75200.0,3828862
2025-06-09,VNM,75200.0,75900.0,74200.0,74550.0,5358434
2025-06-10,VNM,74600.0,74750.0,73250.0,73400.0,5722059
2025-06-11,VNM,73650.0,74100.0,71600.0,72150.0,3916220
2025-06-12,VNM,71650.0,73350.0,71550.0,72650.0,4291145
2025-06-13,VNM,72900.0,73200.0,71050.0,71950.0,5194148
2025-06-16,VNM,72100.0,72550.0,70650.0,71350.0,5763936
2025-06-17,VNM,71500.0,71500.0,71100.0,71200.0,3899398
2025-06-18,VNM,71150.0,71600.0,70300.0,70400.0,5350230
2025-06-19,VNM,70700.0,71700.0,70450.0,71550.0,4300567
2025-06-20,VNM,72100.0,72100.0,71550.0,71550.0,3009616
2025-06-23,VNM,71400.0,71700.0,70000.0,70400.0,5586298
2025-06-24,VNM,70250.0,70600.0,69800.0,70100.0,4530072
2025-06-25,VNM,69850.0,70400.0,68350.0,68600.0,5748400
2025-06-26,VNM,68500.0,70450.0,68350.0,70150.0,5946602
2025-06-27,VNM,70500.0,70750.0,70450.0,70700.0,2547436
2025-06-30,VNM,70550.0,70950.0,70400.0,70550.0,4334324
2025-07-01,VNM,70600.0,71700.0,70100.0,71200.0,5243534
2025-07-02,VNM,71500.0,71500.0,70850.0,70950.0,3532062
2025-07-03,VNM,71100.0,71650.0,70900.0,71250.0,4266143
2025-07-04,VNM,71250.0,71650.0,71100.0,71650.0,2664400
2025-07-07,VNM,70950.0,71600.0,70450.0,71400.0,4811771
2025-07-08,VNM,71700.0,72000.0,71000.0,71400.0,4961810
2025-07-09,VNM,71650.0,71750.0,71500.0,71500.0,4305176
2025-07-10,VNM,70900.0,71200.0,70800.0,70850.0,2727346
2025-07-11,VNM,71100.0,72150.0,70450.0,71800.0,3794093
2025-07-14,VNM,71800.0,72500.0,70850.0,71050.0,5724016
2025-07-15,VNM,71150.0,72300.0,71000.0,71850.0,5328584
2025-07-16,VNM,71600.0,72350.0,70650.0,71850.0,3902055
2025-07-17,VNM,71300.0,74200.0,70750.0,73850.0,5413755
2025-07-18,VNM,73200.0,73350.0,71700.0,71850.0,4886656
2025-07-21,VNM,71600.0,73200.0,71400.0,72700.0,5797937
2025-07-22,VNM,72300.0,74650.0,72250.0,73650.0,4965269
2025-07-23,VNM,73800.0,73850.0,73650.0,73800.0,4129809
2025-07-24,VNM,73500.0,73550.0,72350.0,72700.0,4803906
2025-07-25,VNM,72600.0,73750.0,72500.0,73600.0,4846449
2025-07-28,VNM,73650.0,74900.0,73600.0,74650.0,4348967
2025-07-29,VNM,74350.0,75450.0,74200.0,75250.0,5126303
2025-07-30,VNM,74950.0,75300.0,73250.0,73500.0,4320549
2025-07-31,VNM,73500.0,74050.0,73300.0,73600.0,4347058
2025-08-01,VNM,73650.0,77900.0,73300.0,77150.0,6454950
2025-08-04,VNM,76700.0,78200.0,76050.0,77500.0,4487421
2025-08-05,VNM,76900.0,77300.0,76300.0,76600.0,5131714
2025-08-06,VNM,76100.0,77850.0,75600.0,77150.0,4647672
2025-08-07,VNM,77450.0,78050.0,77350.0,77600.0,3558178
2025-08-08,VNM,77850.0,78300.0,77700.0,78250.0,5114858
2025-08-11,VNM,78650.0,82300.0,77850.0,81700.0,5514090
2025-08-12,VNM,82750.0,83000.0,79950.0,80600.0,5629743
2025-08-13,VNM,80350.0,80650.0,80000.0,80350.0,4884301
2025-08-14,VNM,80700.0,81050.0,79900.0,80600.0,3052761
2025-08-15,VNM,79900.0,80350.0,79350.0,80150.0,3029034
2025-08-18,VNM,80200.0,80850.0,80050.0,80150.0,3211756
2025-08-19,VNM,81100.0,81600.0,81050.0,81250.0,3408540
2025-08-20,VNM,81300.0,81500.0,80100.0,80350.0,3419508
2025-08-21,VNM,80400.0,80500.0,79300.0,79400.0,3971570
2025-08-22,VNM,79800.0,80350.0,78400.0,78550.0,5548686
2025-08-25,VNM,78850.0,79050.0,78200.0,78950.0,5132841
2025-08-26,VNM,79000.0,79150.0,77350.0,77450.0,4592400
2025-08-27,VNM,77550.0,78300.0,77300.0,78000.0,3070049
2025-08-28,VNM,78250.0,78900.0,77250.0,77750.0,5794115
2025-08-29,VNM,78200.0,79750.0,77250.0,79000.0,3865031
2025-09-01,VNM,78750.0,79100.0,76200.0,76850.0,5431554
2025-09-02,VNM,76850.0,77450.0,76500.0,76950.0,4247467
2025-09-03,VNM,77200.0,77400.0,75550.0,76150.0,4769162
2025-09-04,VNM,76950.0,77050.0,76250.0,76300.0,3541001
2025-09-05,VNM,76550.0,78700.0,76500.0,78050.0,4827811
2025-09-08,VNM,78050.0,78100.0,76800.0,77450.0,3828249
2025-09-09,VNM,77000.0,78150.0,76700.0,77900.0,4783864
2025-09-10,VNM,78200.0,78950.0,77900.0,78700.0,4811093
2025-09-11,VNM,79550.0,80150.0,79550.0,80100.0,2962807
2025-09-12,VNM,80600.0,80700.0,79750.0,79850.0,3646144
2025-09-15,VNM,80350.0,81050.0,79350.0,80950.0,3827023
2025-09-16,VNM,80950.0,83450.0,80900.0,82500.0,4052736
2025-09-17,VNM,83150.0,83500.0,82250.0,82650.0,5034725
2025-09-18,VNM,82350.0,83500.0,82300.0,82950.0,4604126
2025-09-19,VNM,82950.0,83700.0,81650.0,81850.0,3836009
2025-09-22,VNM,81550.0,83850.0,81450.0,83350.0,5073651
2025-09-23,VNM,83150.0,83150.0,81700.0,82100.0,4036922
2025-09-24,VNM,81450.0,83700.0,81050.0,83100.0,3808661
2025-09-25,VNM,82750.0,83800.0,82200.0,83500.0,5414377
2025-09-26,VNM,82900.0,83650.0,82650.0,83250.0,4151867
2025-09-29,VNM,83000.0,83650.0,81350.0,81750.0,5146221
2025-09-30,VNM,81850.0,82050.0,79600.0,80350.0,4802846
2025-10-01,VNM,80250.0,80950.0,80150.0,80250.0,4376258
2025-10-02,VNM,80100.0,81350.0,80000.0,80900.0,3364584
2025-10-03,VNM,81200.0,81300.0,78200.0,79400.0,6599493
2025-10-06,VNM,78850.0,80200.0,78700.0,79850.0,4067646
2025-10-07,VNM,80500.0,80700.0,78750.0,79900.0,4006268
2025-10-08,VNM,79850.0,81600.0,79650.0,81250.0,3932502
2025-10-09,VNM,81300.0,81850.0,80900.0,81000.0,4875163
2025-10-10,VNM,80600.0,81450.0,79050.0,79550.0,4183898
2025-10-13,VNM,79100.0,79400.0,78900.0,79100.0,4732515
2025-10-14,VNM,78750.0,79750.0,78600.0,78750.0,5337353
2025-10-15,VNM,78500.0,78750.0,78150.0,78400.0,3097734
2025-10-16,VNM,78050.0,79950.0,77750.0,79150.0,4059331
2025-10-17,VNM,78800.0,78850.0,76050.0,76750.0,5357631
2025-10-20,VNM,76050.0,77300.0,75750.0,75900.0,5253144
2025-10-21,VNM,75850.0,76300.0,74800.0,76000.0,4869390
2025-10-22,VNM,75650.0,78200.0,75400.0,77400.0,4953672
2025-10-23,VNM,77650.0,77650.0,76650.0,76700.0,3379621
2025-10-24,VNM,76600.0,76850.0,75400.0,76350.0,4864927
2025-10-27,VNM,76400.0,77400.0,75800.0,76100.0,4652541
2025-10-28,VNM,76750.0,76850.0,75850.0,76300.0,4055727
2025-10-29,VNM,76650.0,77900.0,76500.0,77900.0,3522117
2025-10-30,VNM,78100.0,78950.0,77550.0,78550.0,3760132
2025-10-31,VNM,78300.0,80250.0,77800.0,80050.0,5190352
2025-11-03,VNM,80000.0,82950.0,79900.0,82850.0,4526489
2025-11-04,VNM,82500.0,84750.0,82200.0,84450.0,4251694
2025-11-05,VNM,84600.0,84700.0,81450.0,81750.0,6474414
2025-11-06,VNM,81800.0,82300.0,81300.0,81750.0,3296735
2025-11-07,VNM,81500.0,82650.0,81250.0,82300.0,5291023
2025-11-10,VNM,83100.0,83350.0,80350.0,80700.0,4676726
2025-11-11,VNM,80400.0,81000.0,79650.0,80750.0,3160479
2025-11-12,VNM,80550.0,82950.0,79850.0,82750.0,4264188
2025-11-13,VNM,82300.0,83400.0,82200.0,83250.0,5021595
2025-11-14,VNM,83550.0,86100.0,83400.0,86000.0,3820381
2025-11-17,VNM,85850.0,88600.0,85800.0,87150.0,5499477
2025-11-18,VNM,87150.0,87850.0,86200.0,87600.0,4229848
2025-11-19,VNM,87700.0,88600.0,87250.0,88300.0,5065948
2025-11-20,VNM,87650.0,87900.0,86800.0,87050.0,3067471
2025-11-21,VNM,87100.0,87300.0,86150.0,86900.0,3447605
2025-11-24,VNM,87050.0,88600.0,86650.0,88550.0,3860581
2025-11-25,VNM,88400.0,89900.0,88100.0,88950.0,3678549
2025-11-26,VNM,89200.0,90300.0,88300.0,88500.0,4915640
2025-11-27,VNM,89600.0,90100.0,88500.0,88850.0,3663497
2025-11-28,VNM,89100.0,90250.0,87500.0,88300.0,4858249
2025-12-01,VNM,87850.0,87950.0,85900.0,86800.0,4832255
2025-12-02,VNM,86700.0,87800.0,86300.0,87650.0,5224436
2025-12-03,VNM,87400.0,88200.0,86600.0,88100.0,5460746
2025-12-04,VNM,88500.0,88600.0,87950.0,88550.0,3231643
2025-12-05,VNM,89200.0,89250.0,87650.0,88350.0,4966920
2025-12-08,VNM,89100.0,90000.0,88900.0,89050.0,4937297
2025-12-09,VNM,89150.0,89200.0,86550.0,86600.0,5153638
2025-12-10,VNM,86700.0,87350.0,85500.0,85550.0,5461971
2025-12-11,VNM,85600.0,85700.0,84150.0,84950.0,3574061
2025-12-12,VNM,85000.0,86050.0,84250.0,85200.0,3894060
2025-12-15,VNM,85150.0,85350.0,84450.0,85050.0,2833490
2025-12-16,VNM,84450.0,85300.0,84150.0,84600.0,5197160
2025-12-17,VNM,84350.0,84450.0,82600.0,82800.0,3891966
2025-12-18,VNM,83100.0,84300.0,83100.0,84150.0,3334030
2025-12-19,VNM,83900.0,86100.0,82950.0,85700.0,5697519
2025-12-22,VNM,86000.0,86450.0,85600.0,86100.0,4406636
2025-12-23,VNM,86050.0,87550.0,85950.0,87400.0,4446570
2025-12-24,VNM,87600.0,88100.0,85150.0,85350.0,3902429
2025-12-25,VNM,85700.0,86350.0,85400.0,85650.0,3582719
2025-12-26,VNM,85450.0,85750.0,84850.0,85150.0,5299466
2025-12-29,VNM,85250.0,86150.0,85200.0,85850.0,2784312
2025-12-30,VNM,86300.0,86850.0,86150.0,86850.0,3830448
2025-12-31,VNM,86850.0,87450.0,84850.0,85950.0,3794348
2026-01-01,VNM,86050.0,86500.0,85850.0,86350.0,2844820
2026-01-02,VNM,85600.0,87100.0,85500.0,86900.0,4186147
2026-01-05,VNM,86100.0,86400.0,86000.0,86100.0,4670167
2026-01-06,VNM,86300.0,87300.0,85900.0,87250.0,4819705
2026-01-07,VNM,86950.0,87050.0,85950.0,86400.0,5209058
2026-01-08,VNM,86600.0,88450.0,86300.0,87500.0,3888805
2026-01-09,VNM,87000.0,87150.0,85900.0,86250.0,5280444
2026-01-12,VNM,86550.0,86900.0,86000.0,86800.0,4447547
2026-01-13,VNM,86750.0,89850.0,86250.0,89300.0,5358520
2026-01-14,VNM,89000.0,89300.0,87300.0,87650.0,5137050
2026-01-15,VNM,87500.0,88050.0,86600.0,87900.0,5138062
2026-01-16,VNM,88100.0,88750.0,87750.0,88050.0,3142195
2026-01-19,VNM,88150.0,89800.0,87450.0,89350.0,5032734
2026-01-20,VNM,89700.0,90050.0,87350.0,87550.0,5584864
2026-01-21,VNM,88250.0,89250.0,88050.0,88900.0,3539725
2026-01-22,VNM,88250.0,90150.0,87450.0,89350.0,5097001
2026-01-23,VNM,89350.0,89600.0,88550.0,88850.0,4327153
2026-01-26,VNM,88950.0,89600.0,87650.0,89350.0,5113905
2026-01-27,VNM,89550.0,89700.0,88750.0,88800.0,5167144
2026-01-28,VNM,88200.0,91250.0,87650.0,90800.0,4912739
2026-01-29,VNM,90850.0,91350.0,89450.0,89500.0,5814200
2026-01-30,VNM,89900.0,90300.0,88050.0,88950.0,5963141
2026-02-02,VNM,88500.0,89050.0,88450.0,88850.0,4927253
2026-02-03,VNM,89000.0,89550.0,86700.0,86850.0,4944627
2026-02-04,VNM,86500.0,87850.0,86200.0,87750.0,4116112
2026-02-05,VNM,87600.0,87600.0,85850.0,86900.0,4539775
2026-02-06,VNM,87100.0,88350.0,86950.0,87750.0,3274453
2026-02-09,VNM,88350.0,89650.0,87500.0,87850.0,5356334
2026-02-10,VNM,87400.0,87750.0,86100.0,86100.0,5442315
2026-02-11,VNM,86450.0,86600.0,84800.0,85750.0,4391361
2026-02-12,VNM,85900.0,87150.0,85750.0,86850.0,5508709
2026-02-13,VNM,87500.0,88000.0,86850.0,87550.0,5260707
2026-02-16,VNM,87800.0,89500.0,87700.0,88550.0,4877760
2026-02-17,VNM,88800.0,89450.0,88700.0,89150.0,4925076
2026-02-18,VNM,88850.0,89650.0,88700.0,89600.0,3011247
2026-02-19,VNM,89850.0,90500.0,89250.0,90450.0,5199487
2026-02-20,VNM,90650.0,91150.0,88300.0,88400.0,5797836
2026-02-23,VNM,89150.0,89800.0,88050.0,88550.0,4525672
2026-02-24,VNM,88800.0,90100.0,88550.0,89400.0,5537783
2026-02-25,VNM,89350.0,90800.0,88900.0,89700.0,5633925
2026-02-26,VNM,90300.0,91650.0,86850.0,87000.0,7260812
2026-02-27,VNM,87000.0,87650.0,86200.0,87550.0,5282414
2026-03-02,VNM,87450.0,89650.0,87250.0,89300.0,5778005
2026-03-03,VNM,89500.0,90000.0,89100.0,89450.0,4818126
2026-03-04,VNM,89500.0,89550.0,88750.0,89450.0,5105109
2026-03-05,VNM,89750.0,90300.0,88950.0,89000.0,5104478
2026-03-06,VNM,88600.0,91300.0,88000.0,90800.0,4006886
2026-03-09,VNM,90600.0,90700.0,90250.0,90550.0,4005454
2026-03-10,VNM,91050.0,91550.0,90900.0,91050.0,4228043
2026-03-11,VNM,91350.0,92400.0,91250.0,92350.0,4855506
2026-03-12,VNM,92150.0,93050.0,90400.0,90650.0,3936536
2026-03-13,VNM,90650.0,91600.0,89250.0,89450.0,4946582
2026-03-16,VNM,89450.0,90150.0,88200.0,88550.0,4340001
2026-03-17,VNM,88800.0,89400.0,87450.0,87450.0,4770156
2026-03-18,VNM,87100.0,87600.0,86150.0,86450.0,4103251
2026-03-19,VNM,86400.0,86550.0,85250.0,85800.0,5025328
2026-03-20,VNM,85900.0,86800.0,85600.0,85650.0,3472081
2026-03-23,VNM,85900.0,87150.0,85900.0,86500.0,4025893
2026-03-24,VNM,86450.0,86900.0,86400.0,86650.0,3657409
2026-03-25,VNM,86850.0,87200.0,84700.0,84800.0,5120753
2026-03-26,VNM,84650.0,85850.0,84050.0,85250.0,4233676
2026-03-27,VNM,85150.0,86450.0,85100.0,85850.0,3822661
2026-03-30,VNM,85600.0,86450.0,85450.0,85850.0,3441984
2026-03-31,VNM,86100.0,86250.0,84650.0,85550.0,5255089
2026-04-01,VNM,85350.0,86050.0,84900.0,85750.0,3070626
2026-04-02,VNM,85300.0,87150.0,84800.0,86800.0,5233092
2026-04-03,VNM,86550.0,86850.0,84900.0,84900.0,3603839
2026-04-06,VNM,84800.0,86800.0,83850.0,86800.0,5879478
2026-04-07,VNM,87250.0,88450.0,85850.0,86200.0,5755297
2026-04-08,VNM,86850.0,88050.0,84850.0,87600.0,6490052
2026-04-09,VNM,87450.0,87650.0,86800.0,86900.0,4088607
2026-04-10,VNM,87400.0,87550.0,84850.0,85600.0,6276271
2026-04-13,VNM,86150.0,87000.0,84250.0,84800.0,5386369
2026-04-14,VNM,85300.0,85600.0,83950.0,84500.0,4614711
2026-04-15,VNM,84800.0,85150.0,83200.0,83250.0,3615801
2026-04-16,VNM,83050.0,84900.0,82650.0,84450.0,5563001
2026-04-17,VNM,84650.0,86400.0,81400.0,81550.0,6579829
2026-04-20,VNM,81500.0,82450.0,80500.0,82300.0,4408728
2026-04-21,VNM,82400.0,82500.0,81450.0,81800.0,5249873
2026-04-22,VNM,81250.0,81550.0,81100.0,81550.0,4099031
2026-04-23,VNM,81550.0,82500.0,80900.0,81750.0,4265165
2026-04-24,VNM,81800.0,82950.0,81750.0,82850.0,4027625
2026-04-27,VNM,82250.0,83500.0,81700.0,83100.0,3661272
2026-04-28,VNM,83700.0,83850.0,82650.0,82850.0,5026352
2026-04-29,VNM,82800.0,84850.0,82400.0,84350.0,5113808
2026-04-30,VNM,84000.0,84150.0,82350.0,83000.0,4939763
2026-05-01,VNM,83000.0,83350.0,81650.0,81900.0,5788494
2026-05-04,VNM,81700.0,81900.0,80850.0,81400.0,3146478
2026-05-05,VNM,80900.0,83000.0,79750.0,82750.0,6244918
2026-05-06,VNM,82800.0,83100.0,80100.0,80900.0,6107374
2026-05-07,VNM,80900.0,81050.0,80600.0,80950.0,3164937
2026-05-08,VNM,81050.0,81100.0,79100.0,79300.0,5098165
2026-05-11,VNM,79400.0,80900.0,79300.0,80850.0,3385543
2026-05-12,VNM,80900.0,81250.0,80700.0,81200.0,4893430
2026-05-13,VNM,80900.0,81250.0,80800.0,81050.0,2895140
2026-05-14,VNM,80650.0,81300.0,80450.0,81000.0,4933227
2026-05-15,VNM,80450.0,82400.0,80300.0,82050.0,4242199
2026-05-18,VNM,82350.0,84100.0,81750.0,83650.0,5539357
2026-05-19,VNM,84100.0,84300.0,82300.0,82500.0,4414546
2026-05-20,VNM,82300.0,83100.0,82150.0,82350.0,3628273
2026-05-21,VNM,82500.0,82500.0,80950.0,81400.0,5056408
2026-05-22,VNM,82200.0,82350.0,81550.0,81700.0,2800509
2026-05-25,VNM,81000.0,81350.0,79750.0,79900.0,4703539
2026-05-26,VNM,80350.0,81700.0,80150.0,80250.0,5659783
2026-05-27,VNM,80150.0,81300.0,79750.0,80950.0,4994348
2026-05-28,VNM,81050.0,81300.0,80700.0,80750.0,3172690
2026-05-29,VNM,80700.0,81250.0,80200.0,81250.0,5356489
2026-06-01,VNM,81250.0,82000.0,79200.0,79250.0,5939718
2026-06-02,VNM,79100.0,79700.0,78100.0,78650.0,4436738
2026-06-03,VNM,78700.0,79500.0,78500.0,79400.0,4350187
2026-06-04,VNM,79000.0,79250.0,78100.0,78200.0,3264144
2026-06-05,VNM,77850.0,79050.0,77350.0,78250.0,4228317
2026-06-08,VNM,78400.0,79600.0,78400.0,79200.0,3155336
2026-06-09,VNM,79400.0,79600.0,78600.0,78700.0,3991029
2026-06-10,VNM,78650.0,79000.0,78050.0,78150.0,5304033
2026-06-11,VNM,77550.0,78850.0,76650.0,78750.0,4862704
2026-06-12,VNM,78900.0,79750.0,78150.0,79050.0,5736899
2026-06-15,VNM,79450.0,81850.0,79200.0,81100.0,5779468
2026-06-16,VNM,81100.0,81350.0,80600.0,81000.0,3485752
2026-06-17,VNM,80950.0,81400.0,80550.0,81150.0,5016505
2026-06-18,VNM,80900.0,82350.0,80100.0,81850.0,4769703
2026-06-19,VNM,81450.0,82550.0,79700.0,80100.0,5553707
2026-06-22,VNM,79950.0,82100.0,79450.0,81400.0,4451405
2026-06-23,VNM,81250.0,81600.0,80150.0,80750.0,5453606
2026-06-24,VNM,80550.0,82100.0,80300.0,80850.0,4456928
2026-06-25,VNM,80300.0,80900.0,80000.0,80800.0,4672033
2026-06-26,VNM,81000.0,81950.0,80500.0,81300.0,4742846
2026-06-29,VNM,81300.0,81750.0,80850.0,81400.0,2946699
2026-06-30,VNM,80800.0,81250.0,80350.0,81050.0,4197728
2026-07-01,VNM,80900.0,83250.0,80350.0,82650.0,5852475
2026-07-02,VNM,82550.0,83950.0,82200.0,83850.0,3729463
2026-07-03,VNM,84150.0,85250.0,83350.0,84500.0,5311016
2026-07-06,VNM,84100.0,85100.0,83950.0,84600.0,5068514
2026-07-07,VNM,84550.0,85100.0,83100.0,83450.0,4251421
2026-07-08,VNM,83200.0,84450.0,82750.0,84150.0,4347029
2026-07-09,VNM,84250.0,85850.0,83350.0,85600.0,3650849
2026-07-10,VNM,85050.0,85750.0,84650.0,84850.0,5015511
2026-07-13,VNM,85250.0,86050.0,84250.0,85700.0,3690487
2026-07-14,VNM,86000.0,87650.0,85950.0,87650.0,5694292
2026-07-15,VNM,87450.0,88600.0,83800.0,84900.0,5115990
2026-07-16,VNM,85300.0,85750.0,84400.0,84650.0,4955673
2026-07-17,VNM,84150.0,84600.0,83600.0,83900.0,3378096
2026-07-20,VNM,84000.0,84450.0,83350.0,83600.0,3637483
2026-07-21,VNM,83800.0,83950.0,82400.0,82550.0,4352473
2026-07-22,VNM,82600.0,82850.0,81000.0,81850.0,3682248
2026-07-23,VNM,81950.0,84600.0,81800.0,84400.0,6197165
2026-07-24,VNM,84050.0,84300.0,83450.0,83700.0,3572291
2026-07-27,VNM,83600.0,84350.0,83150.0,84100.0,4316069
2026-07-28,VNM,83850.0,85450.0,83650.0,85450.0,5034018
2026-07-29,VNM,85450.0,86700.0,84800.0,86650.0,4126307
2026-07-30,VNM,86950.0,87600.0,86150.0,87300.0,5332600
2026-07-31,VNM,86850.0,87200.0,84550.0,85150.0,4530757
2026-08-03,VNM,84800.0,85650.0,84750.0,85000.0,3948835
2026-08-04,VNM,84450.0,84550.0,82050.0,82450.0,4563979
2026-08-05,VNM,82600.0,86300.0,82200.0,85750.0,5990341
2026-08-06,VNM,85850.0,86600.0,84600.0,84650.0,4993011
2026-08-07,VNM,84950.0,85400.0,84950.0,85350.0,3909187
2026-08-10,VNM,85500.0,87300.0,85250.0,86400.0,5002225
2026-08-11,VNM,86600.0,87500.0,86200.0,87300.0,5451236
2026-08-12,VNM,87350.0,87900.0,86950.0,87750.0,2810871
2026-08-13,VNM,87300.0,88300.0,86400.0,88200.0,3690509
2026-08-14,VNM,87750.0,88100.0,87550.0,87750.0,4479707
2026-08-17,VNM,87550.0,89000.0,86900.0,88900.0,5919202
2026-08-18,VNM,88450.0,90050.0,88100.0,89850.0,3986594
2026-08-19,VNM,90050.0,90900.0,89750.0,90650.0,4775222
2026-08-20,VNM,90800.0,91250.0,89750.0,89850.0,3840277
2026-08-21,VNM,89900.0,90200.0,88800.0,89150.0,4813646
2026-08-24,VNM,88950.0,90650.0,88950.0,90200.0,5190009
2026-08-25,VNM,89950.0,91450.0,89300.0,91400.0,5104359
2026-08-26,VNM,91550.0,92250.0,90750.0,90800.0,3212269
2026-08-27,VNM,90250.0,90650.0,88900.0,89250.0,4152392
2026-08-28,VNM,89350.0,89450.0,87750.0,88000.0,5438628
2026-08-31,VNM,88450.0,89350.0,86400.0,86650.0,5771837
